I0,I1,I2
-3823,-2908,6731
-2285,-3638,5923
-635,-4149,4784
3007,-4578,1571
3927,-4331,404
4743,-3795,-948
4813,-2512,-2301
4186,-404,-3782
2846,3452,-6298
1212,4145,-5357
-3889,4603,-714
-3638,4756,-1118
-4764,4323,441
-5333,3378,1955
-4867,1650,3217
-4075,-2602,6677
-2689,-3828,6517
-759,-4430,5189
3485,-4694,1209
3848,-4657,809
4912,-4162,-750
5036,-2879,-2157
4277,-594,-3683
3168,3555,-6723
1575,4054,-5629
-1439,4611,-3172
-3522,4681,-1159
-4459,4186,273
-5148,3502,1646
-4851,1802,3049
-3922,-1373,5295
-2541,-3667,6208
-783,-4182,4965
3568,-4488,920
3745,-4364,619
4669,-3844,-825
4842,-2565,-2277
4050,-416,-3634
2883,3250,-6133
1295,3902,-5197
-3262,4240,-978
-3551,4384,-833
-4537,4026,511
-5011,3188,1823
-4455,1212,3243
-3634,-3815,7449
-1938,-3782,5720
-321,-4323,4644
2974,-4566,1592
4100,-4335,235
4929,-3704,-1225
4904,-2322,-2582
4133,-235,-3898
2734,3493,-6227
1167,4005,-5172
-3914,4475,-561
-3658,4772,-1114
-4760,4158,602
-5251,3312,1939
-4698,1456,3242
-3869,-3815,7684
-2326,-3910,6236
-462,-4512,4974
2994,-4863,1869
4067,-4648,581
5007,-4034,-973
5152,-2792,-2360
4298,-523,-3775
3093,3564,-6657
1497,4030,-5527
-1711,4537,-2826
-3646,4714,-1068
-4521,4269,252
-5127,3448,1679
-4780,1687,3093
-3918,-2557,6475
-2347,-3861,6208
-515,-4438,4953
2982,-4743,1761
3993,-4628,635
4917,-4009,-908
5077,-2796,-2281
4236,-544,-3692
3196,3469,-6665
1588,4009,-5597
-1443,4496,-3053
-3551,4710,-1159
-4541,4331,210
-5251,3522,1729
-4888,1707,3181
-3931,-2355,6286
-2392,-3807,6199
-697,-4389,5086
3324,-4813,1489
3960,-4521,561
4842,-4017,-825
5119,-2858,-2261
4401,-754,-3647
3196,3708,-6904
1732,3869,-5601
-849,4483,-3634
-3576,4611,-1035
-4426,4100,326
-4970,3262,1708
-4578,1468,3110
-3811,-3130,6941
-2248,-3885,6133
-523,-4302,4825
2932,-4591,1659
3997,-4516,519
4859,-3968,-891
4892,-2673,-2219
4112,-523,-3589
3007,3514,-6521
1489,3823,-5312
-2404,4306,-1902
-3625,4384,-759
-4512,3894,618
-4945,3048,1897
-4549,1229,3320
-3493,-4001,7494
-2037,-3823,5860
-358,-4413,4771
3036,-4879,1843
4042,-4525,483
4739,-3815,-924
4719,-2532,-2187
4075,-515,-3560
2941,3378,-6319
1142,3972,-5114
-3852,4257,-405
-3543,4108,-565
-4607,3848,759
-4875,2772,2103
-4327,878,3449
-3382,-3716,7098
-2095,-3964,6059
-284,-4537,4821
3089,-4772,1683
3972,-4467,495
4871,-3914,-957
4834,-2483,-2351
4092,-325,-3767
2908,3353,-6261
1212,4059,-5271
-3840,4463,-623
-3745,4677,-932
-4698,4092,606
-5222,3213,2009
-4690,1295,3395
-3753,-3906,7659
-2178,-3778,5956
-573,-4285,4858
3060,-4554,1494
3815,-4257,442
4702,-3745,-957
4834,-2553,-2281
4079,-334,-3745
2759,3378,-6137
1150,3997,-5147
-3766,4417,-651
-3555,4632,-1077
-4776,4038,738
-5139,3114,2025
-4516,1282,3234
-3687,-3848,7535
-2025,-3650,5675
-536,-4211,4747
2994,-4521,1527
3906,-4162,256
4719,-3687,-1032
4739,-2211,-2528
3922,-82,-3840
2545,3489,-6034
767,4083,-4850
-3477,4537,-1060
-3869,4690,-821
-4834,4145,689
-5172,3106,2066
-4545,1192,3353
-3786,-3910,7696
-2252,-3790,6042
-536,-4471,5007
2916,-4698,1782
4021,-4323,302
4925,-3852,-1073
4966,-2417,-2549
4203,-251,-3952
2850,3493,-6343
1204,4265,-5469
-3836,4673,-837
-3675,4917,-1242
-4657,4347,310
-5247,3543,1704
-4871,1777,3094
-3988,-1695,5683
-2578,-3782,6360
-635,-4389,5024
3283,-4677,1394
3968,-4554,586
4892,-3968,-924
4962,-2660,-2302
4211,-408,-3803
2998,3403,-6401
1472,4054,-5526
-1942,4570,-2628
-3584,4727,-1143
-4405,4343,62
-5160,3650,1510
-4888,1831,3057
-3972,-1204,5176
-2586,-3687,6273
-688,-4265,4953
3588,-4698,1110
3964,-4413,449
4958,-3939,-1019
5069,-2714,-2355
4364,-585,-3779
3114,3370,-6484
1588,3939,-5527
-874,4541,-3667
-3526,4628,-1102
-4409,4203,206
-5090,3502,1588
-4838,1860,2978
-3997,-1299,5296
-2512,-3762,6274
-610,-4372,4982
3011,-4739,1728
4153,-4681,528
5069,-4129,-940
5201,-2821,-2380
4463,-705,-3758
3283,3675,-6958
1839,4059,-5898
-8,4636,-4628
-3419,4706,-1287
-4285,4257,28
-5020,3650,1370
-4809,1926,2883
-3881,-1357,5238
-2442,-3592,6034
-569,-4269,4838
3366,-4669,1303
3906,-4516,610
4797,-3968,-829
4867,-2673,-2194
4207,-631,-3576
3135,3609,-6744
1542,3852,-5394
-1200,4380,-3180
-3469,4368,-899
-4360,4026,334
-4842,3118,1724
-4323,1340,2983
-3559,-3918,7477
-2029,-3836,5865
-325,-4290,4615
3048,-4636,1588
3997,-4430,433
4904,-3869,-1035
4917,-2495,-2422
4100,-288,-3812
2970,3333,-6303
1332,4021,-5353
-3283,4467,-1184
-3634,4644,-1010
-4620,4145,475
-5263,3275,1988
-4838,1373,3465
-3931,-3877,7808
-2380,-3922,6302
-688,-4611,5299
3506,-4978,1472
3943,-4780,837
4912,-4240,-672
5214,-3093,-2121
4323,-862,-3461
3349,3749,-7098
1654,3877,-5531
-1237,4417,-3180
-3572,4409,-837
-4455,4017,438
-5086,3291,1795
-4644,1546,3098
-3811,-3163,6974
-2334,-3716,6050
-573,-4273,4846
3139,-4607,1468
3877,-4397,520
4752,-3935,-817
4875,-2693,-2182
4141,-569,-3572
2928,3427,-6355
1303,3865,-5168
-3654,4364,-710
-3580,4562,-982
-4669,4059,610
-5082,3172,1910
-4537,1249,3288
-3811,-3902,7713
-2244,-3766,6010
-449,-4397,4846
2904,-4731,1827
3960,-4463,503
4863,-3935,-928
4921,-2619,-2302
4232,-482,-3750
2866,3382,-6248
1249,4059,-5308
-3885,4566,-681
-3716,4805,-1089
-4739,4327,412
-5317,3370,1947
-4912,1575,3337
-4079,-2957,7036
-2631,-3799,6430
-750,-4339,5089
3386,-4648,1262
3766,-4516,750
4776,-4013,-763
4855,-2796,-2059
4116,-594,-3522
3044,3399,-6443
1423,3964,-5387
-3308,4405,-1097
-3580,4665,-1085
-4607,4224,383
-5172,3320,1852
-4752,1518,3234
-3865,-3122,6987
-2458,-3712,6170
-676,-4285,4961
3415,-4607,1192
3741,-4413,672
4776,-3914,-862
5020,-2619,-2401
4281,-495,-3786
2970,3316,-6286
1365,4096,-5461
-3300,4578,-1278
-3617,4809,-1192
-4710,4166,544
-5271,3440,1831
-4970,1654,3316
-4026,-2202,6228
-2660,-3716,6376
-825,-4228,5053
3630,-4591,961
3869,-4533,664
4846,-3997,-849
4962,-2780,-2182
4153,-627,-3526
2982,3539,-6521
1513,3988,-5501
-2887,4500,-1613
-3592,4665,-1073
-4574,4211,363
-5106,3353,1753
-4780,1744,3036
-3848,-2483,6331
-2347,-3613,5960
-598,-4199,4797
3192,-4541,1349
3823,-4269,446
4620,-3745,-875
4512,-2289,-2223
3984,-313,-3671
2767,3349,-6116
1043,3951,-4994
-3807,4327,-520
-3489,4426,-937
-4603,4013,590
-4912,3019,1893
-4327,1258,3069
-3469,-3856,7325
-1819,-3720,5539
-301,-4195,4496
2998,-4389,1391
3939,-4083,144
4772,-3531,-1241
4673,-1959,-2714
3889,618,-4507
2652,3625,-6277
882,4026,-4908
-3341,4483,-1142
-3700,4578,-878
-4714,3984,730
-5160,3052,2108
-4545,1130,3415
-3592,-3968,7560
-1959,-3766,5725
-396,-4446,4842
3081,-4719,1638
4112,-4347,235
4941,-3753,-1188
5065,-2330,-2735
4158,-156,-4002
2945,3473,-6418
1237,4166,-5403
-3568,4554,-986
-3601,4735,-1134
-4653,4240,413
-5201,3473,1728
-4719,1637,3082
-3844,-2755,6599
-2248,-3799,6047
-585,-4294,4879
3320,-4640,1320
3972,-4261,289
4764,-3712,-1052
4809,-2417,-2392
4120,-375,-3745
2747,3394,-6141
1196,3856,-5052
-3753,4335,-582
-3559,4471,-912
-4578,4059,519
-4908,3069,1839
-4273,1188,3085
-3526,-3910,7436
-1926,-3811,5737
-231,-4356,4587
3242,-4628,1386
4083,-4257,174
4937,-3675,-1262
4780,-2169,-2611
4038,-90,-3948
2697,3481,-6178
1097,4034,-5131
-3844,4446,-602
-3630,4648,-1018
-4714,4129,585
-5185,3192,1993
-4525,1270,3255
-3654,-4042,7696
-2021,-3955,5976
-276,-4512,4788
3126,-4756,1630
4145,-4570,425
5003,-3939,-1064
4995,-2594,-2401
4195,-383,-3812
3048,3374,-6422
1464,4046,-5510
-2404,4496,-2092
-3580,4591,-1011
-4603,4232,371
-5209,3411,1798
-4760,1526,3234
-3877,-3510,7387
-2260,-3873,6133
-561,-4442,5003
3023,-4789,1766
3997,-4516,519
4937,-4021,-916
5098,-2871,-2227
4380,-606,-3774
3139,3440,-6579
1567,3922,-5489
-1472,4578,-3106
-3601,4739,-1138
-4574,4248,326
-5238,3415,1823
-4838,1678,3160
-3951,-2503,6454
-2512,-3852,6364
-618,-4310,4928
3312,-4710,1398
3988,-4632,644
4929,-4149,-780
5094,-2928,-2166
4368,-804,-3564
3287,3745,-7032
1654,3935,-5589
-965,4504,-3539
-3630,4628,-998
-4521,4240,281
-5152,3456,1696
-4834,1790,3044
-3914,-2458,6372
-2479,-3733,6212
-639,-4257,4896
3234,-4669,1435
3894,-4554,660
4764,-4075,-689
4888,-2825,-2063
4211,-614,-3597
3126,3687,-6813
1497,4009,-5506
-2363,4459,-2096
-3588,4554,-966
-4582,4211,371
-5094,3262,1832
-4607,1546,3061
-3877,-2990,6867
-2252,-3770,6022
-482,-4265,4747
2846,-4562,1716
3790,-4356,566
4702,-3737,-965
4710,-2338,-2372
3955,-152,-3803
2862,3312,-6174
911,4054,-4965
-3856,4356,-500
-3634,4500,-866
-4735,3910,825
-5119,2982,2137
-4549,1080,3469
-3564,-3922,7486
-2037,-3844,5881
-495,-4455,4950
3048,-4780,1732
4009,-4500,491
4879,-3724,-1155
4945,-2417,-2528
4158,-210,-3948
3019,3328,-6347
1377,4075,-5452
-3382,4521,-1139
-3621,4768,-1147
-4714,4219,495
-5296,3378,1918
-4768,1377,3391
-3844,-3782,7626
-2512,-3716,6228
-495,-4384,4879
3386,-4661,1275
3889,-4541,652
4756,-3964,-792
4921,-2569,-2352
4323,-610,-3713
3031,3522,-6553
1419,3939,-5358
-3188,4434,-1246
-3605,4653,-1048
-4525,4141,384
-5032,3168,1864
-4599,1608,2991
-3691,-3778,7469
-2157,-3592,5749
-490,-4195,4685
2924,-4413,1489
3881,-4162,281
4624,-3601,-1023
4537,-1909,-2628
3865,-12,-3853
2462,3605,-6067
841,4075,-4916
-2961,4533,-1572
-3815,4574,-759
-4756,4104,652
-5160,3172,1988
-4521,1287,3234
-3522,-3943,7465
-2021,-3782,5803
-391,-4422,4813
3155,-4686,1531
4100,-4417,317
4945,-3766,-1179
4912,-2351,-2561
4030,325,-4355
2904,3704,-6608
1365,4318,-5683
-3159,4640,-1481
-3531,4842,-1311
-4805,4343,462
-5255,3419,1836
-4793,1534,3259
-3898,-3217,7115
-2314,-3803,6117
-614,-4380,4994
3110,-4735,1625
3993,-4409,416
4892,-3931,-961
4966,-2508,-2458
4215,-321,-3894
2982,3357,-6339
1278,3960,-5238
-3147,4401,-1254
-3535,4669,-1134
-4607,4087,520
-5028,3287,1741
-4562,1369,3193
-3774,-3646,7420
-2054,-3819,5873
-404,-4339,4743
2974,-4665,1691
4100,-4364,264
4958,-3753,-1205
4933,-2421,-2512
4087,-231,-3856
2833,3448,-6281
1287,4087,-5374
-3291,4450,-1159
-3675,4644,-969
-4702,4162,540
-5143,3234,1909
-4677,1373,3304
-3762,-3811,7573
-2107,-3828,5935
-363,-4393,4756
3036,-4760,1724
4096,-4500,404
4888,-3902,-986
4842,-2520,-2322
4186,-383,-3803
2945,3341,-6286
1324,4005,-5329
-3415,4426,-1011
-3543,4562,-1019
-4648,4211,437
-5007,3155,1852
-4450,1320,3130
-3592,-3939,7531
-1885,-3840,5725
-206,-4356,4562
3093,-4582,1489
4009,-4285,276
4830,-3609,-1221
4681,-2153,-2528
3964,-94,-3870
2755,3407,-6162
1027,3955,-4982
-3832,4252,-420
-3609,4277,-668
-4558,3869,689
-4838,2809,2029
-4137,717,3420
-3023,-3543,6566
-1596,-3819,5415
552,-4372,3820
3518,-4582,1064
4096,-4116,20
4900,-3374,-1526
4776,-1901,-2875
3935,771,-4706
2660,3592,-6252
849,4170,-5019
-3122,4541,-1419
-3844,4607,-763
-5003,4100,903
-5275,3019,2256
-4562,924,3638
-3625,-3811,7436
-2050,-3988,6038
-470,-4657,5127
2875,-4801,1926
4042,-4397,355
4813,-3799,-1014
4801,-2409,-2392
4133,-309,-3824
2710,3361,-6071
973,3939,-4912
-3774,4430,-656
-3700,4591,-891
-4735,4059,676
-4921,2978,1943
-4314,1047,3267
-3440,-3753,7193
-1914,-3749,5663
-284,-4298,4582
3027,-4500,1473
3955,-4137,182
4756,-3522,-1234
4541,-1918,-2623
3852,387,-4239
2367,3609,-5976
705,4120,-4825
-2842,4500,-1658
-3819,4463,-644
-4772,3960,812
-5053,2784,2269
-4273,754,3519
-3139,-3403,6542
-1736,-3968,5704
115,-4570,4455
3328,-4702,1374
4149,-4351,202
4929,-3539,-1390
4859,-1926,-2933
3976,449,-4425
2784,3733,-6517
985,4290,-5275
-3407,4611,-1204
-3832,4723,-891
-4933,4290,643
-5370,3300,2070
-4743,1291,3452
-3803,-3955,7758
-2132,-3836,5968
-528,-4492,5020
3102,-4706,1604
3947,-4314,367
4912,-3654,-1258
4925,-2334,-2591
4100,-152,-3948
2755,3411,-6166
1126,4046,-5172
-3803,4508,-705
-3654,4628,-974
-4710,4096,614
-5148,3163,1985
-4529,1208,3321
-3716,-3861,7577
-1980,-3861,5841
-387,-4302,4689
2986,-4677,1691
4104,-4397,293
4958,-3749,-1209
4950,-2310,-2640
4158,-144,-4014
2755,3559,-6314
1146,4162,-5308
-3894,4574,-680
-3687,4813,-1126
-4834,4269,565
-5238,3300,1938
-4834,1509,3325
-3819,-3782,7601
-2206,-3836,6042
-486,-4422,4908
2928,-4789,1861
4075,-4496,421
4888,-3939,-949
4966,-2499,-2467
4252,-305,-3947
2949,3448,-6397
1320,4170,-5490
-3485,4562,-1077
-3617,4731,-1114
-4723,4302,421
-5214,3366,1848
-4747,1559,3188
-3894,-3159,7053
-2301,-3729,6030
-552,-4265,4817
2957,-4653,1696
3910,-4343,433
4789,-3828,-961
4818,-2462,-2356
3980,-280,-3700
2780,3419,-6199
1138,4017,-5155
-3679,4368,-689
-3654,4471,-817
-4558,4017,541
-5032,3122,1910
-4409,1167,3242
-3510,-3931,7441
-1881,-3712,5593
-400,-4356,4756
3044,-4607,1563
3972,-4120,148
4818,-3531,-1287
4822,-2124,-2698
4038,78,-4116
2685,3514,-6199
1031,4038,-5069
-3584,4426,-842
-3700,4574,-874
-4851,4104,747
-5168,3097,2071
-4533,1175,3358
-3613,-3968,7581
-1909,-3828,5737
-363,-4541,4904
3097,-4842,1745
4199,-4562,363
5016,-3869,-1147
5098,-2429,-2669
4347,-338,-4009
2838,3522,-6360
1291,4108,-5399
-3646,4554,-908
-3597,4809,-1212
-4694,4248,446
-5193,3407,1786
-4727,1559,3168
-3844,-3048,6892
-2297,-3757,6054
-457,-4393,4850
2920,-4698,1778
3993,-4343,350
4838,-3762,-1076
4801,-2409,-2392
4079,-284,-3795
2796,3357,-6153
1163,4013,-5176
-3749,4450,-701
-3510,4582,-1072
-4632,4224,408
-5106,3180,1926
-4488,1258,3230
-3642,-3877,7519
-1909,-3861,5770
-408,-4405,4813
2949,-4570,1621
4013,-4211,198
4818,-3543,-1275
4714,-2103,-2611
3951,136,-4087
2706,3559,-6265
1014,4038,-5052
-3786,4438,-652
-3654,4529,-875
-4772,4030,742
-5119,3085,2034
-4496,1113,3383
-3489,-3947,7436
-1823,-3922,5745
-317,-4500,4817
3291,-4752,1461
4125,-4380,255
4999,-3720,-1279
5049,-2388,-2661
4224,-251,-3973
2891,3366,-6257
1249,3997,-5246
-3353,4496,-1143
-3696,4677,-981
-4747,4133,614
-5139,3213,1926
-4607,1274,3333
-3770,-3877,7647
-2008,-3848,5856
-363,-4405,4768
3052,-4702,1650
4112,-4413,301
4933,-3898,-1035
4908,-2495,-2413
4269,-408,-3861
2866,3419,-6285
1307,4104,-5411
-3357,4413,-1056
-3679,4611,-932
-4727,4232,495
-5197,3246,1951
-4776,1505,3271
-3770,-3885,7655
-2107,-3844,5951
-367,-4446,4813
3052,-4822,1770
4067,-4554,487
4896,-3947,-949
4950,-2664,-2286
4261,-523,-3738
3011,3498,-6509
1419,3993,-5412
-3135,4467,-1332
-3621,4574,-953
-4628,4257,371
-5119,3130,1989
-4578,1344,3234
-3737,-3848,7585
-2103,-3885,5988
-408,-4409,4817
2932,-4702,1770
4001,-4438,437
4838,-3914,-924
4822,-2495,-2327
4075,-325,-3750
2957,3337,-6294
1266,3848,-5114
-3630,4389,-759
-3597,4475,-878
-4566,3984,582
-5016,3073,1943
-4413,1084,3329
-3411,-3852,7263
-1831,-3724,5555
-408,-4298,4706
2924,-4459,1535
3898,-3984,86
4653,-3456,-1197
4628,-2112,-2516
3832,272,-4104
2565,3415,-5980
812,4059,-4871
-3015,4356,-1341
-3795,4347,-552
-4834,3898,936
-4999,2796,2203
-4252,746,3506
-3221,-3465,6686
-1703,-3861,5564
-169,-4446,4615
3229,-4603,1374
4158,-4224,66
4855,-3580,-1275
4834,-1971,-2863
4079,284,-4363
2499,3679,-6178
792,4219,-5011
-3217,4677,-1460
-3980,4764,-784
-4962,4137,825
-5255,3093,2162
-4558,1113,3445
-3922,-3836,7758
-2347,-3918,6265
-486,-4500,4986
3027,-4615,1588
3918,-4269,351
4760,-3724,-1036
4743,-2293,-2450
3993,-235,-3758
2598,3419,-6017
911,4108,-5019
-3630,4401,-771
-3584,4492,-908
-4636,3988,648
-4937,3040,1897
-4265,1101,3164
-3300,-4017,7317
-1736,-3708,5444
-148,-4343,4491
3143,-4393,1250
4067,-3902,-165
4723,-3188,-1535
4545,-1666,-2879
3729,2091,-5820
2384,3724,-6108
705,4158,-4863
-2825,4471,-1646
-3799,4512,-713
-4818,4063,755
-5040,2908,2132
-4294,845,3449
-3250,-3547,6797
-1674,-3852,5526
66,-4488,4422
3555,-4599,1044
4261,-4211,-50
5036,-3419,-1617
5007,-1942,-3065
4104,775,-4879
2739,3687,-6426
1010,4232,-5242
-3848,4714,-866
-3700,4888,-1188
-4801,4199,602
-5181,3221,1960
-4595,1274,3321
-3770,-3852,7622
-1996,-3910,5906
-325,-4430,4755
3097,-4760,1663
4207,-4446,239
5069,-3733,-1336
4970,-2392,-2578
4215,-239,-3976
2904,3444,-6348
1299,4071,-5370
-3559,4446,-887
-3658,4644,-986
-4710,4215,495
-5214,3337,1877
-4723,1373,3350
-3712,-3840,7552
-2029,-3803,5832
-358,-4475,4833
3130,-4834,1704
4174,-4525,351
4950,-3836,-1114
5016,-2421,-2595
4314,-338,-3976
2978,3432,-6410
1332,4100,-5432
-3308,4603,-1295
-3625,4772,-1147
-4698,4376,322
-5271,3390,1881
-4727,1571,3156
-3951,-3440,7391
-2301,-3774,6075
-474,-4413,4887
2961,-4756,1795
4017,-4525,508
4888,-3951,-937
4970,-2640,-2330
4203,-404,-3799
3015,3304,-6319
1381,4034,-5415
-2545,4384,-1839
-3691,4554,-863
-4558,4067,491
-5106,3262,1844
-4525,1332,3193
-3675,-3786,7461
-1984,-3708,5692
-470,-4384,4854
2970,-4570,1600
3898,-4203,305
4702,-3625,-1077
4801,-2338,-2463
4017,-214,-3803
2743,3300,-6043
1051,3931,-4982
-3811,4294,-483
-3572,4384,-812
-4723,3955,768
-4933,2871,2062
-4331,948,3383
-3378,-3696,7074
-1753,-3885,5638
-4,-4438,4442
3382,-4665,1283
4261,-4343,82
4983,-3601,-1382
4925,-2169,-2756
4195,-107,-4088
2776,3625,-6401
1039,4162,-5201
-3910,4615,-705
-3770,4789,-1019
-4859,4215,644
-5251,3242,2009
-4710,1320,3390
-3935,-3918,7853
-2248,-3840,6088
-470,-4483,4953
2978,-4809,1831
4001,-4434,433
4892,-3931,-961
4888,-2491,-2397
4166,-342,-3824
2821,3390,-6211
1188,4013,-5201
-3902,4475,-573
-3609,4607,-998
-4615,4075,540
-5044,3205,1839
-4442,1200,3242
-3597,-3976,7573
-1885,-3741,5626
-363,-4298,4661
2970,-4467,1497
3927,-4141,214
4694,-3460,-1234
4624,-2066,-2558
3803,449,-4252
2574,3485,-6059
754,4083,-4837
-3267,4405,-1138
-3774,4413,-639
-4785,3947,838
-4978,2767,2211
-4244,701,3543
-3151,-3477,6628
-1637,-3922,5559
4,-4459,4455
3436,-4566,1130
4092,-4050,-42
4950,-3502,-1448
4834,-1971,-2863
3988,783,-4771
2578,3675,-6253
754,4178,-4932
-3258,4603,-1345
-3881,4727,-846
-4945,4141,804
-5230,3077,2153
-4496,1080,3416
-3638,-3856,7494
-1951,-3910,5861
-321,-4426,4747
3106,-4735,1629
4153,-4426,273
4954,-3778,-1176
4896,-2223,-2673
4071,-107,-3964
2805,3522,-6327
1093,4141,-5234
-3910,4488,-578
-3696,4690,-994
-4846,4133,713
-5218,3155,2063
-4665,1270,3395
-3634,-3960,7594
-2062,-3782,5844
-338,-4463,4801
3089,-4756,1667
4104,-4368,264
4925,-3708,-1217
4851,-2301,-2550
4236,-231,-4005
2763,3506,-6269
1064,4166,-5230
-3832,4545,-713
-3654,4640,-986
-4842,4252,590
-5164,3229,1935
-4554,1328,3226
-3708,-3914,7622
-2013,-3869,5882
-391,-4380,4771
2974,-4648,1674
4046,-4347,301
4855,-3790,-1065
4834,-2297,-2537
4100,-90,-4010
2858,3436,-6294
1047,4075,-5122
-3865,4372,-507
-3601,4516,-915
-4653,4071,582
-5036,3073,1963
-4450,1134,3316
-3444,-3885,7329
-1881,-3683,5564
-371,-4364,4735
3007,-4479,1472
3988,-4042,54
4793,-3345,-1448
4669,-1881,-2788
3823,569,-4392
2536,3547,-6083
709,4067,-4776
-2994,4422,-1428
-3803,4397,-594
-4780,3960,820
-5011,2805,2206
-4199,771,3428
-3287,-3592,6879
-1625,-3832,5457
-99,-4269,4368
3304,-4347,1043
4186,-3976,-210
4834,-3328,-1506
4611,-1761,-2850
3663,1563,-5226
2235,3729,-5964
515,4125,-4640
-2850,4488,-1638
-3968,4438,-470
-4822,3840,982
-4921,2706,2215
-4145,585,3560
-3139,-3403,6542
-1575,-3935,5510
668,-4587,3919
3588,-4657,1069
4265,-4191,-74
5049,-3510,-1539
4710,-1806,-2904
3955,1093,-5048
2495,3724,-6219
763,4203,-4966
-3097,4607,-1510
-3828,4521,-693
-4764,4038,726
-5044,3019,2025
-4368,969,3399
-3403,-3782,7185
-1703,-3823,5526
-16,-4430,4446
3345,-4483,1138
4211,-4100,-111
4871,-3316,-1555
4657,-1806,-2851
3795,1439,-5234
2487,3568,-6055
726,4030,-4756
-3217,4384,-1167
-3724,4327,-603
-4710,3889,821
-4838,2685,2153
-4145,668,3477
-3040,-3436,6476
-1472,-3836,5308
1188,-4360,3172
3572,-4455,883
4248,-3972,-276
4958,-3229,-1729
4677,-1633,-3044
3786,1992,-5778
2380,3658,-6038
581,4125,-4706
-2854,4607,-1753
-3931,4492,-561
-4875,3976,899
-5040,2747,2293
-4318,672,3646
-3217,-3382,6599
-1666,-4042,5708
511,-4516,4005
3605,-4892,1287
4314,-4475,161
5086,-3720,-1366
4941,-2046,-2895
4162,70,-4232
2862,3551,-6413
1031,4166,-5197
-3927,4529,-602
-3741,4702,-961
-4879,4203,676
-5181,3143,2038
-4698,1183,3515
-3621,-4017,7638
-2025,-3840,5865
-317,-4512,4829
3122,-4818,1696
4145,-4463,318
4892,-3811,-1081
4941,-2429,-2512
4290,-309,-3981
2842,3411,-6253
1122,4133,-5255
-3939,4549,-610
-3696,4710,-1014
-4793,4306,487
-5131,3130,2001
-4636,1315,3321
-3762,-3955,7717
-2107,-3828,5935
-445,-4335,4780
2899,-4690,1791
4026,-4384,358
4908,-3848,-1060
4879,-2425,-2454
4120,-235,-3885
2871,3440,-6311
1208,4104,-5312
-3844,4483,-639
-3675,4710,-1035
-4776,4178,598
-5238,3275,1963
-4702,1369,3333
-3782,-3861,7643
-2140,-3778,5918
-528,-4384,4912
3056,-4665,1609
4001,-4450,449
4892,-3889,-1003
5032,-2664,-2368
4186,-404,-3782
2994,3378,-6372
1369,4005,-5374
-3436,4426,-990
-3547,4587,-1040
-4644,4145,499
-5143,3267,1876
-4508,1315,3193
-3683,-3704,7387
-1934,-3691,5625
-457,-4228,4685
2833,-4483,1650
3960,-4108,148
4694,-3531,-1163
4694,-2145,-2549
3951,-8,-3943
2565,3423,-5988
841,3976,-4817
-3361,4331,-970
-3712,4405,-693
-4739,3931,808
-4933,2800,2133
-4191,816,3375
-3279,-3568,6847
-1753,-3844,5597
503,-4450,3947
3444,-4640,1196
4207,-4215,8
5020,-3588,-1432
4818,-2008,-2810
4063,573,-4636
2677,3733,-6410
948,4285,-5233
-3407,4826,-1419
-3799,4966,-1167
-4846,4314,532
-5337,3328,2009
-4785,1402,3383
-3885,-3844,7729
-2165,-3906,6071
-433,-4483,4916
2904,-4719,1815
3997,-4380,383
4809,-3836,-973
4830,-2429,-2401
3984,-218,-3766
2858,3378,-6236
1072,4005,-5077
-3762,4294,-532
-3572,4488,-916
-4706,4059,647
-4962,3081,1881
-4413,1126,3287
-3489,-3836,7325
-1897,-3774,5671
-342,-4356,4698
3040,-4450,1410
3980,-4005,25
4747,-3436,-1311
4739,-2004,-2735
3894,404,-4298
2586,3551,-6137
730,4120,-4850
-3180,4516,-1336
-3782,4529,-747
-4809,4021,788
-5044,2883,2161
-4372,899,3473
-3481,-3634,7115
-1790,-3910,5700
-94,-4368,4462
3419,-4714,1295
4290,-4302,12
5110,-3642,-1468
4838,-1996,-2842
4133,210,-4343
2842,3658,-6500
1200,4269,-5469
-3947,4533,-586
-3654,4801,-1147
-4826,4257,569
-5168,3308,1860
-4727,1398,3329
-3782,-3786,7568
-2099,-3869,5968
-371,-4417,4788
3073,-4813,1740
4083,-4409,326
4838,-3753,-1085
4867,-2289,-2578
4178,-272,-3906
2854,3440,-6294
1171,4083,-5254
-3828,4492,-664
-3605,4554,-949
-4698,4224,474
-5036,3135,1901
-4446,1262,3184
-3613,-3968,7581
-1938,-3906,5844
-313,-4434,4747
3192,-4752,1560
4170,-4442,272
5011,-3790,-1221
4929,-2351,-2578
4120,-152,-3968
2920,3543,-6463
1262,4096,-5358
-3469,4492,-1023
-3613,4727,-1114
-4620,4207,413
-5247,3271,1976
-4714,1419,3295
-3807,-3745,7552
-2136,-3836,5972
-495,-4409,4904
3056,-4686,1630
3988,-4339,351
4826,-3799,-1027
5007,-2433,-2574
4178,-350,-3828
2850,3407,-6257
1295,3955,-5250
-3328,4351,-1023
-3733,4471,-738
-4719,4038,681
-5016,3135,1881
-4356,1245,3111
-3572,-3906,7478
-1839,-3766,5605
-391,-4252,4643
2879,-4463,1584
3993,-4075,82
4714,-3427,-1287
4632,-2021,-2611
3852,160,-4012
2470,3423,-5893
680,3960,-4640
-3097,4327,-1230
-3733,4343,-610
-4661,3762,899
-4719,2631,2088
-4038,594,3444
-2953,-3357,6310
-1526,-3823,5349
1377,-4389,3012
3555,-4508,953
4236,-4071,-165
4978,-3386,-1592
4591,-1658,-2933
3753,1377,-5130
2400,3671,-6071
556,4178,-4734
-2776,4661,-1885
-3980,4529,-549
-4892,3964,928
-5131,2912,2219
-4475,812,3663
-3234,-3634,6868
-1802,-3939,5741
99,-4611,4512
3481,-4780,1299
4232,-4384,152
4945,-3696,-1249
4826,-2128,-2698
4054,272,-4326
2796,3543,-6339
928,4120,-5048
-3922,4343,-421
-3621,4455,-834
-4793,4050,743
-4974,2895,2079
-4265,891,3374
-3304,-3865,7169
-1703,-3753,5456
-222,-4380,4602
3180,-4426,1246
4063,-3984,-79
4760,-3267,-1493
4591,-1773,-2818
3770,1113,-4883
2297,3564,-5861
511,4079,-4590
-2904,4529,-1625
-3795,4261,-466
-4772,3811,961
-4945,2644,2301
-4178,635,3543
-3102,-3341,6443
-1600,-3935,5535
585,-4397,3812
3605,-4607,1002
4261,-4252,-9
5016,-3481,-1535
4756,-1876,-2880
3906,911,-4817
2541,3724,-6265
742,4269,-5011
-3196,4595,-1399
-3960,4644,-684
-4958,4067,891
-5181,2965,2216
-4624,998,3626
-3481,-3716,7197
-1909,-3836,5745
-239,-4578,4817
3229,-4772,1543
4178,-4318,140
4937,-3679,-1258
4954,-2231,-2723
4199,16,-4215
2772,3609,-6381
1002,4351,-5353
-3823,4752,-929
-3922,4896,-974
-5090,4483,607
-5610,3415,2195
-5263,1579,3684
-4611,-2866,7477
-3139,-4112,7251
-985,-4743,5728
4017,-5016,999
4034,-5189,1155
5263,-4698,-565
5684,-3489,-2195
5127,-1340,-3787
4240,4104,-8344
2409,4302,-6711
354,5011,-5365
-3163,5498,-2335
-4525,5201,-676
-5630,4591,1039
-5911,3308,2603
-5115,895,4220
-3914,-3889,7803
-2116,-4273,6389
-358,-5168,5526
3432,-5329,1897
4620,-4921,301
5560,-4182,-1378
5647,-2590,-3057
4735,-185,-4550
3271,3646,-6917
1332,4591,-5923
-4034,5032,-998
-3964,5271,-1307
-5242,4756,486
-5832,3770,2062
-5218,1658,3560
-4252,-3316,7568
-2442,-4100,6542
-519,-4950,5469
3225,-5251,2026
4500,-4999,499
5436,-4343,-1093
5556,-2829,-2727
4801,-503,-4298
3229,3741,-6970
1480,4430,-5910
-3526,4987,-1461
-3852,5288,-1436
-5024,4714,310
-5589,3687,1902
-5003,1654,3349
-4145,-3308,7453
-2437,-4030,6467
-445,-4785,5230
3102,-5143,2041
4372,-4731,359
5292,-4120,-1172
5350,-2512,-2838
4549,-169,-4380
3073,3741,-6814
1212,4512,-5724
-3976,4991,-1015
-3984,5280,-1296
-5185,4698,487
-5754,3613,2141
-5288,1629,3659
-4257,-3638,7895
-2450,-4207,6657
-511,-4962,5473
3130,-5387,2257
4516,-5176,660
5548,-4380,-1168
5676,-2941,-2735
4822,-474,-4348
3518,3580,-7098
1716,4591,-6307
-2058,5251,-3193
-4005,5461,-1456
-5168,5102,66
-6022,4232,1790
-5874,2223,3651
-4830,-820,5650
-3324,-4191,7515
-1353,-4983,6336
3799,-5605,1806
4257,-5758,1501
5424,-5086,-338
6146,-4009,-2137
5783,-1926,-3857
4661,2499,-7160
2743,4327,-7070
589,5193,-5782
-3118,5766,-2648
-4706,5597,-891
-5923,4888,1035
-6191,3432,2759
-5370,866,4504
-4116,-3861,7977
-2095,-4628,6723
66,-5440,5374
3927,-5816,1889
5065,-5403,338
6039,-4521,-1518
6072,-2747,-3325
5131,-214,-4917
3432,3922,-7354
1394,4991,-6385
-4252,5527,-1275
-4339,5832,-1493
-5766,5234,532
-6360,4087,2273
-5977,1885,4092
-4752,-3522,8274
-2941,-4417,7358
-556,-5383,5939
3229,-5981,2752
4826,-5861,1035
5997,-5127,-870
6336,-3531,-2805
5552,-1002,-4550
4302,4092,-8394
2099,4834,-6933
-433,5663,-5230
-4087,5952,-1865
-5255,5527,-272
-6294,4595,1699
-6117,2652,3465
-5168,-82,5250
-3547,-4092,7639
-1212,-5057,6269
4224,-5601,1377
4384,-5775,1391
5758,-5127,-631
6241,-3795,-2446
5374,-1237,-4137
4405,4224,-8629
2334,4525,-6859
57,5490,-5547
-3782,5832,-2050
-5061,5259,-198
-6084,4500,1584
-6080,2553,3527
-5090,-391,5481
-3386,-4075,7461
-1216,-4991,6207
4318,-5544,1226
4442,-5742,1300
5746,-5102,-644
6319,-3774,-2545
5626,-1398,-4228
4496,4215,-8711
2355,4566,-6921
24,5453,-5477
-3790,5898,-2108
-5090,5412,-322
-6199,4570,1629
-6063,2565,3498
-5106,12,5094
-3522,-3955,7477
-1274,-4962,6236
4186,-5515,1329
4384,-5655,1271
5651,-5044,-607
6171,-3852,-2319
5568,-1435,-4133
4384,4199,-8583
2260,4533,-6793
-127,5362,-5235
-3898,5717,-1819
-5090,5271,-181
-6034,4368,1666
-5919,2355,3564
-4884,-693,5577
-3324,-4087,7411
-994,-4983,5977
3984,-5465,1481
4405,-5539,1134
5556,-4912,-644
5923,-3403,-2520
5094,-903,-4191
3700,4034,-7734
1674,4599,-6273
-3011,5292,-2281
-4071,5630,-1559
-5370,5044,326
-6146,3918,2228
-5799,1881,3918
-4743,-3176,7919
-2899,-4417,7316
-684,-5209,5893
3555,-5770,2215
4661,-5799,1138
5882,-4974,-908
6175,-3399,-2776
5300,-820,-4480
4021,3914,-7935
2013,4776,-6789
-1014,5630,-4616
-4141,5919,-1778
-5296,5445,-149
-6298,4455,1843
-6121,2487,3634
-5065,-371,5436
-3403,-4166,7569
-1287,-4991,6278
4224,-5494,1270
4397,-5614,1217
5688,-4941,-747
6084,-3601,-2483
5424,-1117,-4307
4030,4211,-8241
1930,4574,-6504
-961,5440,-4479
-4059,5733,-1674
-5168,5201,-33
-6047,4153,1894
-5775,2182,3593
-4809,-1105,5914
-3073,-4145,7218
-738,-5011,5749
3861,-5465,1604
4615,-5346,731
5762,-4739,-1023
5927,-3056,-2871
5057,-499,-4558
3588,3782,-7370
1662,4764,-6426
-3192,5498,-2306
-4269,5861,-1592
-5502,5263,239
-6253,4137,2116
-6092,2227,3865
-4892,-1674,6566
-3271,-4277,7548
-866,-5197,6063
3729,-5849,2120
4723,-5857,1134
5935,-5065,-870
6253,-3518,-2735
5605,-1018,-4587
4211,4211,-8422
2091,4797,-6888
-1497,5667,-5111
-4054,5886,-1832
-5300,5445,-145
-6195,4570,1625
-6034,2586,3448
-5040,-647,5687
-3262,-4261,7523
-1093,-5003,6096
4162,-5605,1443
4574,-5742,1168
5923,-4999,-924
6138,-3448,-2690
5288,-754,-4534
4310,4203,-8513
1988,4739,-6727
-140,5527,-5387
-3906,5869,-1963
-5139,5346,-207
-6133,4521,1612
-6109,2536,3573
-5102,-127,5229
-3419,-4108,7527
-1142,-5127,6269
4318,-5659,1341
4570,-5845,1275
5816,-5197,-619
6463,-3580,-2883
5816,-1394,-4422
4521,4294,-8815
2318,4636,-6954
189,5548,-5737
-3634,5902,-2268
-5139,5473,-334
-6270,4537,1733
-6187,2607,3580
-5230,165,5065
-3667,-3988,7655
-1509,-5044,6553
4302,-5663,1361
4549,-5845,1296
5737,-5275,-462
6414,-3770,-2644
5956,-1786,-4170
4492,4285,-8777
2297,4640,-6937
400,5445,-5845
-3502,5915,-2413
-5061,5511,-450
-6096,4772,1324
-6142,2891,3251
-5007,-284,5291
-3576,-3889,7465
-1093,-5053,6146
4203,-5539,1336
4417,-5709,1292
5663,-5156,-507
6249,-3803,-2446
5544,-1394,-4150
4347,4207,-8554
2252,4541,-6793
28,5457,-5485
-3807,5803,-1996
-4987,5247,-260
-5940,4252,1688
-5824,2182,3642
-4896,-548,5444
-3048,-4294,7342
-647,-5172,5819
3848,-5610,1762
4467,-5671,1204
5878,-4846,-1032
6096,-3452,-2644
5284,-907,-4377
4021,4071,-8092
1835,4826,-6661
-2462,5519,-3057
-4162,5824,-1662
-5436,5350,86
-6290,4488,1802
-6121,2099,4022
-5044,-1819,6863
-3366,-4277,7643
-994,-5209,6203
4207,-5812,1605
4558,-5799,1241
5721,-5143,-578
6261,-3531,-2730
5527,-1089,-4438
4182,4199,-8381
2021,4628,-6649
-528,5478,-4950
-4067,5832,-1765
-5288,5185,103
-6109,4182,1927
-5878,2169,3709
-4863,-1757,6620
-3089,-4281,7370
-783,-5044,5827
3349,-5601,2252
4661,-5589,928
5865,-4937,-928
6043,-3304,-2739
5152,-730,-4422
3803,3939,-7742
1798,4731,-6529
-2446,5473,-3027
-4145,5713,-1568
-5490,5172,318
-6204,4083,2121
-5894,1934,3960
-4702,-3040,7742
-2858,-4298,7156
-577,-5193,5770
3234,-5779,2545
4752,-5618,866
5865,-4822,-1043
6063,-3283,-2780
5275,-561,-4714
3741,3931,-7672
1637,4954,-6591
-3295,5630,-2335
-4191,5861,-1670
-5593,5329,264
-6385,4141,2244
-5894,2046,3848
-4954,-2029,6983
-3192,-4384,7576
-886,-5197,6083
3716,-5696,1980
4525,-5688,1163
5890,-5069,-821
6125,-3465,-2660
5275,-804,-4471
4042,3980,-8022
1881,4805,-6686
-1340,5614,-4274
-4236,5849,-1613
-5379,5275,104
-6257,4265,1992
-6080,2314,3766
-4970,-1229,6199
-3271,-4310,7581
-998,-5119,6117
4273,-5634,1361
4533,-5729,1196
5927,-5061,-866
6323,-3510,-2813
5473,-981,-4492
4203,4104,-8307
2107,4747,-6854
-981,5610,-4629
-4083,5898,-1815
-5308,5416,-108
-6294,4455,1839
-6067,2433,3634
-5098,-383,5481
-3456,-4149,7605
-1138,-5082,6220
4244,-5589,1345
4475,-5709,1234
5886,-5119,-767
6195,-3650,-2545
5482,-1097,-4385
4153,4244,-8397
1918,4677,-6595
-882,5490,-4608
-4186,5853,-1667
-5267,5337,-70
-6224,4351,1873
-5993,2318,3675
-4962,-952,5914
-3225,-4203,7428
-924,-5057,5981
4096,-5577,1481
4525,-5577,1052
5737,-5044,-693
6076,-3415,-2661
5218,-886,-4332
3856,4001,-7857
1732,4710,-6442
-2198,5424,-3226
-4166,5692,-1526
-5275,5011,264
-6026,4026,2000
-5671,1930,3741
-4673,-2965,7638
-2726,-4343,7069
-486,-5110,5596
3279,-5564,2285
4657,-5300,643
5725,-4508,-1217
5799,-2838,-2961
4838,-210,-4628
3493,3877,-7370
1299,4912,-6211
-4178,5379,-1201
-4290,5601,-1311
-5634,5053,581
-6232,3852,2380
-5614,1509,4105
-4500,-4133,8633
-2557,-4525,7082
-396,-5370,5766
3432,-5882,2450
4892,-5490,598
6030,-4764,-1266
6331,-3089,-3242
5445,-387,-5058
3762,3861,-7623
1777,4954,-6731
-2380,5795,-3415
-4199,6121,-1922
-5473,5337,136
-6307,4351,1956
-6018,2272,3746
-4945,-1229,6174
-3304,-4228,7532
-742,-5077,5819
3869,-5548,1679
4624,-5544,920
5775,-4859,-916
5865,-3126,-2739
4871,-424,-4447
3572,3663,-7235
1625,4706,-6331
-3229,5300,-2071
-4129,5581,-1452
-5531,4974,557
-6063,3927,2136
-5638,1716,3922
-4541,-3931,8472
-2545,-4360,6905
-276,-5242,5518
3423,-5812,2389
4879,-5453,574
5919,-4615,-1304
5927,-2899,-3028
5148,-305,-4843
3564,3795,-7359
1489,4925,-6414
-3852,5539,-1687
-4252,5725,-1473
-5655,5185,470
-6331,4017,2314
-5820,1806,4014
-4818,-3473,8291
-2813,-4521,7334
-540,-5399,5939
3349,-5952,2603
4875,-5845,970
6096,-5106,-990
6298,-3473,-2825
5346,-796,-4550
4120,3869,-7989
2025,4797,-6822
-936,5626,-4690
-4191,5886,-1695
-5292,5304,-12
-6270,4442,1828
-6125,2305,3820
-5028,-1089,6117
-3229,-4327,7556
-878,-5197,6075
4079,-5696,1617
4636,-5799,1163
5890,-5102,-788
6381,-3559,-2822
5597,-1072,-4525
4273,4120,-8393
2268,4665,-6933
-449,5643,-5194
-4013,5861,-1848
-5242,5407,-165
-6274,4508,1766
-6142,2425,3717
-5102,-523,5625
-3526,-4191,7717
-1134,-5222,6356
4236,-5663,1427
4508,-5898,1390
5898,-5259,-639
6352,-3832,-2520
5696,-1410,-4286
4492,4290,-8782
2285,4665,-6950
12,5535,-5547
-3902,5919,-2017
-5242,5494,-252
-6253,4508,1745
-6154,2569,3585
-5119,-284,5403
-3502,-4075,7577
-1150,-5082,6232
4248,-5630,1382
4492,-5795,1303
5799,-5218,-581
6315,-3774,-2541
5490,-1266,-4224
4339,4376,-8715
2169,4657,-6826
-239,5473,-5234
-3960,5770,-1810
-5176,5201,-25
-6022,4195,1827
-5902,2297,3605
-4917,-961,5878
-3201,-4273,7474
-961,-5053,6014
3634,-5544,1910
4380,-5601,1221
5725,-4917,-808
5923,-3361,-2562
5065,-726,-4339
3770,3687,-7457
1678,4793,-6471
-2974,5374,-2400
-4186,5610,-1424
-5614,5131,483
-6315,4001,2314
-5907,1765,4142
-4752,-3510,8262
-3027,-4450,7477
-808,-5325,6133
3951,-5935,1984
4669,-5667,998
5898,-5003,-895
6274,-3469,-2805
5436,-833,-4603
3993,4001,-7994
1938,4760,-6698
-1369,5704,-4335
-4191,6010,-1819
-5440,5374,66
-6323,4417,1906
-6125,2376,3749
-5077,-738,5815
-3399,-4215,7614
-1006,-5069,6075
4347,-5589,1242
4512,-5684,1172
5857,-5082,-775
6125,-3547,-2578
5090,-841,-4249
3770,4038,-7808
1893,4731,-6624
-1806,5453,-3647
-4195,5721,-1526
-5341,5139,202
-6051,4104,1947
-5820,2079,3741
-4710,-1872,6582
-2825,-4232,7057
-548,-5156,5704
3320,-5638,2318
4727,-5420,693
5754,-4611,-1143
5886,-2937,-2949
5135,-367,-4768
3551,3795,-7346
1497,4950,-6447
-3910,5552,-1642
-4240,5733,-1493
-5589,5209,380
-6270,4013,2257
-5762,1897,3865
-4727,-3056,7783
-2858,-4442,7300
-585,-5247,5832
3390,-5853,2463
4789,-5614,825
6055,-4871,-1184
6142,-3147,-2995
5288,-544,-4744
3856,3803,-7659
1827,4954,-6781
-1559,5643,-4084
-4215,5960,-1745
-5412,5317,95
-6294,4364,1930
-6092,2260,3832
-5077,-1456,6533
-3196,-4277,7473
-915,-5152,6067
3910,-5746,1836
4657,-5721,1064
5869,-4999,-870
6327,-3510,-2817
5440,-907,-4533
4120,3947,-8067
2054,4764,-6818
-688,5577,-4889
-4079,5898,-1819
-5308,5321,-13
-6241,4384,1857
-6072,2347,3725
-5049,-808,5857
-3382,-4195,7577
-990,-5164,6154
4092,-5742,1650
4628,-5733,1105
5956,-5160,-796
6274,-3597,-2677
5610,-1072,-4538
4178,4302,-8480
2132,4710,-6842
-532,5535,-5003
-4087,5882,-1795
-5247,5391,-144
-6270,4438,1832
-6092,2483,3609
-5040,-701,5741
-3324,-4158,7482
-961,-5115,6076
3931,-5663,1732
4549,-5696,1147
5857,-5082,-775
6199,-3514,-2685
5407,-1031,-4376
4087,4083,-8170
1942,4719,-6661
-858,5515,-4657
-4141,5742,-1601
-5267,5057,210
-5985,4079,1906
-5725,1971,3754
-4665,-2421,7086
-2916,-4389,7305
-565,-5226,5791
3287,-5742,2455
4739,-5527,788
5878,-4797,-1081
5981,-3250,-2731
5057,-507,-4550
3745,3700,-7445
1654,4714,-6368
-2371,5370,-2999
-4096,5568,-1472
-5482,5139,343
-6117,3984,2133
-5626,1736,3890
-4508,-4030,8538
-2578,-4351,6929
-346,-5242,5588
3452,-5721,2269
4747,-5337,590
5894,-4455,-1439
5977,-2866,-3111
5143,-292,-4851
3452,3873,-7325
1464,4805,-6269
-4079,5523,-1444
-4224,5803,-1579
-5651,5123,528
-6319,3877,2442
-5816,1662,4154
-4747,-4005,8752
-2718,-4558,7276
-544,-5329,5873
3312,-5836,2524
4859,-5692,833
6001,-4995,-1006
6121,-3287,-2834
5230,-742,-4488
3745,3877,-7622
1753,4743,-6496
-2648,5428,-2780
-4244,5725,-1481
-5568,5086,482
-6191,3939,2252
-5775,1744,4031
-4554,-3960,8514
-2611,-4343,6954
-408,-5209,5617
3345,-5746,2401
4809,-5473,664
5803,-4694,-1109
5849,-2932,-2917
5086,-408,-4678
3498,3799,-7297
1480,4789,-6269
-4141,5424,-1283
-4252,5564,-1312
-5692,5073,619
-6183,3630,2553
-5486,1369,4117
-4438,-4364,8802
-2475,-4644,7119
-358,-5407,5765
3452,-5890,2438
4834,-5502,668
5993,-4797,-1196
6084,-3085,-2999
5123,-391,-4732
3646,3840,-7486
1542,4917,-6459
-3889,5601,-1712
-4290,6001,-1711
-5688,5242,446
-6468,4149,2319
-6076,1835,4241
-4929,-3262,8191
-3031,-4525,7556
-833,-5341,6174
3749,-5923,2174
4710,-5874,1164
5907,-5164,-743
6327,-3679,-2648
5552,-1023,-4529
4174,4092,-8266
2025,4747,-6772
-919,5581,-4662
-4191,5968,-1777
-5482,5391,91
-6369,4389,1980
-6084,2305,3779
-5086,-1068,6154
-3498,-4290,7788
-1109,-5189,6298
4277,-5754,1477
4512,-5935,1423
5869,-5267,-602
6356,-3885,-2471
5676,-1398,-4278
4508,4285,-8793
2198,4661,-6859
-313,5618,-5305
-4075,6022,-1947
-5284,5506,-222
-6323,4574,1749
-6249,2689,3560
-5234,-371,5605
-3625,-4149,7774
-1373,-5032,6405
4207,-5750,1543
4463,-5935,1472
5787,-5313,-474
6389,-4063,-2326
5688,-1563,-4125
4512,4125,-8637
2235,4681,-6916
-202,5610,-5408
-3993,6043,-2050
-5251,5519,-268
-6315,4541,1774
-6348,2743,3605
-5313,53,5260
-3625,-4199,7824
-1427,-5135,6562
3506,-5721,2215
4302,-5857,1555
5614,-5209,-405
6220,-4005,-2215
5478,-1505,-3973
4368,4083,-8451
2252,4607,-6859
-169,5395,-5226
-3935,5597,-1662
-5226,5271,-45
-6249,4380,1869
-6039,2223,3816
-4978,-998,5976
-3275,-4318,7593
-1080,-5086,6166
4269,-5593,1324
4389,-5552,1163
5655,-4937,-718
6047,-3498,-2549
5379,-1060,-4319
3935,3976,-7911
1819,4587,-6406
-1975,5511,-3536
-4240,5742,-1502
-5527,5110,417
-6265,4042,2223
-6047,1868,4179
-4958,-2982,7940
-3621,-4405,8026
-1084,-5490,6574
4170,-5754,1584
4558,-5973,1415
5927,-5300,-627
6364,-3790,-2574
5445,-1266,-4179
4265,4277,-8542
2248,4673,-6921
-342,5630,-5288
-4067,5952,-1885
-5329,5428,-99
-6199,4413,1786
-6212,2578,3634
-5077,-602,5679
-3415,-4125,7540
-1089,-5069,6158
4145,-5667,1522
4504,-5758,1254
5737,-5143,-594
6022,-3617,-2405
5313,-1105,-4208
4042,4133,-8175
1835,4681,-6516
-1542,5416,-3874
-4162,5651,-1489
-5329,5053,276
-6179,4050,2129
-5799,1918,3881
-4793,-2875,7668
-2912,-4442,7354
-639,-5238,5877
3337,-5742,2405
4698,-5618,920
5915,-4958,-957
6063,-3370,-2693
5242,-693,-4549
3869,3964,-7833
1831,4846,-6677
-1703,5564,-3861
-4314,5783,-1469
-5486,5172,314
-6340,4133,2207
-6043,1848,4195
-4921,-3110,8031
-2961,-4479,7440
-899,-5370,6269
3910,-6055,2145
4686,-6088,1402
5993,-5271,-722
6426,-3815,-2611
5622,-1258,-4364
4306,4269,-8575
2334,4582,-6916
-165,5519,-5354
-3980,5717,-1737
-5238,5234,4
-6179,4294,1885
-5894,2128,3766
-4987,-1546,6533
-3234,-4380,7614
-965,-5238,6203
3836,-5783,1947
4599,-5816,1217
5919,-5139,-780
6315,-3638,-2677
5651,-1266,-4385
4244,4294,-8538
2054,4648,-6702
-622,5523,-4901
-4108,5812,-1704
-5296,5304,-8
-6286,4364,1922
-6051,2260,3791
-4978,-1518,6496
-3300,-4405,7705
-936,-5325,6261
3931,-5977,2046
4653,-6022,1369
5878,-5259,-619
6397,-3947,-2450
5610,-1369,-4241
4455,4232,-8687
2198,4624,-6822
-169,5502,-5333
-3927,5721,-1794
-5049,4888,161
-5964,3997,1967
-5973,2037,3936
-4917,-2062,6979
-3139,-4434,7573
-829,-5205,6034
3650,-5853,2203
4628,-5783,1155
5898,-5090,-808
6133,-3592,-2541
5333,-1080,-4253
4186,4125,-8311
2132,4521,-6653
-870,5263,-4393
-3968,5214,-1246
-5214,4768,446
-5952,3778,2174
-5527,1567,3960
-4508,-4021,8529
-2520,-4430,6950
-371,-5275,5646
3481,-5791,2310
4780,-5383,603
5874,-4615,-1259
5985,-3060,-2925
5098,-536,-4562
3452,3658,-7110
1464,4636,-6100
-3729,5308,-1579
-4195,5523,-1328
-5614,4813,801
-6030,3518,2512
-5387,1122,4265
-4248,-4108,8356
-2277,-4677,6954
-173,-5473,5646
3811,-6076,2265
5143,-5816,673
6138,-4991,-1147
6076,-3106,-2970
5123,-462,-4661
3675,3799,-7474
1650,4723,-6373
-3262,5465,-2203
-4446,5680,-1234
-5758,5011,747
-6323,3770,2553
-5882,1612,4270
-4694,-4240,8934
-2710,-4562,7272
-519,-5494,6013
3370,-6204,2834
4830,-5869,1039
5882,-5003,-879
5973,-3374,-2599
5292,-870,-4422
3922,4108,-8030
1662,4640,-6302
-3246,5313,-2067
-4149,5226,-1077
-5473,4838,635
-6187,3642,2545
-5581,1447,4134
-4566,-4339,8905
-2627,-4533,7160
-478,-5478,5956
3254,-5824,2570
4764,-5634,870
5931,-4908,-1023
5997,-3188,-2809
5040,-548,-4492
3712,3815,-7527
1608,4735,-6343
-3481,5416,-1935
-4318,5680,-1362
-5601,5011,590
-6323,3856,2467
-5799,1493,4306
-4719,-4182,8901
-2722,-4492,7214
-569,-5445,6014
3489,-6022,2533
4838,-5808,970
5964,-5020,-944
6303,-3444,-2859
5362,-738,-4624
3914,3931,-7845
1918,4760,-6678
-1922,5605,-3683
-4248,5882,-1634
-5597,5255,342
-6455,4203,2252
-6006,1980,4026
-4962,-2479,7441
-3246,-4438,7684
-965,-5271,6236
4050,-5874,1824
4566,-5865,1299
5878,-5193,-685
6286,-3737,-2549
5556,-1204,-4352
4215,4248,-8463
2013,4698,-6711
-886,5614,-4728
-4244,6026,-1782
-5432,5407,25
-6418,4463,1955
-6228,2388,3840
-5176,-973,6149
-3671,-4269,7940
-1390,-5209,6599
4162,-5890,1728
4442,-5907,1465
5754,-5271,-483
6393,-4079,-2314
5622,-1530,-4092
4434,4281,-8715
2182,4723,-6905
-301,5663,-5362
-4112,6039,-1927
-5209,5502,-293
-6249,4541,1708
-6298,2714,3584
-5218,-16,5234
-3630,-4129,7759
-1353,-5115,6468
4100,-5601,1501
4356,-5869,1513
5721,-5185,-536
6270,-3885,-2385
5523,-1423,-4100
4380,4310,-8690
2297,4644,-6941
-363,5581,-5218
-4034,5882,-1848
-5288,5519,-231
-6274,4582,1692
-6241,2528,3713
-5164,-313,5477
-3489,-4158,7647
-1291,-5024,6315
4191,-5556,1365
4376,-5618,1242
5659,-5090,-569
6162,-3687,-2475
5498,-1200,-4298
4195,4240,-8435
2050,4500,-6550
-837,5399,-4562
-4042,5729,-1687
-5255,5102,153
-6117,4199,1918
-5820,2033,3787
-4822,-1839,6661
-3106,-4298,7404
-684,-5197,5881
3436,-5742,2306
4768,-5696,928
5985,-5065,-920
6265,-3415,-2850
5362,-845,-4517
3988,3997,-7985
1975,4809,-6784
-1266,5647,-4381
-4269,5989,-1720
-5469,5403,66
-6381,4372,2009
-6265,2392,3873
-5057,-1010,6067
-3489,-4335,7824
-1179,-5387,6566
4302,-5968,1666
4624,-6187,1563
5849,-5313,-536
6331,-3993,-2338
5742,-1497,-4245
4628,4133,-8761
2351,4661,-7012
74,5581,-5655
-3807,5836,-2029
-5094,5346,-252
-6138,4467,1671
-5985,2532,3453
-5090,-346,5436
-3349,-4162,7511
-994,-5094,6088
4277,-5577,1300
4376,-5634,1258
5729,-4995,-734
6051,-3605,-2446
5160,-973,-4187
4013,4178,-8191
1872,4644,-6516
-1241,5350,-4109
-4149,5589,-1440
-5329,5032,297
-6187,4030,2157
-5861,1827,4034
-4727,-3163,7890
-2879,-4438,7317
-660,-5284,5944
3440,-5861,2421
4760,-5898,1138
5907,-5082,-825
6377,-3559,-2818
5511,-1027,-4484
4112,4054,-8166
2087,4706,-6793
-1072,5618,-4546
-4178,5894,-1716
-5494,5383,111
-6451,4244,2207
-6138,2161,3977
-5053,-1348,6401
-3510,-4364,7874
-1291,-5494,6785
4244,-5927,1683
4442,-5973,1531
5799,-5362,-437
6253,-4083,-2170
5568,-1563,-4005
4446,4116,-8562
2231,4508,-6739
-206,5473,-5267
-4071,5832,-1761
-5337,5337,0
-6270,4364,1906
-6195,2487,3708
-5094,-787,5881
-3547,-4252,7799
-1225,-5152,6377
4224,-5783,1559
4455,-5894,1439
5750,-5267,-483
6228,-4005,-2223
5482,-1344,-4138
4335,4244,-8579
2054,4591,-6645
-429,5502,-5073
-4149,5902,-1753
-5267,5263,4
-6245,4285,1960
-6162,2330,3832
-5090,-977,6067
-3432,-4401,7833
-1171,-5230,6401
4277,-5717,1440
4360,-5878,1518
5762,-5230,-532
6208,-3799,-2409
5420,-1282,-4138
4298,4314,-8612
2116,4611,-6727
-536,5420,-4884
-4112,5634,-1522
-5354,5181,173
-6220,4199,2021
-5997,2140,3857
-4991,-1575,6566
-3184,-4360,7544
-965,-5098,6063
4281,-5610,1329
4463,-5560,1097
5692,-4941,-751
6084,-3588,-2496
5271,-965,-4306
3997,4145,-8142
1716,4467,-6183
-2772,5337,-2565
-4182,5671,-1489
-5420,4954,466
-6092,3815,2277
-5737,1695,4042
-4611,-3770,8381
-2800,-4422,7222
-540,-5209,5749
3262,-5688,2426
4694,-5506,812
5775,-4780,-995
5857,-3027,-2830
4962,-470,-4492
3436,3803,-7239
1501,4706,-6207
-4158,5366,-1208
-4376,5647,-1271
-5733,4999,734
-6307,3675,2632
-5762,1485,4277
-4640,-4323,8963
-3015,-4570,7585
-709,-5704,6413
3361,-6129,2768
4731,-5770,1039
5779,-4929,-850
5989,-3361,-2628
5308,-783,-4525
3906,3914,-7820
1757,4743,-6500
-3056,5395,-2339
-4240,5605,-1365
-5593,5139,454
-6237,3906,2331
-5737,1736,4001
-4727,-3555,8282
-2792,-4467,7259
-594,-5242,5836
3316,-5725,2409
4665,-5535,870
5828,-4809,-1019
5944,-3118,-2826
5090,-618,-4472
3683,3753,-7436
1555,4694,-6249
-3700,5238,-1538
-4228,5498,-1270
-5544,4826,718
-6183,3687,2496
-5552,1311,4241
-4380,-4178,8558
-2334,-4574,6908
-408,-5416,5824
3547,-5907,2360
4925,-5552,627
5993,-4723,-1270
6216,-3135,-3081
5214,-437,-4777
3634,3828,-7462
1612,4884,-6496
-3592,5515,-1923
-4261,5878,-1617
-5713,5234,479
-6443,4087,2356
-5973,1773,4200
-4871,-3436,8307
-3085,-4574,7659
-952,-5577,6529
3902,-6113,2211
4657,-5923,1266
5940,-5230,-710
6265,-3667,-2598
5523,-1101,-4422
4182,4376,-8558
1963,4665,-6628
-1064,5469,-4405
-4137,5828,-1691
-5370,5181,189
-6253,4195,2058
-5902,2008,3894
-4962,-2079,7041
-3151,-4323,7474
-870,-5193,6063
3638,-5841,2203
4686,-5824,1138
5931,-5164,-767
6265,-3671,-2594
5465,-973,-4492
4219,4186,-8405
2054,4780,-6834
-928,5700,-4772
-4203,5952,-1749
-5395,5412,-17
-6323,4347,1976
-6150,2260,3890
-5065,-1056,6121
-3345,-4430,7775
-1117,-5313,6430
4046,-5861,1815
4537,-5944,1407
5927,-5242,-685
6393,-3939,-2454
5622,-1369,-4253
4549,4335,-8884
2359,4681,-7040
-136,5684,-5548
-3922,5948,-2026
-5263,5486,-223
-6303,4541,1762
-6195,2549,3646
-5185,-466,5651
-3502,-4219,7721
-1254,-5185,6439
4261,-5729,1468
4426,-5775,1349
5754,-5230,-524
6315,-3898,-2417
5692,-1501,-4191
4488,4034,-8522
2310,4525,-6835
-123,5440,-5317
-3902,5779,-1877
-5143,5164,-21
-6092,4153,1939
-5919,2178,3741
-4912,-1489,6401
-3275,-4339,7614
-886,-5205,6091
3729,-5651,1922
4644,-5799,1155
5935,-5139,-796
6191,-3642,-2549
5362,-1084,-4278
4141,4364,-8505
2041,4636,-6677
-944,5428,-4484
-4158,5704,-1546
-5407,5106,301
-6121,4071,2050
-5894,2013,3881
-4731,-2986,7717
-2928,-4455,7383
-705,-5304,6009
3271,-6129,2858
4842,-6047,1205
6006,-5185,-821
6282,-3696,-2586
5626,-1093,-4533
4294,4252,-8546
2066,4739,-6805
-870,5622,-4752
-4158,5948,-1790
-5358,5428,-70
-6340,4417,1923
-6088,2297,3791
-5057,-1039,6096
-3345,-4417,7762
-1039,-5284,6323
3976,-5742,1766
4405,-5898,1493
5754,-5185,-569
6208,-3749,-2459
5354,-1175,-4179
4298,4182,-8480
1963,4661,-6624
-1010,5366,-4356
-4137,5589,-1452
-5300,5028,272
-6253,4075,2178
-5935,1868,4067
-4859,-3064,7923
-2978,-4459,7437
-787,-5214,6001
3671,-5775,2104
4603,-5700,1097
5770,-5024,-746
6162,-3584,-2578
5317,-829,-4488
3939,4104,-8043
1798,4677,-6475
-2046,5465,-3419
-4215,5709,-1494
-5498,5082,416
-6294,3993,2301
-5795,1753,4042
-4793,-3510,8303
-2998,-4516,7514
-775,-5379,6154
3691,-5981,2290
4706,-5816,1110
5878,-5040,-838
6113,-3460,-2653
5370,-870,-4500
3902,4153,-8055
1835,4756,-6591
-2301,5523,-3222
-4314,5832,-1518
-5597,5230,367
-6352,4166,2186
-6030,1992,4038
-4950,-2710,7660
-3172,-4356,7528
-858,-5284,6142
3720,-5803,2083
4570,-5766,1196
5845,-5069,-776
6109,-3535,-2574
5284,-878,-4406
4038,4211,-8249
1794,4793,-6587
-2747,5605,-2858
-4236,5948,-1712
-5552,5284,268
-6364,4224,2140
-6018,2095,3923
-4966,-1951,6917
-3192,-4405,7597
-903,-5288,6191
3675,-5828,2153
4562,-5865,1303
5923,-5106,-817
6166,-3555,-2611
5354,-891,-4463
4162,4104,-8266
1988,4739,-6727
-1179,5610,-4431
-4162,5737,-1575
-5453,5304,149
-6286,4302,1984
-6001,2161,3840
-4958,-1612,6570
-3126,-4372,7498
-870,-5172,6042
3786,-5709,1923
4496,-5548,1052
5787,-4921,-866
6195,-3403,-2792
5350,-833,-4517
3873,4009,-7882
1810,4727,-6537
-2470,5572,-3102
-4203,5853,-1650
-5515,5135,380
-6220,4145,2075
-5874,1967,3907
-4797,-2343,7140
-3023,-4347,7370
-594,-5135,5729
3564,-5589,2025
4710,-5469,759
5832,-4875,-957
5940,-3168,-2772
4855,-449,-4406
3456,3658,-7114
1464,4719,-6183
-4108,5259,-1151
-4228,5597,-1369
-5605,4941,664
-6154,3621,2533
-5622,1406,4216
-4372,-4228,8600
-2363,-4475,6838
-276,-5321,5597
3630,-5919,2289
4888,-5585,697
5849,-4582,-1267
5894,-2875,-3019
5082,-107,-4975
3262,4092,-7354
1109,5040,-6149
-4207,5523,-1316
-4533,5775,-1242
-5960,5127,833
-6397,3786,2611
-5692,1233,4459
-4554,-4219,8773
-2986,-4681,7667
-499,-5816,6315
3366,-6022,2656
4896,-5676,780
6034,-5168,-866
6191,-3432,-2759
5300,-787,-4513
3712,3795,-7507
1831,4727,-6558
-3060,5416,-2356
-4178,5696,-1518
-5300,4966,334
-6138,3790,2348
-5552,1468,4084
-4624,-3803,8427
-2668,-4298,6966
-367,-5275,5642
3419,-5676,2257
4760,-5189,429
5713,-4562,-1151
5865,-2648,-3217
4999,-297,-4702
3349,3852,-7201
1303,4789,-6092
-4083,5308,-1225
-4273,5568,-1295
-5754,4912,842
-6204,3621,2583
-5457,961,4496
-4096,-3960,8056
-2359,-4620,6979
-404,-5572,5976
3766,-5911,2145
5098,-5564,466
6014,-4615,-1399
6067,-2982,-3085
5238,-453,-4785
3514,3898,-7412
1485,4859,-6344
-4042,5581,-1539
-4591,5869,-1278
-5981,5205,776
-6459,3819,2640
-5989,1716,4273
-4863,-4232,9095
-3250,-4533,7783
-767,-5531,6298
3716,-5898,2182
4776,-5626,850
5865,-5065,-800
6125,-3485,-2640
5313,-874,-4439
3906,4054,-7960
1480,4842,-6322
-3852,5618,-1766
-4351,5898,-1547
-5775,5280,495
-6459,4219,2240
-6067,2033,4034
-4867,-3518,8385
-2924,-4549,7473
-705,-5407,6112
3423,-5886,2463
4702,-5836,1134
5890,-5160,-730
6257,-3642,-2615
5453,-1043,-4410
4120,4186,-8306
1798,5011,-6809
-2982,5688,-2706
-4203,6051,-1848
-5560,5486,74
-6488,4541,1947
-6340,2433,3907
-5090,-1678,6768
-3341,-4479,7820
-1311,-5160,6471
4351,-5775,1424
4463,-5770,1307
5845,-5148,-697
6294,-3885,-2409
5515,-1072,-4443
4125,4153,-8278
1971,4657,-6628
-1369,5638,-4269
-4228,5968,-1740
-5473,5255,218
-6397,4294,2103
-6129,2149,3980
-5020,-1518,6538
-3390,-4323,7713
-899,-5131,6030
4240,-5630,1390
4603,-5725,1122
5911,-5115,-796
6195,-3559,-2636
5201,-825,-4376
3873,3997,-7870
1876,4690,-6566
-2112,5502,-3390
-4273,5733,-1460
-5523,5131,392
-6150,4067,2083
-5952,1975,3977
-4739,-3110,7849
-2833,-4269,7102
-548,-5164,5712
3254,-5799,2545
4752,-5535,783
5808,-4747,-1061
5977,-3056,-2921
5197,-445,-4752
3568,3865,-7433
1452,5024,-6476
-4100,5643,-1543
-4327,5952,-1625
-5791,5329,462
-6496,4087,2409
-6047,1934,4113
-5098,-2805,7903
-3291,-4496,7787
-882,-5366,6248
3774,-5787,2013
4541,-5746,1205
5956,-5094,-862
6154,-3403,-2751
5313,-647,-4666
3898,3935,-7833
1786,4945,-6731
-2384,5651,-3267
-4240,5948,-1708
-5445,5308,137
-6265,4356,1909
-6076,2165,3911
-4991,-1571,6562
-3077,-4240,7317
-919,-5090,6009
3922,-5614,1692
4558,-5490,932
5742,-4731,-1011
5993,-3077,-2916
5028,-412,-4616
3526,3696,-7222
1530,4772,-6302
-3663,5374,-1711
-4240,5634,-1394
-5572,4991,581
-6187,3869,2318
-5605,1658,3947
-4587,-4013,8600
-2479,-4405,6884
-330,-5271,5601
3456,-5816,2360
4958,-5461,503
5993,-4541,-1452
6072,-2871,-3201
5139,-185,-4954
3407,4001,-7408
1373,4995,-6368
-4129,5572,-1443
-4347,5874,-1527
-5766,5209,557
-6364,4021,2343
-5853,1843,4010
-4830,-3861,8691
-2875,-4521,7396
-503,-5370,5873
3427,-5960,2533
4966,-5717,751
6076,-4879,-1197
6249,-3242,-3007
5354,-577,-4777
3823,3861,-7684
1765,4912,-6677
-2268,5618,-3350
-4277,5977,-1700
-5494,5304,190
-6331,4228,2103
-5911,2079,3832
-4822,-2338,7160
-2978,-4438,7416
-668,-5416,6084
3312,-5874,2562
4801,-5779,978
6010,-4962,-1048
6232,-3394,-2838
5391,-647,-4744
3935,3844,-7779
1934,4805,-6739
-1146,5552,-4406
-4174,5758,-1584
-5478,5300,178
-6340,4409,1931
-6047,2066,3981
-4950,-2425,7375
-2928,-4488,7416
-738,-5337,6075
3580,-5758,2178
4756,-5630,874
5911,-4896,-1015
6278,-3436,-2842
5432,-849,-4583
3931,3889,-7820
2004,4644,-6648
-1254,5502,-4248
-4063,5758,-1695
-5445,5238,207
-6204,4141,2063
-5742,1909,3833
-4760,-3114,7874
-2800,-4438,7238
-585,-5209,5794
3176,-5770,2594
4826,-5597,771
5931,-4875,-1056
6022,-3238,-2784
5131,-523,-4608
3687,3753,-7440
1765,4632,-6397
-2965,5341,-2376
-4302,5614,-1312
-5593,4987,606
-6125,3708,2417
-5659,1489,4170
-4413,-4335,8748
-2404,-4492,6896
-284,-5395,5679
3522,-5968,2446
4855,-5614,759
5799,-4669,-1130
5882,-3011,-2871
5127,-420,-4707
3535,3658,-7193
1340,4813,-6153
-4079,5420,-1341
-4314,5502,-1188
-5762,4974,788
-6125,3502,2623
-5428,1146,4282
-4211,-4096,8307
-2384,-4673,7057
-280,-5519,5799
3580,-5808,2228
4863,-5478,615
6010,-4752,-1258
5977,-2821,-3156
5073,-202,-4871
3452,3922,-7374
1348,4978,-6326
-4054,5647,-1593
-4401,5779,-1378
-5787,5082,705
-6402,3832,2570
-5795,1522,4273
-4566,-4203,8769
-2569,-4475,7044
-474,-5358,5832
3304,-5836,2532
4776,-5374,598
5886,-4669,-1217
5993,-2937,-3056
5098,-272,-4826
3485,3811,-7296
1303,4929,-6232
-4087,5531,-1444
-4302,5692,-1390
-5779,5011,768
-6245,3795,2450
-5568,1452,4116
-4475,-4162,8637
-2462,-4372,6834
-412,-5251,5663
3279,-5572,2293
4822,-5172,350
5824,-4405,-1419
5729,-2541,-3188
4793,317,-5110
3085,4141,-7226
812,4991,-5803
-3671,5618,-1947
-4615,5779,-1164
-5841,4978,863
-6237,3613,2624
-5531,1266,4265
-4397,-4133,8530
-2491,-4508,6999
-276,-5490,5766
3630,-5841,2211
4999,-5407,408
6109,-4504,-1605
6001,-2565,-3436
5123,28,-5151
3399,4141,-7540
1241,5148,-6389
-4063,5783,-1720
-4384,6100,-1716
-5766,5370,396
-6459,4248,2211
-5940,1942,3998
-4785,-3110,7895
-2838,-4471,7309
-602,-5412,6014
3328,-5869,2541
4884,-5610,726
6014,-4813,-1201
6150,-3056,-3094
5176,-272,-4904
3733,3877,-7610
1683,4933,-6616
-3122,5531,-2409
-4174,5828,-1654
-5535,5247,288
-6303,4265,2038
-5915,1942,3973
-4793,-2615,7408
-2899,-4364,7263
-606,-5383,5989
3543,-5902,2359
4859,-5572,713
6022,-4813,-1209
6224,-3135,-3089
5317,-515,-4802
3745,3799,-7544
1823,4735,-6558
-2083,5597,-3514
-4174,5832,-1658
-5478,5238,240
-6294,4174,2120
-5894,1897,3997
-4842,-2928,7770
-2871,-4446,7317
-544,-5374,5918
3436,-5940,2504
4945,-5651,706
6158,-4933,-1225
6319,-3320,-2999
5317,-585,-4732
3815,3931,-7746
1951,4859,-6810
-1109,5647,-4538
-4149,5853,-1704
-5445,5263,182
-6179,4232,1947
-5952,2182,3770
-4760,-2450,7210
-2817,-4331,7148
-507,-5300,5807
3328,-5869,2541
4768,-5614,846
5911,-4772,-1139
5993,-3089,-2904
5234,-618,-4616
3667,3766,-7433
1662,4780,-6442
-3316,5403,-2087
-4145,5589,-1444
-5515,5011,504
-6051,3766,2285
-5424,1480,3944
-4351,-4290,8641
-2310,-4541,6851
-202,-5366,5568
3762,-5766,2004
4917,-5407,490
6026,-4669,-1357
5915,-2784,-3131
5057,-107,-4950
3506,3964,-7470
1390,4925,-6315
-4158,5552,-1394
-4372,5841,-1469
-5762,5106,656
-6435,3873,2562
-5927,1522,4405
-4723,-4314,9037
-2734,-4628,7362
-589,-5581,6170
3465,-6067,2602
4830,-5812,982
6022,-5011,-1011
6274,-3444,-2830
5350,-709,-4641
3869,3869,-7738
1848,4677,-6525
-2722,5457,-2735
-4182,5684,-1502
-5577,5044,533
-6187,3943,2244
-5688,1703,3985
-4648,-3877,8525
-2668,-4413,7081
-499,-5226,5725
3225,-5692,2467
4723,-5395,672
5791,-4632,-1159
5919,-2998,-2921
5073,-363,-4710
3357,3840,-7197
1274,4867,-6141
-4129,5416,-1287
-4434,5655,-1221
-5808,5028,780
-6241,3642,2599
-5539,1452,4087
-4434,-4166,8600
-2532,-4397,6929
-284,-5329,5613
3551,-5820,2269
4904,-5346,442
5948,-4665,-1283
6001,-2747,-3254
5053,-123,-4930
3481,4021,-7502
1175,5086,-6261
-4075,5704,-1629
-4438,5907,-1469
-5841,5238,603
-6484,4001,2483
-5985,1749,4236
-4888,-3423,8311
-2887,-4533,7420
-610,-5362,5972
3316,-5824,2508
4756,-5564,808
5902,-4805,-1097
6034,-3147,-2887
5181,-391,-4790
3642,3848,-7490
1501,4950,-6451
-3931,5490,-1559
-4228,5841,-1613
-5634,5267,367
-6294,4116,2178
-5799,1757,4042
-4731,-3242,7973
-2755,-4401,7156
-639,-5292,5931
3452,-5754,2302
4747,-5420,673
5898,-4690,-1208
6117,-2928,-3189
5214,-367,-4847
3510,3972,-7482
1505,4954,-6459
-4071,5597,-1526
-4269,5968,-1699
-5680,5193,487
-6360,4075,2285
-5989,1893,4096
-4867,-2990,7857
-2965,-4438,7403
-668,-5226,5894
3370,-5779,2409
4838,-5610,772
5964,-4867,-1097
6175,-3225,-2950
5242,-561,-4681
3724,3848,-7572
1641,4830,-6471
-3267,5486,-2219
-4191,5861,-1670
-5589,5226,363
-6216,4112,2104
-5836,1864,3972
-4595,-3229,7824
-2780,-4306,7086
-503,-5271,5774
3254,-5704,2450
4805,-5395,590
5713,-4529,-1184
5717,-2701,-3016
4991,-280,-4711
3432,3782,-7214
1117,4801,-5918
-4083,5403,-1320
-4215,5453,-1238
-5651,4929,722
-5952,3485,2467
-5205,1060,4145
-4005,-4191,8196
-2004,-4624,6628
585,-5292,4707
3972,-5560,1588
5069,-5106,37
5948,-4219,-1729
5704,-2161,-3543
4793,1212,-6005
3081,4244,-7325
812,5053,-5865
-3432,5622,-2190
-4628,5593,-965
-5832,4904,928
-6274,3493,2781
-5469,944,4525
-4162,-4087,8249
-2219,-4669,6888
-90,-5618,5708
3910,-5919,2009
5086,-5486,400
6084,-4459,-1625
6175,-2673,-3502
5123,-33,-5090
3568,4046,-7614
1377,5061,-6438
-4079,5601,-1522
-4335,5832,-1497
-5874,5222,652
-6373,3939,2434
-5737,1596,4141
-4640,-4001,8641
-2470,-4430,6900
-433,-5346,5779
3229,-5729,2500
4859,-5284,425
5857,-4525,-1332
5861,-2693,-3168
4945,-140,-4805
3180,3918,-7098
1105,4813,-5918
-3671,5490,-1819
-4397,5630,-1233
-5762,4912,850
-6059,3539,2520
-5275,1130,4145
-4203,-4063,8266
-2223,-4525,6748
280,-5383,5103
3976,-5700,1724
5053,-5247,194
6039,-4376,-1663
5907,-2388,-3519
4855,412,-5267
3155,4166,-7321
919,5007,-5926
-3741,5634,-1893
-4463,5729,-1266
-5849,5024,825
-6364,3675,2689
-5589,1208,4381
-4347,-4302,8649
-2297,-4661,6958
-169,-5552,5721
3931,-5907,1976
5106,-5572,466
6096,-4665,-1431
6105,-2883,-3222
5156,-169,-4987
3630,3964,-7594
1505,4966,-6471
-3988,5597,-1609
-4248,5869,-1621
-5717,5288,429
-6364,4046,2318
-5869,1716,4153
-4735,-4013,8748
-2648,-4521,7169
-499,-5449,5948
3481,-5894,2413
4851,-5502,651
6030,-4793,-1237
6245,-3110,-3135
5317,-503,-4814
3790,3729,-7519
1782,4768,-6550
-2755,5597,-2842
-4203,5911,-1708
-5614,5296,318
-6336,4174,2162
-6022,1967,4055
-4921,-2937,7858
-2994,-4529,7523
-672,-5317,5989
3370,-5836,2466
4879,-5803,924
6030,-5102,-928
6241,-3370,-2871
5436,-866,-4570
3997,3955,-7952
1918,4723,-6641
-1427,5535,-4108
-4224,5869,-1645
-5535,5288,247
-6237,4211,2026
-6067,2182,3885
-4842,-2437,7279
-2990,-4343,7333
-664,-5280,5944
3308,-5849,2541
4661,-5704,1043
5890,-4896,-994
6088,-3337,-2751
5366,-816,-4550
3869,3935,-7804
1777,4789,-6566
-2520,5560,-3040
-4211,5709,-1498
-5556,5214,342
-6199,4026,2173
-5783,1926,3857
-4714,-3118,7832
-2838,-4417,7255
-643,-5189,5832
3283,-5667,2384
4690,-5511,821
5799,-4747,-1052
5882,-3044,-2838
5040,-379,-4661
3489,3757,-7246
1443,4818,-6261
-4030,5370,-1340
-4290,5647,-1357
-5651,4962,689
-6241,3737,2504
-5696,1427,4269
-4459,-4252,8711
-2446,-4488,6934
-445,-5395,5840
3460,-5882,2422
4933,-5589,656
5973,-4714,-1259
6232,-3176,-3056
5230,-338,-4892
3671,3856,-7527
1551,4950,-6501
-4046,5626,-1580
-4298,5968,-1670
-5696,5288,408
-6476,4087,2389
-5935,1806,4129
-4884,-3229,8113
-2957,-4380,7337
-693,-5325,6018
3737,-5779,2042
4739,-5647,908
5931,-4954,-977
6183,-3349,-2834
5333,-668,-4665
3770,4046,-7816
1654,4826,-6480
-3361,5535,-2174
-4207,5865,-1658
-5515,5160,355
-6191,4067,2124
-5680,1852,3828
-4686,-3180,7866
-2743,-4265,7008
-478,-5205,5683
3225,-5585,2360
4702,-5238,536
5709,-4405,-1304
5729,-2631,-3098
4871,-74,-4797
3250,4005,-7255
1093,4987,-6080
-3844,5601,-1757
-4384,5762,-1378
-5729,5032,697
-6286,3774,2512
-5618,1443,4175
-4496,-4166,8662
-2462,-4475,6937
-255,-5428,5683
3625,-5803,2178
5069,-5449,380
5997,-4545,-1452
6088,-2706,-3382
5131,-33,-5098
3696,4075,-7771
1654,5164,-6818
-3646,5704,-2058
-4269,5993,-1724
-5680,5391,289
-6402,4339,2063
-5993,1971,4022
-4871,-2619,7490
-2871,-4459,7330
-655,-5370,6025
3456,-5874,2418
4719,-5581,862
6030,-4797,-1233
6199,-3168,-3031
5313,-528,-4785
3778,3770,-7548
1769,4801,-6570
-2776,5531,-2755
-4116,5849,-1733
-5440,5205,235
-6245,4083,2162
-5754,1864,3890
-4756,-3188,7944
-2755,-4422,7177
-437,-5271,5708
3304,-5791,2487
4954,-5531,577
6018,-4805,-1213
6092,-3019,-3073
5209,-416,-4793
3671,3856,-7527
1699,4846,-6545
-3176,5502,-2326
-4211,5832,-1621
-5655,5255,400
-6274,4034,2240
-5915,1901,4014
-4752,-3374,8126
-2805,-4426,7231
-474,-5370,5844
3361,-5894,2533
4896,-5659,763
6001,-4838,-1163
6166,-3225,-2941
5251,-589,-4662
3819,3786,-7605
1749,4846,-6595
-2800,5527,-2727
-4145,5721,-1576
-5564,5317,247
-6232,4034,2198
-5651,1831,3820
-4599,-3518,8117
-2582,-4488,7070
-470,-5284,5754
3283,-5713,2430
4723,-5366,643
5890,-4595,-1295
5865,-2813,-3052
5016,-272,-4744
3382,3844,-7226
1394,4809,-6203
-4026,5333,-1307
-4236,5502,-1266
-5560,4912,648
-6026,3605,2421
-5329,1192,4137
-4021,-4067,8088
-2120,-4516,6636
-28,-5362,5390
3931,-5634,1703
4974,-5135,161
5960,-4265,-1695
5898,-2417,-3481
4908,416,-5324
3275,4145,-7420
1122,5011,-6133
-3819,5544,-1725
-4566,5812,-1246
-5935,5102,833
-6414,3757,2657
-5791,1357,4434
-4566,-4360,8926
-2594,-4653,7247
-462,-5655,6117
3320,-5993,2673
4917,-5638,721
5960,-4801,-1159
6051,-3118,-2933
5234,-490,-4744
3555,3902,-7457
1472,4785,-6257
-4067,5432,-1365
-4347,5717,-1370
-5709,5036,673
-6171,3832,2339
-5515,1513,4002
-4475,-4137,8612
-2491,-4368,6859
-379,-5275,5654
3399,-5568,2169
4719,-5164,445
5762,-4368,-1394
5725,-2454,-3271
4805,103,-4908
3176,3939,-7115
849,4941,-5790
-3564,5597,-2033
-4562,5601,-1039
-5775,4892,883
-6224,3477,2747
-5403,1060,4343
-4083,-4083,8166
-2157,-4669,6826
-12,-5498,5510
3869,-5824,1955
5110,-5457,347
6051,-4496,-1555
6080,-2673,-3407
5082,107,-5189
3514,4195,-7709
1315,5090,-6405
-4166,5626,-1460
-4339,5919,-1580
-5869,5329,540
-6480,4054,2426
-5948,1753,4195
-4760,-3803,8563
-2776,-4483,7259
-589,-5374,5963
3460,-5869,2409
4760,-5494,734
5968,-4756,-1212
6125,-3036,-3089
5226,-437,-4789
3535,3877,-7412
1542,4879,-6421
-3782,5585,-1803
-4248,5845,-1597
-5634,5172,462
-6290,3943,2347
-5816,1761,4055
-4768,-3543,8311
-2689,-4459,7148
-474,-5284,5758
3349,-5828,2479
4962,-5593,631
6010,-4797,-1213
6183,-3023,-3160
5251,-445,-4806
3625,3889,-7514
1621,4962,-6583
-3576,5643,-2067
-4343,5878,-1535
-5692,5251,441
-6402,4079,2323
-6051,2025,4026
-4838,-3069,7907
-2982,-4397,7379
-573,-5341,5914
3337,-5894,2557
4747,-5770,1023
6006,-4950,-1056
6166,-3271,-2895
5370,-693,-4677
3914,3885,-7799
1810,4937,-6747
-2813,5643,-2830
-4236,5898,-1662
-5572,5449,123
-6327,4228,2099
-5948,2037,3911
-4925,-2198,7123
-3056,-4430,7486
-693,-5209,5902
3679,-5725,2046
4607,-5634,1027
5865,-4851,-1014
5989,-3184,-2805
5106,-511,-4595
3646,3832,-7478
1588,4809,-6397
-3229,5490,-2261
-4261,5696,-1435
-5523,5032,491
-6220,3943,2277
-5717,1736,3981
-4661,-3795,8456
-2582,-4335,6917
-569,-5267,5836
3361,-5692,2331
4789,-5288,499
5874,-4582,-1292
6039,-2912,-3127
5094,-251,-4843
3493,3836,-7329
1472,4933,-6405
-4203,5511,-1308
-4290,5750,-1460
-5742,5098,644
-6294,3947,2347
-5770,1604,4166
-4698,-4017,8715
-2582,-4525,7107
-474,-5391,5865
3370,-5989,2619
5007,-5688,681
6117,-4900,-1217
6307,-3130,-3177
5366,-482,-4884
3729,3927,-7656
1687,4912,-6599
-3143,5647,-2504
-4273,5968,-1695
-5511,5271,240
-6245,4306,1939
-5931,2116,3815
-4908,-1876,6784
-3044,-4294,7338
-664,-5300,5964
3337,-5750,2413
4702,-5552,850
5915,-4752,-1163
6039,-2982,-3057
5090,-363,-4727
3559,3815,-7374
1480,4933,-6413
-3955,5519,-1564
-4145,5746,-1601
-5527,5073,454
-6171,4067,2104
-5659,1806,3853
-4566,-3621,8187
-2475,-4516,6991
-391,-5350,5741
3341,-5779,2438
4842,-5432,590
5849,-4570,-1279
5927,-2730,-3197
4999,-152,-4847
3423,3918,-7341
1369,4851,-6220
-4079,5428,-1349
-4277,5667,-1390
-5721,5086,635
-6261,3889,2372
-5655,1419,4236
-4508,-4219,8727
-2466,-4537,7003
-338,-5407,5745
3617,-5886,2269
4999,-5436,437
6055,-4698,-1357
6257,-2986,-3271
5333,-383,-4950
3588,3931,-7519
1588,4855,-6443
-3617,5544,-1927
-4141,5869,-1728
-5659,5090,569
-6311,4071,2240
-5787,1716,4071
-4743,-3881,8624
-2689,-4545,7234
-437,-5366,5803
3386,-5869,2483
5016,-5651,635
6096,-4859,-1237
6166,-3089,-3077
5238,-503,-4735
3658,3782,-7440
1744,4805,-6549
-2974,5523,-2549
-4277,5861,-1584
-5692,5197,495
-6340,4021,2319
-5907,1736,4171
-4731,-3914,8645
-2706,-4471,7177
-495,-5370,5865
3300,-5960,2660
4842,-5671,829
5968,-4904,-1064
6084,-3209,-2875
5313,-635,-4678
3877,3823,-7700
1658,4851,-6509
-3139,5585,-2446
-4166,5717,-1551
-5581,5247,334
-6253,3906,2347
-5742,1790,3952
-4694,-3898,8592
-2668,-4504,7172
-523,-5313,5836
3287,-5803,2516
4801,-5585,784
5927,-4760,-1167
6047,-3143,-2904
5127,-445,-4682
3638,3720,-7358
1604,4797,-6401
-3427,5407,-1980
-4327,5647,-1320
-5548,5011,537
-6117,3799,2318
-5577,1386,4191
-4360,-4211,8571
-2433,-4455,6888
-441,-5280,5721
3489,-5593,2104
4698,-5110,412
5828,-4323,-1505
5766,-2652,-3114
4826,123,-4949
3258,3906,-7164
957,4855,-5812
-3654,5374,-1720
-4442,5473,-1031
-5828,4809,1019
-6129,3370,2759
-5333,849,4484
-4050,-3960,8010
-2058,-4587,6645
24,-5502,5478
3852,-5775,1923
5065,-5333,268
5964,-4277,-1687
5981,-2483,-3498
4995,268,-5263
3188,4112,-7300
952,5082,-6034
-3522,5766,-2244
-4681,5832,-1151
-6001,5168,833
-6430,3766,2664
-5737,1390,4347
-4851,-4174,9025
-2833,-4603,7436
-528,-5502,6030
3399,-5841,2442
4764,-5391,627
5857,-4661,-1196
5923,-2788,-3135
5061,-284,-4777
3283,3898,-7181
1188,4921,-6109
-3964,5515,-1551
-4298,5692,-1394
-5643,4974,669
-6129,3733,2396
-5436,1390,4046
-4240,-4224,8464
-2198,-4397,6595
-276,-5313,5589
3539,-5556,2017
4954,-4995,41
5828,-4104,-1724
5638,-2128,-3510
4677,1307,-5984
3007,4281,-7288
779,5127,-5906
-3130,5610,-2480
-4582,5597,-1015
-5803,4978,825
-6162,3502,2660
-5399,1031,4368
-4092,-4075,8167
-2029,-4615,6644
-86,-5527,5613
4034,-5758,1724
5156,-5197,41
6113,-4273,-1840
6113,-2376,-3737
5073,540,-5613
3320,4211,-7531
1126,5086,-6212
-4108,5853,-1745
-4417,5973,-1556
-5783,5172,611
-6303,3964,2339
-5737,1600,4137
-4653,-4013,8666
-2545,-4533,7078
-375,-5407,5782
3531,-5894,2363
5090,-5605,515
6100,-4756,-1344
6150,-2912,-3238
5176,-297,-4879
3564,3856,-7420
1534,4908,-6442
-3823,5502,-1679
-4228,5808,-1580
-5704,5197,507
-6352,4054,2298
-5911,1810,4101
-4661,-3790,8451
-2656,-4537,7193
-412,-5482,5894
3514,-6043,2529
4983,-5692,709
6121,-4846,-1275
6199,-3093,-3106
5366,-561,-4805
3811,3815,-7626
1720,4974,-6694
-3110,5651,-2541
-4207,5894,-1687
-5638,5362,276
-6377,4203,2174
-5977,1992,3985
-4830,-2953,7783
-2883,-4521,7404
-589,-5374,5963
3382,-5816,2434
4752,-5692,940
6022,-4950,-1072
6129,-3357,-2772
5255,-552,-4703
3803,3848,-7651
1806,4756,-6562
-2153,5539,-3386
-4290,5709,-1419
-5511,5152,359
-6216,4021,2195
-5816,1749,4067
-4648,-3535,8183
-2730,-4360,7090
-478,-5292,5770
3366,-5713,2347
4719,-5354,635
5754,-4607,-1147
5985,-2986,-2999
5090,-383,-4707
3481,3708,-7189
1431,4739,-6170
-4153,5362,-1209
-4219,5502,-1283
-5680,4958,722
-6109,3580,2529
-5440,1282,4158
-4335,-4092,8427
-2157,-4636,6793
-111,-5321,5432
3881,-5836,1955
5131,-5420,289
6076,-4545,-1531
6117,-2697,-3420
5238,-148,-5090
3357,4034,-7391
1287,4999,-6286
-4153,5634,-1481
-4442,6001,-1559
-5828,5230,598
-6426,3993,2433
-5907,1699,4208
-4813,-3984,8797
-2817,-4516,7333
-478,-5436,5914
3254,-5894,2640
4846,-5643,797
5952,-4896,-1056
6142,-3139,-3003
5288,-565,-4723
3584,3840,-7424
1538,4838,-6376
-3679,5527,-1848
-4203,5803,-1600
-5589,5024,565
-6183,3918,2265
-5663,1608,4055
-4438,-4071,8509
-2400,-4475,6875
-342,-5259,5601
3419,-5655,2236
4772,-5230,458
5795,-4335,-1460
5770,-2536,-3234
4842,251,-5093
3324,3976,-7300
1018,4921,-5939
-3543,5449,-1906
-4455,5544,-1089
-5845,4933,912
-6133,3469,2664
-5325,961,4364
-4050,-4038,8088
-2058,-4603,6661
57,-5424,5367
3898,-5775,1877
4995,-5259,264
6039,-4306,-1733
6047,-2528,-3519
5032,239,-5271
3279,4158,-7437
1072,5049,-6121
-3782,5717,-1935
-4483,5816,-1333
-5882,5086,796
-6356,3762,2594
-5692,1365,4327
-4636,-4248,8884
-2470,-4582,7052
-379,-5449,5828
3481,-5882,2401
5024,-5552,528
6030,-4719,-1311
6100,-2920,-3180
5197,-297,-4900
3498,3947,-7445
1373,5057,-6430
-4195,5535,-1340
-4455,5820,-1365
-5803,5209,594
-6364,3968,2396
-5841,1699,4142
-4657,-4067,8724
-2611,-4463,7074
-404,-5374,5778
3411,-5935,2524
4945,-5593,648
6030,-4760,-1270
6063,-3052,-3011
5267,-396,-4871
3601,3844,-7445
1452,4962,-6414
-4087,5593,-1506
-4389,5803,-1414
-5721,5321,400
-6315,3786,2529
-5659,1398,4261
-4698,-3848,8546
-2660,-4492,7152
-272,-5412,5684
3518,-5828,2310
4892,-5473,581
5973,-4822,-1151
5977,-2701,-3276
5049,-49,-5000
3481,3984,-7465
1414,4908,-6322
-4038,5428,-1390
-4364,5655,-1291
-5585,5119,466
-6249,3844,2405
-5626,1501,4125
-4438,-4195,8633
-2491,-4380,6871
-424,-5337,5761
3696,-5626,1930
4871,-5218,347
5944,-4228,-1716
5907,-2598,-3309
4933,28,-4961
3300,4013,-7313
1027,5020,-6047
-3873,5515,-1642
-4521,5564,-1043
-5841,4966,875
-6191,3597,2594
-5379,1188,4191
-4228,-4017,8245
-2227,-4475,6702
-61,-5280,5341
3927,-5572,1645
5135,-5082,-53
6022,-4063,-1959
5704,-2050,-3654
4826,874,-5700
2932,4318,-7250
754,5053,-5807
-3312,5717,-2405
-4665,5605,-940
-5869,4892,977
-6154,3361,2793
-5271,952,4319
-3848,-3671,7519
-1922,-4727,6649
371,-5544,5173
4178,-5770,1592
5152,-5341,189
6179,-4228,-1951
5956,-2367,-3589
4912,684,-5596
3209,4174,-7383
981,5073,-6054
-3308,5742,-2434
-4426,5704,-1278
-5754,5143,611
-6282,3762,2520
-5465,1295,4170
-4298,-4224,8522
-2198,-4533,6731
24,-5457,5433
4071,-5680,1609
5032,-5288,256
6010,-4240,-1770
5733,-2070,-3663
4851,684,-5535
3056,4224,-7280
829,5090,-5919
-3209,5560,-2351
-4607,5478,-871
-5770,4826,944
-6063,3481,2582
-5172,635,4537
-3757,-3819,7576
-1724,-4727,6451
594,-5445,4851
4145,-5634,1489
5086,-5073,-13
6043,-4092,-1951
5762,-1864,-3898
4706,2759,-7465
2776,4240,-7016
565,5115,-5680
-3130,5725,-2595
-4785,5564,-779
-6022,4789,1233
-6162,3159,3003
-5275,573,4702
-3894,-3729,7623
-1876,-4904,6780
1254,-5643,4389
4232,-5964,1732
5399,-5539,140
6307,-4488,-1819
6059,-2495,-3564
5028,268,-5296
3394,4199,-7593
1084,5148,-6232
-3836,5655,-1819
-4611,5886,-1275
-5940,5164,776
-6410,3757,2653
-5692,1245,4447
-4376,-4257,8633
-2359,-4669,7028
-210,-5572,5782
3811,-5952,2141
5065,-5556,491
6067,-4615,-1452
6096,-2710,-3386
5226,-181,-5045
3477,4021,-7498
1233,5040,-6273
-4141,5676,-1535
-4426,5799,-1373
-5902,5226,676
-6340,3840,2500
-5671,1439,4232
-4545,-4219,8764
-2475,-4607,7082
-313,-5420,5733
3555,-5898,2343
4937,-5523,586
6034,-4706,-1328
6018,-2788,-3230
5148,-177,-4971
3592,3964,-7556
1278,4999,-6277
-4083,5577,-1494
-4405,5898,-1493
-5824,5098,726
-6406,3927,2479
-5799,1505,4294
-4628,-4298,8926
-2528,-4554,7082
-416,-5498,5914
3469,-5902,2433
5003,-5560,557
5997,-4768,-1229
6212,-3019,-3193
5300,-338,-4962
3741,3786,-7527
1497,4912,-6409
-3955,5519,-1564
-4207,5808,-1601
-5713,5127,586
-6282,3889,2393
-5572,1456,4116
-4471,-4120,8591
-2277,-4533,6810
-334,-5346,5680
3526,-5643,2117
4991,-5313,322
5985,-4426,-1559
6006,-2549,-3457
5032,0,-5032
3184,4248,-7432
1014,5119,-6133
-3634,5820,-2186
-4735,5960,-1225
-6096,5308,788
-6690,3968,2722
-6224,1645,4579
-5478,-3968,9446
-3469,-4743,8212
-804,-5626,6430
3836,-6142,2306
4991,-6195,1204
6410,-5440,-970
6876,-3873,-3003
6043,-1196,-4847
4735,4265,-9000
2503,5098,-7601
222,6245,-6467
-3836,6946,-3110
-5383,6410,-1027
-6661,5482,1179
-7057,3832,3225
-6146,998,5148
-4657,-4207,8864
-2338,-5148,7486
367,-6142,5775
4236,-6426,2190
5676,-5927,251
6645,-4842,-1803
6480,-2615,-3865
5478,387,-5865
3683,4393,-8076
1245,5515,-6760
-4026,6043,-2017
-4648,6270,-1622
-6278,5581,697
-6736,4021,2715
-5923,1274,4649
-4653,-4343,8996
-2338,-4929,7267
-173,-5915,6088
4096,-6274,2178
5407,-5779,372
6575,-4723,-1852
6509,-2796,-3713
5556,-4,-5552
3625,4219,-7844
1225,5350,-6575
-4071,6109,-2038
-4702,6274,-1572
-6340,5502,838
-6756,4038,2718
-6133,1431,4702
-4917,-4306,9223
-2512,-4958,7470
-259,-5915,6174
3980,-6402,2422
5556,-6047,491
6674,-5106,-1568
6711,-3118,-3593
5671,-210,-5461
3922,4195,-8117
1538,5354,-6892
-4281,6063,-1782
-4665,6472,-1807
-6265,5737,528
-6958,4405,2553
-6517,2017,4500
-5197,-3757,8954
-3081,-4727,7808
-523,-5816,6339
3460,-6468,3008
5251,-6133,882
6496,-5263,-1233
6657,-3378,-3279
5841,-569,-5272
4071,4030,-8101
1736,5333,-7069
-3658,6142,-2484
-4446,6385,-1939
-6125,5746,379
-6826,4442,2384
-6303,2000,4303
-5148,-3390,8538
-3069,-4768,7837
-474,-5816,6290
3514,-6410,2896
5271,-6125,854
6546,-5288,-1258
6703,-3366,-3337
5729,-379,-5350
4071,4034,-8105
1740,5350,-7090
-3155,6051,-2896
-4545,6484,-1939
-6010,5754,256
-6901,4611,2290
-6529,2136,4393
-5255,-2825,8080
-3188,-4681,7869
-639,-5787,6426
3625,-6340,2715
5168,-6092,924
6496,-5275,-1221
6740,-3481,-3259
5816,-569,-5247
4141,3927,-8068
1885,5205,-7090
-2838,6006,-3168
-4455,6385,-1930
-5977,5643,334
-6798,4442,2356
-6261,2070,4191
-4970,-3151,8121
-2817,-4694,7511
-490,-5692,6182
3481,-6199,2718
5247,-5816,569
6336,-4888,-1448
6435,-2912,-3523
5486,-165,-5321
3555,4158,-7713
1266,5218,-6484
-3984,5907,-1923
-4611,6133,-1522
-6204,5374,830
-6558,3774,2784
-5775,1200,4575
-4521,-4203,8724
-2211,-4970,7181
573,-5911,5338
4327,-6274,1947
5539,-5717,178
6521,-4735,-1786
6377,-2475,-3902
5321,622,-5943
3407,4450,-7857
924,5482,-6406
-3642,6199,-2557
-4929,6282,-1353
-6447,5473,974
-6942,3980,2962
-6162,1245,4917
-4780,-4376,9156
-2466,-5086,7552
-127,-6150,6277
4092,-6571,2479
5494,-6171,677
6579,-5061,-1518
6666,-3089,-3577
5684,-272,-5412
3906,4166,-8072
1608,5346,-6954
-4174,5944,-1770
-4582,6204,-1622
-6171,5630,541
-6748,4199,2549
-6055,1505,4550
-4851,-4347,9198
-2561,-4785,7346
-276,-5828,6104
3914,-6175,2261
5267,-5651,384
6422,-4694,-1728
6439,-2755,-3684
5383,181,-5564
3510,4182,-7692
1056,5337,-6393
-3704,6113,-2409
-4863,6129,-1266
-6327,5308,1019
-6703,3745,2958
-5878,1080,4798
-4570,-4034,8604
-2206,-5016,7222
41,-5915,5874
4178,-6319,2141
5515,-5857,342
6579,-4785,-1794
6492,-2631,-3861
5428,424,-5852
3584,4496,-8080
1113,5560,-6673
-4030,6220,-2190
-4904,6397,-1493
-6393,5622,771
-6950,4083,2867
-6344,1625,4719
-5007,-4380,9387
-2772,-4797,7569
-371,-5911,6282
3667,-6505,2838
5341,-6072,731
6550,-5106,-1444
6657,-3135,-3522
5742,-321,-5421
3902,4145,-8047
1530,5490,-7020
-4207,6265,-2058
-4620,6439,-1819
-6245,5845,400
-6954,4438,2516
-6364,1967,4397
-5222,-3506,8728
-3081,-4818,7899
-585,-5836,6421
3551,-6459,2908
5308,-6274,966
6616,-5337,-1279
6822,-3518,-3304
5795,-462,-5333
4166,4059,-8225
1901,5362,-7263
-2928,6162,-3234
-4533,6546,-2013
-5989,5799,190
-6913,4702,2211
-6653,2322,4331
-5420,-1992,7412
-3320,-4710,8030
-721,-5766,6487
3943,-6373,2430
5164,-6204,1040
6439,-5407,-1032
6897,-3613,-3284
5849,-701,-5148
4347,4026,-8373
2029,5193,-7222
-1835,6109,-4274
-4438,6336,-1898
-6006,5717,289
-6798,4566,2232
-6381,2116,4265
-5214,-2681,7895
-3168,-4648,7816
-614,-5766,6380
3551,-6323,2772
5259,-6142,883
6517,-5313,-1204
6690,-3526,-3164
5882,-717,-5165
4042,4125,-8167
1753,5234,-6987
-3378,5997,-2619
-4475,6344,-1869
-6014,5630,384
-6727,4356,2371
-6195,2054,4141
-5036,-3568,8604
-2945,-4681,7626
-404,-5812,6216
3564,-6294,2730
5247,-5874,627
6402,-4950,-1452
6451,-2891,-3560
5461,-115,-5346
3621,4257,-7878
1229,5457,-6686
-4092,6084,-1992
-4822,6406,-1584
-6286,5630,656
-6925,4153,2772
-6294,1596,4698
-5024,-4323,9347
-2772,-4921,7693
-400,-5997,6397
3638,-6443,2805
5395,-6195,800
6637,-5222,-1415
6694,-3184,-3510
5758,-247,-5511
3943,4149,-8092
1819,5473,-7292
-3526,6166,-2640
-4595,6496,-1901
-6121,5894,227
-6963,4591,2372
-6595,2198,4397
-5242,-2701,7943
-3139,-4669,7808
-688,-5779,6467
3737,-6294,2557
5119,-5931,812
6393,-5148,-1245
6567,-3229,-3338
5676,-412,-5264
3803,3976,-7779
1538,5143,-6681
-4075,5940,-1865
-4450,6162,-1712
-6010,5317,693
-6637,4046,2591
-5923,1452,4471
-4735,-4409,9144
-2310,-4995,7305
-74,-5803,5877
4133,-6270,2137
5478,-5832,354
6554,-4826,-1728
6430,-2697,-3733
5453,144,-5597
3588,4351,-7939
1357,5407,-6764
-4252,6022,-1770
-4780,6303,-1523
-6373,5560,813
-6831,4005,2826
-6187,1406,4781
-4830,-4455,9285
-2565,-5020,7585
-198,-6125,6323
4112,-6703,2591
5519,-6331,812
6616,-5168,-1448
6678,-3287,-3391
5841,-383,-5458
4030,4120,-8150
1695,5379,-7074
-3848,6216,-2368
-4673,6418,-1745
-6294,5762,532
-6921,4409,2512
-6389,1934,4455
-5201,-3724,8925
-2904,-4842,7746
-420,-5857,6277
3531,-6410,2879
5242,-6067,825
6546,-5288,-1258
6703,-3361,-3342
5680,-453,-5227
4071,4063,-8134
1678,5358,-7036
-3691,5964,-2273
-4636,6373,-1737
-6129,5618,511
-6880,4302,2578
-6360,1773,4587
-5069,-4108,9177
-2813,-4809,7622
-503,-5812,6315
3572,-6364,2792
5247,-6039,792
6517,-5127,-1390
6756,-3275,-3481
5684,-424,-5260
3968,4071,-8039
1674,5292,-6966
-4120,6059,-1939
-4566,6360,-1794
-6171,5696,475
-6913,4302,2611
-6369,1864,4505
-5102,-3861,8963
-2879,-4822,7701
-453,-5808,6261
3485,-6356,2871
5346,-6092,746
6517,-5119,-1398
6690,-3275,-3415
5770,-474,-5296
3881,4162,-8043
1563,5300,-6863
-4158,5993,-1835
-4620,6298,-1678
-6191,5572,619
-6814,4211,2603
-6142,1654,4488
-4999,-4219,9218
-2706,-4756,7462
-383,-5766,6149
3708,-6228,2520
5317,-5783,466
6397,-4937,-1460
6327,-2875,-3452
5366,-78,-5288
3456,4170,-7626
961,5366,-6327
-3865,6030,-2165
-4863,6034,-1171
-6323,5325,998
-6711,3716,2995
-5878,936,4942
-4339,-4174,8513
-2169,-5040,7209
536,-6092,5556
4351,-6364,2013
5572,-5894,322
6608,-4805,-1803
6554,-2648,-3906
5461,363,-5824
3786,4438,-8224
1266,5618,-6884
-4166,6224,-2058
-4871,6492,-1621
-6406,5770,636
-7024,4323,2701
-6331,1600,4731
-5090,-4244,9334
-2792,-4855,7647
-449,-5902,6351
3547,-6356,2809
5304,-5923,619
6397,-4937,-1460
6595,-3093,-3502
5614,-148,-5466
3671,4038,-7709
1291,5304,-6595
-4108,6055,-1947
-4690,6187,-1497
-6249,5465,784
-6678,3877,2801
-5948,1361,4587
-4706,-4170,8876
-2371,-4875,7246
16,-5832,5816
4071,-6154,2083
5494,-5634,140
6492,-4706,-1786
6307,-2475,-3832
5201,1072,-6273
3308,4648,-7956
829,5651,-6480
-3605,6162,-2557
-5086,6298,-1212
-6496,5461,1035
-6876,3865,3011
-6179,1183,4996
-4706,-4215,8921
-2483,-5040,7523
-198,-6059,6257
4125,-6583,2458
5610,-6067,457
6703,-4945,-1758
6678,-2916,-3762
5742,-99,-5643
3889,4306,-8195
1447,5556,-7003
-4351,6224,-1873
-4661,6455,-1794
-6307,5791,516
-6938,4306,2632
-6270,1753,4517
-5148,-4153,9301
-2772,-4879,7651
-408,-5923,6331
3683,-6373,2690
5329,-6059,730
6624,-5094,-1530
6686,-3168,-3518
5614,-86,-5528
3918,4153,-8071
1538,5453,-6991
-4203,6121,-1918
-4681,6505,-1824
-6166,5630,536
-6963,4364,2599
-6360,1864,4496
-5024,-4215,9239
-2800,-4908,7708
-396,-6001,6397
3700,-6488,2788
5420,-6187,767
6628,-5247,-1381
6917,-3357,-3560
5857,-396,-5461
4195,4005,-8200
1876,5333,-7209
-3196,6080,-2884
-4545,6496,-1951
-6067,5841,226
-6954,4562,2392
-6513,2194,4319
-5337,-2862,8199
-3139,-4789,7928
-627,-5886,6513
3621,-6459,2838
5354,-6331,977
6649,-5436,-1213
6868,-3526,-3342
5997,-759,-5238
4248,4166,-8414
1971,5230,-7201
-2289,6129,-3840
-4504,6439,-1935
-6055,5799,256
-6851,4611,2240
-6352,2087,4265
-5275,-2842,8117
-3135,-4706,7841
-581,-5742,6323
3543,-6393,2850
5238,-6067,829
6496,-5263,-1233
6620,-3295,-3325
5655,-396,-5259
3910,3993,-7903
1575,5317,-6892
-3984,6014,-2030
-4562,6253,-1691
-6117,5548,569
-6748,4166,2582
-6100,1604,4496
-4851,-4372,9223
-2631,-4900,7531
-231,-5890,6121
3889,-6406,2517
5461,-5812,351
6496,-4846,-1650
6525,-2821,-3704
5486,53,-5539
3696,4343,-8039
1299,5506,-6805
-4273,6138,-1865
-4813,6360,-1547
-6389,5688,701
-6991,4178,2813
-6389,1559,4830
-5057,-4434,9491
-2829,-4970,7799
-433,-6076,6509
3658,-6657,2999
5412,-6179,767
6600,-5251,-1349
6798,-3460,-3338
5869,-532,-5337
4017,4071,-8088
1703,5197,-6900
-3910,6051,-2141
-4512,6393,-1881
-6179,5585,594
-6793,4186,2607
-6191,1720,4471
-4974,-4219,9193
-2594,-4896,7490
-354,-5836,6190
3762,-6340,2578
5399,-5890,491
6513,-4974,-1539
6550,-2986,-3564
5482,-140,-5342
3729,4191,-7920
1229,5358,-6587
-4426,5952,-1526
-4768,6253,-1485
-6336,5449,887
-6802,3943,2859
-6129,1377,4752
-4628,-4269,8897
-2442,-4921,7363
-8,-5952,5960
4137,-6463,2326
5461,-5940,479
6554,-4785,-1769
6443,-2767,-3676
5531,90,-5621
3617,4389,-8006
1150,5548,-6698
-4059,6257,-2198
-4859,6369,-1510
-6492,5655,837
-6917,4009,2908
-6204,1472,4732
-4954,-4463,9417
-2648,-5024,7672
-313,-5985,6298
3770,-6331,2561
5407,-6051,644
6620,-5160,-1460
6612,-2961,-3651
5651,-156,-5495
3856,4298,-8154
1497,5486,-6983
-4240,6158,-1918
-4801,6414,-1613
-6336,5552,784
-7004,4195,2809
-6336,1674,4662
-5044,-4335,9379
-2739,-4813,7552
-375,-5968,6343
3646,-6373,2727
5350,-6047,697
6550,-5135,-1415
6793,-3229,-3564
5791,-226,-5565
4030,4112,-8142
1625,5407,-7032
-4290,6100,-1810
-4661,6472,-1811
-6298,5729,569
-6996,4335,2661
-6430,1885,4545
-5164,-3799,8963
-2887,-4813,7700
-556,-5865,6421
3568,-6389,2821
5333,-6039,706
6550,-5238,-1312
6727,-3337,-3390
5808,-379,-5429
3906,4125,-8031
1518,5407,-6925
-4224,6059,-1835
-4727,6377,-1650
-6220,5676,544
-6859,4252,2607
-6323,1819,4504
-5098,-4166,9264
-2809,-4727,7536
-474,-5898,6372
3551,-6307,2756
5337,-5985,648
6509,-5139,-1370
6525,-3064,-3461
5564,-264,-5300
3671,4096,-7767
1307,5374,-6681
-4318,6022,-1704
-4628,6150,-1522
-6191,5440,751
-6678,3943,2735
-5944,1249,4695
-4554,-4463,9017
-2227,-4912,7139
66,-5832,5766
4112,-6150,2038
5473,-5614,141
6430,-4562,-1868
6261,-2371,-3890
5156,1402,-6558
3209,4591,-7800
750,5581,-6331
-3440,6117,-2677
-5053,6117,-1064
-6373,5358,1015
-6756,3634,3122
-5861,837,5024
-4285,-3951,8236
-2074,-5123,7197
589,-6001,5412
4467,-6315,1848
5638,-5766,128
6760,-4574,-2186
6674,-2561,-4113
5581,660,-6241
3625,4558,-8183
1097,5626,-6723
-4034,6364,-2330
-4875,6637,-1762
-6369,5709,660
-6921,4145,2776
-6212,1584,4628
-5011,-4339,9350
-2652,-4863,7515
-334,-5828,6162
3749,-6237,2488
5391,-5808,417
6459,-4834,-1625
6278,-2631,-3647
5135,412,-5547
3423,4356,-7779
1018,5449,-6467
-3840,5915,-2075
-4818,5968,-1150
-6241,5197,1044
-6558,3601,2957
-5717,775,4942
-4141,-3980,8121
-1934,-5110,7044
1559,-6010,4451
4492,-6336,1844
5729,-5692,-37
6661,-4504,-2157
6344,-2169,-4175
5255,1435,-6690
3250,4677,-7927
833,5647,-6480
-3361,6307,-2946
-5069,6199,-1130
-6567,5523,1044
-6818,3683,3135
-5923,924,4999
-4384,-4026,8410
-2281,-5193,7474
664,-6138,5474
4401,-6525,2124
5601,-6105,504
6748,-5049,-1699
6624,-2809,-3815
5614,103,-5717
3832,4281,-8113
1369,5502,-6871
-4298,6171,-1873
-4785,6356,-1571
-6369,5605,764
-6987,4112,2875
-6294,1501,4793
-4789,-4372,9161
-2508,-4933,7441
-276,-6088,6364
3951,-6430,2479
5399,-6059,660
6591,-5069,-1522
6748,-3106,-3642
5704,-127,-5577
3972,4133,-8105
1538,5391,-6929
-4199,6084,-1885
-4739,6435,-1696
-6336,5717,619
-6971,4294,2677
-6364,1707,4657
-5152,-4285,9437
-2718,-4904,7622
-424,-5935,6359
3663,-6525,2862
5465,-6179,714
6649,-5263,-1386
6868,-3366,-3502
5898,-515,-5383
3972,4125,-8097
1678,5387,-7065
-4215,6096,-1881
-4657,6538,-1881
-6257,5737,520
-6921,4405,2516
-6319,1761,4558
-5156,-4129,9285
-2928,-4830,7758
-363,-5977,6340
3704,-6439,2735
5387,-6109,722
6558,-5205,-1353
6661,-3279,-3382
5676,-338,-5338
3898,4059,-7957
1456,5412,-6868
-4178,6055,-1877
-4677,6373,-1696
-6220,5556,664
-6818,4145,2673
-6121,1559,4562
-4859,-4384,9243
-2524,-4908,7432
-268,-5874,6142
3828,-6195,2367
5379,-5721,342
6402,-4805,-1597
6232,-2631,-3601
5209,519,-5728
3386,4409,-7795
866,5465,-6331
-3663,6051,-2388
-5020,6076,-1056
-6513,5341,1172
-6818,3597,3221
-5968,891,5077
-4347,-4063,8410
-2219,-5164,7383
70,-6245,6175
4339,-6620,2281
5556,-5964,408
6649,-4908,-1741
6798,-2895,-3903
5709,-37,-5672
3683,4294,-7977
1175,5568,-6743
-4162,6298,-2136
-4851,6513,-1662
-6455,5663,792
-6971,4120,2851
-6286,1526,4760
-5032,-4389,9421
-2710,-4921,7631
-404,-5898,6302
3654,-6377,2723
5486,-5931,445
6554,-5094,-1460
6443,-2862,-3581
5280,231,-5511
3572,4261,-7833
1117,5436,-6553
-3898,6034,-2136
-4789,6129,-1340
-6298,5337,961
-6653,3790,2863
-5894,1109,4785
-4384,-4017,8401
-2219,-4962,7181
726,-5968,5242
4248,-6270,2022
5585,-5676,91
6546,-4599,-1947
6282,-2260,-4022
5201,1555,-6756
3180,4636,-7816
631,5626,-6257
-3287,6364,-3077
-5185,6171,-986
-6546,5486,1060
-6831,3724,3107
-5935,915,5020
-4471,-4236,8707
-2277,-5102,7379
738,-6072,5334
4364,-6381,2017
5659,-5865,206
6777,-4826,-1951
6542,-2524,-4018
5498,944,-6442
3568,4599,-8167
1093,5634,-6727
-3774,6294,-2520
-4966,6402,-1436
-6397,5564,833
-6938,4046,2892
-6204,1373,4831
-4706,-4306,9012
-2516,-4958,7474
-243,-6067,6310
4059,-6476,2417
5572,-5948,376
6645,-4855,-1790
6760,-2883,-3877
5647,115,-5762
3823,4306,-8129
1390,5506,-6896
-4207,6195,-1988
-4772,6422,-1650
-6435,5729,706
-7004,4248,2756
-6274,1633,4641
-5061,-4285,9346
-2652,-4912,7564
-420,-5948,6368
3770,-6513,2743
5535,-6125,590
6674,-5115,-1559
6715,-3040,-3675
5803,-276,-5527
3852,4191,-8043
1513,5366,-6879
-4252,6150,-1898
-4710,6451,-1741
-6307,5676,631
-6880,4290,2590
-6166,1621,4545
-5016,-4244,9260
-2730,-4851,7581
-264,-5977,6241
3898,-6509,2611
5453,-5940,487
6637,-5082,-1555
6583,-2875,-3708
5577,-160,-5417
3700,4252,-7952
1348,5391,-6739
-4207,6088,-1881
-4739,6282,-1543
-6237,5597,640
-6802,4046,2756
-6006,1423,4583
-4636,-4314,8950
-2470,-4921,7391
-78,-5997,6075
4166,-6319,2153
5515,-5845,330
6513,-4752,-1761
6439,-2648,-3791
5362,528,-5890
3518,4409,-7927
1056,5494,-6550
-3993,6039,-2046
-4846,6129,-1283
-6286,5424,862
-6624,3712,2912
-5787,903,4884
-4277,-4195,8472
-2054,-5086,7140
1014,-5960,4946
4446,-6162,1716
5634,-5655,21
6591,-4417,-2174
6397,-2202,-4195
5284,2013,-7297
3192,4644,-7836
750,5610,-6360
-3324,6340,-3016
-5090,6220,-1130
-6571,5325,1246
-6847,3650,3197
-5948,800,5148
-4492,-4042,8534
-2173,-5218,7391
528,-6100,5572
4430,-6525,2095
5709,-5993,284
6752,-4950,-1802
6558,-2743,-3815
5527,119,-5646
3609,4384,-7993
1089,5498,-6587
-4232,6105,-1873
-4805,6187,-1382
-6348,5432,916
-6699,3716,2983
-5935,1023,4912
-4335,-3972,8307
-2198,-5011,7209
779,-5993,5214
4389,-6377,1988
5572,-5742,170
6554,-4673,-1881
6307,-2442,-3865
5304,676,-5980
3229,4450,-7679
771,5523,-6294
-3498,6212,-2714
-5090,5952,-862
-6422,5205,1217
-6579,3386,3193
-5692,503,5189
-4017,-4026,8043
-1922,-5333,7255
1831,-6088,4257
4455,-6509,2054
5721,-5832,111
6732,-4805,-1927
6534,-2557,-3977
5453,895,-6348
3539,4512,-8051
915,5593,-6508
-3720,6319,-2599
-5127,6340,-1213
-6542,5535,1007
-7029,3790,3239
-6220,1122,5098
-4673,-4162,8835
-2487,-5181,7668
-255,-6282,6537
4021,-6756,2735
5473,-6199,726
6583,-5193,-1390
6880,-3287,-3593
5721,-317,-5404
3955,4026,-7981
1538,5374,-6912
-4314,6121,-1807
-4756,6381,-1625
-6455,5663,792
-7029,4079,2950
-6340,1513,4827
-5094,-4380,9474
-2792,-5003,7795
-466,-6043,6509
3605,-6666,3061
5399,-6294,895
6666,-5457,-1209
6773,-3584,-3189
5915,-614,-5301
4079,4050,-8129
1749,5226,-6975
-4170,6080,-1910
-4677,6484,-1807
-6331,5655,676
-7066,4306,2760
-6488,1703,4785
-5251,-4166,9417
-3139,-4884,8023
-585,-6030,6615
3572,-6628,3056
5238,-6315,1077
6558,-5461,-1097
6789,-3625,-3164
5836,-635,-5201
4050,4158,-8208
1629,5399,-7028
-4009,6179,-2170
-4681,6591,-1910
-6323,5812,511
-7103,4446,2657
-6624,1975,4649
-5416,-3473,8889
-3308,-4917,8225
-816,-5931,6747
3543,-6480,2937
5016,-6385,1369
6348,-5486,-862
6661,-3803,-2858
5610,-589,-5021
4063,3993,-8056
1749,5160,-6909
-4120,5832,-1712
-4628,6129,-1501
-6274,5601,673
-6921,4186,2735
-6319,1617,4702
-5020,-4360,9380
-2858,-4871,7729
-499,-5869,6368
3518,-6480,2962
5156,-5956,800
6340,-5040,-1300
6517,-3254,-3263
5544,-247,-5297
3580,4034,-7614
1101,5242,-6343
-4001,6121,-2120
-4867,6278,-1411
-6422,5412,1010
-6963,3852,3111
-6216,1204,5012
-4908,-4244,9152
-3052,-5094,8146
-490,-6150,6640
3609,-6595,2986
5440,-6294,854
6620,-5436,-1184
6703,-3275,-3428
5634,-424,-5210
3947,4092,-8039
1678,5424,-7102
-4219,6129,-1910
-4694,6459,-1765
-6323,5775,548
-6996,4310,2686
-6525,1905,4620
-5168,-4104,9272
-3015,-4727,7742
-536,-5849,6385
3502,-6439,2937
5230,-6088,858
6356,-5102,-1254
6381,-3110,-3271
5585,-342,-5243
3498,4252,-7750
1369,5321,-6690
-4240,6105,-1865
-4966,6142,-1176
-6336,5519,817
-6752,3968,2784
-6010,1365,4645
-4446,-4038,8484
-2520,-4974,7494
301,-6001,5700
3976,-6373,2397
5407,-5927,520
6612,-4818,-1794
6480,-2602,-3878
5412,651,-6063
3514,4500,-8014
891,5593,-6484
-3757,6224,-2467
-5086,6278,-1192
-6402,5490,912
-7004,3828,3176
-6294,1386,4908
-4566,-4100,8666
-2454,-5201,7655
-198,-6245,6443
4232,-6814,2582
5506,-6146,640
6661,-5337,-1324
6864,-3481,-3383
5836,-466,-5370
3922,4145,-8067
1530,5432,-6962
-4257,6113,-1856
-4562,6414,-1852
-6336,5643,693
-6975,4013,2962
-6191,1390,4801
-4892,-4368,9260
-2586,-5016,7602
-416,-5964,6380
3588,-6488,2900
5498,-6125,627
6604,-5209,-1395
6798,-3349,-3449
5882,-577,-5305
4013,4137,-8150
1658,5329,-6987
-4310,6117,-1807
-4826,6447,-1621
-6336,5659,677
-6913,4298,2615
-6360,1691,4669
-4999,-4417,9416
-2928,-4954,7882
-280,-6154,6434
3943,-6682,2739
5506,-6319,813
6612,-5494,-1118
6831,-3646,-3185
5770,-412,-5358
4199,4059,-8258
1909,5209,-7118
-2829,6146,-3317
-4665,6278,-1613
-5952,5531,421
-6765,4116,2649
-6109,1394,4715
-4970,-4302,9272
-2776,-4966,7742
-309,-5997,6306
3745,-6509,2764
5420,-6026,606
6550,-5160,-1390
6616,-3316,-3300
5610,-408,-5202
3881,4059,-7940
1625,5238,-6863
-4071,5733,-1662
-4541,5894,-1353
-6051,5263,788
-6505,3770,2735
-5676,787,4889
-4096,-4050,8146
-2149,-5007,7156
1485,-6030,4545
4529,-6237,1708
5560,-5614,54
6550,-4409,-2141
6253,-2301,-3952
5160,1468,-6628
3064,4471,-7535
581,5523,-6104
-3349,6179,-2830
-5082,5812,-730
-6385,4937,1448
-6517,3147,3370
-5502,181,5321
-3865,-4153,8018
-1551,-5440,6991
3745,-6158,2413
4653,-6645,1992
6039,-6030,-9
6855,-4731,-2124
6352,-2244,-4108
5238,1262,-6500
3300,4574,-7874
783,5655,-6438
-3526,6303,-2777
-5172,6092,-920
-6616,5230,1386
-6884,3456,3428
-5931,577,5354
-4191,-4021,8212
-2074,-5337,7411
816,-6389,5573
4496,-6839,2343
5667,-6109,442
6546,-4900,-1646
6443,-2751,-3692
5490,-28,-5462
3419,4277,-7696
911,5407,-6318
-3671,6034,-2363
-4867,5634,-767
-6336,5069,1267
-6587,3213,3374
-5647,486,5161
-4050,-4067,8117
-1918,-5403,7321
2037,-6072,4035
4409,-6430,2021
5704,-5766,62
6661,-4677,-1984
6364,-2388,-3976
5209,1221,-6430
3382,4545,-7927
705,5692,-6397
-3498,6294,-2796
-5218,5997,-779
-6521,5152,1369
-6769,3337,3432
-5808,453,5355
-4021,-4083,8104
-1996,-5275,7271
1208,-6270,5062
4558,-6645,2087
5742,-5923,181
6777,-4780,-1997
6579,-2623,-3956
5535,585,-6120
3473,4488,-7961
965,5605,-6570
-3621,6290,-2669
-5090,6270,-1180
-6670,5515,1155
-7004,3774,3230
-6100,1010,5090
-4636,-4158,8794
-2392,-5131,7523
-148,-6286,6434
4158,-6604,2446
5552,-6224,672
6674,-5176,-1498
6756,-3069,-3687
5737,-185,-5552
3691,4285,-7976
1216,5535,-6751
-4149,6307,-2158
-5044,6525,-1481
-6571,5725,846
-7136,4050,3086
-6331,1480,4851
-5181,-4401,9582
-2965,-4933,7898
-433,-6084,6517
3679,-6633,2954
5350,-6224,874
6604,-5341,-1263
6769,-3312,-3457
5816,-424,-5392
3910,4149,-8059
1443,5453,-6896
-4261,6303,-2042
-4822,6538,-1716
-6397,5820,577
-7111,4347,2764
-6480,1782,4698
-5209,-4162,9371
-2998,-4999,7997
-528,-5985,6513
3531,-6509,2978
5251,-6125,874
6575,-5234,-1341
6661,-3324,-3337
5655,-305,-5350
3902,4145,-8047
1439,5515,-6954
-4219,6100,-1881
-4813,6381,-1568
-6459,5733,726
-7066,4306,2760
-6422,1617,4805
-5135,-4360,9495
-2800,-4908,7708
-453,-5898,6351
3617,-6402,2785
5259,-5935,676
6542,-5057,-1485
6604,-3143,-3461
5647,-148,-5499
3646,4158,-7804
1221,5325,-6546
-4211,6113,-1902
-4739,6208,-1469
-6340,5436,904
-6752,3865,2887
-5907,1093,4814
-4640,-4252,8892
-2235,-5069,7304
292,-5973,5681
4318,-6389,2071
5651,-5919,268
6674,-4826,-1848
6542,-2631,-3911
5473,449,-5922
3555,4533,-8088
1126,5643,-6769
-3856,6298,-2442
-5020,6463,-1443
-6591,5651,940
-7049,4079,2970
-6364,1394,4970
-4978,-4356,9334
-2697,-5036,7733
-309,-6274,6583
3844,-6864,3020
5511,-6344,833
6637,-5226,-1411
6760,-3176,-3584
5882,-321,-5561
4042,4170,-8212
1571,5395,-6966
-4149,6146,-1997
-4661,6389,-1728
-6303,5762,541
-6859,4203,2656
-6204,1633,4571
-4937,-4380,9317
-2664,-4921,7585
-210,-5927,6137
3807,-6323,2516
5440,-5841,401
6501,-4908,-1593
6356,-2767,-3589
5288,169,-5457
3568,4285,-7853
1043,5399,-6442
-3790,6067,-2277
-4945,5985,-1040
-6402,5271,1131
-6765,3592,3173
-5878,783,5095
-4207,-3980,8187
-2079,-5164,7243
746,-6125,5379
4537,-6534,1997
5713,-6010,297
6727,-4793,-1934
6678,-2743,-3935
5502,387,-5889
3601,4422,-8023
1089,5589,-6678
-3720,6257,-2537
-5053,6352,-1299
-6653,5564,1089
-7033,3894,3139
-6216,1134,5082
-4780,-4273,9053
-2598,-5185,7783
-350,-6410,6760
3782,-6802,3020
5515,-6319,804
6690,-5350,-1340
6756,-3279,-3477
5766,-363,-5403
3811,4096,-7907
1431,5354,-6785
-4372,6088,-1716
-4838,6377,-1539
-6406,5564,842
-6909,3972,2937
-6216,1365,4851
-4991,-4294,9285
-2706,-4970,7676
-284,-6063,6347
3803,-6529,2726
5428,-6154,726
6538,-5251,-1287
6666,-3159,-3507
5709,-305,-5404
3729,4137,-7866
1299,5412,-6711
-4211,6175,-1964
-4892,6369,-1477
-6410,5638,772
-6996,3988,3008
-6224,1291,4933
-4851,-4343,9194
-2557,-5053,7610
-268,-6121,6389
3885,-6571,2686
5453,-6179,726
6525,-5069,-1456
6583,-3085,-3498
5597,-140,-5457
3823,4170,-7993
1344,5428,-6772
-4265,5977,-1712
-4805,6051,-1246
-6443,5469,974
-6826,3790,3036
-6072,1060,5012
-4541,-4166,8707
-2376,-5036,7412
-156,-6080,6236
4104,-6418,2314
5387,-5890,503
6525,-4822,-1703
6554,-2854,-3700
5506,24,-5530
3366,4302,-7668
800,5370,-6170
-3601,6162,-2561
-5032,6001,-969
-6418,5131,1287
-6604,3390,3214
-5717,523,5194
-4125,-3914,8039
-1951,-5222,7173
1270,-6014,4744
4405,-6257,1852
5692,-5618,-74
6579,-4496,-2083
6195,-2206,-3989
5090,1518,-6608
3106,4578,-7684
511,5647,-6158
-3564,6183,-2619
-5247,5931,-684
-6562,4974,1588
-6727,3147,3580
-5733,255,5478
-4063,-4120,8183
-2145,-5552,7697
1002,-6546,5544
4549,-6736,2187
5667,-5997,330
6604,-4723,-1881
6414,-2602,-3812
5461,404,-5865
3349,4450,-7799
849,5618,-6467
-3518,6274,-2756
-5053,5960,-907
-6488,5321,1167
-6661,3345,3316
-5762,643,5119
-4195,-4059,8254
-2079,-5234,7313
1200,-6113,4913
4368,-6265,1897
5634,-5824,190
6653,-4665,-1988
6274,-2409,-3865
5201,1068,-6269
3201,4558,-7759
655,5655,-6310
-3411,6199,-2788
-5119,5824,-705
-6418,4962,1456
-6682,3151,3531
-5643,383,5260
-3811,-4079,7890
-1724,-5366,7090
2689,-6138,3449
4533,-6439,1906
5878,-5795,-83
6752,-4512,-2240
6509,-2277,-4232
5296,1777,-7073
3271,4686,-7957
726,5721,-6447
-3394,6406,-3012
-5317,6294,-977
-6715,5478,1237
-7086,3638,3448
-6129,862,5267
-4500,-4087,8587
-2466,-5263,7729
-218,-6381,6599
4026,-6756,2730
5572,-6142,570
6628,-5127,-1501
6682,-2965,-3717
5713,-115,-5598
3654,4290,-7944
1233,5539,-6772
-3869,6257,-2388
-4983,6402,-1419
-6517,5585,932
-6872,3964,2908
-6113,1200,4913
-4801,-4244,9045
-2569,-5016,7585
-148,-6092,6240
4079,-6496,2417
5498,-6018,520
6678,-5082,-1596
6666,-2904,-3762
5618,24,-5642
3757,4310,-8067
1200,5560,-6760
-3976,6340,-2364
-4970,6443,-1473
-6501,5766,735
-7107,4149,2958
-6319,1538,4781
-5036,-4422,9458
-2784,-5011,7795
-276,-6063,6339
3803,-6608,2805
5490,-6257,767
6633,-5197,-1436
6798,-3225,-3573
5713,-193,-5520
3960,4153,-8113
1489,5572,-7061
-4244,6237,-1993
-4731,6509,-1778
-6451,5820,631
-7107,4360,2747
-6488,1728,4760
-5238,-4178,9416
-2920,-4863,7783
-556,-5964,6520
3564,-6571,3007
5346,-6117,771
6620,-5271,-1349
6810,-3390,-3420
5820,-334,-5486
4079,4087,-8166
1584,5366,-6950
-4285,6055,-1770
-4624,6377,-1753
-6270,5614,656
-6831,4228,2603
-6187,1563,4624
-4921,-4356,9277
-2586,-4950,7536
-255,-5927,6182
3939,-6397,2458
5490,-5964,474
6628,-4954,-1674
6583,-2965,-3618
5610,-165,-5445
3638,4306,-7944
1175,5478,-6653
-4252,6010,-1758
-4863,6270,-1407
-6406,5440,966
-6855,3815,3040
-6030,1109,4921
-4512,-4244,8756
-2268,-5090,7358
660,-6166,5506
4442,-6608,2166
5709,-6129,420
6773,-4929,-1844
6661,-2780,-3881
5713,20,-5733
3724,4409,-8133
1282,5544,-6826
-4141,6389,-2248
-4912,6430,-1518
-6558,5795,763
-7024,4104,2920
-6270,1447,4823
-4941,-4430,9371
-2574,-5049,7623
-301,-6080,6381
3914,-6571,2657
5449,-6072,623
6595,-5127,-1468
6653,-3052,-3601
5585,-144,-5441
3865,4141,-8006
1229,5445,-6674
-4224,6076,-1852
-4846,6179,-1333
-6327,5370,957
-6802,3737,3065
-6043,1051,4992
-4384,-4191,8575
-2293,-5077,7370
94,-6076,5982
4178,-6439,2261
5523,-5820,297
6521,-4743,-1778
6472,-2569,-3903
5436,445,-5881
3514,4389,-7903
944,5506,-6450
-3617,6220,-2603
-5082,6129,-1047
-6534,5445,1089
-6872,3568,3304
-5931,858,5073
-4450,-3997,8447
-2120,-5152,7272
268,-6171,5903
4351,-6480,2129
5733,-6022,289
6699,-4879,-1820
6579,-2701,-3878
5577,358,-5935
3489,4516,-8005
965,5585,-6550
-3630,6344,-2714
-5143,6430,-1287
-6633,5544,1089
-6946,3922,3024
-6047,1101,4946
-4743,-4195,8938
-2549,-5065,7614
-185,-6117,6302
4075,-6459,2384
5564,-5931,367
6645,-5061,-1584
6562,-2739,-3823
5597,127,-5724
3568,4343,-7911
969,5667,-6636
-3840,6327,-2487
-5069,6331,-1262
-6534,5589,945
-7070,3935,3135
-6142,1208,4934
-4702,-4368,9070
-2413,-5098,7511
-86,-6047,6133
4116,-6439,2323
5572,-6030,458
6653,-4933,-1720
6653,-2838,-3815
5539,123,-5662
3729,4426,-8155
1179,5581,-6760
-3811,6278,-2467
-4958,6344,-1386
-6476,5618,858
-6979,4059,2920
-6146,1336,4810
-4789,-4285,9074
-2437,-4966,7403
-226,-5993,6219
4001,-6389,2388
5498,-5758,260
6616,-4727,-1889
6678,-2697,-3981
5416,528,-5944
3452,4479,-7931
911,5601,-6512
-3667,6290,-2623
-5007,6303,-1296
-6496,5469,1027
-6831,3770,3061
-5981,994,4987
-4574,-4166,8740
-2227,-5082,7309
449,-5902,5453
4306,-6307,2001
5634,-5775,141
6633,-4653,-1980
6298,-2322,-3976
5115,1410,-6525
3213,4492,-7705
622,5593,-6215
-3547,6109,-2562
-5156,5886,-730
-6364,5057,1307
-6608,3287,3321
-5601,416,5185
-3939,-3997,7936
-1670,-5209,6879
3394,-6018,2624
4587,-6336,1749
5940,-5663,-277
6703,-4364,-2339
6212,-1905,-4307
5185,3201,-8386
2833,4830,-7663
445,5799,-6244
-3539,6373,-2834
-5407,6063,-656
-6670,5259,1411
-6773,3337,3436
-5816,441,5375
-4178,-4120,8298
-2268,-5465,7733
1014,-6381,5367
4496,-6604,2108
5787,-6014,227
6835,-4987,-1848
6637,-2685,-3952
5560,462,-6022
3671,4376,-8047
1051,5593,-6644
-3819,6261,-2442
-4892,6096,-1204
-6311,5370,941
-6694,3621,3073
-5824,895,4929
-4195,-4042,8237
-2033,-5065,7098
961,-6051,5090
4434,-6290,1856
5684,-5638,-46
6608,-4417,-2191
6249,-2173,-4076
5040,2074,-7114
3077,4574,-7651
523,5655,-6178
-3419,6237,-2818
-5214,5894,-680
-6509,4995,1514
-6633,3163,3470
-5671,243,5428
-3951,-4096,8047
-1674,-5412,7086
3225,-6224,2999
4578,-6542,1964
6022,-5890,-132
6835,-4615,-2220
6521,-2293,-4228
5296,1546,-6842
3110,4727,-7837
606,5758,-6364
-3456,6455,-2999
-5346,6319,-973
-6719,5346,1373
-6954,3584,3370
-6006,734,5272
-4582,-3927,8509
-2458,-5403,7861
317,-6352,6035
4310,-6690,2380
5597,-6105,508
6699,-5139,-1560
6616,-2850,-3766
5680,-37,-5643
3642,4294,-7936
1068,5552,-6620
-3836,6331,-2495
-5044,6348,-1304
-6587,5511,1076
-7095,3947,3148
-6204,1084,5120
-4772,-4360,9132
-2466,-5222,7688
-115,-6274,6389
4120,-6711,2591
5564,-6253,689
6703,-5255,-1448
6732,-3147,-3585
5758,-239,-5519
4009,4178,-8187
1423,5593,-7016
-4219,6241,-2022
-4863,6447,-1584
-6633,5758,875
-7173,4191,2982
-6558,1513,5045
-5164,-4459,9623
-2928,-4974,7902
-482,-6154,6636
3592,-6785,3193
5325,-6278,953
6600,-5350,-1250
6851,-3568,-3283
5898,-490,-5408
3844,4075,-7919
1522,5247,-6769
-4153,6183,-2030
-4818,6484,-1666
-6414,5626,788
-7057,4207,2850
-6451,1567,4884
-5172,-4463,9635
-2846,-4991,7837
-412,-5964,6376
3642,-6600,2958
5424,-6261,837
6628,-5346,-1282
6657,-3275,-3382
5490,-309,-5181
3795,4046,-7841
1361,5354,-6715
-4310,6059,-1749
-4822,6224,-1402
-6443,5449,994
-6826,3881,2945
-6096,1200,4896
-4648,-4314,8962
-2359,-4983,7342
111,-5985,5874
4137,-6463,2326
5519,-5886,367
6558,-4834,-1724
6451,-2611,-3840
5490,342,-5832
3465,4430,-7895
853,5704,-6557
-3485,6422,-2937
-5197,6373,-1176
-6661,5585,1076
-7024,3720,3304
-6154,1031,5123
-4917,-4248,9165
-2854,-5288,8142
-276,-6245,6521
3770,-6546,2776
5416,-6109,693
6604,-5214,-1390
6554,-3027,-3527
5535,-123,-5412
3815,4248,-8063
1237,5568,-6805
-4087,6216,-2129
-4966,6261,-1295
-6414,5523,891
-6987,3922,3065
-6162,1138,5024
-4603,-4248,8851
-2512,-4991,7503
-198,-6006,6204
4021,-6377,2356
5432,-5845,413
6525,-4826,-1699
6468,-2747,-3721
5399,276,-5675
3316,4343,-7659
808,5440,-6248
-3407,6105,-2698
-5016,5956,-940
-6447,5205,1242
-6732,3419,3313
-5742,548,5194
-4207,-3931,8138
-2008,-5222,7230
1221,-6129,4908
4500,-6389,1889
5770,-5803,33
6752,-4690,-2062
6525,-2355,-4170
5403,1122,-6525
3225,4653,-7878
734,5663,-6397
-3551,6360,-2809
-5238,6311,-1073
-6666,5383,1283
-6826,3572,3254
-5902,655,5247
-4372,-3997,8369
-2297,-5271,7568
754,-6327,5573
4479,-6600,2121
5676,-6006,330
6789,-4937,-1852
6633,-2640,-3993
5523,309,-5832
3592,4380,-7972
1043,5647,-6690
-3803,6385,-2582
-4991,6286,-1295
-6509,5548,961
-6954,3873,3081
-6067,1080,4987
-4521,-4203,8724
-2297,-5201,7498
594,-6199,5605
4417,-6509,2092
5659,-6034,375
6748,-4917,-1831
6666,-2800,-3866
5614,317,-5931
3749,4389,-8138
1204,5556,-6760
-3980,6195,-2215
-4925,6360,-1435
-6517,5688,829
-7004,3927,3077
-6171,1155,5016
-4669,-4339,9008
-2429,-5077,7506
-66,-6204,6270
4240,-6571,2331
5531,-5882,351
6715,-4884,-1831
6682,-2817,-3865
5605,37,-5642
3712,4290,-8002
1130,5449,-6579
-4145,6125,-1980
-4896,6241,-1345
-6344,5403,941
-6674,3650,3024
-5828,915,4913
-4417,-4013,8430
-2211,-5131,7342
965,-5997,5032
4496,-6406,1910
5663,-5725,62
6670,-4677,-1993
6356,-2421,-3935
5329,820,-6149
3291,4450,-7741
775,5572,-6347
-3547,6158,-2611
-4999,5919,-920
-6364,5073,1291
-6579,3312,3267
-5655,334,5321
-3955,-4042,7997
-1740,-5280,7020
3349,-6212,2863
4595,-6546,1951
5882,-5849,-33
6678,-4607,-2071
6298,-2211,-4087
5247,1233,-6480
3118,4500,-7618
717,5626,-6343
-3469,6146,-2677
-5065,5655,-590
-6402,4838,1564
-6373,2891,3482
-5506,82,5424
-3828,-4277,8105
-1633,-5564,7197
3757,-6261,2504
4541,-6501,1960
5993,-5799,-194
6843,-4706,-2137
6315,-2128,-4187
5222,2161,-7383
3118,4694,-7812
627,5820,-6447
-3493,6455,-2962
-5292,6026,-734
-6637,5230,1407
-6868,3419,3449
-5828,490,5338
-4059,-4096,8155
-1881,-5267,7148
1410,-6183,4773
4450,-6352,1902
5709,-5816,107
6715,-4570,-2145
6397,-2409,-3988
5139,1555,-6694
3085,4636,-7721
556,5754,-6310
-3514,6274,-2760
-5296,6018,-722
-6571,5143,1428
-6711,3205,3506
-5671,437,5234
-4116,-4001,8117
-1872,-5181,7053
1625,-5944,4319
4500,-6154,1654
5803,-5630,-173
6612,-4409,-2203
6171,-1926,-4245
4846,3675,-8521
2574,4818,-7392
70,5849,-5919
-4063,6484,-2421
-5498,6129,-631
-6707,5152,1555
-6719,3188,3531
-5651,284,5367
-4244,-3881,8125
-2062,-5288,7350
1307,-6150,4843
4516,-6278,1762
5857,-5688,-169
6901,-4541,-2360
6348,-1951,-4397
5176,3498,-8674
3044,4809,-7853
532,5952,-6484
-3535,6587,-3052
-5337,6377,-1040
-6678,5548,1130
-6991,3848,3143
-6076,1014,5062
-4595,-4248,8843
-2322,-5152,7474
429,-6121,5692
4376,-6406,2030
5762,-5878,116
6831,-4686,-2145
6567,-2380,-4187
5440,1410,-6850
3514,4677,-8191
985,5746,-6731
-3597,6377,-2780
-5016,6393,-1377
-6447,5605,842
-6942,4050,2892
-6154,1324,4830
-4776,-4302,9078
-2433,-5098,7531
-86,-6125,6211
4211,-6389,2178
5704,-5878,174
6756,-4789,-1967
6694,-2640,-4054
5535,519,-6054
3609,4475,-8084
1163,5527,-6690
-4079,6212,-2133
-4813,6344,-1531
-6414,5614,800
-6818,4079,2739
-6072,1262,4810
-4863,-4318,9181
-2277,-5082,7359
478,-6121,5643
4438,-6509,2071
5845,-5968,123
6892,-4950,-1942
6719,-2644,-4075
5610,346,-5956
3663,4492,-8155
1427,5560,-6987
-4347,6162,-1815
-4793,6435,-1642
-6422,5684,738
-6826,4162,2664
-6142,1402,4740
-4648,-4389,9037
-2367,-4945,7312
342,-6088,5746
4277,-6468,2191
5597,-5865,268
6653,-4719,-1934
6476,-2590,-3886
5453,503,-5956
3514,4401,-7915
961,5502,-6463
-4178,6043,-1865
-4793,6059,-1266
-6303,5288,1015
-6430,3427,3003
-5605,622,4983
-4063,-3939,8002
-1885,-5230,7115
2994,-6006,3012
4463,-6336,1873
5857,-5721,-136
6748,-4434,-2314
6385,-2190,-4195
5197,2409,-7606
3279,4702,-7981
688,5717,-6405
-3485,6459,-2974
-5209,6187,-978
-6595,5337,1258
-6954,3506,3448
-5960,684,5276
-4244,-3976,8220
-2190,-5379,7569
561,-6414,5853
4529,-6843,2314
5737,-6166,429
6694,-5003,-1691
6694,-2821,-3873
5622,103,-5725
3729,4269,-7998
1064,5498,-6562
-4182,6142,-1960
-4855,6006,-1151
-6447,5292,1155
-6699,3489,3210
-5758,796,4962
-4290,-3976,8266
-2062,-5181,7243
862,-5935,5073
4376,-6216,1840
5638,-5713,75
6641,-4562,-2079
6274,-2310,-3964
5057,1468,-6525
3056,4558,-7614
478,5647,-6125
-3559,6220,-2661
-5275,5935,-660
-6525,5131,1394
-6637,3196,3441
-5548,334,5214
-3988,-4042,8030
-1802,-5292,7094
3073,-6096,3023
4496,-6381,1885
5874,-5700,-174
6765,-4549,-2216
6294,-1988,-4306
5181,3147,-8328
2887,4793,-7680
379,5886,-6265
-3663,6517,-2854
-5478,6274,-796
-6732,5329,1403
-6938,3543,3395
-6043,655,5388
-4430,-3964,8394
-2198,-5226,7424
734,-6088,5354
4339,-6410,2071
5704,-5812,108
6686,-4686,-2000
6369,-2277,-4092
5296,1914,-7210
3172,4768,-7940
693,5750,-6443
-3399,6443,-3044
-5209,6237,-1028
-6575,5465,1110
-6839,3588,3251
-5964,792,5172
-4314,-3984,8298
-2149,-5044,7193
701,-6113,5412
4430,-6261,1831
5733,-5729,-4
6723,-4521,-2202
6505,-2235,-4270
5366,2380,-7746
3184,4653,-7837
614,5762,-6376
-3374,6476,-3102
-5234,6336,-1102
-6612,5473,1139
-6934,3687,3247
-5993,878,5115
-4521,-4009,8530
-2223,-5172,7395
466,-6010,5544
4455,-6373,1918
5791,-5799,8
6756,-4747,-2009
6476,-2355,-4121
5313,1192,-6505
3361,4611,-7972
787,5717,-6504
-3489,6323,-2834
-5168,6195,-1027
-6463,5391,1072
-6818,3700,3118
-5960,853,5107
-4298,-3960,8258
-2169,-5016,7185
895,-5973,5078
4471,-6290,1819
5812,-5704,-108
6529,-4389,-2140
6055,-1926,-4129
5036,3048,-8084
2780,4698,-7478
404,5742,-6146
-3489,6187,-2698
-5164,5869,-705
-6418,5007,1411
-6327,3003,3324
-5473,226,5247
-3691,-4096,7787
-1431,-5234,6665
4232,-5878,1646
4587,-6138,1551
5993,-5453,-540
6633,-4050,-2583
5964,-1386,-4578
4657,4438,-9095
2442,4921,-7363
57,5911,-5968
-4017,6373,-2356
-5436,5874,-438
-6628,4954,1674
-6633,2916,3717
-5622,70,5552
-3770,-4281,8051
-1534,-5395,6929
3844,-6100,2256
4739,-6468,1729
6187,-5721,-466
6950,-4273,-2677
6439,-1810,-4629
5185,3762,-8947
2953,4867,-7820
499,5894,-6393
-3432,6410,-2978
-5275,6175,-900
-6616,5275,1341
-6756,3473,3283
-5803,577,5226
-4248,-3889,8137
-1959,-5139,7098
1678,-5952,4274
4554,-6166,1612
5923,-5647,-276
6637,-4277,-2360
6179,-1876,-4303
4859,3386,-8245
2743,4706,-7449
169,5696,-5865
-3770,6241,-2471
-5313,5874,-561
-6435,4921,1514
-6459,2970,3489
-5494,74,5420
-3778,-4158,7936
-1460,-5300,6760
4331,-5964,1633
4611,-6261,1650
6166,-5589,-577
6777,-4149,-2628
6092,-1518,-4574
4764,4294,-9058
2557,4892,-7449
111,5915,-6026
-3960,6406,-2446
-5445,5985,-540
-6608,5040,1568
-6715,3118,3597
-5680,193,5487
-3918,-4252,8170
-1670,-5453,7123
3704,-6166,2462
4636,-6463,1827
6096,-5791,-305
6839,-4467,-2372
6435,-2091,-4344
5242,3118,-8360
3172,4710,-7882
643,5865,-6508
-3382,6393,-3011
-5259,6212,-953
-6686,5420,1266
-6839,3559,3280
-5956,684,5272
-4232,-4034,8266
-2029,-5284,7313
1328,-6224,4896
4541,-6439,1898
5770,-5824,54
6839,-4632,-2207
6633,-2483,-4150
5465,1142,-6607
3518,4566,-8084
816,5704,-6520
-3498,6410,-2912
-5102,6385,-1283
-6595,5548,1047
-6975,3774,3201
-6092,973,5119
-4603,-4046,8649
-2239,-5234,7473
734,-6100,5366
4463,-6538,2075
5754,-5981,227
6798,-4912,-1886
6645,-2677,-3968
5622,342,-5964
3663,4426,-8089
1109,5651,-6760
-4034,6270,-2236
-4991,6377,-1386
-6534,5523,1011
-6905,3947,2958
-6076,1109,4967
-4624,-4261,8885
-2326,-5094,7420
474,-6096,5622
4360,-6480,2120
5622,-5911,289
6649,-4789,-1860
6513,-2586,-3927
5535,301,-5836
3411,4512,-7923
701,5770,-6471
-3419,6340,-2921
-5193,6113,-920
-6463,5494,969
-6628,3345,3283
-5750,548,5202
-4380,-4046,8426
-2116,-5131,7247
2112,-5997,3885
4446,-6158,1712
5845,-5572,-273
6595,-4562,-2033
6092,-1942,-4150
5135,2301,-7436
3019,4636,-7655
433,5684,-6117
-3778,6331,-2553
-5383,5841,-458
-6513,5065,1448
-6637,2974,3663
-5539,16,5523
-3708,-4356,8064
-1509,-5391,6900
4021,-6129,2108
4686,-6484,1798
5981,-5841,-140
6913,-4376,-2537
6529,-2244,-4285
5370,2145,-7515
3295,4686,-7981
453,5973,-6426
-3415,6443,-3028
-5449,6228,-779
-6756,5457,1299
-6971,3518,3453
-6166,874,5292
-4298,-3968,8266
-2235,-5168,7403
1113,-6146,5033
4314,-6443,2129
5944,-5832,-112
6798,-4698,-2100
6455,-2289,-4166
5482,610,-6092
3295,4537,-7832
499,5783,-6282
-3366,6331,-2965
-5053,6224,-1171
-6488,5230,1258
-6612,3423,3189
-5671,688,4983
-4186,-3927,8113
-2004,-5040,7044
1612,-5911,4299
4455,-6117,1662
5940,-5515,-425
6579,-4063,-2516
6051,-1740,-4311
4838,4054,-8892
2541,4884,-7425
90,5845,-5935
-3906,6402,-2496
-5445,5869,-424
-6529,4813,1716
-6595,3139,3456
-5663,321,5342
-3898,-4083,7981
-1406,-5341,6747
3642,-6030,2388
4772,-6307,1535
6311,-5548,-763
6826,-4261,-2565
6331,-1777,-4554
5090,4236,-9326
2825,5040,-7865
561,6080,-6641
-3691,6567,-2876
-5280,6377,-1097
-6624,5519,1105
-6831,3399,3432
-5919,779,5140
-4112,-3993,8105
-1794,-5255,7049
2602,-6034,3432
4611,-6294,1683
5779,-5783,4
6876,-4318,-2558
6410,-2029,-4381
5156,3254,-8410
2965,4698,-7663
441,5779,-6220
-3473,6496,-3023
-5168,6076,-908
-6484,5242,1242
-6699,3390,3309
-5655,317,5338
-4116,-3980,8096
-1575,-5271,6846
3473,-5981,2508
4702,-6344,1642
6142,-5692,-450
6839,-4323,-2516
6253,-1761,-4492
5090,3700,-8790
2895,4826,-7721
408,5865,-6273
-3576,6406,-2830
-5337,6105,-768
-6624,5156,1468
-6789,3312,3477
-5713,338,5375
-4026,-3984,8010
-1707,-5358,7065
3613,-6125,2512
4653,-6455,1802
6076,-5779,-297
6884,-4459,-2425
6323,-1996,-4327
5098,3118,-8216
2883,4879,-7762
235,5935,-6170
-3543,6468,-2925
-5275,6043,-768
-6529,5209,1320
-6538,3184,3354
-5601,251,5350
-3856,-4034,7890
-1468,-5354,6822
4174,-5931,1757
4525,-6162,1637
5960,-5548,-412
6670,-4133,-2537
5960,-1505,-4455
4838,4277,-9115
2524,4822,-7346
94,5783,-5877
-3894,6265,-2371
-5354,5614,-260
-6468,4735,1733
-6435,2590,3845
-5308,-565,5873
-3514,-4360,7874
-1072,-5395,6467
4005,-5997,1992
4818,-6113,1295
6237,-5308,-929
6765,-3766,-2999
5919,-1142,-4777
4459,4083,-8542
2272,5032,-7304
-680,6039,-5359
-4343,6463,-2120
-5709,5948,-239
-6818,4925,1893
-6760,2858,3902
-5709,-20,5729
-3993,-4281,8274
-1567,-5597,7164
3770,-6224,2454
4702,-6364,1662
6067,-5758,-309
6831,-4368,-2463
6249,-1885,-4364
4917,3828,-8745
2623,4846,-7469
152,5841,-5993
-3865,6381,-2516
-5428,5931,-503
-6558,4941,1617
-6496,2924,3572
-5457,78,5379
-3720,-4211,7931
-1423,-5222,6645
4323,-5981,1658
4686,-6092,1406
6034,-5473,-561
6608,-3964,-2644
5787,-1258,-4529
4463,4364,-8827
2173,4983,-7156
-899,5919,-5020
-4318,6319,-2001
-5614,5696,-82
-6554,4653,1901
-6472,2442,4030
-5379,-915,6294
-3518,-4521,8039
-969,-5593,6562
3898,-6208,2310
4871,-6257,1386
6385,-5515,-870
6802,-4005,-2797
6051,-1229,-4822
4739,4203,-8942
2516,5102,-7618
-70,6154,-6084
-4145,6529,-2384
-5626,6150,-524
-6798,5193,1605
-6839,3110,3729
-5787,198,5589
-3918,-4252,8170
-1724,-5317,7041
3456,-6146,2690
4690,-6331,1641
6105,-5717,-388
6843,-4290,-2553
6265,-1769,-4496
5164,4026,-9190
2701,4785,-7486
231,5948,-6179
-3762,6517,-2755
-5350,6063,-713
-6674,5152,1522
-6756,3192,3564
-5758,334,5424
-4059,-3993,8052
-1625,-5358,6983
3349,-6047,2698
4731,-6385,1654
6063,-5750,-313
6876,-4339,-2537
6311,-1856,-4455
5040,3741,-8781
2875,4912,-7787
354,5948,-6302
-3716,6488,-2772
-5391,6142,-751
-6674,5292,1382
-6876,3427,3449
-5907,495,5412
-4116,-4030,8146
-1872,-5230,7102
2644,-6253,3609
4611,-6571,1960
6059,-5824,-235
6859,-4582,-2277
6476,-2103,-4373
5238,2586,-7824
2998,4842,-7840
544,5935,-6479
-3510,6525,-3015
-5296,6274,-978
-6670,5436,1234
-6793,3498,3295
-5865,676,5189
-4191,-3968,8159
-1996,-5222,7218
1790,-6026,4236
4516,-6286,1770
5907,-5713,-194
6744,-4587,-2157
6237,-2008,-4229
5040,3291,-8331
2862,4813,-7675
288,5816,-6104
-3679,6385,-2706
-5296,5977,-681
-6538,5061,1477
-6661,3168,3493
-5601,226,5375
-3832,-4071,7903
-1654,-5234,6888
3650,-5940,2290
4620,-6278,1658
6072,-5527,-545
6798,-4108,-2690
6129,-1579,-4550
4929,4294,-9223
2574,4888,-7462
103,5915,-6018
-4021,6393,-2372
-5498,5968,-470
-6657,5077,1580
-6690,3015,3675
-5663,132,5531
-3980,-4137,8117
-1617,-5412,7029
3712,-6105,2393
4743,-6406,1663
6191,-5762,-429
7000,-4368,-2632
6418,-1914,-4504
5214,3848,-9062
3011,4859,-7870
391,5845,-6236
-3650,6468,-2818
-5304,6286,-982
-6649,5449,1200
-6760,3555,3205
-5808,585,5223
-4252,-3889,8141
-1827,-5230,7057
2809,-6076,3267
4620,-6364,1744
5981,-5725,-256
6785,-4413,-2372
6237,-1881,-4356
5032,3795,-8827
2710,4776,-7486
330,5853,-6183
-3634,6402,-2768
-5288,5935,-647
-6468,5057,1411
-6558,3118,3440
-5548,193,5355
-3918,-4087,8005
-1452,-5362,6814
4335,-5927,1592
4562,-6237,1675
6125,-5568,-557
6694,-4174,-2520
6006,-1485,-4521
4859,4413,-9272
2594,4842,-7436
132,5940,-6072
-3931,6249,-2318
-5416,5973,-557
-6628,4995,1633
-6633,2949,3684
-5564,-24,5588
-3753,-4323,8076
-1406,-5412,6818
4384,-6154,1770
4719,-6323,1604
6183,-5589,-594
6921,-4153,-2768
6389,-1769,-4620
5003,4141,-9144
2796,4822,-7618
387,5907,-6294
-3559,6492,-2933
-5350,6084,-734
-6661,5110,1551
-6719,3180,3539
-5692,243,5449
-3993,-4083,8076
-1658,-5412,7070
3683,-6096,2413
4686,-6381,1695
6092,-5762,-330
6835,-4364,-2471
6323,-1881,-4442
5082,3411,-8493
2970,4768,-7738
507,5857,-6364
-3630,6418,-2788
-5354,6072,-718
-6653,5115,1538
-6839,3423,3416
-5820,383,5437
-4030,-4054,8084
-1831,-5341,7172
3205,-6220,3015
4591,-6558,1967
5956,-5882,-74
6835,-4591,-2244
6418,-2165,-4253
5251,1864,-7115
3126,4698,-7824
581,5853,-6434
-3452,6496,-3044
-5329,6109,-780
-6562,5350,1212
-6711,3341,3370
-5721,400,5321
-4071,-4042,8113
-1848,-5275,7123
2503,-6105,3602
4582,-6323,1741
5898,-5754,-144
6744,-4504,-2240
6265,-2054,-4211
5201,2932,-8133
2986,4735,-7721
474,5845,-6319
-3432,6352,-2920
-5263,5964,-701
-6484,5135,1349
-6624,3102,3522
-5618,268,5350
-3856,-3984,7840
-1584,-5197,6781
3506,-5919,2413
4529,-6142,1613
5907,-5519,-388
6633,-4083,-2550
5935,-1584,-4351
4632,4335,-8967
2404,4785,-7189
-272,5803,-5531
-4112,6183,-2071
-5506,5655,-149
-6538,4727,1811
-6451,2578,3873
-5358,-573,5931
-3696,-4306,8002
-1233,-5478,6711
4397,-6006,1609
4731,-6133,1402
6220,-5473,-747
6748,-3922,-2826
6059,-1348,-4711
4603,4413,-9016
2239,5061,-7300
-482,6047,-5565
-4405,6546,-2141
-5688,6162,-474
-6925,5172,1753
-6810,3139,3671
-5692,185,5507
-4211,-4092,8303
-1918,-5432,7350
2388,-6220,3832
4607,-6348,1741
6051,-5696,-355
6777,-4438,-2339
6216,-1864,-4352
4904,3700,-8604
2685,4813,-7498
173,5898,-6071
-3753,6356,-2603
-5251,5849,-598
-6397,4875,1522
-6476,2998,3478
-5490,198,5292
-3733,-4054,7787
-1258,-5292,6550
4327,-5812,1485
4632,-5989,1357
6109,-5267,-842
6492,-3667,-2825
5696,-1023,-4673
4339,4182,-8521
2128,5040,-7168
-721,5898,-5177
-4240,6315,-2075
-5556,5812,-256
-6628,4818,1810
-6505,2586,3919
-5461,-602,6063
-3588,-4401,7989
-1192,-5486,6678
4405,-6216,1811
4884,-6228,1344
6290,-5515,-775
6917,-3894,-3023
6286,-1394,-4892
4884,4364,-9248
2590,4978,-7568
198,6055,-6253
-3894,6661,-2767
-5473,6187,-714
-6711,5181,1530
-6810,3234,3576
-5717,292,5425
-4125,-4017,8142
-1674,-5379,7053
3452,-6158,2706
4727,-6426,1699
6204,-5783,-421
6946,-4389,-2557
6369,-1942,-4427
5168,3415,-8583
3011,4776,-7787
490,5960,-6450
-3526,6422,-2896
-5362,6171,-809
-6616,5300,1316
-6868,3539,3329
-5857,486,5371
-4174,-3968,8142
-1852,-5284,7136
3085,-6154,3069
4644,-6608,1964
6001,-5865,-136
6872,-4562,-2310
6472,-2050,-4422
5300,2413,-7713
3192,4768,-7960
585,5894,-6479
-3473,6501,-3028
-5209,6298,-1089
-6740,5539,1201
-6818,3605,3213
-5956,783,5173
-4331,-4063,8394
-2013,-5284,7297
1192,-6142,4950
4545,-6414,1869
5869,-5878,9
6859,-4710,-2149
6505,-2417,-4088
5374,1505,-6879
3419,4677,-8096
738,5816,-6554
-3320,6430,-3110
-5185,6245,-1060
-6525,5403,1122
-6781,3667,3114
-5857,668,5189
-4149,-4017,8166
-2116,-5119,7235
1014,-6063,5049
4545,-6245,1700
5816,-5614,-202
6715,-4405,-2310
6270,-2008,-4262
4999,3205,-8204
2920,4599,-7519
387,5754,-6141
-3531,6257,-2726
-5222,5803,-581
-6484,4941,1543
-6501,3048,3453
-5473,165,5308
-3799,-4166,7965
-1513,-5403,6916
4306,-6014,1708
4760,-6319,1559
6261,-5638,-623
6855,-4096,-2759
6336,-1654,-4682
5044,4170,-9214
2784,4929,-7713
152,5964,-6116
-3869,6620,-2751
-5519,6340,-821
-6748,5412,1336
-6880,3535,3345
-5828,445,5383
-4277,-3984,8261
-2091,-5321,7412
1856,-6237,4381
4615,-6480,1865
5985,-5820,-165
6917,-4636,-2281
6472,-2206,-4266
5304,1934,-7238
3064,4731,-7795
606,5758,-6364
-3316,6414,-3098
-5131,6088,-957
-6402,5214,1188
-6604,3452,3152
-5696,486,5210
-3931,-4059,7990
-1650,-5218,6868
3415,-5919,2504
4529,-6241,1712
5964,-5502,-462
6567,-4186,-2381
5952,-1608,-4344
4859,4203,-9062
2545,4813,-7358
165,5779,-5944
-3906,6249,-2343
-5420,5841,-421
-6575,4884,1691
-6554,2850,3704
-5469,-74,5543
-3729,-4302,8031
-1365,-5362,6727
4426,-6084,1658
4690,-6265,1575
6162,-5564,-598
6826,-4087,-2739
6216,-1563,-4653
4875,4339,-9214
2495,4991,-7486
103,5993,-6096
-4108,6567,-2459
-5511,6092,-581
-6765,5044,1721
-6802,3122,3680
-5742,193,5549
-4063,-4133,8196
-1662,-5432,7094
3630,-6228,2598
4789,-6558,1769
6265,-5927,-338
7181,-4533,-2648
6736,-2025,-4711
5506,3110,-8616
3951,4966,-8917
1258,6348,-7606
-4273,6756,-2483
-5156,6983,-1827
-6855,6146,709
-7453,4578,2875
-7016,2004,5012
-5544,-4120,9664
-3374,-5082,8456
-606,-6369,6975
3650,-7090,3440
5614,-6913,1299
7074,-5989,-1085
7515,-4149,-3366
6682,-1134,-5548
5193,4479,-9672
2524,5494,-8018
-28,6715,-6687
-4397,7214,-2817
-5964,6727,-763
-7342,5680,1662
-7420,3465,3955
-6340,371,5969
-4438,-4327,8765
-1926,-5857,7783
3333,-6678,3345
4904,-7049,2145
6550,-6282,-268
7437,-4974,-2463
6880,-2178,-4702
5746,2813,-8559
3436,5044,-8480
672,6303,-6975
-3625,7033,-3408
-5502,6620,-1118
-7012,5676,1336
-7305,3683,3622
-6307,569,5738
-4496,-4054,8550
-2079,-5601,7680
1551,-6554,5003
4830,-6901,2071
6340,-6290,-50
7330,-4842,-2488
6954,-2363,-4591
5622,2025,-7647
3506,5003,-8509
668,6204,-6872
-3473,6917,-3444
-5597,6620,-1023
-7099,5791,1308
-7330,3799,3531
-6377,796,5581
-4694,-4153,8847
-2128,-5490,7618
1043,-6447,5404
4760,-6752,1992
6331,-6096,-235
7132,-4723,-2409
6694,-2041,-4653
5263,3522,-8785
2904,5110,-8014
173,6270,-6443
-4009,7008,-2999
-5828,6649,-821
-7132,5577,1555
-7247,3609,3638
-6171,462,5709
-4455,-4186,8641
-2083,-5655,7738
2730,-6595,3865
4879,-6934,2055
6509,-6331,-178
7429,-4826,-2603
6942,-2153,-4789
5618,3036,-8654
3407,5131,-8538
606,6253,-6859
-3502,6967,-3465
-5581,6785,-1204
-7020,5845,1175
-7396,3988,3408
-6422,878,5544
-4587,-4310,8897
-2215,-5527,7742
1538,-6558,5020
4809,-6835,2026
6303,-6208,-95
7239,-4855,-2384
6785,-2285,-4500
5544,3081,-8625
3328,4958,-8286
598,6138,-6736
-3510,6793,-3283
-5486,6554,-1068
-6876,5593,1283
-7074,3444,3630
-6109,429,5680
-4174,-4269,8443
-1588,-5651,7239
4092,-6501,2409
4958,-6694,1736
6529,-5894,-635
7326,-4459,-2867
6814,-1843,-4971
5407,4277,-9684
3031,5049,-8080
354,6241,-6595
-3799,6954,-3155
-5709,6661,-952
-7152,5589,1563
-7297,3452,3845
-6274,358,5916
-4525,-4240,8765
-1897,-5795,7692
3077,-6707,3630
4871,-7198,2327
6472,-6492,20
7445,-5115,-2330
7119,-2557,-4562
5849,1225,-7074
3762,4933,-8695
928,6191,-7119
-4026,6872,-2846
-5527,6888,-1361
-7148,5956,1192
-7515,4075,3440
-6686,1130,5556
-4917,-4285,9202
-2442,-5523,7965
503,-6678,6175
4653,-7119,2466
6117,-6496,379
7313,-5358,-1955
7214,-2908,-4306
6113,210,-6323
3910,4756,-8666
1208,6154,-7362
-4112,6868,-2756
-5275,6996,-1721
-7066,6204,862
-7478,4376,3102
-6711,1505,5206
-5255,-4500,9755
-2772,-5370,8142
-140,-6517,6657
4380,-7000,2620
5964,-6546,582
7222,-5420,-1802
7198,-3118,-4080
6109,57,-6166
4079,4632,-8711
1303,5997,-7300
-4261,6789,-2528
-5247,6934,-1687
-6938,6113,825
-7598,4413,3185
-6855,1534,5321
-5296,-4529,9825
-2846,-5399,8245
-259,-6538,6797
4211,-7111,2900
5997,-6538,541
7185,-5494,-1691
7383,-3407,-3976
6249,-160,-6089
4356,4364,-8720
1559,5940,-7499
-4389,6711,-2322
-4958,7020,-2062
-6876,6195,681
-7515,4620,2895
-6719,1645,5074
-5337,-4463,9800
-2656,-5193,7849
-272,-6426,6698
4112,-6864,2752
5940,-6373,433
7024,-5106,-1918
7062,-2899,-4163
5886,259,-6145
3696,4669,-8365
985,5845,-6830
-3799,6653,-2854
-5428,6682,-1254
-6921,5779,1142
-7239,3848,3391
-6257,870,5387
-4690,-4087,8777
-2248,-5544,7792
1390,-6579,5189
4826,-6979,2153
6245,-6294,49
7346,-5090,-2256
7123,-2536,-4587
5874,1542,-7416
3745,4966,-8711
928,6183,-7111
-3658,7165,-3507
-5449,7198,-1749
-7136,6228,908
-7730,4525,3205
-6864,1571,5293
-5358,-4615,9973
-2796,-5395,8191
-235,-6529,6764
4232,-7066,2834
5997,-6517,520
7099,-5296,-1803
7119,-2998,-4121
5985,317,-6302
3993,4578,-8571
1200,6010,-7210
-3984,6641,-2657
-5172,6769,-1597
-6925,6051,874
-7297,4207,3090
-6435,1188,5247
-4912,-4368,9280
-2330,-5436,7766
466,-6443,5977
4611,-6839,2228
6067,-6105,38
7165,-4851,-2314
6934,-2462,-4472
5659,1513,-7172
3399,4896,-8295
660,6063,-6723
-3419,6876,-3457
-5634,6769,-1135
-6979,5758,1221
-7313,3782,3531
-6257,738,5519
-4653,-4153,8806
-2083,-5618,7701
2161,-6529,4368
4789,-7041,2252
6385,-6319,-66
7383,-4929,-2454
7033,-2334,-4699
5766,1757,-7523
3708,5007,-8715
965,6220,-7185
-4030,6909,-2879
-5486,6979,-1493
-6996,6010,986
-7445,4244,3201
-6661,1266,5395
-5044,-4438,9482
-2487,-5432,7919
486,-6633,6147
4636,-7115,2479
6100,-6468,368
7272,-5263,-2009
7099,-2714,-4385
6076,552,-6628
3782,4830,-8612
1076,6010,-7086
-3964,6859,-2895
-5267,6884,-1617
-7012,6051,961
-7408,4108,3300
-6509,1278,5231
-4978,-4459,9437
-2446,-5428,7874
705,-6587,5882
4669,-7012,2343
6146,-6480,334
7309,-5160,-2149
7169,-2825,-4344
5993,573,-6566
3997,4735,-8732
1200,6105,-7305
-4133,6818,-2685
-5271,6925,-1654
-6954,6059,895
-7495,4393,3102
-6748,1406,5342
-5094,-4653,9747
-2673,-5370,8043
-132,-6579,6711
4413,-7045,2632
5997,-6393,396
7194,-5218,-1976
7227,-3023,-4204
5985,375,-6360
3997,4632,-8629
1282,5915,-7197
-3906,6719,-2813
-5185,6822,-1637
-6979,6034,945
-7367,4207,3160
-6534,1320,5214
-4983,-4356,9339
-2433,-5341,7774
243,-6385,6142
4566,-6744,2178
6059,-6121,62
7103,-4822,-2281
6905,-2470,-4435
5539,1476,-7015
3234,4917,-8151
565,6022,-6587
-3572,6703,-3131
-5581,6422,-841
-6855,5548,1307
-6996,3502,3494
-5915,416,5499
-4269,-4120,8389
-1728,-5647,7375
3836,-6468,2632
4846,-6826,1980
6480,-5985,-495
7313,-4562,-2751
6732,-1893,-4839
5395,4112,-9507
2957,5123,-8080
193,6311,-6504
-3914,7016,-3102
-5717,6661,-944
-7115,5671,1444
-7416,3708,3708
-6406,565,5841
-4471,-4298,8769
-2099,-5704,7803
2029,-6748,4719
4834,-7037,2203
6426,-6397,-29
7371,-4950,-2421
7070,-2470,-4600
5824,1720,-7544
3749,4896,-8645
936,6084,-7020
-3774,6798,-3024
-5354,6699,-1345
-6938,5931,1007
-7260,3993,3267
-6274,771,5503
-4521,-4265,8786
-2103,-5506,7609
1472,-6492,5020
4830,-6723,1893
6228,-6026,-202
7218,-4669,-2549
6847,-2206,-4641
5494,3275,-8769
3122,4888,-8010
400,6191,-6591
-3601,6888,-3287
-5626,6435,-809
-7053,5506,1547
-7189,3477,3712
-6076,288,5788
-4343,-4207,8550
-1757,-5725,7482
3460,-6534,3074
4945,-6888,1943
6463,-6158,-305
7383,-4764,-2619
6843,-2079,-4764
5527,3399,-8926
3254,5110,-8364
482,6348,-6830
-3795,7004,-3209
-5824,6777,-953
-7218,5816,1402
-7433,3828,3605
-6492,754,5738
-4702,-4257,8959
-2330,-5552,7882
1101,-6748,5647
4739,-7103,2364
6220,-6410,190
7301,-5090,-2211
7128,-2673,-4455
5931,998,-6929
3700,4925,-8625
928,6228,-7156
-3696,7020,-3324
-5581,6963,-1382
-7152,6138,1014
-7532,4195,3337
-6707,1278,5429
-5139,-4450,9589
-2685,-5432,8117
-119,-6604,6723
4426,-7103,2677
6100,-6550,450
7309,-5486,-1823
7272,-3023,-4249
6142,119,-6261
4133,4735,-8868
1357,6059,-7416
-4219,6831,-2612
-5247,7082,-1835
-6971,6208,763
-7623,4681,2942
-6954,1753,5201
-5523,-4471,9994
-2986,-5168,8154
-486,-6463,6949
3968,-7095,3127
5915,-6430,515
7144,-5453,-1691
7293,-3283,-4010
6183,-144,-6039
4149,4459,-8608
1489,5915,-7404
-4372,6624,-2252
-5069,6954,-1885
-6963,6076,887
-7561,4459,3102
-6690,1522,5168
-5346,-4587,9933
-2693,-5383,8076
-272,-6521,6793
4290,-7020,2730
6026,-6554,528
7210,-5358,-1852
7243,-3130,-4113
6133,-132,-6001
3922,4599,-8521
1353,5812,-7165
-4013,6703,-2690
-5275,6793,-1518
-6917,6010,907
-7247,4215,3032
-6360,1241,5119
-4921,-4306,9227
-2479,-5329,7808
466,-6513,6047
4591,-6740,2149
6076,-6228,152
7169,-5020,-2149
6851,-2454,-4397
5688,1414,-7102
3522,4945,-8467
693,6146,-6839
-3658,6979,-3321
-5605,6773,-1168
-7053,5878,1175
-7491,3984,3507
-6492,977,5515
-4752,-4294,9046
-2396,-5577,7973
721,-6604,5883
4628,-7086,2458
6216,-6472,256
7288,-5139,-2149
7177,-2739,-4438
5968,952,-6920
3951,4851,-8802
1192,6175,-7367
-3918,6843,-2925
-5280,6983,-1703
-7020,6171,849
-7561,4521,3040
-6752,1513,5239
-5280,-4549,9829
-2792,-5242,8034
-280,-6579,6859
4257,-6901,2644
5919,-6340,421
7103,-5127,-1976
7103,-2912,-4191
5828,379,-6207
3667,4653,-8320
961,5845,-6806
-3704,6756,-3052
-5288,6562,-1274
-6818,5622,1196
-7128,3774,3354
-6175,688,5487
-4500,-4104,8604
-1980,-5523,7503
2074,-6443,4369
4904,-6826,1922
6369,-6146,-223
7288,-4698,-2590
6831,-2087,-4744
5515,3122,-8637
3328,4999,-8327
544,6158,-6702
-3625,6818,-3193
-5622,6649,-1027
-7074,5696,1378
-7330,3663,3667
-6410,635,5775
-4405,-4149,8554
-2136,-5725,7861
1996,-6802,4806
4954,-7313,2359
6414,-6583,169
7420,-5135,-2285
7177,-2706,-4471
6100,932,-7032
3799,4859,-8658
985,6183,-7168
-4071,6917,-2846
-5346,6843,-1497
-7144,6067,1077
-7433,4195,3238
-6653,1233,5420
-5020,-4430,9450
-2528,-5461,7989
404,-6600,6196
4615,-6987,2372
6080,-6492,412
7264,-5242,-2022
7161,-2949,-4212
5977,478,-6455
3877,4727,-8604
1212,6001,-7213
-4042,6798,-2756
-5280,6802,-1522
-6847,5985,862
-7367,4162,3205
-6571,1167,5404
-4896,-4384,9280
-2404,-5502,7906
429,-6579,6150
4690,-6942,2252
6088,-6373,285
7177,-5119,-2058
7152,-2767,-4385
5952,631,-6583
3790,4789,-8579
981,6072,-7053
-3828,6785,-2957
-5387,6781,-1394
-7090,5923,1167
-7420,4158,3262
-6505,1051,5454
-5003,-4434,9437
-2400,-5457,7857
486,-6480,5994
4582,-6897,2315
6166,-6364,198
7214,-5119,-2095
7128,-2714,-4414
5874,676,-6550
3609,4760,-8369
985,6018,-7003
-3605,6880,-3275
-5502,6732,-1230
-6991,5803,1188
-7194,3869,3325
-6261,820,5441
-4620,-4211,8831
-2260,-5428,7688
1555,-6488,4933
4702,-6756,2054
6199,-6133,-66
7231,-4834,-2397
6608,-2202,-4406
5387,2821,-8208
3015,4970,-7985
280,6191,-6471
-3935,6822,-2887
-5696,6373,-677
-6967,5321,1646
-7144,3378,3766
-6034,206,5828
-4149,-4384,8533
-1678,-5775,7453
4368,-6575,2207
4912,-6942,2030
6604,-6076,-528
7338,-4566,-2772
6773,-1868,-4905
5544,4219,-9763
3308,5201,-8509
556,6476,-7032
-3638,7078,-3440
-5659,6909,-1250
-7198,5836,1362
-7453,3910,3543
-6418,792,5626
-4607,-4244,8851
-2161,-5593,7754
1142,-6567,5425
4846,-6814,1968
6191,-6166,-25
7268,-4834,-2434
6868,-2301,-4567
5618,2338,-7956
3349,4884,-8233
503,6199,-6702
-3543,6892,-3349
-5560,6472,-912
-6950,5564,1386
-7099,3518,3581
-6072,470,5602
-4306,-4120,8426
-1744,-5564,7308
3493,-6315,2822
4871,-6674,1803
6488,-6030,-458
7255,-4459,-2796
6534,-1674,-4860
5242,4335,-9577
2776,5267,-8043
86,6402,-6488
-4252,6909,-2657
-5857,6546,-689
-7181,5436,1745
-7330,3444,3886
-6249,280,5969
-4302,-4269,8571
-1872,-5783,7655
3448,-6748,3300
4978,-7255,2277
6525,-6385,-140
7449,-4925,-2524
7049,-2252,-4797
5865,2417,-8282
3576,5032,-8608
470,6422,-6892
-3708,7012,-3304
-5523,6872,-1349
-7086,6014,1072
-7478,4079,3399
-6558,1002,5556
-4830,-4277,9107
-2355,-5544,7899
1064,-6558,5494
4727,-6954,2227
6249,-6319,70
7354,-4884,-2470
7057,-2524,-4533
5655,2990,-8645
3460,5053,-8513
866,6158,-7024
-3580,7037,-3457
-5630,6765,-1135
-7062,5902,1160
-7392,3828,3564
-6505,1002,5503
-4871,-4294,9165
-2376,-5506,7882
614,-6674,6060
4719,-7029,2310
6344,-6397,53
7466,-4978,-2488
7293,-2805,-4488
5878,1555,-7433
4071,4752,-8823
973,6138,-7111
-4182,6839,-2657
-5205,6958,-1753
-7119,6150,969
-7618,4393,3225
-6798,1489,5309
-5346,-4525,9871
-2693,-5428,8121
-111,-6583,6694
4488,-7115,2627
6117,-6715,598
7338,-5478,-1860
7367,-2953,-4414
6373,-136,-6237
3943,4789,-8732
1538,5882,-7420
-4430,6703,-2273
-5296,6996,-1700
-6909,6179,730
-7499,4582,2917
-6488,1274,5214
-5280,-4558,9838
-2838,-5251,8089
-148,-6604,6752
4302,-6938,2636
6113,-6360,247
7198,-5374,-1824
7128,-3003,-4125
5973,115,-6088
3634,4846,-8480
767,6142,-6909
-4281,6678,-2397
-5428,6686,-1258
-6917,5795,1122
-7326,3856,3470
-6307,726,5581
-4801,-4488,9289
-2297,-5424,7721
841,-6600,5759
4838,-6888,2050
6228,-6249,21
7317,-4813,-2504
6905,-2264,-4641
5783,1468,-7251
3638,4995,-8633
911,6179,-7090
-3630,6979,-3349
-5717,6872,-1155
-7148,5964,1184
-7581,3889,3692
-6699,1159,5540
-4706,-4149,8855
-2314,-5671,7985
28,-6686,6658
4793,-7156,2363
5993,-6558,565
7375,-5205,-2170
7239,-2755,-4484
6100,453,-6553
3762,4702,-8464
1047,6022,-7069
-3885,6851,-2966
-5284,6793,-1509
-7020,5865,1155
-7268,3877,3391
-6290,903,5387
-4785,-4162,8947
-2186,-5605,7791
1303,-6447,5144
4785,-6917,2132
6274,-6228,-46
7276,-4929,-2347
6930,-2437,-4493
5610,1815,-7425
3485,4950,-8435
726,6191,-6917
-3580,6888,-3308
-5655,6637,-982
-7123,5729,1394
-7260,3658,3602
-6352,643,5709
-4450,-4141,8591
-2033,-5568,7601
2998,-6575,3577
4826,-6946,2120
6360,-6257,-103
7288,-4797,-2491
6847,-2169,-4678
5667,2912,-8579
3196,5176,-8372
540,6286,-6826
-3766,7008,-3242
-5709,6732,-1023
-7227,5845,1382
-7359,3757,3602
-6344,647,5697
-4558,-4211,8769
-2227,-5671,7898
1650,-6690,5040
4772,-6950,2178
6331,-6319,-12
7379,-5011,-2368
7000,-2376,-4624
5853,2066,-7919
3650,5024,-8674
680,6278,-6958
-3708,7045,-3337
-5696,6777,-1081
-7156,5874,1282
-7511,3951,3560
-6571,907,5664
-4756,-4224,8980
-2338,-5527,7865
775,-6686,5911
4731,-6942,2211
6183,-6393,210
7408,-5077,-2331
7169,-2668,-4501
5894,1192,-7086
3733,4917,-8650
886,6208,-7094
-3782,6950,-3168
-5457,6925,-1468
-7161,6051,1110
-7540,4211,3329
-6649,1163,5486
-5164,-4347,9511
-2524,-5453,7977
185,-6538,6353
4541,-7012,2471
6125,-6439,314
7272,-5218,-2054
7152,-2817,-4335
5952,647,-6599
3625,4863,-8488
990,6092,-7082
-3576,6958,-3382
-5515,6864,-1349
-7111,5935,1176
-7400,4030,3370
-6476,969,5507
-4851,-4178,9029
-2421,-5445,7866
577,-6562,5985
4657,-6892,2235
6187,-6286,99
7326,-5123,-2203
6946,-2565,-4381
5795,1056,-6851
3411,4884,-8295
643,6195,-6838
-3630,6814,-3184
-5531,6521,-990
-6826,5502,1324
-7123,3547,3576
-6171,544,5627
-4302,-4191,8493
-1905,-5577,7482
3469,-6406,2937
4805,-6707,1902
6459,-5927,-532
7152,-4488,-2664
6476,-1711,-4765
5189,4422,-9611
2821,5086,-7907
70,6369,-6439
-4149,6793,-2644
-5886,6439,-553
-7115,5346,1769
-7185,3143,4042
-5993,111,5882
-4050,-4504,8554
-1608,-5803,7411
4450,-6657,2207
5065,-6872,1807
6628,-6129,-499
7528,-4570,-2958
7053,-1901,-5152
5593,4215,-9808
3118,5218,-8336
383,6439,-6822
-3828,7272,-3444
-5721,6979,-1258
-7173,5832,1341
-7404,3782,3622
-6373,775,5598
-4681,-4125,8806
-2124,-5552,7676
1447,-6472,5025
4896,-6740,1844
6393,-6212,-181
7235,-4690,-2545
6496,-1881,-4615
5115,3856,-8971
2965,5123,-8088
156,6323,-6479
-3960,6777,-2817
-5733,6315,-582
-6946,5284,1662
-7078,3159,3919
-5952,61,5891
-4087,-4372,8459
-1414,-5766,7180
4508,-6529,2021
5082,-6880,1798
6653,-6043,-610
7264,-4413,-2851
6666,-1575,-5091
5284,4488,-9772
2747,5209,-7956
119,6435,-6554
-4211,7004,-2793
-5886,6534,-648
-7218,5498,1720
-7260,3254,4006
-6224,202,6022
-4191,-4479,8670
-1732,-5902,7634
4186,-6711,2525
4999,-7111,2112
6641,-6410,-231
7499,-4966,-2533
6979,-2215,-4764
5783,3052,-8835
3522,5102,-8624
639,6352,-6991
-3625,7086,-3461
-5659,6744,-1085
-7136,5882,1254
-7544,3873,3671
-6604,754,5850
-4653,-4343,8996
-2231,-5816,8047
1377,-6958,5581
5003,-7651,2648
6600,-7194,594
7800,-5828,-1972
8080,-3745,-4335
6802,-288,-6514
4838,4442,-9280
2281,6080,-8361
-2433,7177,-4744
-5098,7577,-2479
-6901,6938,-37
-8064,5610,2454
-7878,2796,5082
-6595,-693,7288
-4471,-5040,9511
-1563,-6600,8163
4558,-7449,2891
5432,-7829,2397
7330,-7033,-297
8217,-5395,-2822
7870,-2565,-5305
6484,1914,-8398
3910,5308,-9218
849,6802,-7651
-3828,7676,-3848
-5985,7536,-1551
-7746,6513,1233
-8010,4318,3692
-7062,1113,5949
-5498,-4360,9858
-2871,-5845,8716
8,-7185,7177
4702,-7697,2995
6575,-7173,598
7812,-5886,-1926
7841,-3324,-4517
6682,-33,-6649
4273,4875,-9148
1303,6406,-7709
-4306,7313,-3007
-5552,7511,-1959
-7392,6579,813
-8043,4731,3312
-7202,1567,5635
-5626,-4702,10328
-2928,-5725,8653
-165,-6991,7156
4504,-7462,2958
6360,-6831,471
7557,-5647,-1910
7404,-2912,-4492
6142,862,-7004
3927,5011,-8938
948,6517,-7465
-3745,7301,-3556
-5857,7354,-1497
-7643,6364,1279
-8064,4306,3758
-7070,1076,5994
-5263,-4434,9697
-2631,-5890,8521
152,-7214,7062
4904,-7730,2826
6567,-7024,457
7808,-5729,-2079
7854,-3316,-4538
6727,99,-6826
4372,4921,-9293
1328,6451,-7779
-4347,7462,-3115
-5605,7627,-2022
-7536,6661,875
-8159,4826,3333
-7445,1798,5647
-5940,-4599,10539
-3114,-5610,8724
-305,-6950,7255
4248,-7590,3342
6290,-7033,743
7697,-5915,-1782
7705,-3324,-4381
6290,0,-6290
4137,4822,-8959
1414,6377,-7791
-4141,7218,-3077
-5502,7334,-1832
-7400,6393,1007
-7849,4405,3444
-7086,1336,5750
-5193,-4504,9697
-2541,-5750,8291
899,-6921,6022
4871,-7466,2595
6608,-6756,148
7647,-5234,-2413
7453,-2549,-4904
6154,2013,-8167
3658,5267,-8925
742,6624,-7366
-3898,7495,-3597
-5902,7260,-1358
-7631,6410,1221
-7882,4195,3687
-6930,1031,5899
-5102,-4393,9495
-2466,-5973,8439
1150,-7099,5949
4999,-7557,2558
6699,-6917,218
7920,-5502,-2418
7709,-2875,-4834
6369,1518,-7887
4153,5238,-9391
1101,6628,-7729
-3972,7515,-3543
-5828,7462,-1634
-7524,6616,908
-8146,4677,3469
-7247,1427,5820
-5589,-4558,10147
-2817,-5746,8563
-74,-7189,7263
4752,-7585,2833
6550,-7033,483
7816,-5680,-2136
7874,-3279,-4595
6670,82,-6752
4397,4917,-9314
1501,6439,-7940
-4516,7235,-2719
-5482,7647,-2165
-7532,6736,796
-8225,4921,3304
-7429,1876,5553
-5960,-4578,10538
-3073,-5676,8749
-276,-6987,7263
4327,-7668,3341
6455,-7293,838
7825,-6001,-1824
7924,-3597,-4327
6851,-259,-6592
4558,4665,-9223
1711,6265,-7976
-4582,7132,-2550
-5379,7618,-2239
-7420,6645,775
-8072,4912,3160
-7305,1897,5408
-5853,-4496,10349
-3151,-5597,8748
-239,-6963,7202
4426,-7519,3093
6397,-6991,594
7713,-5845,-1868
7701,-3267,-4434
6529,53,-6582
4269,4805,-9074
1266,6352,-7618
-4314,7235,-2921
-5515,7392,-1877
-7396,6534,862
-7953,4570,3383
-7115,1480,5635
-5403,-4578,9981
-2640,-5816,8456
565,-7000,6435
4805,-7503,2698
6587,-6855,268
7734,-5502,-2232
7544,-2875,-4669
6315,820,-7135
4046,5024,-9070
1080,6496,-7576
-3869,7309,-3440
-5742,7247,-1505
-7408,6319,1089
-7779,4195,3584
-6835,903,5932
-4991,-4417,9408
-2219,-5923,8142
1703,-7086,5383
5181,-7326,2145
6732,-6657,-75
7783,-5143,-2640
7515,-2437,-5078
6084,2681,-8765
3683,5267,-8950
676,6624,-7300
-3757,7540,-3783
-6018,7293,-1275
-7610,6253,1357
-8002,4224,3778
-6975,787,6188
-5094,-4450,9544
-2347,-6043,8390
1299,-7128,5829
5148,-7631,2483
6719,-6975,256
7920,-5601,-2319
7602,-2854,-4748
6364,858,-7222
4067,5065,-9132
1113,6509,-7622
-3960,7346,-3386
-5770,7288,-1518
-7532,6253,1279
-7874,4203,3671
-6892,882,6010
-4966,-4343,9309
-2314,-5857,8171
1534,-7049,5515
5073,-7429,2356
6686,-6694,8
7705,-5296,-2409
7363,-2508,-4855
6030,1881,-7911
3526,5247,-8773
495,6682,-7177
-3795,7404,-3609
-6022,7029,-1007
-7668,6030,1638
-7689,3679,4010
-6690,433,6257
-4582,-4541,9123
-2103,-6125,8228
3531,-7057,3526
5110,-7532,2422
6868,-6715,-153
7915,-5238,-2677
7515,-2499,-5016
6150,2821,-8971
3691,5395,-9086
655,6760,-7415
-3778,7590,-3812
-6204,7363,-1159
-7697,6290,1407
-8109,4191,3918
-7136,866,6270
-5156,-4434,9590
-2607,-6001,8608
573,-7243,6670
4941,-7771,2830
6525,-7057,532
7874,-5618,-2256
7845,-3176,-4669
6546,499,-7045
4244,5040,-9284
1208,6546,-7754
-3993,7425,-3432
-5754,7577,-1823
-7635,6591,1044
-8233,4640,3593
-7359,1501,5858
-5721,-4653,10374
-2974,-5737,8711
-210,-7082,7292
4459,-7672,3213
6426,-7177,751
7833,-6014,-1819
7895,-3498,-4397
6773,-148,-6625
4426,4851,-9277
1518,6377,-7895
-4500,7359,-2859
-5564,7647,-2083
-7544,6678,866
-8192,4925,3267
-7511,1909,5602
-5927,-4566,10493
-3337,-5597,8934
-272,-7024,7296
4244,-7590,3346
6319,-7189,870
7788,-6088,-1700
7903,-3564,-4339
6765,-210,-6555
4483,4768,-9251
1625,6480,-8105
-4496,7400,-2904
-5469,7750,-2281
-7408,6913,495
-8262,5131,3131
-7639,2165,5474
-6187,-3927,10114
-3522,-5519,9041
-532,-6971,7503
3927,-7713,3786
6166,-7363,1197
7738,-6228,-1510
7924,-3943,-3981
6826,-404,-6422
4797,4463,-9260
1992,6216,-8208
-4372,7078,-2706
-5230,7565,-2335
-7202,6798,404
-8031,5082,2949
-7404,2083,5321
-5948,-4347,10295
-3221,-5457,8678
-354,-6909,7263
4265,-7445,3180
6175,-6686,511
7515,-5461,-2054
7581,-3097,-4484
6410,404,-6814
3997,5011,-9008
1084,6414,-7498
-4100,7346,-3246
-5779,7375,-1596
-7581,6410,1171
-8056,4409,3647
-7177,1245,5932
-5478,-4599,10077
-2780,-5964,8744
136,-7165,7029
4896,-7796,2900
6711,-7330,619
8093,-6076,-2017
8006,-3514,-4492
6818,-132,-6686
4611,4818,-9429
1889,6459,-8348
-4521,7317,-2796
-5317,7717,-2400
-7478,6781,697
-8080,5135,2945
-7577,2140,5437
-6030,-4368,10398
-3300,-5502,8802
-301,-6963,7264
4203,-7631,3428
6307,-7165,858
7552,-5828,-1724
7561,-3300,-4261
6529,-86,-6443
4356,4706,-9062
1353,6393,-7746
-4516,7198,-2682
-5453,7280,-1827
-7400,6496,904
-7866,4446,3420
-6983,1266,5717
-5346,-4719,10065
-2635,-5808,8443
895,-6991,6096
4834,-7532,2698
6591,-6946,355
7862,-5568,-2294
7651,-2916,-4735
6381,717,-7098
4162,5115,-9277
1080,6525,-7605
-4038,7387,-3349
-5857,7412,-1555
-7445,6496,949
-8072,4475,3597
-7194,1208,5986
-5337,-4653,9990
-2701,-5923,8624
284,-7301,7017
4941,-7808,2867
6554,-7412,858
7903,-6047,-1856
8089,-3687,-4402
6760,-206,-6554
4636,4603,-9239
1802,6270,-8072
-4442,7144,-2702
-5358,7540,-2182
-7453,6678,775
-8085,4793,3292
-7268,1736,5532
-5803,-4624,10427
-2895,-5742,8637
-144,-7198,7342
4541,-7697,3156
6468,-7309,841
7792,-6088,-1704
7936,-3621,-4315
6909,-371,-6538
4582,4611,-9193
1732,6232,-7964
-4599,7189,-2590
-5420,7565,-2145
-7445,6657,788
-8047,4822,3225
-7334,1687,5647
-5836,-4723,10559
-3143,-5729,8872
-107,-7181,7288
4508,-7862,3354
6393,-7404,1011
7816,-6187,-1629
8019,-3902,-4117
6855,-433,-6422
4805,4405,-9210
1810,6241,-8051
-4393,7140,-2747
-5234,7400,-2166
-7165,6298,867
-7911,4628,3283
-7152,1414,5738
-5581,-4694,10275
-2817,-5878,8695
-20,-7198,7218
4669,-7680,3011
6439,-7144,705
7746,-5770,-1976
7701,-3469,-4232
6600,0,-6600
4516,4595,-9111
1497,6208,-7705
-4533,6950,-2417
-5399,6917,-1518
-7185,6121,1064
-7656,4013,3643
-6707,804,5903
-4760,-4351,9111
-2239,-6014,8253
1901,-7086,5185
5185,-7453,2268
6612,-6666,54
7697,-5189,-2508
7499,-2594,-4905
6059,1390,-7449
3745,5069,-8814
742,6517,-7259
-3786,7272,-3486
-5952,6921,-969
-7466,5787,1679
-7664,3469,4195
-6538,152,6386
-4570,-4636,9206
-1815,-6294,8109
4339,-7173,2834
5242,-7812,2570
7066,-7037,-29
8035,-5482,-2553
7412,-2487,-4925
6113,1678,-7791
3716,5218,-8934
672,6781,-7453
-3836,7458,-3622
-6154,7181,-1027
-7738,6105,1633
-7990,3910,4080
-6963,635,6328
-4875,-4471,9346
-2396,-6105,8501
1105,-7437,6332
5020,-7891,2871
6558,-7045,487
7631,-5626,-2005
7445,-2990,-4455
6331,589,-6920
3762,5024,-8786
759,6488,-7247
-3976,7293,-3317
-5911,6814,-903
-7548,5993,1555
-7746,3696,4050
-6715,532,6183
-4768,-4558,9326
-2272,-6175,8447
1872,-7165,5293
5028,-7486,2458
6690,-6789,99
7763,-5506,-2257
7495,-2718,-4777
6055,1889,-7944
3790,5185,-8975
701,6661,-7362
-3865,7499,-3634
-6088,7099,-1011
-7676,6162,1514
-7965,3844,4121
-6897,536,6361
-4780,-4405,9185
-2314,-6092,8406
1303,-7268,5965
5102,-7779,2677
6727,-6950,223
7854,-5544,-2310
7750,-2949,-4801
6369,919,-7288
4075,5127,-9202
1014,6661,-7675
-3663,7470,-3807
-5977,7474,-1497
-7726,6505,1221
-8225,4405,3820
-7293,1229,6064
-5577,-4471,10048
-2809,-5923,8732
-239,-7317,7556
4533,-7750,3217
6418,-7264,846
7755,-5985,-1770
7903,-3498,-4405
6736,-123,-6613
4372,4768,-9140
1353,6468,-7821
-4471,7425,-2954
-5717,7693,-1976
-7651,6703,948
-8258,4859,3399
-7623,1815,5808
-6166,-4615,10781
-3592,-5659,9251
-569,-7029,7598
3993,-7783,3790
6138,-7297,1159
7701,-6315,-1386
8010,-4009,-4001
6880,-523,-6357
4756,4611,-9367
1881,6348,-8229
-4516,7326,-2810
-5354,7874,-2520
-7346,6942,404
-8262,5242,3020
-7755,2388,5367
-6323,-3370,9693
-3778,-5403,9181
-750,-6909,7659
3828,-7656,3828
6026,-7367,1341
7540,-6348,-1192
7899,-3943,-3956
6723,-441,-6282
4756,4541,-9297
2029,6311,-8340
-4174,7202,-3028
-5370,7627,-2257
-7309,6864,445
-8212,5284,2928
-7676,2297,5379
-6270,-3547,9817
-3696,-5391,9087
-709,-6888,7597
3972,-7581,3609
5973,-7181,1208
7532,-6125,-1407
7911,-3910,-4001
6707,-420,-6287
4582,4508,-9090
1740,6117,-7857
-4574,7173,-2599
-5350,7507,-2157
-7330,6529,801
-7953,4801,3152
-7260,1678,5582
-5812,-4558,10370
-2990,-5610,8600
-214,-6930,7144
4541,-7594,3053
6426,-7066,640
7746,-5919,-1827
7808,-3444,-4364
6657,-66,-6591
4405,4871,-9276
1493,6484,-7977
-4599,7338,-2739
-5552,7581,-2029
-7602,6674,928
-8192,4859,3333
-7668,1914,5754
-5985,-4644,10629
-3324,-5667,8991
-354,-7095,7449
4178,-7969,3791
6377,-7515,1138
7734,-6261,-1473
7977,-3861,-4116
6971,-515,-6456
4859,4558,-9417
2041,6228,-8269
-3836,7239,-3403
-5230,7557,-2327
-7222,6831,391
-7998,5057,2941
-7363,2079,5284
-5931,-4368,10299
-3378,-5473,8851
-330,-6806,7136
4017,-7515,3498
6220,-6946,726
7598,-5882,-1716
7581,-3353,-4228
6377,-107,-6270
4339,4752,-9091
1245,6377,-7622
-4174,7165,-2991
-5651,7272,-1621
-7326,6340,986
-7965,4417,3548
-7016,1138,5878
-5205,-4422,9627
-2499,-5841,8340
552,-7128,6576
5003,-7581,2578
6571,-7057,486
7746,-5680,-2066
7915,-3234,-4681
6529,226,-6755
4343,4945,-9288
1373,6480,-7853
-4054,7383,-3329
-5742,7528,-1786
-7676,6641,1035
-8262,4706,3556
-7400,1509,5891
-5746,-4669,10415
-3192,-5874,9066
-416,-7449,7865
4174,-8006,3832
6344,-7532,1188
7759,-6311,-1448
8039,-4042,-3997
6892,-561,-6331
4743,4463,-9206
1864,6162,-8026
-4529,7189,-2660
-5416,7540,-2124
-7408,6653,755
-8080,4912,3168
-7458,1786,5672
-6018,-4719,10737
-3333,-5647,8980
-350,-7082,7432
4162,-7742,3580
6237,-7383,1146
7709,-6171,-1538
7870,-3894,-3976
6822,-429,-6393
4533,4574,-9107
1703,6216,-7919
-4529,7214,-2685
-5506,7482,-1976
-7441,6558,883
-8142,4822,3320
-7420,1637,5783
-5841,-4710,10551
-3201,-5742,8943
-292,-7152,7444
4195,-7738,3543
6245,-7326,1081
7668,-6158,-1510
7759,-3774,-3985
6604,-321,-6283
4624,4479,-9103
1691,6204,-7895
-4628,6938,-2310
-5432,7260,-1828
-7491,6451,1040
-7981,4455,3526
-7210,1315,5895
-5614,-4595,10209
-2866,-5861,8727
-222,-7070,7292
4632,-7689,3057
6311,-7004,693
7614,-5812,-1802
7812,-3489,-4323
6529,-127,-6402
4116,4694,-8810
1216,6245,-7461
-4137,7177,-3040
-5589,7152,-1563
-7433,6076,1357
-7800,4075,3725
-6773,796,5977
-4966,-4343,9309
-2272,-5977,8249
1357,-6954,5597
5003,-7437,2434
6657,-6777,120
7730,-5325,-2405
7313,-2656,-4657
6026,1592,-7618
3584,5172,-8756
585,6571,-7156
-3894,7330,-3436
-6129,6996,-867
-7635,5902,1733
-7932,3733,4199
-6711,292,6419
-4785,-4554,9339
-2602,-6364,8966
721,-7614,6893
4987,-7858,2871
6620,-7041,421
7697,-5597,-2100
7581,-3077,-4504
6430,441,-6871
3984,4958,-8942
977,6505,-7482
-3795,7367,-3572
-5841,7119,-1278
-7581,6257,1324
-7891,3968,3923
-6892,841,6051
-4995,-4405,9400
-2479,-6014,8493
1431,-7140,5709
4945,-7524,2579
6575,-6946,371
7796,-5490,-2306
7429,-2817,-4612
6237,1138,-7375
3848,5185,-9033
660,6550,-7210
-3753,7334,-3581
-6010,6930,-920
-7540,5973,1567
-7936,3741,4195
-6831,321,6510
-4640,-4615,9255
-2409,-6360,8769
1212,-7891,6679
5209,-8402,3193
6859,-7585,726
8155,-6096,-2059
8373,-3770,-4603
7152,-210,-6942
4962,4818,-9780
2087,6612,-8699
-4376,7713,-3337
-5432,8299,-2867
-7528,7544,-16
-8827,5960,2867
-8613,3163,5450
-7247,-631,7878
-5123,-5238,10361
-2083,-7012,9095
3526,-7973,4447
5548,-8344,2796
7623,-7573,-50
8641,-5940,-2701
8390,-2965,-5425
6942,1295,-8237
4224,5601,-9825
985,7231,-8216
-3931,8208,-4277
-6294,8245,-1951
-8196,7152,1044
-8823,5011,3812
-7928,1633,6295
-6298,-4731,11029
-3390,-6001,9391
-264,-7664,7928
4628,-8258,3630
6859,-7763,904
8369,-6414,-1955
8431,-3819,-4612
7255,-165,-7090
4904,4937,-9841
1852,6888,-8740
-4587,7940,-3353
-5671,8415,-2744
-7804,7437,367
-8769,5721,3048
-8332,2607,5725
-6793,-3357,10150
-4087,-5729,9816
-734,-7433,8167
4067,-8270,4203
6538,-8151,1613
8303,-6868,-1435
8658,-4595,-4063
7585,-783,-6802
5548,4661,-10209
2648,6534,-9182
-1596,7812,-6216
-5436,8274,-2838
-7387,7602,-215
-8674,6034,2640
-8394,2932,5462
-6987,-1443,8430
-4327,-5560,9887
-1056,-7235,8291
4422,-8142,3720
6286,-7990,1704
8093,-6942,-1151
8641,-4562,-4079
7746,-1200,-6546
5605,4669,-10274
2697,6232,-8929
-1757,7647,-5890
-5197,8134,-2937
-7359,7317,42
-8435,5638,2797
-8056,2553,5503
-6562,-3427,9989
-3931,-5754,9685
-647,-7272,7919
3939,-8142,4203
6529,-7858,1329
8241,-6802,-1439
8427,-4261,-4166
7321,-775,-6546
5185,4632,-9817
2272,6402,-8674
-3559,7503,-3944
-5593,7986,-2393
-7672,7198,474
-8443,5247,3196
-7977,2099,5878
-6323,-4673,10996
-3510,-5857,9367
-330,-7495,7825
4446,-8353,3907
6736,-7961,1225
8237,-6624,-1613
8489,-4219,-4270
7445,-655,-6790
5230,4723,-9953
2120,6661,-8781
-4005,7775,-3770
-5663,8200,-2537
-7722,7449,273
-8765,5535,3230
-8171,2437,5734
-6657,-3745,10402
-3877,-5795,9672
-754,-7326,8080
4046,-8155,4109
6393,-7845,1452
8052,-6773,-1279
8373,-4323,-4050
7222,-523,-6699
5036,4636,-9672
2050,6562,-8612
-4455,7610,-3155
-5733,8027,-2294
-7775,7082,693
-8608,5313,3295
-8010,2107,5903
-6319,-4562,10881
-3489,-5845,9334
-457,-7297,7754
4219,-8064,3845
6501,-7449,948
8027,-6323,-1704
8295,-3819,-4476
7086,-181,-6905
4752,4879,-9631
1501,6798,-8299
-4735,7680,-2945
-5808,7969,-2161
-7998,6996,1002
-8625,5065,3560
-7771,1629,6142
-6055,-4797,10852
-3176,-5952,9128
-193,-7445,7638
4665,-8122,3457
6831,-7689,858
8262,-6307,-1955
8398,-3700,-4698
7284,-119,-7165
4657,5110,-9767
1654,6831,-8485
-4714,7788,-3074
-5853,8270,-2417
-7948,7218,730
-8699,5321,3378
-8060,2194,5866
-6513,-4492,11005
-3712,-5841,9553
-412,-7379,7791
4302,-8208,3906
6612,-7763,1151
8291,-6558,-1733
8526,-4071,-4455
7231,-243,-6988
4987,4834,-9821
1881,6744,-8625
-4607,7825,-3218
-5610,8332,-2722
-7800,7350,450
-8666,5494,3172
-8200,2446,5754
-6554,-3733,10287
-3815,-5783,9598
-598,-7416,8014
4063,-8254,4191
6616,-7878,1262
8245,-6608,-1637
8596,-4252,-4344
7272,-499,-6773
5148,4747,-9895
2252,6604,-8856
-3823,7643,-3820
-5469,8229,-2760
-7540,7359,181
-8633,5655,2978
-8208,2569,5639
-6546,-3394,9940
-3856,-5721,9577
-680,-7309,7989
4116,-8151,4035
6600,-7697,1097
8126,-6414,-1712
8464,-3960,-4504
7293,-375,-6918
4892,4789,-9681
2066,6579,-8645
-4665,7722,-3057
-5519,8097,-2578
-7610,7173,437
-8534,5416,3118
-7911,2281,5630
-6360,-4178,10538
-3465,-5869,9334
-284,-7305,7589
4409,-8010,3601
6740,-7544,804
8212,-6228,-1984
8258,-3531,-4727
6975,66,-7041
4620,4974,-9594
1501,6752,-8253
-4442,7647,-3205
-5717,7891,-2174
-7812,6831,981
-8340,4851,3489
-7495,1456,6039
-5725,-4690,10415
-2767,-6084,8851
1093,-7507,6414
5333,-8076,2743
7288,-7276,-12
8254,-5717,-2537
8072,-2895,-5177
6826,1204,-8030
4306,5354,-9660
1089,6946,-8035
-3885,7965,-4080
-6199,7829,-1630
-8105,6884,1221
-8493,4570,3923
-7647,1179,6468
-5692,-4727,10419
-2743,-6595,9338
1282,-8006,6724
5057,-8427,3370
7037,-7874,837
8456,-6657,-1799
8514,-3865,-4649
7272,-226,-7046
5020,4785,-9805
1592,6814,-8406
-4463,7639,-3176
-5692,7977,-2285
-7825,6888,937
-8394,4681,3713
-7610,1555,6055
-5882,-4888,10770
-2627,-6220,8847
-49,-7495,7544
5172,-7994,2822
6756,-7350,594
8122,-6006,-2116
8101,-2990,-5111
6645,1146,-7791
4129,5341,-9470
1122,6876,-7998
-4203,7755,-3552
-6076,7709,-1633
-8089,6554,1535
-8353,4207,4146
-7231,627,6604
-5148,-4549,9697
-2582,-6290,8872
1068,-7618,6550
5420,-8085,2665
7272,-7293,21
8390,-5911,-2479
8212,-3048,-5164
6657,2054,-8711
4290,5449,-9739
676,7140,-7816
-4092,8134,-4042
-6307,8068,-1761
-8245,6987,1258
-8757,4764,3993
-7821,1472,6349
-6430,-4463,10893
-3337,-6307,9644
-173,-7722,7895
4768,-8179,3411
6884,-7565,681
8311,-6319,-1992
8386,-3819,-4567
7169,-165,-7004
4537,5247,-9784
1588,6897,-8485
-4508,7874,-3366
-5828,8245,-2417
-7981,7276,705
-8815,5119,3696
-8118,2186,5932
-6245,-4875,11120
-3357,-5989,9346
-478,-7486,7964
4582,-8307,3725
6637,-7870,1233
8254,-6604,-1650
8472,-3782,-4690
7338,-433,-6905
4892,4999,-9891
2112,6793,-8905
-4661,7862,-3201
-5618,8328,-2710
-7932,7379,553
-8844,5498,3346
-8229,2289,5940
-6868,-3201,10069
-3741,-5770,9511
-874,-7301,8175
4046,-8217,4171
6661,-7804,1143
8217,-6674,-1543
8596,-4174,-4422
7445,-420,-7025
5065,4785,-9850
2074,6583,-8657
-4512,7742,-3230
-5552,8270,-2718
-7874,7268,606
-8703,5515,3188
-8130,2289,5841
-6591,-3980,10571
-3696,-5832,9528
-433,-7346,7779
4257,-8208,3951
6723,-7808,1085
8241,-6600,-1641
8357,-3922,-4435
7251,-297,-6954
4863,4785,-9648
1777,6657,-8434
-4681,7614,-2933
-5791,7965,-2174
-7825,7016,809
-8431,4991,3440
-7701,1720,5981
-5919,-4838,10757
-2953,-5981,8934
276,-7528,7252
5007,-8039,3032
6913,-7466,553
8262,-5968,-2294
8138,-3093,-5045
6987,709,-7696
4343,5395,-9738
1167,7045,-8212
-4141,7957,-3816
-6183,8060,-1877
-8126,7070,1056
-8674,4818,3856
-7816,1559,6257
-5997,-4686,10683
-3130,-6166,9296
-8,-7614,7622
4933,-8258,3325
6909,-7767,858
8485,-6303,-2182
8464,-3642,-4822
7144,-20,-7124
4797,5123,-9920
1637,6876,-8513
-4591,7808,-3217
-5861,8196,-2335
-7936,7103,833
-8683,5172,3511
-7878,1819,6059
-6133,-4867,11000
-3209,-5973,9182
-140,-7491,7631
4752,-8019,3267
6719,-7396,677
8171,-6080,-2091
8196,-3316,-4880
6727,276,-7003
4248,5181,-9429
969,6843,-7812
-3865,7738,-3873
-6187,7540,-1353
-8019,6550,1469
-8295,4257,4038
-7276,660,6616
-5238,-4512,9750
-2285,-6344,8629
2932,-7577,4645
5457,-8027,2570
7354,-7222,-132
8349,-5597,-2752
8080,-2532,-5548
6591,2549,-9140
3778,5688,-9466
647,7140,-7787
-3976,8043,-4067
-6562,7845,-1283
-8179,6645,1534
-8526,4199,4327
-7359,668,6691
-5366,-4549,9915
-2536,-6505,9041
1695,-7841,6146
5412,-8369,2957
7264,-7495,231
8501,-6001,-2500
8324,-3093,-5231
6934,899,-7833
4323,5424,-9747
1039,7057,-8096
-4120,8068,-3948
-6216,8023,-1807
-8134,6905,1229
-8658,4624,4034
-7676,1216,6460
-5729,-4785,10514
-2780,-6315,9095
680,-7746,7066
5238,-8225,2987
7099,-7602,503
8386,-6133,-2253
8311,-3328,-4983
7070,441,-7511
4595,5255,-9850
1353,6975,-8328
-4219,7977,-3758
-6080,8105,-2025
-8113,7140,973
-8728,5007,3721
-7878,1472,6406
-6026,-4743,10769
-3130,-6138,9268
-53,-7660,7713
4983,-8229,3246
6909,-7491,582
8320,-6220,-2100
8410,-3568,-4842
7152,61,-7213
4595,5139,-9734
1460,6793,-8253
-4488,7829,-3341
-5940,8043,-2103
-7994,6987,1007
-8584,4838,3746
-7623,1423,6200
-5919,-4694,10613
-2932,-6133,9065
589,-7507,6918
5094,-7986,2892
6954,-7437,483
8316,-5977,-2339
8101,-3081,-5020
6727,767,-7494
4178,5379,-9557
948,7090,-8038
-4075,7961,-3886
-6336,7759,-1423
-8043,6703,1340
-8526,4405,4121
-7433,866,6567
-5341,-4479,9820
-2466,-6315,8781
1967,-7627,5660
5379,-8146,2767
7177,-7268,91
8291,-5733,-2558
7957,-2664,-5293
6608,1963,-8571
3823,5589,-9412
528,7173,-7701
-4063,7998,-3935
-6435,7606,-1171
-8155,6496,1659
-8278,3939,4339
-7144,325,6819
-4995,-4657,9652
-2058,-6579,8637
3646,-7618,3972
5478,-8031,2553
7478,-7280,-198
8481,-5593,-2888
7973,-2421,-5552
6562,3432,-9994
3844,5696,-9540
631,7309,-7940
-4042,8229,-4187
-6558,7862,-1304
-8225,6686,1539
-8534,4290,4244
-7441,684,6757
-5341,-4516,9857
-2442,-6451,8893
1592,-7651,6059
5412,-8138,2726
7255,-7305,50
8439,-5696,-2743
8134,-2805,-5329
6661,1740,-8401
4104,5515,-9619
726,7222,-7948
-3881,8052,-4171
-6348,7771,-1423
-8130,6600,1530
-8410,4281,4129
-7350,775,6575
-5325,-4599,9924
-2380,-6393,8773
1839,-7486,5647
5502,-7845,2343
7326,-7123,-203
8349,-5453,-2896
7858,-2330,-5528
6158,3836,-9994
3378,5812,-9190
235,7288,-7523
-4582,8085,-3503
-6789,7668,-879
-8208,6364,1844
-8377,3918,4459
-7095,259,6836
-4983,-4653,9636
-2182,-6484,8666
3650,-7734,4084
5643,-8068,2425
7524,-7284,-240
8592,-5531,-3061
8068,-2404,-5664
6455,3729,-10184
3708,5898,-9606
511,7462,-7973
-4158,8336,-4178
-6525,8035,-1510
-8250,6946,1304
-8703,4545,4158
-7651,1023,6628
-5643,-4694,10337
-2697,-6373,9070
837,-7730,6893
5300,-8122,2822
7317,-7478,161
8402,-5886,-2516
8307,-3023,-5284
6859,1410,-8269
4442,5482,-9924
1101,7128,-8229
-4137,8080,-3943
-6183,8072,-1889
-8085,7062,1023
-8683,4921,3762
-7804,1435,6369
-5944,-4694,10638
-2846,-6191,9037
144,-7618,7474
5185,-8171,2986
7057,-7495,438
8456,-5968,-2488
8382,-3246,-5136
6942,544,-7486
4566,5259,-9825
1208,6934,-8142
-4248,7928,-3680
-6001,8068,-2067
-8043,6954,1089
-8604,4822,3782
-7672,1431,6241
-5911,-4681,10592
-2899,-6232,9131
767,-7623,6856
5333,-8175,2842
7165,-7643,478
8526,-6100,-2426
8398,-3279,-5119
7103,453,-7556
4624,5350,-9974
1452,6954,-8406
-4549,7841,-3292
-5973,8126,-2153
-8080,7152,928
-8703,5143,3560
-7862,1711,6151
-5964,-4867,10831
-3097,-6022,9119
132,-7651,7519
4987,-8221,3234
6967,-7614,647
8320,-6055,-2265
8283,-3382,-4901
6991,189,-7180
4611,5098,-9709
1212,6913,-8125
-4475,7804,-3329
-5935,7722,-1787
-7915,6777,1138
-8184,4384,3800
-7198,981,6217
-5341,-4566,9907
-2396,-6348,8744
2792,-7511,4719
5329,-7986,2657
7301,-7210,-91
8427,-5647,-2780
7973,-2578,-5395
6591,2945,-9536
3906,5709,-9615
693,7202,-7895
-3943,8184,-4241
-6525,7849,-1324
-8245,6715,1530
-8658,4438,4220
-7614,849,6765
-5531,-4640,10171
-2627,-6521,9148
763,-7887,7124
5350,-8415,3065
7140,-7709,569
8476,-6154,-2322
8452,-3448,-5004
7070,379,-7449
4624,5123,-9747
1311,6934,-8245
-4166,7849,-3683
-6080,7862,-1782
-8060,6880,1180
-8534,4653,3881
-7552,1200,6352
-5659,-4562,10221
-2615,-6261,8876
961,-7569,6608
5238,-7990,2752
7115,-7301,186
8353,-5824,-2529
8072,-2904,-5168
6558,1406,-7964
3906,5478,-9384
585,7066,-7651
-4026,7948,-3922
-6385,7705,-1320
-8101,6484,1617
-8377,4067,4310
-7169,457,6712
-5057,-4690,9747
-2260,-6455,8715
3584,-7672,4088
5494,-8109,2615
7354,-7231,-123
8584,-5647,-2937
7990,-2491,-5499
6488,3345,-9833
3658,5775,-9433
515,7313,-7828
-4186,8200,-4014
-6579,7948,-1369
-8344,6723,1621
-8720,4450,4270
-7610,891,6719
-5506,-4648,10154
-2730,-6352,9082
1060,-7738,6678
5197,-8109,2912
7173,-7458,285
8431,-5890,-2541
8138,-2866,-5272
6781,1732,-8513
4158,5531,-9689
944,7189,-8133
-3955,8080,-4125
-6364,7878,-1514
-8200,6880,1320
-8584,4475,4109
-7519,1056,6463
-5638,-4566,10204
-2701,-6245,8946
787,-7693,6906
5354,-8068,2714
7144,-7321,177
8485,-5758,-2727
8171,-2879,-5292
6810,1703,-8513
4158,5511,-9669
878,7165,-8043
-3889,8151,-4262
-6402,7977,-1575
-8200,6913,1287
-8691,4673,4018
-7684,1183,6501
-5795,-4566,10361
-2813,-6245,9058
742,-7602,6860
5185,-8134,2949
7115,-7511,396
8501,-5948,-2553
8245,-3184,-5061
6901,952,-7853
4339,5469,-9808
1200,7062,-8262
-4046,7994,-3948
-6270,7977,-1707
-8113,6938,1175
-8600,4714,3886
-7660,1307,6353
-5692,-4591,10283
-2697,-6208,8905
829,-7548,6719
5193,-8052,2859
7070,-7309,239
8151,-5754,-2397
7783,-2648,-5135
6463,2008,-8471
3729,5593,-9322
548,7140,-7688
-4063,7969,-3906
-6430,7557,-1127
-8056,6369,1687
-8171,3976,4195
-7049,363,6686
-4892,-4661,9553
-1955,-6521,8476
4541,-7470,2929
5498,-7878,2380
7515,-6967,-548
8336,-5135,-3201
7618,-1881,-5737
6026,4719,-10745
3126,5931,-9057
41,7338,-7379
-4846,8027,-3181
-6694,7404,-710
-8233,6146,2087
-8332,3539,4793
-7029,-33,7062
-4690,-5024,9714
-1823,-6661,8484
4694,-7746,3052
5700,-8250,2550
7717,-7326,-391
8699,-5391,-3308
8151,-2297,-5854
6567,4009,-10576
3852,5750,-9602
573,7375,-7948
-3943,8184,-4241
-6509,7887,-1378
-8254,6789,1465
-8600,4512,4088
-7495,911,6584
-5449,-4591,10040
-2516,-6352,8868
1637,-7544,5907
5374,-7965,2591
7383,-7214,-169
8369,-5577,-2792
7965,-2532,-5433
6364,3085,-9449
3568,5700,-9268
396,7173,-7569
-4294,7986,-3692
-6513,7647,-1134
-8064,6414,1650
-8287,4030,4257
-7103,358,6745
-5003,-4607,9610
-1905,-6509,8414
4537,-7639,3102
5568,-7969,2401
7540,-7132,-408
8505,-5292,-3213
7821,-2095,-5726
6204,4496,-10700
3399,5911,-9310
177,7375,-7552
-4529,8138,-3609
-6661,7730,-1069
-8200,6476,1724
-8448,3955,4493
-7280,371,6909
-5073,-4714,9787
-2190,-6587,8777
3584,-7779,4195
5552,-8196,2644
7585,-7400,-185
8547,-5601,-2946
8229,-2656,-5573
6686,2970,-9656
4137,5643,-9780
849,7239,-8088
-3935,8138,-4203
-6389,8010,-1621
-8188,6864,1324
-8625,4525,4100
-7639,1023,6616
-5564,-4607,10171
-2640,-6459,9099
981,-7783,6802
5416,-8241,2825
7214,-7478,264
8530,-5968,-2562
8443,-3172,-5271
7024,771,-7795
4500,5329,-9829
1216,7029,-8245
-4158,7986,-3828
-6080,8122,-2042
-8151,7103,1048
-8728,4838,3890
-7858,1476,6382
-6043,-4723,10766
-3011,-6278,9289
148,-7680,7532
5086,-8303,3217
7004,-7697,693
8468,-6253,-2215
8509,-3654,-4855
7132,16,-7148
4735,5073,-9808
1699,6814,-8513
-4690,7796,-3106
-5919,8097,-2178
-8064,7099,965
-8596,4941,3655
-7812,1485,6327
-5861,-4756,10617
-3003,-6121,9124
169,-7676,7507
5049,-8340,3291
6950,-7635,685
8336,-6204,-2132
8291,-3485,-4806
7243,-20,-7223
4620,5123,-9743
1518,6876,-8394
-4339,7899,-3560
-5907,7998,-2091
-8056,7037,1019
-8534,4760,3774
-7631,1476,6155
-5795,-4743,10538
-2945,-6109,9054
589,-7557,6968
5090,-7998,2908
6913,-7400,487
8291,-6010,-2281
8010,-3027,-4983
6694,1080,-7774
4054,5473,-9527
775,7086,-7861
-4026,8002,-3976
-6422,7639,-1217
-8093,6554,1539
-8427,4079,4348
-7276,660,6616
-5127,-4566,9693
-2371,-6459,8830
2046,-7730,5684
5432,-8184,2752
7251,-7313,62
8427,-5700,-2727
8250,-2821,-5429
6674,1951,-8625
4145,5506,-9651
858,7210,-8068
-3943,8109,-4166
-6525,7969,-1444
-8291,6946,1345
-8753,4566,4187
-7701,1167,6534
-5779,-4529,10308
-2805,-6237,9042
210,-7746,7536
5061,-8208,3147
7033,-7590,557
8398,-6051,-2347
8287,-3246,-5041
6884,598,-7482
4252,5379,-9631
1031,6991,-8022
-4129,7932,-3803
-6212,7874,-1662
-8052,6798,1254
-8344,4380,3964
-7330,1006,6324
-5490,-4521,10011
-2524,-6212,8736
1720,-7466,5746
5321,-7920,2599
7235,-7161,-74
8349,-5506,-2843
7792,-2433,-5359
6323,3576,-9899
3473,5779,-9252
457,7264,-7721
-4277,8056,-3779
-6554,7651,-1097
-8113,6513,1600
-8439,4149,4290
-7235,577,6658
-5110,-4620,9730
-2165,-6451,8616
3580,-7569,3989
5539,-8097,2558
7565,-7165,-400
8555,-5399,-3156
8039,-2310,-5729
6550,4125,-10675
4026,5824,-9850
816,7458,-8274
-4021,8254,-4233
-6348,8134,-1786
-8237,7037,1200
-8617,4714,3903
-7709,1200,6509
-5787,-4661,10448
-2796,-6336,9132
746,-7660,6914
5329,-8188,2859
7165,-7511,346
8526,-5907,-2619
8402,-3180,-5222
6996,808,-7804
4541,5304,-9845
1225,7008,-8233
-4108,8002,-3894
-6092,8019,-1927
-8023,7029,994
-8629,4842,3787
-7614,1344,6270
-5874,-4690,10564
-2796,-6175,8971
713,-7532,6819
5308,-8142,2834
7156,-7441,285
8452,-5948,-2504
8241,-3036,-5205
6859,866,-7725
4397,5399,-9796
1212,7053,-8265
-4211,7936,-3725
-6150,8047,-1897
-8126,6979,1147
-8584,4760,3824
-7664,1254,6410
-5824,-4780,10604
-2825,-6249,9074
969,-7627,6658
5271,-8196,2925
7136,-7491,355
8386,-5993,-2393
8278,-3159,-5119
6925,540,-7465
4512,5308,-9820
1150,7012,-8162
-4335,8019,-3684
-6063,7965,-1902
-8130,6938,1192
-8505,4653,3852
-7573,1196,6377
-5626,-4739,10365
-2759,-6241,9000
977,-7618,6641
5304,-8039,2735
7062,-7326,264
8349,-5795,-2554
8047,-2928,-5119
6740,1340,-8080
4087,5370,-9457
833,7004,-7837
-3968,7924,-3956
-6220,7540,-1320
-7911,6414,1497
-8233,3943,4290
-7095,408,6687
-4809,-4607,9416
-1963,-6492,8455
3894,-7503,3609
5622,-8052,2430
7458,-7119,-339
8456,-5263,-3193
7924,-2227,-5697
6393,4351,-10744
3621,5742,-9363
495,7330,-7825
-4244,8113,-3869
-6604,7854,-1250
-8365,6723,1642
-8670,4252,4418
-7585,771,6814
-5445,-4587,10032
-2536,-6472,9008
1410,-7779,6369
5350,-8188,2838
7264,-7511,247
8468,-5898,-2570
8287,-3019,-5268
6868,1023,-7891
4108,5486,-9594
1039,7053,-8092
-3861,8006,-4145
-6257,7928,-1671
-8076,6826,1250
-8386,4434,3952
-7338,965,6373
-5465,-4488,9953
-2545,-6270,8815
1505,-7565,6060
5337,-7907,2570
7288,-7111,-177
8291,-5597,-2694
7804,-2425,-5379
6286,3097,-9383
3510,5667,-9177
346,7235,-7581
-4294,8010,-3716
-6554,7557,-1003
-8113,6369,1744
-8361,3980,4381
-7189,334,6855
-4908,-4764,9672
-2091,-6645,8736
3840,-7709,3869
5552,-8085,2533
7445,-7309,-136
8518,-5506,-3012
8097,-2433,-5664
6641,3440,-10081
4059,5750,-9809
796,7309,-8105
-3935,8159,-4224
-6476,7973,-1497
-8303,7016,1287
-8703,4607,4096
-7680,1047,6633
-5742,-4566,10308
-2743,-6331,9074
594,-7709,7115
5185,-8155,2970
7066,-7441,375
8390,-6072,-2318
8415,-3188,-5227
6901,792,-7693
4479,5263,-9742
1047,6996,-8043
-4153,8023,-3870
-6216,8010,-1794
-8089,6925,1164
-8637,4760,3877
-7623,1266,6357
-5836,-4681,10517
-2838,-6237,9075
651,-7585,6934
5189,-8097,2908
7090,-7532,442
8406,-6105,-2301
8274,-3262,-5012
6921,515,-7436
4409,5346,-9755
1192,7049,-8241
-4368,7977,-3609
-6117,8118,-2001
-8130,6975,1155
-8720,4888,3832
-7849,1447,6402
-5940,-4809,10749
-3023,-6096,9119
140,-7639,7499
5049,-8241,3192
6950,-7680,730
8377,-6204,-2173
8369,-3485,-4884
7264,61,-7325
4599,5238,-9837
1468,6991,-8459
-4314,7957,-3643
-6051,8109,-2058
-8134,7169,965
-8716,4991,3725
-7882,1798,6084
-6138,-4908,11046
-3147,-6100,9247
-82,-7561,7643
4809,-8204,3395
6777,-7585,808
8291,-6162,-2129
8258,-3407,-4851
6888,330,-7218
4496,5247,-9743
1134,6917,-8051
-4244,7907,-3663
-6109,7928,-1819
-7990,6872,1118
-8514,4636,3878
-7594,1353,6241
-5618,-4599,10217
-2697,-6162,8859
565,-7466,6901
5131,-7965,2834
6975,-7334,359
8299,-5626,-2673
8080,-2780,-5300
6653,1831,-8484
4125,5473,-9598
697,7140,-7837
-3819,7973,-4154
-6422,7866,-1444
-8192,6773,1419
-8575,4450,4125
-7524,969,6555
-5498,-4591,10089
-2598,-6373,8971
944,-7722,6778
5346,-8241,2895
7268,-7565,297
8555,-5931,-2624
8452,-3147,-5305
7066,829,-7895
4401,5494,-9895
1200,6946,-8146
-4195,8047,-3852
-6121,8097,-1976
-8118,7033,1085
-8580,5003,3577
-7631,1542,6089
-5985,-4698,10683
-3069,-6067,9136
297,-7548,7251
5110,-8060,2950
7053,-7375,322
8386,-5927,-2459
8171,-2994,-5177
6781,886,-7667
4257,5449,-9706
919,7049,-7968
-3906,7940,-4034
-6154,7854,-1700
-7981,6810,1171
-8423,4591,3832
-7408,1080,6328
-5424,-4669,10093
-2627,-6245,8872
1410,-7614,6204
5346,-7961,2615
7264,-7227,-37
8377,-5597,-2780
7977,-2574,-5403
6534,2970,-9504
3984,5498,-9482
713,7115,-7828
-3927,7973,-4046
-6389,7750,-1361
-8064,6711,1353
-8501,4257,4244
-7387,742,6645
-5181,-4574,9755
-2305,-6447,8752
2149,-7713,5564
5577,-8130,2553
7305,-7387,82
8485,-5742,-2743
8369,-2924,-5445
6802,1538,-8340
4257,5440,-9697
1018,7033,-8051
-3984,8052,-4068
-6220,8023,-1803
-8163,6831,1332
-8604,4632,3972
-7656,1146,6510
-5766,-4611,10377
-2697,-6381,9078
1047,-7668,6621
5308,-8171,2863
7165,-7581,416
8547,-6084,-2463
8357,-3242,-5115
6987,429,-7416
4521,5263,-9784
1344,7016,-8360
-4351,7866,-3515
-6121,8072,-1951
-8093,7057,1036
-8699,4855,3844
-7816,1505,6311
-5902,-4661,10563
-3007,-6175,9182
309,-7713,7404
5086,-8270,3184
6950,-7656,706
8336,-6199,-2137
8287,-3502,-4785
7198,-57,-7141
4537,5123,-9660
1427,6876,-8303
-4644,7895,-3251
-6043,7957,-1914
-8035,6979,1056
-8497,4743,3754
-7573,1353,6220
-5841,-4694,10535
-2825,-6311,9136
437,-7618,7181
5123,-8138,3015
6967,-7519,552
8344,-6105,-2239
8196,-3361,-4835
7000,499,-7499
4438,5255,-9693
1208,6892,-8100
-4376,7924,-3548
-6014,7816,-1802
-7936,6789,1147
-8353,4475,3878
-7387,1031,6356
-5358,-4549,9907
-2508,-6249,8757
1423,-7474,6051
5185,-7944,2759
7082,-7169,87
8287,-5676,-2611
7899,-2656,-5243
6517,2569,-9086
3799,5506,-9305
627,7041,-7668
-4030,7874,-3844
-6550,7433,-883
-8093,6331,1762
-8266,3844,4422
-7062,288,6774
-4851,-4710,9561
-1951,-6534,8485
3955,-7544,3589
5511,-7887,2376
7482,-7049,-433
8476,-5263,-3213
7882,-2099,-5783
6389,4430,-10819
3357,5890,-9247
193,7425,-7618
-4603,8274,-3671
-6818,8072,-1254
-8559,6859,1700
-8703,4323,4380
-7540,862,6678
-5667,-4508,10175
-2825,-6377,9202
808,-7684,6876
5259,-8146,2887
7169,-7383,214
8377,-5861,-2516
8118,-2928,-5190
6620,1724,-8344
3984,5465,-9449
783,7095,-7878
-3906,7973,-4067
-6290,7689,-1399
-7973,6595,1378
-8299,4269,4030
-7251,787,6464
-5110,-4582,9692
-2260,-6336,8596
3427,-7445,4018
5407,-7874,2467
7371,-7033,-338
8270,-5238,-3032
7689,-2054,-5635
6158,4599,-10757
3279,5828,-9107
160,7408,-7568
-4471,8039,-3568
-6620,7602,-982
-8163,6331,1832
-8320,3852,4468
-7152,259,6893
-4859,-4760,9619
-2021,-6579,8600
4137,-7717,3580
5643,-8027,2384
7606,-7103,-503
8588,-5341,-3247
8126,-2314,-5812
6558,3964,-10522
3720,5750,-9470
647,7326,-7973
-3898,8344,-4446
-6439,8080,-1641
-8225,6884,1341
-8646,4611,4035
-7606,977,6629
-5618,-4574,10192
-2627,-6414,9041
1204,-7684,6480
5358,-8225,2867
7264,-7445,181
8538,-5985,-2553
8320,-3093,-5227
6884,878,-7762
4384,5465,-9849
1249,7099,-8348
-4290,7973,-3683
-6191,7998,-1807
-8109,7016,1093
-8691,4846,3845
-7767,1406,6361
-5845,-4739,10584
-2879,-6204,9083
552,-7684,7132
5263,-8278,3015
7074,-7639,565
8435,-6072,-2363
8332,-3308,-5024
7177,144,-7321
4624,5226,-9850
1489,6979,-8468
-4426,7965,-3539
-5940,8134,-2194
-8056,7214,842
-8716,4999,3717
-7862,1757,6105
-6158,-4801,10959
-3118,-6100,9218
-144,-7540,7684
4830,-8163,3333
6897,-7573,676
8443,-6298,-2145
8344,-3493,-4851
7144,94,-7238
4636,5148,-9784
1518,6901,-8419
-4450,7899,-3449
-5898,8010,-2112
-7990,7057,933
-8596,5040,3556
-7779,1584,6195
-5935,-4851,10786
-3031,-6010,9041
-45,-7581,7626
4830,-8043,3213
6855,-7387,532
8233,-5927,-2306
8184,-3172,-5012
6727,833,-7560
4285,5275,-9560
1002,6905,-7907
-3972,7788,-3816
-6183,7676,-1493
-8060,6595,1465
-8365,4269,4096
-7280,767,6513
-5255,-4459,9714
-2244,-6447,8691
2784,-7581,4797
5416,-8056,2640
7383,-7272,-111
8443,-5647,-2796
8217,-2718,-5499
6694,2194,-8888
3984,5680,-9664
858,7148,-8006
-3976,8085,-4109
-6435,8138,-1703
-8245,6925,1320
-8654,4587,4067
-7594,1105,6489
-5791,-4496,10287
-2891,-6319,9210
688,-7738,7050
5230,-8266,3036
7103,-7561,458
8497,-6208,-2289
8386,-3279,-5107
6987,540,-7527
4459,5284,-9743
1233,6996,-8229
-4207,7911,-3704
-6047,7944,-1897
-7920,6814,1106
-8489,4677,3812
-7528,1282,6246
-5539,-4673,10212
-2693,-6179,8872
1390,-7515,6125
5238,-7961,2723
7177,-7173,-4
8262,-5704,-2558
7862,-2594,-5268
6501,3011,-9512
3807,5560,-9367
668,7144,-7812
-3947,7936,-3989
-6430,7618,-1188
-8126,6484,1642
-8340,4050,4290
-7136,358,6778
-4917,-4632,9549
-2017,-6550,8567
3729,-7585,3856
5511,-7998,2487
7429,-7152,-277
8464,-5424,-3040
8014,-2400,-5614
6426,3832,-10258
3572,5766,-9338
334,7297,-7631
-4228,8179,-3951
-6661,7845,-1184
-8278,6608,1670
-8608,4174,4434
-7363,544,6819
-5362,-4591,9953
-2466,-6534,9000
2013,-7693,5680
5440,-8229,2789
7346,-7433,87
8580,-5845,-2735
8151,-2805,-5346
6727,1984,-8711
4133,5614,-9747
886,7189,-8075
-4120,8109,-3989
-6430,7957,-1527
-8241,6839,1402
-8695,4512,4183
-7660,1105,6555
-5614,-4541,10155
-2611,-6278,8889
961,-7664,6703
5366,-8159,2793
7169,-7474,305
8481,-5696,-2785
8072,-2549,-5523
6818,1072,-7890
4240,5461,-9701
932,7136,-8068
-3997,8192,-4195
-6331,7932,-1601
-8192,6864,1328
-8518,4281,4237
-7565,1249,6316
-5424,-4545,9969
-2388,-6468,8856
1068,-7602,6534
5247,-8093,2846
7095,-7371,276
8435,-5968,-2467
8175,-2908,-5267
6558,3221,-9779
3803,5709,-9512
643,7231,-7874
-4030,8217,-4187
-6290,7755,-1465
-8023,6694,1329
-8431,4401,4030
-7227,552,6675
-5073,-4533,9606
-2499,-6294,8793
3522,-7602,4080
5581,-7891,2310
7301,-7115,-186
8443,-5242,-3201
7862,-2178,-5684
6472,3312,-9784
3819,5667,-9486
639,7161,-7800
-4013,7969,-3956
-6451,7602,-1151
-8056,6476,1580
-8278,3642,4636
-7062,156,6906
-5049,-4611,9660
-2050,-6397,8447
4632,-7507,2875
5676,-7808,2132
7631,-6868,-763
8377,-4937,-3440
7656,-1897,-5759
6092,4611,-10703
3085,5902,-8987
-41,7305,-7264
-4851,8014,-3163
-6958,7433,-475
-8233,6166,2067
-8303,3638,4665
-6851,-528,7379
-4818,-4888,9706
-1749,-6727,8476
4657,-7701,3044
5659,-8043,2384
7697,-7156,-541
8575,-5366,-3209
7775,-1658,-6117
5989,4855,-10844
3015,6088,-9103
-37,7536,-7499
-4500,8171,-3671
-6814,7573,-759
-8225,6199,2026
-8410,3782,4628
-7243,412,6831
-4830,-4921,9751
-2025,-6550,8575
3786,-7610,3824
5680,-7973,2293
7569,-7189,-380
8464,-5094,-3370
7783,-2132,-5651
6286,4438,-10724
3477,5754,-9231
-20,7383,-7363
-4714,7891,-3177
-6525,7585,-1060
-8064,6237,1827
-8188,3324,4864
-6843,-247,7090
-4537,-5110,9647
-1402,-6793,8195
4467,-7730,3263
5890,-7693,1803
7796,-6756,-1040
8435,-4681,-3754
7532,-1295,-6237
5713,4719,-10432
2792,6034,-8826
-833,7519,-6686
-5098,8031,-2933
-7020,7449,-429
-8332,5989,2343
-8316,3114,5202
-6925,-730,7655
-4669,-5288,9957
-1320,-6950,8270
4405,-7775,3370
6022,-8200,2178
7965,-7214,-751
8745,-5164,-3581
7895,-1905,-5990
6261,4665,-10926
3427,6026,-9453
127,7573,-7700
-4578,8229,-3651
-6785,7792,-1007
-8320,6476,1844
-8559,4030,4529
-7342,334,7008
-5073,-4677,9750
-2128,-6645,8773
3823,-7746,3923
5630,-8283,2653
7631,-7367,-264
8575,-5643,-2932
8105,-2470,-5635
6633,3258,-9891
3840,5779,-9619
614,7326,-7940
-4133,8233,-4100
-6492,7862,-1370
-8287,6760,1527
-8481,4298,4183
-7404,676,6728
-5304,-4620,9924
-2396,-6517,8913
2536,-7660,5124
5535,-8113,2578
7412,-7317,-95
8518,-5700,-2818
8064,-2541,-5523
6686,3130,-9816
3972,5651,-9623
684,7342,-8026
-3943,8200,-4257
-6517,7866,-1349
-8217,6736,1481
-8646,4409,4237
-7482,734,6748
-5300,-4521,9821
-2404,-6550,8954
1856,-7746,5890
5453,-8229,2776
7305,-7445,140
8526,-5820,-2706
8328,-2953,-5375
6859,1410,-8269
4446,5399,-9845
969,7115,-8084
-4087,8031,-3944
-6249,7907,-1658
-8155,6876,1279
-8559,4562,3997
-7569,1006,6563
-5548,-4578,10126
-2425,-6393,8818
1522,-7590,6068
5325,-8023,2698
7231,-7231,0
8349,-5667,-2682
7986,-2648,-5338
6294,2833,-9127
3518,5605,-9123
379,7111,-7490
-4405,7957,-3552
-6542,7507,-965
-8138,6187,1951
-8254,3700,4554
-6987,61,6926
-4822,-4888,9710
-1810,-6637,8447
4739,-7755,3016
5729,-8072,2343
7680,-7194,-486
8575,-5259,-3316
7882,-1971,-5911
6245,4624,-10869
3382,5977,-9359
99,7561,-7660
-4644,8373,-3729
-6748,7915,-1167
-8336,6620,1716
-8716,4335,4381
-7458,614,6844
-5255,-4681,9936
-2388,-6517,8905
3122,-7647,4525
5395,-8085,2690
7474,-7293,-181
8439,-5556,-2883
7957,-2409,-5548
6463,3786,-10249
3617,5836,-9453
466,7297,-7763
-4281,8076,-3795
-6542,7672,-1130
-8200,6430,1770
-8349,3914,4435
-7099,272,6827
-4892,-4735,9627
-1897,-6476,8373
4331,-7515,3184
5655,-7891,2236
7565,-6958,-607
8344,-4937,-3407
7656,-1740,-5916
5944,4842,-10786
2937,5952,-8889
-119,7486,-7367
-4851,8052,-3201
-6880,7408,-528
-8262,6084,2178
-8299,3481,4818
-6942,-202,7144
-4710,-5057,9767
-1493,-6744,8237
4533,-7759,3226
5968,-8014,2046
7920,-7107,-813
8666,-4974,-3692
7800,-1761,-6039
6109,4801,-10910
3304,6084,-9388
169,7664,-7833
-4657,8237,-3580
-6773,7812,-1039
-8303,6472,1831
-8501,3988,4513
-7297,235,7062
-4966,-4719,9685
-1926,-6628,8554
4607,-7746,3139
5721,-8233,2512
7684,-7239,-445
8522,-5370,-3152
7944,-2149,-5795
6373,4356,-10729
3469,5853,-9322
280,7425,-7705
-4442,8142,-3700
-6612,7734,-1122
-8291,6513,1778
-8377,3840,4537
-7251,379,6872
-4974,-4851,9825
-1963,-6612,8575
4595,-7664,3069
5601,-8134,2533
7697,-7264,-433
8600,-5445,-3155
7961,-2153,-5808
6542,4347,-10889
3663,5845,-9508
420,7400,-7820
-4195,8188,-3993
-6591,7788,-1197
-8237,6628,1609
-8555,4236,4319
-7412,594,6818
-5127,-4719,9846
-2165,-6546,8711
3448,-7631,4183
5548,-8204,2656
7507,-7346,-161
8592,-5531,-3061
8184,-2458,-5726
6484,3539,-10023
3844,5700,-9544
565,7297,-7862
-4005,8076,-4071
-6476,7676,-1200
-8163,6620,1543
-8406,4067,4339
-7227,482,6745
-5069,-4611,9680
-2025,-6488,8513
4092,-7482,3390
5605,-7796,2191
7528,-6917,-611
8365,-4987,-3378
7680,-1909,-5771
5865,4838,-10703
2941,5915,-8856
-231,7280,-7049
-4888,7940,-3052
-6814,7363,-549
-8184,5944,2240
-8076,3242,4834
-6789,-610,7399
-4376,-5255,9631
-1270,-6839,8109
4269,-7738,3469
6121,-7833,1712
7878,-6876,-1002
8456,-4620,-3836
7425,-1134,-6291
5581,4690,-10271
2590,6261,-8851
-1320,7602,-6282
-5247,8159,-2912
-6983,7499,-516
-8415,5985,2430
-8406,3353,5053
-7082,-433,7515
-4702,-5296,9998
-1493,-6954,8447
4818,-7920,3102
5845,-8245,2400
7825,-7218,-607
8604,-5271,-3333
7895,-1967,-5928
6253,4694,-10947
3473,5923,-9396
206,7445,-7651
-4413,8052,-3639
-6616,7594,-978
-8221,6344,1877
-8262,3625,4637
-7024,28,6996
-4739,-4875,9614
-1464,-6760,8224
4822,-7581,2759
5725,-7796,2071
7664,-6847,-817
8415,-4813,-3602
7499,-1423,-6076
5762,4818,-10580
2883,5968,-8851
-495,7445,-6950
-5049,7986,-2937
-6954,7284,-330
-8295,5865,2430
-8200,3069,5131
-6777,-1130,7907
-4438,-5284,9722
-1031,-6930,7961
4302,-7767,3465
6043,-7895,1852
7899,-6909,-990
8505,-4801,-3704
7511,-1315,-6196
5754,4830,-10584
2780,6179,-8959
-713,7561,-6848
-5271,8192,-2921
-7090,7511,-421
-8443,6076,2367
-8456,3353,5103
-7161,-264,7425
-4719,-5143,9862
-1699,-6839,8538
4776,-7800,3024
5849,-8188,2339
7837,-7148,-689
8551,-5267,-3284
7870,-1996,-5874
6298,4768,-11066
3159,6080,-9239
37,7594,-7631
-4867,8320,-3453
-6831,7829,-998
-8460,6496,1964
-8518,3852,4666
-7371,330,7041
-5094,-4826,9920
-2157,-6628,8785
3840,-7726,3886
5498,-8245,2747
7585,-7305,-280
8703,-5713,-2990
8126,-2487,-5639
6620,3510,-10130
3848,5841,-9689
561,7400,-7961
-4083,8344,-4261
-6575,7994,-1419
-8287,6835,1452
-8666,4488,4178
-7598,940,6658
-5436,-4607,10043
-2598,-6389,8987
1476,-7689,6213
5436,-8159,2723
7383,-7371,-12
8542,-5775,-2767
8241,-2734,-5507
6649,2499,-9148
4120,5490,-9610
614,7288,-7902
-3914,8146,-4232
-6459,7837,-1378
-8295,6711,1584
-8584,4422,4162
-7495,738,6757
-5490,-4479,9969
-2458,-6480,8938
1909,-7689,5780
5498,-8076,2578
7359,-7305,-54
8509,-5680,-2829
8204,-2677,-5527
6612,2264,-8876
3865,5577,-9442
552,7218,-7770
-4026,8126,-4100
-6480,7812,-1332
-8134,6583,1551
-8320,4137,4183
-7070,416,6654
-5110,-4533,9643
-2087,-6463,8550
3786,-7598,3812
5643,-7895,2252
7540,-7082,-458
8476,-5205,-3271
7713,-1893,-5820
5960,4756,-10716
3172,5894,-9066
-136,7486,-7350
-4954,8184,-3230
-6765,7635,-870
-8311,6245,2066
-8509,3803,4706
-7227,119,7108
-4929,-4962,9891
-1893,-6740,8633
4690,-7746,3056
5634,-8175,2541
7738,-7243,-495
8608,-5325,-3283
8027,-2087,-5940
6468,4541,-11009
3716,5894,-9610
618,7565,-8183
-4116,8258,-4142
-6624,7969,-1345
-8307,6859,1448
-8621,4422,4199
-7462,717,6745
-5317,-4624,9941
-2462,-6340,8802
1831,-7581,5750
5564,-7944,2380
7338,-7144,-194
8390,-5304,-3086
7825,-2268,-5557
6270,4219,-10489
3337,5667,-9004
173,7276,-7449
-4413,7981,-3568
-6567,7342,-775
-8097,6096,2001
-8208,3518,4690
-6864,-78,6942
-4653,-5044,9697
-1332,-6686,8018
4772,-7643,2871
5968,-7907,1939
7829,-6991,-838
8476,-4822,-3654
7598,-1542,-6056
5758,4719,-10477
3003,6092,-9095
-107,7503,-7396
-4995,8068,-3073
-6855,7507,-652
-8299,6133,2166
-8349,3423,4926
-6987,-437,7424
-4657,-5197,9854
-1509,-6954,8463
4628,-7924,3296
5927,-8386,2459
7858,-7363,-495
8679,-5341,-3338
8126,-2161,-5965
6517,4455,-10972
3502,5923,-9425
330,7515,-7845
-4405,8262,-3857
-6670,7763,-1093
-8377,6571,1806
-8485,4096,4389
-7346,396,6950
-5061,-4780,9841
-2178,-6653,8831
3828,-7651,3823
5572,-8167,2595
7598,-7288,-310
8567,-5605,-2962
8097,-2499,-5598
6571,3543,-10114
3865,5717,-9582
416,7367,-7783
-4092,8217,-4125
-6562,7676,-1114
-8217,6620,1597
-8443,4083,4360
-7280,371,6909
-4900,-4710,9610
-2074,-6633,8707
3605,-7672,4067
5585,-8146,2561
7561,-7239,-322
8559,-5498,-3061
8085,-2363,-5722
6538,3691,-10229
3844,5729,-9573
387,7338,-7725
-4257,8146,-3889
-6608,7746,-1138
-8291,6567,1724
-8542,4153,4389
-7268,429,6839
-5259,-4657,9916
-2165,-6542,8707
3551,-7680,4129
5589,-8089,2500
7503,-7247,-256
8563,-5461,-3102
8076,-2450,-5626
6402,3432,-9834
3559,5795,-9354
202,7301,-7503
-4343,8105,-3762
-6628,7647,-1019
-8167,6402,1765
-8340,3877,4463
-7029,107,6922
-4818,-4846,9664
-1872,-6534,8406
4673,-7585,2912
5614,-7829,2215
7581,-7004,-577
8324,-5135,-3189
7532,-1765,-5767
5742,4785,-10527
2747,5952,-8699
-808,7387,-6579
-5135,7924,-2789
-7000,7128,-128
-8262,5700,2562
-8113,2974,5139
-6703,-1381,8084
-4343,-5494,9837
-1192,-6967,8159
4294,-7944,3650
5981,-8031,2050
7874,-6963,-911
8497,-4966,-3531
7614,-1513,-6101
5948,4838,-10786
3036,6216,-9252
-185,7689,-7504
-5082,8204,-3122
-7000,7643,-643
-8443,6307,2136
-8468,3613,4855
-7156,-61,7217
-4813,-4995,9808
-1819,-6678,8497
4686,-7668,2982
5700,-7948,2248
7627,-7057,-570
8452,-5168,-3284
7742,-1819,-5923
6043,4776,-10819
3036,5952,-8988
-292,7470,-7178
-4941,8060,-3119
-6835,7379,-544
-8208,5968,2240
-8175,3304,4871
-6748,-445,7193
-4533,-5065,9598
-1146,-6736,7882
4867,-7565,2698
5973,-7656,1683
7779,-6727,-1052
8303,-4459,-3844
7227,-948,-6279
5288,4628,-9916
2404,6381,-8785
-2054,7647,-5593
-5399,8122,-2723
-7280,7367,-87
-8481,5869,2612
-8336,3081,5255
-6963,-1039,8002
-4529,-5354,9883
-1320,-6983,8303
4566,-8014,3448
6080,-8155,2075
7969,-7066,-903
8621,-4978,-3643
7874,-1612,-6262
6232,4879,-11111
3126,6195,-9321
-16,7775,-7759
-5036,8514,-3478
-7012,8105,-1093
-8724,6843,1881
-8926,4306,4620
-7825,709,7116
-5717,-4698,10415
-2899,-6835,9734
1270,-8151,6881
5391,-8695,3304
7412,-8109,697
8971,-6678,-2293
8955,-3753,-5202
7709,-94,-7615
5304,5214,-10518
2091,7206,-9297
-4450,8328,-3878
-5849,8951,-3102
-8060,7932,128
-9277,6414,2863
-9091,3254,5837
-7569,-1105,8674
-4917,-5622,10539
-1518,-7491,9009
4925,-8435,3510
6294,-8881,2587
8505,-7841,-664
9442,-5779,-3663
8728,-2211,-6517
7008,4566,-11574
4092,6208,-10300
507,7977,-8484
-4327,8905,-4578
-6938,8559,-1621
-8901,7367,1534
-9248,4793,4455
-8027,924,7103
-5911,-4785,10696
-2640,-6938,9578
1769,-8283,6514
5762,-8839,3077
7915,-8076,161
9169,-6373,-2796
9009,-3246,-5763
7519,994,-8513
4657,5783,-10440
1159,7552,-8711
-4318,8641,-4323
-6550,8707,-2157
-8683,7503,1180
-9095,5003,4092
-7895,1138,6757
-6171,-4813,10984
-3027,-6661,9688
973,-8274,7301
5614,-8695,3081
7656,-8052,396
9050,-6381,-2669
8856,-3320,-5536
7359,957,-8316
4570,5684,-10254
1076,7499,-8575
-4228,8489,-4261
-6488,8386,-1898
-8460,7185,1275
-8988,4706,4282
-7907,936,6971
-5643,-4884,10527
-2528,-6802,9330
2846,-8126,5280
5733,-8633,2900
7887,-7759,-128
9013,-5952,-3061
8571,-2677,-5894
7070,3419,-10489
4236,5968,-10204
697,7792,-8489
-4075,8650,-4575
-6839,8485,-1646
-8839,7321,1518
-9289,4813,4476
-8093,919,7174
-5944,-4805,10749
-2730,-6855,9585
1171,-8340,7169
5676,-8815,3139
7680,-8014,334
9025,-6422,-2603
8992,-3411,-5581
7408,750,-8158
4686,5585,-10271
1179,7441,-8620
-4244,8518,-4274
-6525,8526,-2001
-8584,7161,1423
-8996,4739,4257
-7944,965,6979
-5783,-4723,10506
-2582,-6847,9429
1988,-8035,6047
5766,-8691,2925
7742,-7833,91
9013,-6150,-2863
8575,-2846,-5729
6996,2074,-9070
4372,5828,-10200
643,7697,-8340
-4228,8567,-4339
-6921,8241,-1320
-8654,7008,1646
-9009,4417,4592
-7845,523,7322
-5502,-4797,10299
-2376,-6822,9198
3617,-8208,4591
5828,-8782,2954
7953,-7825,-128
9000,-5915,-3085
8646,-2635,-6011
7090,3427,-10517
4133,6067,-10200
585,7911,-8496
-4368,8889,-4521
-7161,8621,-1460
-9190,7643,1547
-9714,5065,4649
-8786,1447,7339
-6963,-4921,11884
-4054,-6690,10744
-387,-8538,8925
4698,-9174,4476
7313,-8761,1448
9219,-7627,-1592
9607,-4776,-4831
8332,-730,-7602
6171,4867,-11038
2899,7194,-10093
-1765,8749,-6984
-5890,9454,-3564
-8085,8662,-577
-9652,7148,2504
-9763,4046,5717
-8361,99,8262
-5647,-5478,11125
-2289,-7585,9874
4133,-8852,4719
6265,-9532,3267
8662,-8509,-153
9846,-6480,-3366
9524,-3139,-6385
7812,2194,-10006
4987,6129,-11116
1142,8250,-9392
-4360,9306,-4946
-6975,9330,-2355
-9285,8109,1176
-9978,5721,4257
-8910,1798,7112
-6954,-5082,12036
-3444,-6880,10324
-41,-8563,8604
5366,-9285,3919
7874,-8674,800
9512,-6979,-2533
9565,-4005,-5560
8101,140,-8241
5234,5655,-10889
1670,7804,-9474
-4896,8922,-4026
-6641,9301,-2660
-9075,8146,929
-9850,5750,4100
-8955,2091,6864
-7222,-5036,12258
-3889,-6641,10530
-218,-8538,8756
4999,-9376,4377
7656,-8732,1076
9392,-7276,-2116
9508,-4174,-5334
8118,-152,-7966
5321,5358,-10679
1662,7627,-9289
-4962,8852,-3890
-6538,9087,-2549
-8930,7845,1085
-9636,5440,4196
-8707,1761,6946
-6694,-5069,11763
-3291,-6781,10072
495,-8481,7986
5531,-9087,3556
7845,-8349,504
9248,-6641,-2607
9029,-3328,-5701
7532,1530,-9062
4644,6022,-10666
961,7969,-8930
-4318,8951,-4633
-7066,8852,-1786
-9198,7544,1654
-9590,4875,4715
-8324,787,7537
-6034,-5003,11037
-2644,-7185,9829
2029,-8670,6641
6063,-9314,3251
8200,-8344,144
9673,-6554,-3119
9487,-3415,-6072
7965,1274,-9239
4958,6010,-10968
1266,8006,-9272
-4446,9306,-4860
-6798,9425,-2627
-9112,8080,1032
-9768,5713,4055
-8889,1918,6971
-6897,-4995,11892
-3526,-6789,10315
74,-8415,8341
5449,-9169,3720
7854,-8501,647
9384,-6736,-2648
9169,-3452,-5717
7524,973,-8497
4809,5940,-10749
1258,7862,-9120
-4112,8914,-4802
-6897,8844,-1947
-9050,7610,1440
-9504,4983,4521
-8386,1122,7264
-6150,-4871,11021
-2710,-7078,9788
2380,-8580,6200
5919,-9219,3300
8221,-8344,123
9462,-6377,-3085
9116,-2928,-6188
7544,2450,-9994
4496,6224,-10720
825,8097,-8922
-4426,9244,-4818
-7152,8856,-1704
-9219,7713,1506
-9627,4921,4706
-8514,1010,7504
-6195,-4945,11140
-2924,-7214,10138
1551,-8790,7239
5911,-9400,3489
8204,-8646,442
9652,-6884,-2768
9520,-3621,-5899
8006,713,-8719
5308,5869,-11177
1563,7854,-9417
-4665,9091,-4426
-6752,9273,-2521
-9046,8080,966
-9854,5717,4137
-9009,1926,7083
-6967,-5082,12049
-3630,-6789,10419
-123,-8695,8818
5465,-9421,3956
7796,-8794,998
9438,-7251,-2187
9689,-4261,-5428
8274,-119,-8155
5655,5407,-11062
2112,7684,-9796
-4962,8901,-3939
-6410,9351,-2941
-9050,8262,788
-9920,6051,3869
-9211,2409,6802
-7387,-4776,12163
-4009,-6645,10654
-400,-8538,8938
4793,-9413,4620
7573,-9004,1431
9359,-7577,-1782
9755,-4657,-5098
8464,-523,-7941
5762,5222,-10984
2330,7462,-9792
-4789,8732,-3943
-6319,9301,-2982
-8864,8287,577
-9792,6179,3613
-9091,2392,6699
-7342,-4747,12089
-4149,-6546,10695
-325,-8431,8756
4879,-9400,4521
7590,-8889,1299
9293,-7425,-1868
9660,-4492,-5168
8340,-457,-7883
5634,5263,-10897
2103,7552,-9655
-4785,8802,-4017
-6323,9293,-2970
-8765,8233,532
-9702,6026,3676
-8988,2384,6604
-7099,-4780,11879
-3716,-6579,10295
-123,-8410,8533
5069,-9182,4113
7552,-8551,999
9277,-6917,-2360
9256,-3836,-5420
7775,317,-8092
5098,5680,-10778
1328,7775,-9103
-4430,8889,-4459
-6884,8951,-2067
-9120,7771,1349
-9706,5197,4509
-8650,1344,7306
-6381,-4793,11174
-3102,-7033,10135
792,-8724,7932
5907,-9314,3407
7936,-8584,648
9549,-6851,-2698
9574,-3770,-5804
8089,330,-8419
5143,5812,-10955
1452,7887,-9339
-4525,9165,-4640
-6773,9339,-2566
-9223,8023,1200
-9937,5684,4253
-9095,1930,7165
-7136,-5090,12226
-3757,-6756,10513
-198,-8514,8712
5106,-9351,4245
7610,-8728,1118
9392,-7247,-2145
9400,-4100,-5300
7734,61,-7795
5061,5605,-10666
1485,7792,-9277
-4727,8835,-4108
-6711,8959,-2248
-9029,7759,1270
-9553,5218,4335
-8600,1452,7148
-6331,-4900,11231
-3031,-6831,9862
1278,-8555,7277
5729,-9178,3449
8101,-8262,161
9450,-6443,-3007
9116,-3031,-6085
7610,2070,-9680
4488,6171,-10659
800,8089,-8889
-4335,9161,-4826
-7189,8963,-1774
-9227,7750,1477
-9590,4937,4653
-8476,1014,7462
-6171,-4987,11158
-2846,-7185,10031
1666,-8633,6967
5968,-9260,3292
8237,-8419,182
9615,-6463,-3152
9363,-3205,-6158
7664,2178,-9842
4875,6142,-11017
1142,8101,-9243
-4257,9306,-5049
-7078,9157,-2079
-9149,7911,1238
-9829,5457,4372
-8811,1505,7306
-6666,-5044,11710
-3304,-6967,10271
449,-8687,8238
5795,-9293,3498
7969,-8633,664
9565,-6851,-2714
9619,-3774,-5845
8089,424,-8513
5271,5750,-11021
1600,7845,-9445
-4764,8996,-4232
-6649,9281,-2632
-9103,8130,973
-9875,5746,4129
-9004,1996,7008
-6991,-5020,12011
-3522,-6810,10332
-152,-8542,8694
5374,-9405,4031
7816,-8815,999
9520,-7210,-2310
9660,-4145,-5515
8291,-66,-8225
5370,5647,-11017
1926,7680,-9606
-4805,8860,-4055
-6554,9273,-2719
-9033,8089,944
-9788,5874,3914
-8959,2070,6889
-7041,-4962,12003
-3716,-6670,10386
-185,-8547,8732
5358,-9285,3927
7722,-8637,915
9409,-7082,-2327
9421,-3931,-5490
8023,90,-8113
5148,5717,-10865
1551,7750,-9301
-4574,8971,-4397
-6719,9174,-2455
-8976,8027,949
-9776,5589,4187
-8773,1773,7000
-6690,-5127,11817
-3415,-6835,10250
495,-8650,8155
5597,-9219,3622
7911,-8588,677
9442,-6732,-2710
9326,-3597,-5729
7742,858,-8600
5024,5836,-10860
1241,7833,-9074
-4620,8889,-4269
-6765,8922,-2157
-8967,7722,1245
-9532,5044,4488
-8361,1027,7334
-6154,-4859,11013
-2668,-7173,9841
2318,-8608,6290
6113,-9116,3003
8241,-8146,-95
9487,-6261,-3226
9244,-2953,-6291
7511,2763,-10274
4479,6179,-10658
783,8097,-8880
-4182,9264,-5082
-7255,8934,-1679
-9244,7610,1634
-9726,4995,4731
-8489,919,7570
-6253,-4892,11145
-2833,-7198,10031
1984,-8662,6678
6026,-9347,3321
8283,-8518,235
9598,-6661,-2937
9306,-3366,-5940
7738,1138,-8876
4851,5923,-10774
1138,8002,-9140
-4364,9054,-4690
-6991,8976,-1985
-9124,7693,1431
-9652,5086,4566
-8592,1221,7371
-6261,-4884,11145
-2957,-6971,9928
1633,-8629,6996
5960,-9095,3135
8179,-8307,128
9409,-6356,-3053
8996,-2908,-6088
7425,2380,-9805
4310,6146,-10456
635,8130,-8765
-4488,9161,-4673
-7342,8666,-1324
-9223,7342,1881
-9479,4488,4991
-8233,519,7714
-5733,-5148,10881
-2491,-7396,9887
3782,-8687,4905
6026,-9153,3127
8377,-8295,-82
9627,-6323,-3304
9141,-2751,-6390
7449,3584,-11033
4463,6307,-10770
721,8311,-9032
-4401,9376,-4975
-7334,9009,-1675
-9334,7664,1670
-9780,4950,4830
-8687,1014,7673
-6249,-4937,11186
-3015,-7169,10184
1076,-8823,7747
5898,-9413,3515
8035,-8666,631
9574,-6810,-2764
9603,-3724,-5879
7998,602,-8600
5193,5803,-10996
1377,7973,-9350
-4492,9136,-4644
-6839,9256,-2417
-9223,8085,1138
-9961,5618,4343
-8980,1864,7116
-7057,-5168,12225
-3543,-6822,10365
-160,-8592,8752
5358,-9409,4051
7841,-8806,965
9504,-7231,-2273
9706,-4199,-5507
8332,-74,-8258
5329,5618,-10947
1843,7730,-9573
-4768,9017,-4249
-6595,9400,-2805
-9021,8221,800
-9916,5944,3972
-9037,2124,6913
-7169,-4999,12168
-3910,-6670,10580
-193,-8551,8744
5119,-9400,4281
7701,-8844,1143
9438,-7408,-2030
9652,-4248,-5404
8332,-210,-8122
5440,5461,-10901
1934,7713,-9647
-4933,8988,-4055
-6517,9450,-2933
-9021,8353,668
-9953,6146,3807
-9231,2483,6748
-7408,-4694,12102
-4203,-6567,10770
-424,-8485,8909
4714,-9429,4715
7540,-9033,1493
9330,-7519,-1811
9718,-4686,-5032
8386,-391,-7995
5803,5193,-10996
2277,7598,-9875
-4772,8695,-3923
-6257,9314,-3057
-8773,8361,412
-9784,6270,3514
-9116,2512,6604
-7268,-4611,11879
-3960,-6435,10395
-297,-8369,8666
4937,-9075,4138
7532,-8398,866
9174,-6666,-2508
9314,-3836,-5478
7895,358,-8253
4929,5733,-10662
1307,7845,-9152
-4450,9054,-4604
-6934,9108,-2174
-9165,7845,1320
-9755,5350,4405
-8773,1456,7317
-6690,-5016,11706
-3279,-7024,10303
490,-8666,8176
5746,-9479,3733
8047,-8864,817
9697,-7260,-2437
9747,-4054,-5693
8287,-12,-8275
5539,5560,-11099
2033,7825,-9858
-4966,8951,-3985
-6480,9421,-2941
-8988,8283,705
-9838,6001,3837
-9178,2293,6885
-7185,-4896,12081
-3803,-6653,10456
-218,-8522,8740
5016,-9405,4389
7870,-8575,705
9380,-6793,-2587
9326,-3955,-5371
7829,717,-8546
5238,5539,-10777
1526,7717,-9243
-4529,8992,-4463
-6641,8984,-2343
-8980,7841,1139
-9541,5255,4286
-8357,1023,7334
-6072,-5003,11075
-2722,-7206,9928
1204,-8538,7334
5874,-9099,3225
8349,-8196,-153
9508,-6624,-2884
9120,-2871,-6249
7433,3465,-10898
4723,6109,-10832
1035,8060,-9095
-4323,9314,-4991
-7074,9017,-1943
-9219,7656,1563
-9763,5143,4620
-8493,866,7627
-5993,-4995,10988
-3106,-7086,10192
957,-8798,7841
5878,-9413,3535
8332,-8584,252
9598,-6975,-2623
9730,-3943,-5787
8080,111,-8191
5407,5622,-11029
1674,7788,-9462
-4554,9116,-4562
-6571,9260,-2689
-9124,8093,1031
-9838,5663,4175
-8910,1773,7137
-6950,-5156,12106
-3118,-7161,10279
45,-8695,8650
5849,-9367,3518
7895,-8815,920
9664,-6921,-2743
9557,-3724,-5833
8299,-66,-8233
5395,5622,-11017
1798,7664,-9462
-5102,8831,-3729
-6600,9248,-2648
-9211,7986,1225
-9821,5379,4442
-8720,1398,7322
-7020,-5189,12209
-3712,-6806,10518
-74,-8658,8732
5783,-9512,3729
7953,-8778,825
9504,-7462,-2042
9611,-4021,-5590
8311,-297,-8014
5552,5300,-10852
2033,7590,-9623
-4764,8992,-4228
-6435,9248,-2813
-9075,8027,1048
-9825,5832,3993
-8996,2004,6992
-6979,-5185,12164
-3704,-6773,10477
639,-8827,8188
5758,-9400,3642
7746,-8844,1098
9433,-6950,-2483
9516,-4240,-5276
7965,243,-8208
5201,5688,-10889
1827,7631,-9458
-4929,8662,-3733
-6439,8811,-2372
-9021,7552,1469
-9520,5160,4360
-8295,721,7574
-5898,-4884,10782
-2904,-7053,9957
2961,-8683,5722
6142,-9153,3011
8208,-8217,9
9479,-6257,-3222
9091,-2850,-6241
7392,3432,-10824
4100,6171,-10271
400,8138,-8538
-4632,9174,-4542
-7408,8592,-1184
-9235,7086,2149
-9409,4067,5342
-8056,74,7982
-5482,-5449,10931
-1947,-7594,9541
4983,-8753,3770
6393,-9343,2950
8650,-8229,-421
9730,-6026,-3704
8897,-2396,-6501
7132,4467,-11599
4013,6558,-10571
210,8538,-8748
-5086,9363,-4277
-7668,8901,-1233
-9491,7449,2042
-9763,4640,5123
-8542,577,7965
-6034,-5119,11153
-2673,-7387,10060
2083,-8765,6682
5940,-9306,3366
8204,-8377,173
9392,-6369,-3023
8897,-2767,-6130
7210,3436,-10646
4137,6348,-10485
420,8365,-8785
-4896,9231,-4335
-7528,8687,-1159
-9363,7309,2054
-9487,4351,5136
-8196,387,7809
-5651,-5172,10823
-2334,-7326,9660
4079,-8592,4513
6092,-9025,2933
8460,-8142,-318
9582,-6059,-3523
8815,-2322,-6493
7070,4772,-11842
3700,6686,-10386
49,8464,-8513
-5238,9310,-4072
-7713,8646,-933
-9314,7239,2075
-9615,4314,5301
-8200,301,7899
-5601,-5214,10815
-2338,-7412,9750
4054,-8707,4653
6298,-9219,2921
8621,-8266,-355
9768,-6105,-3663
9165,-2475,-6690
7354,4562,-11916
4211,6501,-10712
437,8419,-8856
-4690,9413,-4723
-7445,9050,-1605
-9458,7804,1654
-9858,5044,4814
-8633,1043,7590
-6385,-4908,11293
-2866,-7128,9994
1555,-8757,7202
6051,-9318,3267
8390,-8497,107
9768,-6571,-3197
9495,-3168,-6327
7825,1761,-9586
4756,6253,-11009
1080,8122,-9202
-4186,9339,-5153
-7136,9392,-2256
-9273,8118,1155
-9961,5626,4335
-8955,1732,7223
-6967,-5036,12003
-3638,-6876,10514
-28,-8806,8834
5572,-9512,3940
7981,-8819,838
9706,-7301,-2405
9776,-4096,-5680
8328,-20,-8308
5519,5568,-11087
1889,7755,-9644
-4978,8955,-3977
-6397,9487,-3090
-9025,8361,664
-9916,6146,3770
-9099,2404,6695
-7239,-4834,12073
-3927,-6661,10588
-247,-8629,8876
5028,-9363,4335
7796,-8860,1064
9433,-7202,-2231
9582,-4153,-5429
8250,-123,-8127
5564,5461,-11025
2029,7759,-9788
-4896,8860,-3964
-6406,9405,-2999
-8980,8357,623
-9961,6154,3807
-9227,2446,6781
-7342,-4797,12139
-3935,-6645,10580
-371,-8542,8913
4867,-9405,4538
7581,-8736,1155
9429,-7227,-2202
9623,-4302,-5321
8221,-193,-8028
5486,5354,-10840
1922,7524,-9446
-5090,8745,-3655
-6443,9141,-2698
-8901,7944,957
-9611,5461,4150
-8633,1575,7058
-6649,-4987,11636
-3201,-6954,10155
507,-8596,8089
5746,-9293,3547
8023,-8592,569
9578,-6917,-2661
9479,-3650,-5829
7887,561,-8448
5185,5799,-10984
1472,7903,-9375
-4640,9009,-4369
-6884,9215,-2331
-9240,8023,1217
-9966,5581,4385
-9070,1703,7367
-6806,-5214,12020
-3605,-6975,10580
-119,-8848,8967
5374,-9941,4567
7808,-9293,1485
9466,-7585,-1881
9693,-4595,-5098
8575,-499,-8076
5841,5296,-11137
2223,7590,-9813
-4937,8856,-3919
-6278,9334,-3056
-8910,8212,698
-9772,5907,3865
-8881,2099,6782
-7016,-5156,12172
-3708,-6756,10464
-140,-8563,8703
5164,-9244,4080
7606,-8687,1081
9330,-7095,-2235
9380,-3951,-5429
7895,144,-8039
5143,5676,-10819
1443,7804,-9247
-4417,8980,-4563
-6901,9013,-2112
-9124,7821,1303
-9751,5247,4504
-8666,1336,7330
-6496,-5090,11586
-3126,-7033,10159
837,-8658,7821
5766,-9289,3523
8010,-8501,491
9458,-6818,-2640
9471,-3720,-5751
7920,746,-8666
5127,5861,-10988
1270,8043,-9313
-4455,9219,-4764
-7053,9202,-2149
-9334,8014,1320
-10073,5482,4591
-9050,1617,7433
-6950,-5061,12011
-3819,-7016,10835
-363,-8967,9330
4974,-9685,4711
7697,-9087,1390
9483,-7536,-1947
9735,-4562,-5173
8410,-363,-8047
5535,5333,-10868
2099,7631,-9730
-4921,8893,-3972
-6509,9454,-2945
-9132,8254,878
-9941,6043,3898
-9211,2338,6873
-7412,-4855,12267
-4083,-6674,10757
-354,-8580,8934
4768,-9537,4769
7565,-8976,1411
9359,-7697,-1662
9656,-4603,-5053
8373,-490,-7883
5585,5284,-10869
2004,7573,-9577
-4900,8914,-4014
-6542,9281,-2739
-9033,8217,816
-9937,5907,4030
-9186,2198,6988
-7321,-4962,12283
-3972,-6777,10749
-325,-8662,8987
4780,-9417,4637
7499,-9042,1543
9289,-7528,-1761
9615,-4488,-5127
8229,-317,-7912
5634,5119,-10753
1938,7594,-9532
-5073,8745,-3672
-6608,9087,-2479
-9075,8002,1073
-9904,5531,4373
-9013,1670,7343
-6901,-5152,12053
-3580,-6872,10452
-152,-8674,8826
5337,-9438,4101
7664,-8782,1118
9297,-7165,-2132
9520,-4281,-5239
8118,-41,-8077
5255,5432,-10687
1575,7631,-9206
-4430,8951,-4521
-6765,9042,-2277
-9108,7676,1432
-9549,5148,4401
-8571,1262,7309
-6323,-4921,11244
-3052,-7004,10056
1192,-8419,7227
5787,-9009,3222
8056,-8278,222
9392,-6369,-3023
8934,-2838,-6096
7095,3411,-10506
4129,6270,-10399
453,8274,-8727
-4801,9136,-4335
-7544,8786,-1242
-9351,7367,1984
-9726,4521,5205
-8551,610,7941
-6039,-5028,11067
-2875,-7342,10217
1872,-8905,7033
5948,-9466,3518
8163,-8518,355
9528,-6550,-2978
9240,-3003,-6237
7643,1980,-9623
4578,6241,-10819
833,8217,-9050
-4347,9396,-5049
-7260,9091,-1831
-9330,7841,1489
-9747,5007,4740
-8534,1138,7396
-6286,-4904,11190
-3064,-6979,10043
1192,-8538,7346
5812,-9075,3263
8109,-8270,161
9446,-6397,-3049
8889,-2722,-6167
7115,3704,-10819
4162,6323,-10485
387,8266,-8653
-4653,9178,-4525
-7429,8674,-1245
-9161,7342,1819
-9504,4521,4983
-8146,433,7713
-5581,-5127,10708
-2161,-7400,9561
4805,-8600,3795
6253,-9281,3028
8621,-8134,-487
9817,-5964,-3853
9145,-2487,-6658
7412,4570,-11982
4401,6430,-10831
779,8514,-9293
-4318,9442,-5124
-7272,9198,-1926
-9351,7854,1497
-9891,5168,4723
-8691,1216,7475
-6521,-4962,11483
-2965,-7161,10126
1369,-8819,7450
5960,-9367,3407
8283,-8695,412
9747,-6839,-2908
9644,-3568,-6076
8047,548,-8595
5160,5919,-11079
1443,7895,-9338
-4463,9112,-4649
-6822,9231,-2409
-9178,8080,1098
-9817,5638,4179
-8806,1571,7235
-6822,-5234,12056
-3382,-6971,10353
495,-8868,8373
5766,-9512,3746
7981,-8769,788
9652,-7194,-2458
9718,-4046,-5672
8241,78,-8319
5412,5597,-11009
1806,7788,-9594
-5003,8967,-3964
-6505,9400,-2895
-9136,8266,870
-9904,5849,4055
-9124,2091,7033
-7189,-5205,12394
-3770,-6855,10625
-94,-8736,8830
5251,-9495,4244
7816,-9087,1271
9532,-7458,-2074
9796,-4508,-5288
8365,-276,-8089
5849,5209,-11058
2231,7627,-9858
-4785,8860,-4075
-6303,9466,-3163
-8996,8448,548
-10015,6224,3791
-9310,2466,6844
-7495,-4768,12263
-4133,-6604,10737
-478,-8530,9008
4776,-9450,4674
7466,-8930,1464
9359,-7581,-1778
9697,-4677,-5020
8501,-622,-7879
5791,5181,-10972
2301,7392,-9693
-4929,8786,-3857
-6331,9326,-2995
-8848,8204,644
-9850,5853,3997
-9099,2149,6950
-7214,-5049,12263
-3889,-6723,10612
-239,-8497,8736
5061,-9392,4331
7590,-8806,1216
9438,-7350,-2088
9541,-4290,-5251
8089,-247,-7842
5346,5445,-10791
1761,7627,-9388
-5003,8712,-3709
-6633,9029,-2396
-9108,7845,1263
-9722,5329,4393
-8806,1414,7392
-6595,-5094,11689
-3312,-7045,10357
457,-8815,8358
5667,-9644,3977
7936,-9058,1122
9491,-7115,-2376
9528,-4133,-5395
8283,-115,-8168
5416,5601,-11017
1810,7849,-9659
-4793,9091,-4298
-6773,9297,-2524
-9165,8287,878
-9916,5737,4179
-9029,1984,7045
-7107,-5209,12316
-3762,-6785,10547
-202,-8575,8777
5053,-9334,4281
7610,-8753,1143
9310,-7243,-2067
9450,-4100,-5350
7986,66,-8052
5230,5581,-10811
1452,7833,-9285
-4752,9029,-4277
-6971,9145,-2174
-9075,7882,1193
-9879,5432,4447
-8844,1703,7141
-6715,-5020,11735
-3419,-6756,10175
-24,-8518,8542
5416,-9235,3819
7800,-8485,685
9351,-6831,-2520
9471,-3729,-5742
7742,808,-8550
4871,5981,-10852
1117,8023,-9140
-4215,9190,-4975
-6996,9132,-2136
-9227,7837,1390
-9776,5263,4513
-8679,1419,7260
-6534,-5028,11562
-3143,-6958,10101
544,-8613,8069
5779,-9215,3436
8134,-8547,413
9565,-6694,-2871
9409,-3403,-6006
7940,1056,-8996
4756,6171,-10927
1126,8023,-9149
-4174,9252,-5078
-7053,9248,-2195
-9256,8023,1233
-9854,5473,4381
-8881,1711,7170
-6938,-5028,11966
-3510,-6872,10382
53,-8625,8572
5564,-9314,3750
7903,-8604,701
9607,-6987,-2620
9537,-3638,-5899
7973,532,-8505
5123,5919,-11042
1419,7920,-9339
-4467,9116,-4649
-6798,9355,-2557
-9178,8142,1036
-9904,5762,4142
-9009,1938,7071
-7074,-5065,12139
-3696,-6810,10506
-53,-8596,8649
5341,-9388,4047
7821,-8872,1051
9528,-7185,-2343
9545,-4034,-5511
8175,12,-8187
5449,5638,-11087
1839,7792,-9631
-4768,8918,-4150
-6550,9339,-2789
-9037,8287,750
-9879,5944,3935
-9050,2103,6947
-7152,-5061,12213
-3679,-6674,10353
-222,-8625,8847
5362,-9359,3997
7808,-8617,809
9413,-6983,-2430
9582,-3943,-5639
8225,107,-8332
5275,5688,-10963
1666,7792,-9458
-4838,8963,-4125
-6616,9219,-2603
-8996,8039,957
-9681,5746,3935
-8856,1876,6980
-6954,-5032,11986
-3349,-6876,10225
515,-8547,8032
5663,-9235,3572
8014,-8514,500
9524,-6727,-2797
9314,-3489,-5825
7660,1051,-8711
4818,5898,-10716
1159,7882,-9041
-4446,8963,-4517
-6905,8839,-1934
-8980,7639,1341
-9524,4966,4558
-8349,903,7446
-6121,-4912,11033
-2508,-7210,9718
3729,-8567,4838
6109,-9252,3143
8406,-8200,-206
9557,-6216,-3341
9083,-2734,-6349
7359,3465,-10824
4277,6356,-10633
569,8291,-8860
-4545,9252,-4707
-7321,8910,-1589
-9326,7651,1675
-9681,4719,4962
-8514,726,7788
-6109,-5106,11215
-3106,-7507,10613
1361,-9145,7784
5964,-9549,3585
8179,-8811,632
9664,-7152,-2512
9570,-3836,-5734
8080,305,-8385
5354,5626,-10980
1526,7821,-9347
-4710,8963,-4253
-6690,9112,-2422
-9017,7788,1229
-9611,5275,4336
-8584,1266,7318
-6286,-5011,11297
-3052,-6996,10048
1146,-8641,7495
5861,-9186,3325
8027,-8324,297
9429,-6567,-2862
9194,-3324,-5870
7544,1592,-9136
4628,5952,-10580
796,8105,-8901
-4343,9029,-4686
-7251,8753,-1502
-9240,7437,1803
-9483,4611,4872
-8311,544,7767
-5944,-5077,11021
-2470,-7313,9783
3576,-8695,5119
6039,-9244,3205
8427,-8357,-70
9603,-6435,-3168
9268,-2928,-6340
7548,2908,-10456
4397,6319,-10716
668,8233,-8901
-4467,9326,-4859
-7474,9054,-1580
-9450,7705,1745
-9945,5016,4929
-8662,1043,7619
-6736,-4797,11533
-3510,-7136,10646
367,-8827,8460
5626,-9450,3824
7899,-8716,817
9611,-7045,-2566
9425,-3700,-5725
8052,338,-8390
4983,5923,-10906
1278,8047,-9325
-4401,9141,-4740
-6958,9289,-2331
-9202,8163,1039
-9970,5680,4290
-9017,1885,7132
-6991,-5123,12114
-3683,-6802,10485
-119,-8699,8818
5292,-9343,4051
7825,-8889,1064
9520,-7144,-2376
9619,-4063,-5556
8118,144,-8262
5494,5655,-11149
1782,7903,-9685
-4888,8984,-4096
-6699,9421,-2722
-9124,8299,825
-10011,6109,3902
-9223,2310,6913
-7346,-4892,12238
-3943,-6694,10637
-391,-8592,8983
4846,-9347,4501
7610,-8819,1209
9376,-7412,-1964
9681,-4298,-5383
8361,-214,-8147
5502,5428,-10930
1959,7651,-9610
-5003,8955,-3952
-6422,9442,-3020
-9079,8221,858
-9920,5993,3927
-9108,2095,7013
-7330,-4867,12197
-3840,-6715,10555
-206,-8555,8761
5011,-9380,4369
7779,-8943,1164
9578,-7375,-2203
9702,-4182,-5520
8410,-107,-8303
5618,5581,-11199
2083,7841,-9924
-4954,9174,-4220
-6542,9813,-3271
-9083,8724,359
-10197,6600,3597
-9895,3172,6723
-8006,-2990,10996
-5090,-6286,11376
-1175,-8448,9623
4549,-9656,5107
7272,-9747,2475
9594,-8485,-1109
10345,-5882,-4463
9450,-1815,-7635
7326,5251,-12577
3790,7260,-11050
37,9235,-9272
-5457,10081,-4624
-8019,9640,-1621
-10077,8146,1931
-10370,5131,5239
-9169,911,8258
-6591,-5189,11780
-3168,-7672,10840
1707,-9376,7669
6294,-10015,3721
8769,-9248,479
10362,-7379,-2983
10296,-3951,-6345
8662,519,-9181
5750,6030,-11780
1839,8295,-10134
-5044,9524,-4480
-6810,10036,-3226
-9454,8815,639
-10456,6373,4083
-9607,2343,7264
-7478,-5044,12522
-3927,-6971,10898
-119,-9062,9181
5502,-9834,4332
8080,-9136,1056
9887,-7375,-2512
10052,-4294,-5758
8617,-20,-8597
5688,5680,-11368
1769,8043,-9812
-4785,9277,-4492
-6897,9541,-2644
-9483,8353,1130
-10180,5618,4562
-9161,1501,7660
-6802,-5040,11842
-3275,-7334,10609
829,-9157,8328
6067,-9834,3767
8439,-9145,706
10023,-7280,-2743
10040,-3955,-6085
8439,280,-8719
5395,6026,-11421
1427,8266,-9693
-4603,9586,-4983
-7354,9673,-2319
-9648,8382,1266
-10316,5568,4748
-9252,1518,7734
-7041,-5193,12234
-3465,-7359,10824
561,-9306,8745
5968,-10069,4101
8357,-9339,982
10102,-7544,-2558
10209,-4294,-5915
8699,0,-8699
5770,5766,-11536
1852,8179,-10031
-5032,9495,-4463
-6979,9924,-2945
-9656,8683,973
-10510,6154,4356
-9673,2231,7442
-7557,-5152,12709
-4079,-7136,11215
-165,-9169,9334
5325,-9986,4661
8101,-9479,1378
9933,-7854,-2079
10180,-4587,-5593
8827,-292,-8535
5948,5560,-11508
2227,8113,-10340
-4970,9372,-4402
-6694,9924,-3230
-9462,8872,590
-10477,6463,4014
-9809,2607,7202
-7833,-4851,12684
-4314,-6884,11198
-462,-8967,9429
4978,-9949,4971
7891,-9425,1534
9825,-7920,-1905
10316,-4908,-5408
8897,-400,-8497
6010,5445,-11455
2326,7841,-10167
-4941,9273,-4332
-6571,9821,-3250
-9322,8617,705
-10296,6278,4018
-9537,2367,7170
-7639,-4966,12605
-3976,-7020,10996
-251,-8938,9189
5329,-9829,4500
8060,-9231,1171
9953,-7590,-2363
10015,-4351,-5664
8526,20,-8546
5506,5836,-11342
1794,8118,-9912
-5189,9343,-4154
-7082,9693,-2611
-9549,8398,1151
-10217,5894,4323
-9281,1678,7603
-7024,-5218,12242
-3559,-7128,10687
556,-9087,8531
5964,-9747,3783
8324,-9000,676
9875,-7177,-2698
9730,-3696,-6034
8241,829,-9070
5044,6191,-11235
1167,8406,-9573
-4285,9619,-5334
-7453,9396,-1943
-9664,8085,1579
-10118,5214,4904
-8971,1064,7907
-6435,-5123,11558
-2904,-7565,10469
2338,-9174,6836
6195,-9714,3519
8608,-8877,269
10093,-6938,-3155
9726,-3267,-6459
8002,2396,-10398
4896,6496,-11392
878,8608,-9486
-4500,9821,-5321
-7557,9528,-1971
-9780,8167,1613
-10341,5222,5119
-9132,1089,8043
-6562,-5148,11710
-3151,-7532,10683
1344,-9248,7904
6105,-9854,3749
8497,-9000,503
10114,-7111,-3003
9986,-3753,-6233
8262,1051,-9313
5259,6150,-11409
1138,8456,-9594
-4488,9607,-5119
-7330,9471,-2141
-9648,8126,1522
-10139,5391,4748
-8996,1171,7825
-6612,-5061,11673
-3048,-7433,10481
1815,-9009,7194
6195,-9590,3395
8666,-8761,95
10118,-6719,-3399
9652,-3139,-6513
7746,3052,-10798
4397,6628,-11025
614,8625,-9239
-4789,9730,-4941
-7742,9409,-1667
-9834,7841,1993
-10164,4970,5194
-8728,618,8110
-6369,-5094,11463
-2821,-7618,10439
3539,-9190,5651
6323,-9801,3478
8881,-8856,-25
10287,-6769,-3518
9759,-3073,-6686
7990,3180,-11170
4694,6628,-11322
750,8720,-9470
-4409,9957,-5548
-7689,9825,-2136
-9854,8382,1472
-10510,5684,4826
-9372,1476,7896
-7012,-5209,12221
-3498,-7416,10914
614,-9289,8675
5944,-9900,3956
8501,-9256,755
10135,-7321,-2814
10089,-3947,-6142
8542,655,-9197
5589,6063,-11652
1691,8386,-10077
-4735,9570,-4835
-7062,9842,-2780
-9627,8641,986
-10423,6166,4257
-9537,2066,7471
-7495,-5205,12700
-3861,-7111,10972
-111,-9174,9285
5692,-9875,4183
8221,-9252,1031
10052,-7441,-2611
10168,-4195,-5973
8670,78,-8748
5610,5890,-11500
1724,8179,-9903
-4842,9495,-4653
-6921,9846,-2925
-9508,8547,961
-10382,6018,4364
-9491,2041,7450
-7425,-5135,12560
-3737,-7214,10951
12,-9145,9133
5787,-9961,4174
8410,-9211,801
10089,-7499,-2590
10197,-4240,-5957
8740,94,-8834
5667,5853,-11520
1905,8188,-10093
-5053,9491,-4438
-6851,9883,-3032
-9532,8740,792
-10481,6364,4117
-9714,2380,7334
-7466,-5214,12680
-4054,-7016,11070
-132,-9091,9223
5473,-9941,4468
8126,-9380,1254
9957,-7627,-2330
10060,-4471,-5589
8695,-70,-8625
5709,5692,-11401
1988,8052,-10040
-4871,9314,-4443
-6872,9574,-2702
-9429,8291,1138
-9924,5440,4484
-8889,1423,7466
-6649,-5205,11854
-3077,-7429,10506
1810,-9149,7339
6162,-9702,3540
8695,-8868,173
10085,-6897,-3188
9796,-3324,-6472
8052,2301,-10353
4991,6472,-11463
1027,8559,-9586
-4409,9825,-5416
-7503,9623,-2120
-9788,8295,1493
-10444,5552,4892
-9310,1357,7953
-6921,-5218,12139
-3419,-7482,10901
721,-9301,8580
6010,-10065,4055
8493,-9227,734
10060,-7445,-2615
10180,-4145,-6035
8637,177,-8814
5535,5931,-11466
1645,8307,-9952
-4805,9487,-4682
-7107,9619,-2512
-9598,8509,1089
-10353,5779,4574
-9347,1732,7615
-7062,-5098,12160
-3514,-7189,10703
239,-9075,8836
5940,-9702,3762
8324,-9054,730
9961,-7169,-2792
9821,-3733,-6088
8023,1134,-9157
4822,6319,-11141
874,8398,-9272
-4566,9561,-4995
-7610,9293,-1683
-9685,7899,1786
-10073,4945,5128
-8761,754,8007
-6323,-5143,11466
-2809,-7635,10444
3440,-9169,5729
6331,-9702,3371
8819,-8778,-41
10110,-6756,-3354
9669,-2928,-6741
7944,3526,-11470
4574,6633,-11207
680,8683,-9363
-4690,9891,-5201
-7788,9582,-1794
-9891,8212,1679
-10407,5284,5123
-9223,1175,8048
-6727,-5135,11862
-3250,-7569,10819
1282,-9248,7966
6088,-9875,3787
8629,-9009,380
10143,-7090,-3053
9933,-3609,-6324
8283,1353,-9636
5288,6290,-11578
1249,8522,-9771
-4426,9759,-5333
-7383,9689,-2306
-9796,8382,1414
-10370,5630,4740
-9289,1501,7788
-7049,-5205,12254
-3456,-7346,10802
490,-9235,8745
6047,-9825,3778
8419,-9037,618
10093,-7152,-2941
10019,-3782,-6237
8489,717,-9206
5288,6191,-11479
1328,8361,-9689
-4636,9669,-5033
-7251,9735,-2484
-9697,8452,1245
-10411,5816,4595
-9392,1744,7648
-7284,-5110,12394
-3597,-7272,10869
57,-9153,9096
5898,-9883,3985
8340,-9273,933
10106,-7458,-2648
10089,-4013,-6076
8596,189,-8785
5548,6022,-11570
1753,8270,-10023
-4900,9504,-4604
-7086,9784,-2698
-9685,8514,1171
-10436,5997,4439
-9433,1914,7519
-7272,-5160,12432
-3683,-7111,10794
74,-9083,9009
5791,-9747,3956
8316,-9099,783
9809,-7152,-2657
9627,-3634,-5993
8163,911,-9074
4974,6232,-11206
990,8472,-9462
-4372,9644,-5272
-7445,9367,-1922
-9669,8060,1609
-10040,5024,5016
-8798,886,7912
-6369,-5139,11508
-2763,-7573,10336
3271,-8988,5717
6212,-9607,3395
8728,-8584,-144
9994,-6542,-3452
9462,-2759,-6703
7569,4232,-11801
4211,6727,-10938
301,8811,-9112
-4991,9706,-4715
-7891,9157,-1266
-9796,7610,2186
-10122,4558,5564
-8740,379,8361
-5940,-5412,11352
-2310,-7874,10184
4290,-9343,5053
6567,-9916,3349
9050,-8844,-206
10353,-6641,-3712
9978,-3040,-6938
7990,3465,-11455
4863,6616,-11479
853,8670,-9523
-4483,9780,-5297
-7515,9644,-2129
-9796,8283,1513
-10353,5436,4917
-9120,1270,7850
-6839,-4987,11826
-3110,-7425,10535
1299,-9099,7800
6216,-9660,3444
8724,-8885,161
10077,-6748,-3329
9714,-3122,-6592
7878,2796,-10674
4636,6480,-11116
672,8563,-9235
-4640,9677,-5037
-7635,9355,-1720
-9689,7862,1827
-9982,4871,5111
-8633,573,8060
-6220,-5119,11339
-2586,-7647,10233
4141,-9161,5020
6501,-9598,3097
9062,-8629,-433
10205,-6397,-3808
9433,-2557,-6876
7462,4727,-12189
4186,6748,-10934
292,8811,-9103
-5090,9685,-4595
-7796,9289,-1493
-9813,7697,2116
-10139,4710,5429
-8823,445,8378
-6018,-5412,11430
-2462,-7882,10344
4380,-9330,4950
6525,-9895,3370
9079,-8806,-273
10353,-6777,-3576
9825,-2953,-6872
8031,3378,-11409
5053,6476,-11529
1014,8674,-9688
-4430,9821,-5391
-7569,9594,-2025
-9821,8250,1571
-10353,5366,4987
-9231,1138,8093
-6736,-5218,11954
-3209,-7536,10745
1303,-9310,8007
6274,-9924,3650
8542,-9108,566
10230,-7206,-3024
10176,-3881,-6295
8621,528,-9149
5502,6092,-11594
1513,8369,-9882
-4727,9640,-4913
-7095,9858,-2763
-9693,8551,1142
-10469,5956,4513
-9532,1823,7709
-7437,-5317,12754
-3757,-7317,11074
8,-9149,9141
5737,-9900,4163
8299,-9417,1118
10056,-7651,-2405
10225,-4488,-5737
8736,-111,-8625
5808,5663,-11471
1980,8146,-10126
-5176,9421,-4245
-6901,9759,-2858
-9607,8571,1036
-10362,5952,4410
-9446,1864,7582
-6930,-5102,12032
-3370,-7433,10803
1031,-9297,8266
5754,-9945,4191
8299,-9347,1048
9986,-7536,-2450
10081,-4224,-5857
8530,503,-9033
5787,5733,-11520
1765,8254,-10019
-4636,9673,-5037
-7342,9656,-2314
-9669,8373,1296
-10201,5515,4686
-9355,1843,7512
-7156,-5321,12477
-3196,-7482,10678
160,-9070,8910
6096,-9718,3622
8320,-9042,722
9945,-7202,-2743
9669,-3370,-6299
8229,957,-9186
5127,6158,-11285
1241,8340,-9581
-4314,9669,-5355
-7750,9297,-1547
-9730,7858,1872
-10201,5185,5016
-8955,1047,7908
-6571,-5115,11686
-2978,-7491,10469
3753,-9161,5408
6237,-9829,3592
8720,-8897,177
10118,-6876,-3242
9928,-3427,-6501
8097,1843,-9940
5016,6426,-11442
907,8637,-9544
-4727,9850,-5123
-7577,9689,-2112
-9887,8349,1538
-10539,5515,5024
-9211,1126,8085
-6744,-5172,11916
-3514,-7387,10901
1068,-9326,8258
5828,-9904,4076
8373,-9256,883
9990,-7412,-2578
10073,-4042,-6031
8505,280,-8785
5296,6047,-11343
1006,8514,-9520
-4492,9714,-5222
-7260,9578,-2318
-9603,8212,1391
-10048,5077,4971
-8905,1163,7742
-6719,-5011,11730
-3060,-7437,10497
1831,-9087,7256
6212,-9615,3403
8860,-8732,-128
10019,-6723,-3296
9367,-2433,-6934
7705,3159,-10864
4096,6818,-10914
511,8736,-9247
-5296,9710,-4414
-7994,9141,-1147
-9710,7862,1848
-10098,4900,5198
-8831,688,8143
-5874,-5515,11389
-2157,-7994,10151
4182,-9079,4897
6521,-9689,3168
9322,-8559,-763
10230,-6517,-3713
9508,-2272,-7236
7511,5077,-12588
4735,6723,-11458
528,9120,-9648
-4917,10065,-5148
-7953,9656,-1703
-9895,8448,1447
-10456,5531,4925
-9145,940,8205
-6488,-5214,11702
-2978,-7680,10658
2058,-9334,7276
6430,-9904,3474
8790,-8988,198
10283,-6963,-3320
9982,-3357,-6625
8225,1934,-10159
5053,6352,-11405
1014,8613,-9627
-4384,9805,-5421
-7404,9644,-2240
-9792,8270,1522
-10316,5461,4855
-9128,1212,7916
-6851,-5077,11928
-2953,-7610,10563
1967,-9186,7219
6319,-9838,3519
8806,-8914,108
10217,-6938,-3279
9817,-3267,-6550
8064,1984,-10048
5061,6414,-11475
961,8621,-9582
-4578,9743,-5165
-7524,9578,-2054
-9739,8217,1522
-10271,5391,4880
-9202,1159,8043
-6703,-5119,11822
-3110,-7532,10642
2120,-9215,7095
6286,-9895,3609
8732,-9062,330
10159,-6938,-3221
9838,-3242,-6596
8167,1806,-9973
4974,6492,-11466
911,8617,-9528
-4541,9821,-5280
-7511,9582,-2071
-9772,8233,1539
-10234,5242,4992
-9062,1146,7916
-6637,-5102,11739
-3073,-7491,10564
1947,-9223,7276
6146,-9697,3551
8769,-8860,91
10114,-6975,-3139
9669,-3238,-6431
7866,2549,-10415
4690,6546,-11236
680,8621,-9301
-4483,9702,-5219
-7631,9120,-1489
-9594,7738,1856
-9974,4636,5338
-8592,396,8196
-5783,-5469,11252
-2087,-7866,9953
4950,-9120,4170
6637,-9710,3073
9141,-8551,-590
10221,-6241,-3980
9495,-2330,-7165
7577,4896,-12473
4207,6843,-11050
123,8951,-9074
-5263,9801,-4538
-7965,9417,-1452
-9978,7775,2203
-10242,4723,5519
-8864,474,8390
-6228,-5354,11582
-2607,-7895,10502
3836,-9359,5523
6459,-9920,3461
9004,-8980,-24
10271,-6773,-3498
9916,-3188,-6728
7961,2627,-10588
4636,6616,-11252
721,8683,-9404
-4558,9801,-5243
-7660,9438,-1778
-9739,8039,1700
-10069,4929,5140
-8728,705,8023
-6154,-5222,11376
-2631,-7680,10311
4096,-9091,4995
6488,-9615,3127
8980,-8526,-454
10019,-6282,-3737
9223,-2285,-6938
7321,4908,-12229
3757,6934,-10691
-74,8901,-8827
-5519,9685,-4166
-8093,8984,-891
-9858,7359,2499
-9982,4244,5738
-8481,-66,8547
-5643,-5836,11479
-1947,-8155,10102
5197,-9351,4154
6715,-9825,3110
9318,-8637,-681
10205,-6294,-3911
9594,-2392,-7202
7577,4999,-12576
4232,6963,-11195
272,9079,-9351
-5131,9933,-4802
-7998,9532,-1534
-10019,8010,2009
-10304,4958,5346
-9042,684,8358
-6323,-5275,11598
-2805,-7717,10522
2726,-9330,6604
6455,-9846,3391
8852,-8831,-21
10188,-6798,-3390
9982,-3300,-6682
8072,2545,-10617
4813,6517,-11330
833,8674,-9507
-4459,9895,-5436
-7684,9656,-1972
-9850,8171,1679
-10300,5156,5144
-9120,1051,8069
-6723,-5139,11862
-3106,-7606,10712
1761,-9190,7429
6360,-9871,3511
8732,-9079,347
10201,-7024,-3177
9978,-3555,-6423
8192,1427,-9619
5123,6472,-11595
1130,8588,-9718
-4467,9784,-5317
-7519,9702,-2183
-9817,8307,1510
-10395,5659,4736
-9343,1431,7912
-6938,-5205,12143
-3320,-7429,10749
1097,-9227,8130
6129,-9945,3816
8538,-9141,603
10168,-7317,-2851
10065,-3790,-6275
8555,684,-9239
5449,6183,-11632
1410,8464,-9874
-4640,9640,-5000
-7255,9710,-2455
-9735,8596,1139
-10362,5704,4658
-9372,1716,7656
-7140,-5181,12321
-3576,-7301,10877
635,-9120,8485
5940,-9809,3869
8435,-9120,685
10077,-7313,-2764
9957,-3795,-6162
8439,878,-9317
5230,6224,-11454
1423,8394,-9817
-4475,9669,-5194
-7280,9627,-2347
-9697,8295,1402
-10267,5461,4806
-9235,1464,7771
-6727,-5189,11916
-3254,-7280,10534
1142,-9099,7957
6133,-9652,3519
8580,-8778,198
10040,-6727,-3313
9693,-3110,-6583
7792,3403,-11195
4628,6608,-11236
643,8629,-9272
-4648,9784,-5136
-7730,9446,-1716
-9875,8006,1869
-10271,5172,5099
-8984,886,8098
-6517,-5139,11656
-2941,-7585,10526
2169,-9215,7046
6352,-9904,3552
8835,-8980,145
10254,-6950,-3304
9994,-3349,-6645
8229,2136,-10365
4983,6509,-11492
1105,8567,-9672
-4380,9801,-5421
-7503,9677,-2174
-9776,8386,1390
-10287,5539,4748
-9190,1472,7718
-6921,-5065,11986
-3258,-7375,10633
1196,-9252,8056
6282,-9776,3494
8691,-8943,252
10172,-7049,-3123
9817,-3271,-6546
8109,2029,-10138
4925,6377,-11302
1018,8522,-9540
-4356,9697,-5341
-7392,9512,-2120
-9594,8134,1460
-10159,5255,4904
-8947,919,8028
-6294,-5201,11495
-2809,-7590,10399
3683,-9124,5441
6352,-9718,3366
8872,-8782,-90
10114,-6661,-3453
9615,-2866,-6749
7821,3836,-11657
4554,6600,-11154
738,8637,-9375
-4483,9726,-5243
-7705,9367,-1662
-9776,7986,1790
-10151,4871,5280
-8786,486,8300
-6171,-5292,11463
-2590,-7767,10357
3894,-9268,5374
6571,-9817,3246
8901,-8794,-107
10250,-6661,-3589
9891,-3073,-6818
8064,3060,-11124
4739,6484,-11223
812,8674,-9486
-4422,9908,-5486
-7664,9471,-1807
-9809,8138,1671
-10324,5238,5086
-9070,915,8155
-6604,-5110,11714
-2941,-7709,10650
2182,-9248,7066
6303,-9879,3576
8749,-9054,305
10234,-7004,-3230
9970,-3506,-6464
8241,1452,-9693
5193,6377,-11570
1208,8600,-9808
-4426,9772,-5346
-7511,9759,-2248
-9763,8402,1361
-10411,5680,4731
-9359,1497,7862
-6979,-5077,12056
-3386,-7416,10802
969,-9186,8217
5993,-9937,3944
8460,-9194,734
10102,-7334,-2768
9904,-3696,-6208
8501,676,-9177
5172,6224,-11396
1208,8489,-9697
-4636,9722,-5086
-7359,9619,-2260
-9722,8382,1340
-10254,5506,4748
-9132,1406,7726
-6839,-5263,12102
-3229,-7478,10707
998,-9223,8225
6043,-9809,3766
8559,-9046,487
10098,-7115,-2983
9928,-3757,-6171
8299,1031,-9330
5218,6195,-11413
1155,8423,-9578
-4496,9706,-5210
-7321,9483,-2162
-9561,8184,1377
-10172,5284,4888
-9046,1208,7838
-6472,-5152,11624
-3073,-7478,10551
2074,-9103,7029
6270,-9669,3399
8683,-8732,49
10060,-6707,-3353
9598,-3089,-6509
7734,3234,-10968
4521,6521,-11042
561,8666,-9227
-4657,9561,-4904
-7738,9017,-1279
-9706,7569,2137
-9928,4516,5412
-8542,206,8336
-5865,-5506,11371
-2103,-7944,10047
5172,-9145,3973
6678,-9648,2970
9165,-8514,-651
10279,-6150,-4129
9545,-2384,-7161
7507,4983,-12490
3993,6967,-10960
169,8947,-9116
-5333,9953,-4620
-8093,9743,-1650
-10102,8175,1927
-10349,5069,5280
-8959,750,8209
-6628,-5102,11730
-3093,-7623,10716
2062,-9306,7244
6220,-9834,3614
8699,-8976,277
10122,-6913,-3209
9739,-3188,-6551
7948,2392,-10340
4756,6505,-11261
709,8662,-9371
-4492,9788,-5296
-7639,9392,-1753
-9631,7920,1711
-10131,5007,5124
-8823,705,8118
-6187,-5197,11384
-2541,-7627,10168
3960,-8992,5032
6373,-9631,3258
8914,-8555,-359
10023,-6327,-3696
9343,-2355,-6988
7383,4937,-12320
4079,6831,-10910
-41,8881,-8840
-5354,9669,-4315
-7940,9202,-1262
-9858,7565,2293
-10073,4479,5594
-8522,90,8432
-5832,-5523,11355
-2062,-7990,10052
5110,-9273,4163
6777,-9697,2920
9240,-8637,-603
10263,-6121,-4142
9631,-2409,-7222
7606,4884,-12490
4195,6864,-11059
259,8922,-9181
-4974,10085,-5111
-7920,9561,-1641
-9949,7977,1972
-10341,5139,5202
-9025,763,8262
-6509,-5185,11694
-2838,-7783,10621
3069,-9268,6199
6385,-9961,3576
8864,-9033,169
10296,-6917,-3379
9854,-3196,-6658
8080,2219,-10299
4925,6488,-11413
1064,8641,-9705
-4500,9854,-5354
-7540,9660,-2120
-9829,8361,1468
-10423,5548,4875
-9289,1324,7965
-6888,-4978,11866
-3308,-7458,10766
1093,-9293,8200
6199,-9974,3775
8604,-9153,549
10147,-7210,-2937
10015,-3704,-6311
8588,812,-9400
5391,6208,-11599
1464,8501,-9965
-4483,9747,-5264
-7251,9788,-2537
-9718,8613,1105
-10374,5704,4670
-9363,1835,7528
-7239,-5193,12432
-3621,-7321,10942
602,-9219,8617
5981,-9871,3890
8518,-9244,726
10151,-7359,-2792
10131,-3984,-6147
8567,523,-9090
5577,6051,-11628
1575,8332,-9907
-4690,9619,-4929
-7070,9834,-2764
-9598,8547,1051
-10407,6059,4348
-9475,1934,7541
-7222,-5255,12477
-3671,-7140,10811
82,-9165,9083
5820,-9693,3873
8361,-8980,619
10019,-7012,-3007
9900,-3658,-6242
8175,1221,-9396
5028,6204,-11232
1060,8427,-9487
-4442,9574,-5132
-7363,9363,-2000
-9627,7981,1646
-10085,5102,4983
-8864,874,7990
-6369,-5230,11599
-2565,-7705,10270
3844,-9103,5259
6492,-9817,3325
8992,-8724,-268
10225,-6661,-3564
9792,-2994,-6798
7899,3481,-11380
4578,6736,-11314
660,8674,-9334
-4574,9908,-5334
-7722,9685,-1963
-9937,8175,1762
-10353,5214,5139
-9062,948,8114
-6773,-5156,11929
-3205,-7684,10889
1658,-9409,7751
6224,-10069,3845
8712,-9240,528
10238,-7317,-2921
9999,-3790,-6209
8406,763,-9169
5333,6105,-11438
1340,8452,-9792
-4578,9611,-5033
-7222,9570,-2348
-9528,8093,1435
-10056,5271,4785
-8893,1002,7891
-6348,-5238,11586
-2809,-7540,10349
3621,-9058,5437
6294,-9644,3350
8815,-8712,-103
10040,-6451,-3589
9479,-2743,-6736
7573,4302,-11875
4314,6674,-10988
445,8736,-9181
-5016,9735,-4719
-7920,9190,-1270
-9817,7647,2170
-10056,4562,5494
-8584,169,8415
-5874,-5473,11347
-2128,-7878,10006
5024,-9227,4203
6579,-9627,3048
9075,-8493,-582
10172,-6249,-3923
9586,-2516,-7070
7449,4929,-12378
3931,6983,-10914
45,8980,-9025
-5350,9945,-4595
-8010,9409,-1399
-9966,7763,2203
-10296,4710,5586
-8848,416,8432
-6199,-5354,11553
-2536,-7841,10377
3976,-9227,5251
6534,-9871,3337
9050,-8905,-145
10357,-6591,-3766
9718,-2920,-6798
7800,3869,-11669
4587,6748,-11335
573,8806,-9379
-4838,9908,-5070
-7825,9578,-1753
-9916,8085,1831
-10345,5209,5136
-9083,915,8168
-6550,-5172,11722
-2887,-7623,10510
2710,-9297,6587
6389,-9924,3535
8872,-9009,137
10234,-6888,-3346
9862,-3159,-6703
8134,2239,-10373
4842,6550,-11392
833,8707,-9540
-4508,9817,-5309
-7639,9594,-1955
-9838,8270,1568
-10267,5325,4942
-9132,1204,7928
-6616,-5148,11764
-3085,-7495,10580
1922,-9124,7202
6253,-9788,3535
8674,-8980,306
10213,-6917,-3296
9772,-3308,-6464
8035,2343,-10378
4789,6550,-11339
948,8629,-9577
-4533,9875,-5342
-7664,9384,-1720
-9747,7928,1819
-10180,5011,5169
-8967,829,8138
-6319,-5115,11434
-2656,-7598,10254
3613,-9103,5490
6385,-9747,3362
8889,-8848,-41
10172,-6513,-3659
9677,-2941,-6736
7821,3729,-11550
4525,6558,-11083
453,8732,-9185
-4727,9739,-5012
-7746,9248,-1502
-9821,7759,2062
-10073,4698,5375
-8674,515,8159
-5997,-5387,11384
-2338,-7783,10121
4863,-9083,4220
6624,-9582,2958
9124,-8481,-643
10151,-6158,-3993
9334,-2182,-7152
7264,5131,-12395
3663,7049,-10712
-127,8905,-8778
-5766,9772,-4006
-8204,9099,-895
-9937,7453,2484
-10007,4302,5705
-8596,4,8592
-5770,-5638,11408
-2087,-7932,10019
5098,-9285,4187
6798,-9747,2949
9301,-8687,-614
10258,-6142,-4116
9475,-2202,-7273
7441,5028,-12469
3910,7053,-10963
-66,9029,-8963
-5552,9961,-4409
-8072,9355,-1283
-9879,7680,2199
-10209,4747,5462
-8844,416,8428
-6055,-5350,11405
-2421,-7833,10254
4599,-9207,4608
6637,-9697,3060
9169,-8658,-511
10147,-6179,-3968
9359,-2252,-7107
7359,5086,-12445
3869,7008,-10877
-90,8910,-8820
-5473,9574,-4101
-7940,9091,-1151
-9747,7375,2372
-9916,4125,5791
-8435,-90,8525
-5469,-5869,11338
-1588,-8188,9776
5201,-9318,4117
7012,-9491,2479
9433,-8278,-1155
10184,-5671,-4513
9227,-1720,-7507
7115,5263,-12378
3456,7148,-10604
-528,9062,-8534
-5787,9838,-4051
-8229,9141,-912
-10023,7268,2755
-10023,3955,6068
-8497,-396,8893
-5630,-5944,11574
-1691,-8278,9969
5024,-9462,4438
7066,-9883,2817
9557,-8786,-771
10419,-6270,-4149
9636,-2421,-7215
7585,4950,-12535
4323,6917,-11240
239,9000,-9239
-5143,9928,-4785
-7977,9520,-1543
-9978,7874,2104
-10357,4945,5412
-8988,499,8489
-6232,-5354,11586
-2532,-7858,10390
3947,-9363,5416
6509,-10019,3510
9017,-8980,-37
10337,-6773,-3564
9875,-3064,-6811
8089,2784,-10873
4752,6575,-11327
841,8773,-9614
-4525,9928,-5403
-7668,9590,-1922
-9904,8204,1700
-10246,5222,5024
-9050,858,8192
-6459,-5234,11693
-2937,-7651,10588
2417,-9231,6814
6373,-9842,3469
8819,-8910,91
10217,-6901,-3316
9829,-3213,-6616
8101,2586,-10687
4888,6579,-11467
849,8670,-9519
-4566,9953,-5387
-7623,9594,-1971
-9846,8138,1708
-10267,5189,5078
-9116,973,8143
-6513,-5164,11677
-3003,-7639,10642
2215,-9334,7119
6344,-9879,3535
8819,-9017,198
10250,-7024,-3226
10036,-3477,-6559
8262,1988,-10250
5201,6327,-11528
1130,8580,-9710
-4323,9780,-5457
-7453,9648,-2195
-9813,8287,1526
-10304,5482,4822
-9211,1142,8069
-6765,-5110,11875
-3007,-7552,10559
1509,-9124,7615
6220,-9763,3543
8691,-8951,260
10073,-6793,-3280
9669,-3184,-6485
7701,2751,-10452
4261,6587,-10848
239,8662,-8901
-5077,9656,-4579
-7899,9223,-1324
-9834,7565,2269
-9945,4442,5503
-8501,70,8431
-5816,-5585,11401
-2079,-7965,10044
5094,-9339,4245
6732,-9801,3069
9223,-8674,-549
10333,-6402,-3931
9586,-2433,-7153
7651,4921,-12572
4133,6987,-11120
132,9025,-9157
-5181,10056,-4875
-7990,9487,-1497
-9949,7874,2075
-10320,4974,5346
-9042,684,8358
-6303,-5333,11636
-2644,-7800,10444
3774,-9260,5486
6393,-9862,3469
8996,-8806,-190
10197,-6604,-3593
9702,-2817,-6885
7693,4042,-11735
4380,6777,-11157
581,8806,-9387
-4764,9817,-5053
-7903,9306,-1403
-9796,7779,2017
-10069,4636,5433
-8699,350,8349
-5940,-5366,11306
-2347,-7755,10102
4958,-9079,4121
6661,-9433,2772
9141,-8373,-768
10073,-5931,-4142
9281,-2008,-7273
7103,5222,-12325
3535,7082,-10617
-387,9013,-8626
-5861,9751,-3890
-8204,9004,-800
-9953,7268,2685
-9966,3984,5982
-8427,-350,8777
-5622,-5911,11533
-1571,-8163,9734
5016,-9343,4327
7140,-9714,2574
9429,-8509,-920
10337,-5845,-4492
9330,-1922,-7408
7214,5284,-12498
3848,7169,-11017
-74,9227,-9153
-5597,9937,-4340
-8184,9367,-1183
-9957,7680,2277
-10263,4591,5672
-8769,177,8592
-5940,-5564,11504
-2239,-7998,10237
5020,-9413,4393
6703,-9916,3213
9215,-8786,-429
10349,-6414,-3935
9611,-2524,-7087
7684,4797,-12481
4215,6888,-11103
313,8930,-9243
-5156,9887,-4731
-7994,9376,-1382
-9982,7829,2153
-10164,4694,5470
-8794,379,8415
-6014,-5420,11434
-2409,-7924,10333
4978,-9219,4241
6439,-9834,3395
9182,-8848,-334
10341,-6492,-3849
9607,-2615,-6992
7701,4681,-12382
4413,6868,-11281
449,8864,-9313
-4912,9904,-4992
-7924,9413,-1489
-9883,7948,1935
-10312,4941,5371
-8955,651,8304
-6162,-5358,11520
-2499,-7854,10353
3815,-9301,5486
6501,-9949,3448
9079,-8819,-260
10370,-6620,-3750
9854,-2953,-6901
7932,3646,-11578
4582,6703,-11285
688,8724,-9412
-4537,9813,-5276
-7647,9421,-1774
-9829,7998,1831
-10176,5049,5127
-8893,804,8089
-6249,-5181,11430
-2454,-7705,10159
4372,-9079,4707
6591,-9615,3024
9149,-8559,-590
10188,-6204,-3984
9458,-2409,-7049
7301,5007,-12308
3869,6855,-10724
61,8856,-8917
-5403,9570,-4167
-7936,9083,-1147
-9796,7404,2392
-9821,4104,5717
-8229,-325,8554
-5449,-5898,11347
-1571,-8105,9676
4739,-9405,4666
7041,-9512,2471
9388,-8245,-1143
10126,-5622,-4504
9070,-1497,-7573
6851,5209,-12060
3196,7330,-10526
-1307,9136,-7829
-6039,9846,-3807
-8534,9021,-487
-10060,7156,2904
-10114,3898,6216
-8542,-552,9094
-5643,-6150,11793
-1786,-8349,10135
5131,-9545,4414
6822,-9924,3102
9372,-8666,-706
10308,-6286,-4022
9433,-2248,-7185
7486,5077,-12563
4141,6950,-11091
-4,8996,-8992
-5432,9735,-4303
-8002,9194,-1192
-9850,7573,2277
-10007,4244,5763
-8522,-16,8538
-5651,-5663,11314
-1827,-8027,9854
5325,-9215,3890
6868,-9541,2673
9227,-8250,-977
10085,-5836,-4249
9182,-1769,-7413
7082,5119,-12201
3378,7111,-10489
-693,8980,-8287
-5911,9730,-3819
-8357,8839,-482
-9953,6996,2957
-9875,3658,6217
-8262,-1006,9268
-5346,-6072,11418
-1221,-8324,9545
4698,-9446,4748
7260,-9586,2326
9495,-8324,-1171
10172,-5589,-4583
9161,-1501,-7660
6987,5263,-12250
3411,7387,-10798
-833,9186,-8353
-6051,9933,-3882
-8468,9182,-714
-10114,7326,2788
-10230,4240,5990
-8666,-189,8855
-5758,-5762,11520
-1926,-8130,10056
5160,-9438,4278
6822,-9912,3090
9376,-8654,-722
10287,-6204,-4083
9574,-2363,-7211
7618,5011,-12629
3960,7090,-11050
33,9075,-9108
-5366,10023,-4657
-8097,9466,-1369
-10077,7911,2166
-10242,4694,5548
-8910,449,8461
-6175,-5403,11578
-2627,-7841,10468
4030,-9359,5329
6492,-9970,3478
9124,-8905,-219
10411,-6835,-3576
9904,-3073,-6831
8151,3514,-11665
4908,6567,-11475
812,8806,-9618
-4500,10036,-5536
-7651,9697,-2046
-9887,8291,1596
-10444,5544,4900
-9330,1320,8010
-6843,-5049,11892
-3308,-7478,10786
1200,-9281,8081
6199,-9961,3762
8699,-9000,301
10209,-7115,-3094
9978,-3427,-6551
8196,1897,-10093
5061,6336,-11397
915,8637,-9552
-4455,9763,-5308
-7610,9582,-1972
-9846,8270,1576
-10304,5226,5078
-9153,1138,8015
-6649,-5148,11797
-2945,-7585,10530
1951,-9215,7264
6377,-9842,3465
8778,-8967,189
10225,-7029,-3196
9928,-3456,-6472
8093,1736,-9829
4756,6517,-11273
792,8691,-9483
-4504,9788,-5284
-7627,9491,-1864
-9784,8068,1716
-10106,4962,5144
-8736,627,8109
-6257,-5152,11409
-2561,-7726,10287
3955,-9120,5165
6459,-9640,3181
9009,-8650,-359
10184,-6406,-3778
9442,-2524,-6918
7425,4933,-12358
3955,6934,-10889
53,8947,-9000
-5358,9788,-4430
-8093,9186,-1093
-9887,7515,2372
-10168,4479,5689
-8745,239,8506
-5882,-5630,11512
-2153,-7961,10114
5094,-9343,4249
6670,-9924,3254
9339,-8666,-673
10370,-6373,-3997
9664,-2446,-7218
7746,4830,-12576
4628,6843,-11471
635,9095,-9730
-4702,10048,-5346
-7763,9702,-1939
-9891,8311,1580
-10349,5325,5024
-9062,940,8122
-6509,-5209,11718
-2825,-7540,10365
2722,-9149,6427
6422,-9660,3238
8926,-8654,-272
10106,-6397,-3709
9578,-2685,-6893
7569,4607,-12176
4079,6765,-10844
86,8844,-8930
-5238,9730,-4492
-7899,9099,-1200
-9768,7486,2282
-10015,4364,5651
-8485,37,8448
-5688,-5671,11359
-1798,-8047,9845
5238,-9186,3948
6864,-9669,2805
9388,-8443,-945
10197,-5890,-4307
9235,-1856,-7379
7194,5321,-12515
3667,7103,-10770
-123,9000,-8877
-5803,9755,-3952
-8299,9079,-780
-9990,7260,2730
-10085,4059,6026
-8505,-309,8814
-5568,-5968,11536
-1678,-8241,9919
5139,-9631,4492
6987,-10077,3090
9417,-8806,-611
10456,-6352,-4104
9706,-2454,-7252
7783,4842,-12625
4302,6913,-11215
391,9037,-9428
-5098,10023,-4925
-7986,9491,-1505
-10023,8014,2009
-10263,4863,5400
-9017,594,8423
-6249,-5412,11661
-2611,-7895,10506
3980,-9281,5301
6505,-9945,3440
9050,-8934,-116
10341,-6810,-3531
9759,-2941,-6818
8043,3658,-11701
4710,6649,-11359
660,8815,-9475
-4628,9933,-5305
-7746,9466,-1720
-9895,8072,1823
-10337,5007,5330
-9013,655,8358
-6265,-5222,11487
-2635,-7771,10406
3588,-9244,5656
6393,-9908,3515
9029,-8811,-218
10291,-6736,-3555
9817,-3015,-6802
7870,3675,-11545
4747,6587,-11334
693,8769,-9462
-4591,9846,-5255
-7812,9413,-1601
-9858,8039,1819
-10287,4954,5333
-9017,734,8283
-6393,-5222,11615
-2701,-7783,10484
3894,-9194,5300
6451,-9916,3465
9025,-8905,-120
10349,-6608,-3741
9842,-3027,-6815
7862,3485,-11347
4549,6674,-11223
651,8736,-9387
-4780,9875,-5095
-7792,9388,-1596
-9809,8002,1807
-10184,5020,5164
-8782,499,8283
-6109,-5313,11422
-2536,-7759,10295
4310,-9198,4888
6641,-9669,3028
9095,-8571,-524
10164,-6356,-3808
9289,-2310,-6979
7301,4983,-12284
3704,6983,-10687
-53,8967,-8914
-5713,9710,-3997
-8225,8976,-751
-9871,7222,2649
-9974,3819,6155
-8423,-371,8794
-5548,-6018,11566
-1658,-8229,9887
5065,-9483,4418
6938,-9788,2850
9454,-8468,-986
10312,-6034,-4278
9384,-1963,-7421
7313,5205,-12518
3881,7169,-11050
-165,9124,-8959
-5638,9916,-4278
-8200,9405,-1205
-10098,7639,2459
-10254,4533,5721
-8802,107,8695
-5985,-5638,11623
-2248,-8010,10258
4950,-9363,4413
6678,-9809,3131
9149,-8670,-479
10300,-6402,-3898
9619,-2569,-7050
7664,4789,-12453
4075,6822,-10897
144,8922,-9066
-5374,9809,-4435
-8023,9050,-1027
-9809,7429,2380
-9924,4199,5725
-8365,-103,8468
-5618,-5721,11339
-1678,-8031,9709
4859,-9260,4401
7033,-9508,2475
9438,-8270,-1168
10118,-5523,-4595
8976,-1381,-7595
6666,5230,-11896
3188,7371,-10559
-1452,9182,-7730
-6175,9834,-3659
-8505,9037,-532
-10106,7247,2859
-10069,3877,6192
-8452,-754,9206
-5544,-6084,11628
-1612,-8295,9907
5086,-9570,4484
7049,-9895,2846
9590,-8646,-944
10341,-5729,-4612
9372,-1596,-7776
7544,5267,-12811
3931,7111,-11042
-268,9339,-9071
-5927,10023,-4096
-8064,9425,-1361
-10172,7602,2570
-10151,4252,5899
-8877,280,8597
-6076,-5420,11496
-2330,-7969,10299
4925,-9293,4368
6616,-9924,3308
9475,-8679,-796
10366,-6199,-4167
9594,-2487,-7107
7569,5201,-12770
4389,6872,-11261
363,8918,-9281
-5478,9966,-4488
-7948,9475,-1527
-9941,7969,1972
-10324,4599,5725
-8996,635,8361
-5919,-5680,11599
-2664,-7841,10505
4013,-9355,5342
6715,-9941,3226
9112,-8963,-149
10390,-6748,-3642
9974,-3114,-6860
8064,3213,-11277
4401,6864,-11265
787,8773,-9560
-4533,9912,-5379
-7948,9594,-1646
-10003,7986,2017
-10345,4892,5453
-9256,1101,8155
-6397,-5300,11697
-3044,-7656,10700
3795,-9334,5539
6393,-9875,3482
9136,-9000,-136
10320,-7020,-3300
10048,-3481,-6567
8299,1728,-10027
4962,6501,-11463
1002,8617,-9619
-4537,9879,-5342
-7536,9664,-2128
-9871,8270,1601
-10316,5119,5197
-9161,1159,8002
-6369,-5185,11554
-3106,-7594,10700
2066,-9339,7273
6377,-9867,3490
8806,-9013,207
10333,-6789,-3544
9702,-2805,-6897
7742,3799,-11541
4257,6855,-11112
800,8732,-9532
-4954,9780,-4826
-7643,9363,-1720
-9780,7573,2207
-10077,4846,5231
-8811,540,8271
-5985,-5449,11434
-2260,-7891,10151
5313,-9380,4067
6649,-9722,3073
9235,-8563,-672
10254,-5923,-4331
9528,-2384,-7144
7532,5082,-12614
3770,7206,-10976
136,9046,-9182
-5259,9829,-4570
-8349,9347,-998
-10089,7676,2413
-10300,4389,5911
-8806,0,8806
-5902,-5799,11701
-2128,-8118,10246
5131,-9409,4278
6740,-9895,3155
9273,-8835,-438
10415,-6352,-4063
9751,-2578,-7173
7693,4896,-12589
4191,6888,-11079
132,9029,-9161
-5259,9858,-4599
-7948,9380,-1432
-9949,7643,2306
-10201,4463,5738
-8662,53,8609
-5849,-5737,11586
-1971,-8039,10010
5201,-9301,4100
6806,-9772,2966
9392,-8621,-771
10254,-6084,-4170
9289,-2004,-7285
7293,5238,-12531
3638,7057,-10695
-90,9025,-8935
-5894,9739,-3845
-8419,9037,-618
-9990,7214,2776
-10052,3877,6175
-8373,-825,9198
-5432,-6096,11528
-1452,-8307,9759
4706,-9557,4851
7053,-9714,2661
9466,-8431,-1035
10209,-5803,-4406
9277,-1806,-7471
7045,5226,-12271
3440,7313,-10753
-858,9174,-8316
-6100,9850,-3750
-8431,9161,-730
-10143,7342,2801
-10011,3844,6167
-8485,-594,9079
-5531,-6158,11689
-1633,-8349,9982
5073,-9466,4393
6987,-9792,2805
9479,-8600,-879
10345,-6076,-4269
9322,-1918,-7404
7338,5255,-12593
3720,7210,-10930
-111,9202,-9091
-5816,9974,-4158
-8369,9227,-858
-10110,7499,2611
-10242,4137,6105
-8765,-16,8781
-5742,-5861,11603
-2083,-8109,10192
5160,-9442,4282
6851,-9974,3123
9351,-8782,-569
10411,-6336,-4075
9718,-2508,-7210
7676,4937,-12613
4195,6950,-11145
210,9087,-9297
-5255,9953,-4698
-8076,9409,-1333
-10019,7788,2231
-10275,4702,5573
-8901,391,8510
-6154,-5482,11636
-2347,-7911,10258
4797,-9293,4496
6661,-9933,3272
9388,-8914,-474
10469,-6505,-3964
9961,-2726,-7235
7887,4818,-12705
4368,7066,-11434
445,9149,-9594
-4954,10477,-5523
-8113,10555,-2442
-10390,8881,1509
-10910,6072,4838
-9986,1897,8089
-7858,-5226,13084
-4310,-7313,11623
-288,-9528,9816
5412,-10448,5036
8349,-9924,1575
10485,-8373,-2112
10836,-5131,-5705
9400,-651,-8749
6612,5461,-12073
2887,8155,-11042
-3390,9805,-6415
-6538,10584,-4046
-9285,9532,-247
-10700,7486,3214
-10522,3815,6707
-8769,-1060,9829
-5647,-6397,12044
-1439,-8823,10262
4768,-10114,5346
7524,-10056,2532
10023,-8608,-1415
10498,-5568,-4930
9405,-1291,-8114
7045,5160,-12205
3287,7862,-11149
-1975,9565,-7590
-6327,10283,-3956
-9029,9570,-541
-10663,7581,3082
-10580,3918,6662
-8881,-1179,10060
-5688,-6484,12172
-1559,-8881,10440
4904,-10230,5326
7540,-10316,2776
10065,-9033,-1032
11083,-6340,-4743
10283,-2363,-7920
8097,5255,-13352
4261,7330,-11591
235,9561,-9796
-5391,10646,-5255
-8497,10065,-1568
-10506,8439,2067
-10939,5160,5779
-9475,565,8910
-6666,-5531,12197
-2623,-8274,10897
4096,-9735,5639
6859,-10456,3597
9545,-9334,-211
10803,-6930,-3873
9937,-2652,-7285
7796,4657,-12453
4434,7181,-11615
127,9384,-9511
-5453,10230,-4777
-8382,9681,-1299
-10353,7878,2475
-10564,4632,5932
-9087,33,9054
-6014,-5808,11822
-1996,-8489,10485
5222,-9780,4558
7227,-10275,3048
9842,-9004,-838
10774,-6327,-4447
9920,-2219,-7701
7717,5399,-13116
3852,7445,-11297
-185,9615,-9430
-6034,10362,-4328
-8596,9792,-1196
-10580,8043,2537
-10650,4347,6303
-9116,-28,9144
-6096,-6010,12106
-2120,-8580,10700
5222,-9895,4673
7029,-10477,3448
9821,-9314,-507
11005,-6880,-4125
10217,-2664,-7553
8254,4875,-13129
4727,7194,-11921
457,9512,-9969
-5061,10580,-5519
-8299,10106,-1807
-10428,8460,1968
-10997,5267,5730
-9615,730,8885
-6678,-5445,12123
-2965,-8245,11210
3745,-9887,6142
6802,-10543,3741
9479,-9504,25
10898,-7243,-3655
10605,-3390,-7215
8629,2503,-11132
5300,6785,-12085
1018,9215,-10233
-4607,10452,-5845
-7994,10217,-2223
-10456,8782,1674
-11001,5779,5222
-9883,1340,8543
-7342,-5300,12642
-3333,-8002,11335
1398,-9784,8386
6505,-10535,4030
9194,-9710,516
10832,-7594,-3238
10617,-3927,-6690
8955,1014,-9969
5403,6583,-11986
1258,8980,-10238
-4483,10432,-5949
-7895,10291,-2396
-10357,8835,1522
-10873,5692,5181
-9681,1274,8407
-7255,-5247,12502
-3423,-7891,11314
1749,-9867,8118
6583,-10547,3964
9141,-9681,540
10844,-7697,-3147
10609,-3865,-6744
8864,1105,-9969
5449,6529,-11978
1295,8963,-10258
-4529,10279,-5750
-7701,10159,-2458
-10209,8646,1563
-10753,5667,5086
-9611,1171,8440
-6851,-5370,12221
-3007,-8010,11017
3163,-9652,6489
6567,-10329,3762
9347,-9264,-83
10650,-6958,-3692
10081,-3069,-7012
8047,4013,-12060
4582,6996,-11578
202,9372,-9574
-5222,10258,-5036
-8336,9751,-1415
-10436,8064,2372
-10671,4665,6006
-9165,107,9058
-6084,-5902,11986
-2231,-8456,10687
5176,-9883,4707
7029,-10494,3465
9702,-9260,-442
10894,-6826,-4068
10366,-2858,-7508
8316,4368,-12684
4615,7189,-11804
412,9458,-9870
-5226,10617,-5391
-8373,10258,-1885
-10597,8547,2050
-11013,5387,5626
-9644,816,8828
-7016,-5370,12386
-3114,-8155,11269
2223,-9730,7507
6591,-10423,3832
9260,-9454,194
10749,-7313,-3436
10118,-3205,-6913
7854,3832,-11686
4603,7045,-11648
255,9343,-9598
-5370,10337,-4967
-8328,9772,-1444
-10366,8019,2347
-10716,4871,5845
-9112,177,8935
-6171,-5696,11867
-2219,-8332,10551
5156,-9751,4595
7045,-10263,3218
9735,-9075,-660
10720,-6484,-4236
9904,-2178,-7726
7668,5366,-13034
3795,7528,-11323
-218,9648,-9430
-6014,10411,-4397
-8745,9656,-911
-10564,7841,2723
-10564,4500,6064
-9095,-33,9128
-6076,-5985,12061
-2013,-8481,10494
5321,-9751,4430
7156,-10324,3168
9883,-9025,-858
10848,-6402,-4446
9994,-2223,-7771
7862,5399,-13261
4079,7511,-11590
-45,9648,-9603
-5775,10564,-4789
-8501,9982,-1481
-10543,8307,2236
-10964,5049,5915
-9429,404,9025
-6369,-5655,12024
-2557,-8361,10918
4603,-9883,5280
6979,-10539,3560
9689,-9396,-293
11042,-6868,-4174
10469,-2928,-7541
8410,4281,-12691
4838,7119,-11957
680,9367,-10047
-4863,10547,-5684
-8287,10172,-1885
-10551,8683,1868
-11017,5527,5490
-9743,985,8758
-7024,-5354,12378
-2994,-8167,11161
2528,-9780,7252
6657,-10568,3911
9495,-9619,124
10918,-7334,-3584
10593,-3539,-7054
8753,2000,-10753
5292,6802,-12094
1018,9153,-10171
-4644,10415,-5771
-7998,10230,-2232
-10382,8691,1691
-10848,5610,5238
-9524,1068,8456
-7029,-5284,12313
-3163,-7981,11144
2722,-9792,7070
6703,-10329,3626
9413,-9425,12
10857,-7128,-3729
10341,-3114,-7227
8419,3733,-12152
4735,7012,-11747
655,9301,-9956
-4925,10423,-5498
-8225,10019,-1794
-10357,8468,1889
-10803,5255,5548
-9557,796,8761
-6587,-5502,12089
-2788,-8163,10951
4001,-9714,5713
6773,-10399,3626
9528,-9334,-194
10745,-6963,-3782
10159,-2842,-7317
8126,4450,-12576
4587,7062,-11649
350,9347,-9697
-5271,10287,-5016
-8324,9805,-1481
-10324,8130,2194
-10650,4805,5845
-9120,148,8972
-6150,-5853,12003
-2074,-8452,10526
5449,-9805,4356
7194,-10176,2982
9834,-8930,-904
10774,-6307,-4467
10040,-2215,-7825
7779,5304,-13083
3918,7383,-11301
-115,9549,-9434
-5973,10407,-4434
-8600,9747,-1147
-10555,7837,2718
-10766,4496,6270
-9058,-169,9227
-6113,-6179,12292
-1922,-8683,10605
5201,-10011,4810
7309,-10518,3209
9957,-9388,-569
11038,-6666,-4372
10168,-2681,-7487
8076,4896,-12972
4587,7144,-11731
371,9491,-9862
-5292,10378,-5086
-8402,9796,-1394
-10353,8167,2186
-10712,4772,5940
-9178,156,9022
-6026,-5940,11966
-2211,-8394,10605
5247,-9838,4591
7177,-10238,3061
9809,-9054,-755
10659,-6265,-4394
9780,-2050,-7730
7602,5420,-13022
3786,7458,-11244
-346,9565,-9219
-6142,10205,-4063
-8856,9471,-615
-10555,7618,2937
-10469,3856,6613
-8844,-886,9730
-5638,-6426,12064
-1621,-8716,10337
4900,-10085,5185
7437,-10238,2801
9978,-8988,-990
10865,-6336,-4529
9784,-1843,-7941
7598,5420,-13018
3749,7631,-11380
-346,9697,-9351
-6208,10481,-4273
-8852,9685,-833
-10613,7928,2685
-10857,4455,6402
-9211,-94,9305
-6047,-6129,12176
-2285,-8600,10885
5197,-10056,4859
7024,-10646,3622
9817,-9405,-412
10968,-6917,-4051
10386,-2883,-7503
8270,4426,-12696
4673,7177,-11850
412,9553,-9965
-5271,10609,-5338
-8435,10069,-1634
-10626,8505,2121
-10984,5341,5643
-9656,709,8947
-6872,-5395,12267
-3007,-8229,11236
2656,-9854,7198
6674,-10580,3906
9450,-9648,198
10943,-7433,-3510
10646,-3576,-7070
8674,2046,-10720
5209,6876,-12085
891,9285,-10176
-4760,10555,-5795
-8093,10341,-2248
-10436,8790,1646
-10989,5696,5293
-9743,1221,8522
-7284,-5259,12543
-3481,-7891,11372
1332,-9821,8489
6492,-10514,4022
9240,-9706,466
10873,-7676,-3197
10576,-3646,-6930
8811,1612,-10423
5259,6810,-12069
1084,9182,-10266
-4537,10465,-5928
-7957,10494,-2537
-10436,8938,1498
-11121,5985,5136
-10048,1625,8423
-7445,-5511,12956
-3749,-7825,11574
701,-9867,9166
6344,-10638,4294
9050,-9933,883
10766,-7837,-2929
10803,-4273,-6530
9120,478,-9598
5935,6377,-12312
1678,8918,-10596
-4764,10254,-5490
-7511,10432,-2921
-10197,9132,1065
-10980,6261,4719
-10003,1918,8085
-7618,-5473,13091
-3576,-7660,11236
746,-9594,8848
6397,-10093,3696
9009,-9182,173
10613,-7004,-3609
10296,-3192,-7104
8283,3613,-11896
4780,6958,-11738
618,9231,-9849
-4950,10477,-5527
-8303,10110,-1807
-10432,8398,2034
-10877,5267,5610
-9442,581,8861
-6793,-5515,12308
-2780,-8287,11067
3943,-9842,5899
6806,-10609,3803
9586,-9545,-41
11022,-7297,-3725
10485,-3258,-7227
8608,2718,-11326
5222,6876,-12098
1130,9248,-10378
-4677,10481,-5804
-8019,10300,-2281
-10399,8740,1659
-10980,5820,5160
-9834,1328,8506
-7181,-5304,12485
-3382,-7915,11297
1971,-9854,7883
6591,-10510,3919
9264,-9541,277
10741,-7387,-3354
10341,-3502,-6839
8571,2305,-10876
4929,6814,-11743
812,9120,-9932
-4822,10362,-5540
-8056,9796,-1740
-10287,8344,1943
-10613,4950,5663
-9190,462,8728
-6311,-5614,11925
-2347,-8377,10724
4995,-9710,4715
6880,-10362,3482
9759,-9095,-664
10770,-6694,-4076
9957,-2425,-7532
7981,5082,-13063
4318,7239,-11557
132,9483,-9615
-5519,10456,-4937
-8514,9854,-1340
-10498,8171,2327
-10877,4752,6125
-9281,140,9141
-6224,-5820,12044
-2479,-8460,10939
5176,-9994,4818
7008,-10795,3787
9755,-9495,-260
11005,-7148,-3857
10580,-3246,-7334
8514,3592,-12106
5053,6888,-11941
771,9322,-10093
-4727,10485,-5758
-8118,10106,-1988
-10469,8641,1828
-10939,5329,5610
-9627,820,8807
-6831,-5420,12251
-2854,-8196,11050
3733,-9834,6101
6661,-10531,3870
9433,-9598,165
10976,-7350,-3626
10572,-3510,-7062
8703,2128,-10831
5267,6769,-12036
928,9174,-10102
-4780,10456,-5676
-8064,10213,-2149
-10390,8674,1716
-10931,5539,5392
-9627,1031,8596
-6963,-5395,12358
-3196,-8113,11309
2561,-9953,7392
6645,-10605,3960
9355,-9656,301
10898,-7561,-3337
10659,-3712,-6947
8835,1245,-10080
5366,6641,-12007
1212,9087,-10299
-4591,10436,-5845
-7924,10275,-2351
-10378,8786,1592
-11030,5680,5350
-9805,1287,8518
-7029,-5387,12416
-3295,-8056,11351
2413,-9821,7408
6501,-10555,4054
9240,-9652,412
10799,-7412,-3387
10415,-3559,-6856
8559,2041,-10600
5185,6736,-11921
969,9099,-10068
-4822,10139,-5317
-8035,9627,-1592
-10283,8010,2273
-10593,4694,5899
-9153,251,8902
-6216,-5779,11995
-2182,-8431,10613
5098,-9788,4690
7012,-10357,3345
9598,-9190,-408
10749,-6587,-4162
10048,-2631,-7417
7924,4954,-12878
4174,7119,-11293
-57,9409,-9352
-5758,10254,-4496
-8592,9487,-895
-10423,7499,2924
-10448,3852,6596
-8745,-936,9681
-5729,-6426,12155
-1460,-8798,10258
4756,-10089,5333
7491,-10440,2949
10118,-9103,-1015
10906,-6385,-4521
9829,-1971,-7858
7684,5428,-13112
4026,7519,-11545
-140,9710,-9570
-6204,10485,-4281
-8893,9792,-899
-10716,7870,2846
-10914,4611,6303
-9256,-86,9342
-6241,-6018,12259
-2343,-8472,10815
5119,-10040,4921
6884,-10605,3721
9607,-9322,-285
10667,-6789,-3878
9941,-2553,-7388
7944,4995,-12939
4017,7354,-11371
-189,9598,-9409
-6001,10395,-4394
-8662,9714,-1052
-10576,7981,2595
-10626,4413,6213
-9116,-136,9252
-6018,-5981,11999
-2157,-8406,10563
5255,-9702,4447
7057,-10143,3086
9796,-8980,-816
10663,-6274,-4389
9483,-1773,-7710
7305,5288,-12593
3502,7730,-11232
-1249,9656,-8407
-6402,10395,-3993
-8872,9532,-660
-10659,7664,2995
-10667,4120,6547
-8943,-528,9471
-5787,-6340,12127
-1806,-8575,10381
5354,-9974,4620
7416,-10238,2822
9928,-8984,-944
10956,-6237,-4719
10007,-1988,-8019
7614,5354,-12968
3906,7676,-11582
-111,9780,-9669
-6055,10634,-4579
-8736,9986,-1250
-10683,8320,2363
-10902,4908,5994
-9413,338,9075
-6513,-5589,12102
-2569,-8373,10942
4875,-9805,4930
6925,-10498,3573
9834,-9330,-504
11026,-6901,-4125
10407,-2833,-7574
8295,4694,-12989
4603,7239,-11842
495,9446,-9941
-5106,10605,-5499
-8361,10246,-1885
-10560,8658,1902
-10989,5556,5433
-9669,924,8745
-7095,-5346,12441
-3097,-8221,11318
2817,-9970,7153
6715,-10617,3902
9516,-9693,177
11050,-7524,-3526
10683,-3543,-7140
8844,1914,-10758
5436,6789,-12225
1233,9062,-10295
-4554,10502,-5948
-7920,10353,-2433
-10341,8955,1386
-11013,5973,5040
-9858,1518,8340
-7297,-5420,12717
-3361,-7936,11297
1654,-9817,8163
6554,-10510,3956
9264,-9673,409
10861,-7507,-3354
10564,-3671,-6893
8765,1860,-10625
5453,6719,-12172
1233,9141,-10374
-4599,10353,-5754
-7833,10201,-2368
-10275,8872,1403
-10984,5841,5143
-9743,1390,8353
-7206,-5259,12465
-3378,-7837,11215
1472,-9813,8341
6661,-10399,3738
9227,-9433,206
10770,-7247,-3523
10494,-3465,-7029
8559,2425,-10984
5040,6773,-11813
734,9153,-9887
-4591,10395,-5804
-7990,10023,-2033
-10324,8431,1893
-10725,5172,5553
-9376,614,8762
-6476,-5469,11945
-2495,-8299,10794
4830,-9702,4872
6938,-10411,3473
9656,-9260,-396
10890,-6699,-4191
10172,-2693,-7479
8064,4879,-12943
4496,7177,-11673
350,9438,-9788
-5482,10440,-4958
-8456,9961,-1505
-10568,8167,2401
-10943,5044,5899
-9454,305,9149
-6430,-5750,12180
-2516,-8476,10992
4331,-10168,5837
6905,-11026,4121
9582,-9685,103
10964,-7268,-3696
10494,-3382,-7112
8749,2417,-11166
5148,6810,-11958
870,9194,-10064
-4686,10428,-5742
-8072,9994,-1922
-10382,8518,1864
-10704,5102,5602
-9355,651,8704
-6505,-5572,12077
-2611,-8241,10852
4702,-9644,4942
6798,-10304,3506
9574,-9223,-351
10716,-6835,-3881
9953,-2619,-7334
7990,4962,-12952
4331,7169,-11500
-20,9520,-9500
-5721,10341,-4620
-8571,9590,-1019
-10452,7866,2586
-10654,4389,6265
-9070,-115,9185
-5944,-6030,11974
-1947,-8522,10469
5209,-9924,4715
7189,-10263,3074
9862,-9042,-820
10815,-6319,-4496
9928,-2091,-7837
7676,5440,-13116
3960,7462,-11422
-202,9664,-9462
-6043,10444,-4401
-8794,9829,-1035
-10749,8002,2747
-10885,4578,6307
-9343,12,9331
-6451,-5898,12349
-2759,-8563,11322
4104,-10126,6022
6851,-10609,3758
9636,-9582,-54
10951,-7202,-3749
10378,-3106,-7272
8419,3757,-12176
4764,7033,-11797
594,9355,-9949
-5131,10613,-5482
-8357,10192,-1835
-10547,8608,1939
-10943,5296,5647
-9520,709,8811
-6938,-5300,12238
-3089,-8138,11227
2607,-9858,7251
6620,-10510,3890
9367,-9598,231
10972,-7375,-3597
10481,-3407,-7074
8613,2582,-11195
5032,6897,-11929
775,9330,-10105
-4838,10576,-5738
-8320,10209,-1889
-10469,8658,1811
-11034,5486,5548
-9714,1109,8605
-7020,-5341,12361
-3275,-8047,11322
2062,-9768,7706
6496,-10461,3965
9293,-9578,285
10807,-7449,-3358
10341,-3382,-6959
8460,3044,-11504
5028,6851,-11879
705,9334,-10039
-4851,10498,-5647
-8274,10139,-1865
-10469,8621,1848
-10956,5346,5610
-9603,800,8803
-6888,-5341,12229
-3122,-8039,11161
2215,-9801,7586
6678,-10432,3754
9314,-9442,128
10877,-7235,-3642
10399,-3242,-7157
8439,2990,-11429
4838,6958,-11796
627,9268,-9895
-4954,10539,-5585
-8245,9937,-1692
-10374,8328,2046
-10712,5094,5618
-9297,424,8873
-6509,-5535,12044
-2479,-8386,10865
5143,-9801,4658
7070,-10444,3374
9871,-9388,-483
11162,-6859,-4303
10510,-2866,-7644
8481,4566,-13047
5865,7024,-12889
1654,9735,-11389
-5040,10621,-5581
-7705,10791,-3086
-10564,9388,1176
-11405,6649,4756
-10642,2392,8250
-8406,-5383,13789
-4599,-7598,12197
-424,-10011,10435
5416,-11170,5754
8753,-10749,1996
10980,-9075,-1905
11558,-5857,-5701
10423,-1336,-9087
7804,5416,-13220
3778,8262,-12040
-862,10366,-9504
-6513,11149,-4636
-9297,10617,-1320
-11314,8571,2743
-11397,4962,6435
-9858,152,9706
-6670,-6063,12733
-2553,-8860,11413
5164,-10362,5198
7165,-10972,3807
10176,-9772,-404
11294,-7210,-4084
10271,-2512,-7759
8316,5119,-13435
4417,7647,-12064
78,9891,-9969
-5874,10877,-5003
-8893,10205,-1312
-10984,8406,2578
-11269,4879,6390
-9652,33,9619
-6369,-6171,12540
-2343,-8852,11195
5284,-10403,5119
7359,-11034,3675
10230,-9759,-471
11525,-7128,-4397
10956,-3007,-7949
8745,4455,-13200
5007,7392,-12399
602,9904,-10506
-5201,11079,-5878
-8662,10737,-2075
-11075,9062,2013
-11591,5779,5812
-10246,1043,9203
-7420,-5577,12997
-3411,-8481,11892
2029,-10423,8394
6859,-11228,4369
9689,-10374,685
11459,-8138,-3321
11310,-4211,-7099
9561,726,-10287
6014,6802,-12816
1625,9343,-10968
-4809,10865,-6056
-8056,10956,-2900
-10803,9574,1229
-11595,6430,5165
-10498,1996,8502
-8142,-5341,13483
-4083,-7948,12031
152,-10271,10119
6426,-11121,4695
9347,-10399,1052
11269,-8390,-2879
11343,-4558,-6785
9656,218,-9874
6204,6517,-12721
1864,9277,-11141
-5016,10704,-5688
-7771,11059,-3288
-10741,9570,1171
-11632,6740,4892
-10700,2244,8456
-8386,-5523,13909
-4195,-7994,12189
45,-10242,10197
6171,-11137,4966
9211,-10527,1316
11211,-8526,-2685
11418,-4892,-6526
9796,-4,-9792
6637,6261,-12898
2281,9062,-11343
-5304,10481,-5177
-7478,11092,-3614
-10551,9904,647
-11686,7078,4608
-10840,2607,8233
-8464,-5374,13838
-4558,-7792,12350
-210,-10168,10378
5919,-11182,5263
9046,-10411,1365
11092,-8505,-2587
11438,-5011,-6427
9821,-210,-9611
6496,6191,-12687
2322,8877,-11199
-5337,10510,-5173
-7491,11042,-3551
-10547,9644,903
-11574,6773,4801
-10580,2277,8303
-8307,-5502,13809
-4153,-7895,12048
-57,-10102,10159
6282,-10984,4702
9153,-10254,1101
11100,-8398,-2702
11149,-4562,-6587
9334,420,-9754
6006,6505,-12511
1551,9165,-10716
-5028,10605,-5577
-8093,10630,-2537
-10762,9042,1720
-11422,5882,5540
-10263,1361,8902
-7412,-5486,12898
-3452,-8336,11788
1827,-10448,8621
6715,-11314,4599
9631,-10357,726
11269,-8179,-3090
11158,-4215,-6943
9545,672,-10217
5960,6657,-12617
1452,9400,-10852
-4999,10852,-5853
-8093,10869,-2776
-10848,9466,1382
-11545,6232,5313
-10423,1687,8736
-7854,-5494,13348
-3762,-8245,12007
754,-10316,9562
6529,-11013,4484
9330,-10246,916
11228,-8138,-3090
11170,-4335,-6835
9392,589,-9981
6047,6616,-12663
1468,9289,-10757
-4838,10795,-5957
-8134,10745,-2611
-10758,9235,1523
-11475,6059,5416
-10283,1501,8782
-7544,-5407,12951
-3531,-8245,11776
1196,-10234,9038
6694,-10852,4158
9578,-9949,371
11207,-7689,-3518
10935,-3770,-7165
9029,2062,-11091
5519,6958,-12477
882,9582,-10464
-4871,10918,-6047
-8431,10650,-2219
-10956,8976,1980
-11393,5643,5750
-10114,1101,9013
-7231,-5523,12754
-3225,-8410,11635
2343,-10263,7920
6888,-11013,4125
9776,-10027,251
11397,-7684,-3713
11075,-3687,-7388
9075,2293,-11368
5469,7161,-12630
994,9677,-10671
-4921,10989,-6068
-8547,10811,-2264
-10972,9227,1745
-11545,6010,5535
-10296,1394,8902
-7722,-5362,13084
-3716,-8262,11978
1122,-10337,9215
6682,-11092,4410
9557,-10205,648
11397,-8085,-3312
11236,-4112,-7124
9367,1167,-10534
5808,6958,-12766
1365,9520,-10885
-4698,10984,-6286
-8151,11022,-2871
-10819,9532,1287
-11719,6501,5218
-10560,1988,8572
-8122,-5539,13661
-4133,-7986,12119
140,-10362,10222
6360,-11096,4736
9322,-10403,1081
11261,-8324,-2937
11335,-4488,-6847
9669,251,-9920
6232,6538,-12770
1823,9252,-11075
-5032,10720,-5688
-7829,10931,-3102
-10720,9611,1109
-11628,6789,4839
-10555,2079,8476
-8237,-5585,13822
-4153,-7944,12097
74,-10242,10168
6414,-11030,4616
9380,-10188,808
11195,-8142,-3053
11257,-4426,-6831
9491,647,-10138
6121,6521,-12642
1666,9310,-10976
-4768,10741,-5973
-7779,10968,-3189
-10720,9400,1320
-11409,6336,5073
-10415,1843,8572
-7981,-5478,13459
-3856,-7998,11854
750,-10106,9356
6653,-10906,4253
9553,-10044,491
11290,-7973,-3317
11005,-3922,-7083
9103,1398,-10501
5560,6934,-12494
1245,9351,-10596
-4727,10795,-6068
-8142,10494,-2352
-10663,8703,1641
-11096,5251,5845
-9842,853,8989
-6798,-5581,12379
-2677,-8518,11195
4723,-10192,5469
7132,-10910,3778
10316,-9565,-751
11302,-6645,-4657
10564,-2689,-7875
8167,5370,-13537
4714,7449,-12163
210,9891,-10101
-5630,10956,-5326
-8790,10543,-1753
-11178,8522,2656
-11360,5226,6134
-9957,536,9421
-6934,-5894,12828
-3106,-8839,11945
3399,-10568,7169
7041,-11162,4121
9834,-10192,358
11488,-7928,-3560
10951,-3271,-7680
8951,3757,-12708
5766,6946,-12712
1258,9524,-10782
-4677,10956,-6279
-8233,10621,-2388
-10729,9108,1621
-11380,5498,5882
-10135,1225,8910
-7202,-5544,12746
-2673,-8571,11244
4459,-10197,5738
6954,-10918,3964
10056,-9644,-412
11356,-7177,-4179
10605,-2784,-7821
8485,4941,-13426
4954,7161,-12115
-57,9941,-9884
-5931,10778,-4847
-8679,10300,-1621
-10885,8509,2376
-11240,5040,6200
-9537,-231,9768
-6628,-5919,12547
-2475,-8790,11265
5193,-10205,5012
7569,-10840,3271
10164,-9710,-454
11471,-7128,-4343
10568,-2310,-8258
8584,4871,-13455
4191,7804,-11995
313,9982,-10295
-6253,11067,-4814
-8885,10675,-1790
-11137,8864,2273
-11525,5445,6080
-9990,664,9326
-7317,-5647,12964
-3337,-8563,11900
2553,-10473,7920
7189,-11125,3936
9829,-10135,306
11488,-7874,-3614
11104,-3757,-7347
9198,1951,-11149
5622,7086,-12708
647,9953,-10600
-4735,11108,-6373
-8617,10795,-2178
-10939,9359,1580
-11611,5853,5758
-10531,1699,8832
-7928,-5515,13443
-3452,-8472,11924
693,-10403,9710
6600,-11236,4636
9471,-10436,965
11446,-8002,-3444
11319,-4413,-6906
9372,1518,-10890
6327,6604,-12931
1497,9537,-11034
-4846,10960,-6114
-8192,10956,-2764
-10947,9578,1369
-11702,6517,5185
-10617,1860,8757
-8060,-5539,13599
-4030,-8097,12127
321,-10403,10082
6513,-11116,4603
9326,-10382,1056
11269,-8233,-3036
11372,-4389,-6983
9710,280,-9990
6084,6612,-12696
1625,9372,-10997
-4830,10923,-6093
-7924,11075,-3151
-10857,9512,1345
-11644,6546,5098
-10506,1843,8663
-8171,-5473,13644
-4042,-8105,12147
358,-10213,9855
6418,-11100,4682
9388,-10300,912
11232,-8324,-2908
11257,-4343,-6914
9202,853,-10055
5795,6711,-12506
1480,9446,-10926
-4954,10885,-5931
-8171,10737,-2566
-10824,9149,1675
-11492,5981,5511
-10337,1369,8968
-7557,-5428,12985
-3452,-8266,11718
2116,-10320,8204
6822,-10993,4171
9697,-10015,318
11240,-7651,-3589
10906,-3498,-7408
8955,2602,-11557
5218,7214,-12432
655,9805,-10460
-5214,11100,-5886
-8633,10626,-1993
-11030,9087,1943
-11451,5544,5907
-10073,911,9162
-7189,-5626,12815
-3295,-8551,11846
2487,-10390,7903
6921,-11104,4183
9834,-10217,383
11504,-7986,-3518
11211,-3840,-7371
9227,1959,-11186
5845,7029,-12874
1340,9623,-10963
-4698,11071,-6373
-8212,10980,-2768
-10857,9442,1415
-11616,6270,5346
-10428,1621,8807
-7899,-5523,13422
-3770,-8089,11859
965,-10192,9227
6732,-10881,4149
9582,-9982,400
11228,-7585,-3643
10828,-3543,-7285
8683,3225,-11908
5028,7185,-12213
507,9772,-10279
-5176,10828,-5652
-8571,10345,-1774
-10832,8662,2170
-11248,5263,5985
-9788,416,9372
-6686,-5886,12572
-2487,-8707,11194
5214,-10254,5040
7288,-10799,3511
10217,-9594,-623
11364,-6934,-4430
10576,-2532,-8044
8254,5387,-13641
4224,7689,-11913
-222,10023,-9801
-6142,10910,-4768
-9009,10386,-1377
-11108,8423,2685
-11281,4818,6463
-9545,-222,9767
-6472,-6270,12742
-2202,-9046,11248
5370,-10609,5239
7540,-11145,3605
10411,-9801,-610
11657,-7148,-4509
10803,-2689,-8114
8625,5020,-13645
4714,7557,-12271
420,9994,-10414
-5494,11079,-5585
-8786,10506,-1720
-10984,8753,2231
-11463,5308,6155
-9982,466,9516
-6859,-5836,12695
-2701,-8815,11516
4950,-10436,5486
7206,-11191,3985
10217,-9966,-251
11517,-7425,-4092
11001,-3250,-7751
9017,3931,-12948
5374,7301,-12675
965,9796,-10761
-4921,11071,-6150
-8509,10807,-2298
-10993,9202,1791
-11632,5865,5767
-10279,1089,9190
-7412,-5597,13009
-3374,-8501,11875
2376,-10432,8056
7041,-11067,4026
9743,-10106,363
11405,-7899,-3506
11182,-3902,-7280
9273,1654,-10927
5700,6802,-12502
1109,9520,-10629
-4702,10951,-6249
-8250,10634,-2384
-10774,8938,1836
-11273,5560,5713
-9945,792,9153
-7066,-5601,12667
-2990,-8555,11545
4133,-10271,6138
7107,-11038,3931
9974,-9949,-25
11360,-7408,-3952
10758,-3275,-7483
8769,3749,-12518
4991,7222,-12213
622,9801,-10423
-5288,10993,-5705
-8732,10353,-1621
-10877,8637,2240
-11286,5185,6101
-9784,243,9541
-6694,-5919,12613
-2351,-8745,11096
5193,-10254,5061
7288,-10947,3659
10155,-9730,-425
11290,-7000,-4290
10485,-2619,-7866
8431,5102,-13533
4248,7701,-11949
-49,9994,-9945
-6133,10844,-4711
-9099,10201,-1102
-11071,8237,2834
-11158,4549,6609
-9458,-284,9742
-6150,-6509,12659
-1980,-9087,11067
5366,-10423,5057
7507,-10877,3370
10419,-9545,-874
11380,-6707,-4673
10370,-2194,-8176
8188,5473,-13661
4186,7899,-12085
-317,10242,-9925
-6430,11096,-4666
-9273,10287,-1014
-11182,8361,2821
-11409,4714,6695
-9801,28,9773
-6546,-6257,12803
-2425,-8922,11347
5275,-10399,5124
7247,-11104,3857
10221,-9867,-354
11459,-7181,-4278
10753,-2805,-7948
8452,5011,-13463
4599,7561,-12160
115,10019,-10134
-5799,10902,-5103
-8910,10254,-1344
-10984,8493,2491
-11178,4813,6365
-9693,140,9553
-6488,-6055,12543
-2157,-8860,11017
5292,-10238,4946
7466,-10749,3283
10370,-9400,-970
11314,-6509,-4805
10357,-2120,-8237
7961,5601,-13562
3898,7953,-11851
-721,10102,-9381
-6612,10910,-4298
-9310,10205,-895
-11145,8151,2994
-11145,4463,6682
-9409,-358,9767
-6179,-6414,12593
-1897,-9000,10897
5379,-10481,5102
7788,-10857,3069
10502,-9442,-1060
11545,-6587,-4958
10374,-1848,-8526
7895,5605,-13500
4013,8002,-12015
-297,10320,-10023
-6406,11170,-4764
-9169,10568,-1399
-11174,8584,2590
-11500,5077,6423
-9846,235,9611
-6806,-6030,12836
-2536,-8938,11474
5280,-10448,5168
7338,-11162,3824
10362,-9834,-528
11517,-7198,-4319
10857,-2862,-7995
8679,5011,-13690
4925,7511,-12436
499,10003,-10502
-5337,11121,-5784
-8728,10708,-1980
-11067,8938,2129
-11492,5494,5998
-10118,680,9438
-7152,-5680,12832
-3011,-8584,11595
3852,-10370,6518
7123,-11100,3977
10040,-9966,-74
11529,-7503,-4026
11071,-3345,-7726
8918,3733,-12651
5160,7272,-12432
746,9809,-10555
-4921,11071,-6150
-8551,10663,-2112
-10894,8988,1906
-11512,5643,5869
-10126,812,9314
-7198,-5548,12746
-2912,-8658,11570
4199,-10320,6121
7132,-11083,3951
10089,-9957,-132
11508,-7400,-4108
10939,-3300,-7639
8860,3836,-12696
5247,7326,-12573
796,9796,-10592
-5007,11017,-6010
-8571,10745,-2174
-11005,9079,1926
-11578,5791,5787
-10217,952,9265
-7326,-5490,12816
-3242,-8481,11723
2965,-10366,7401
6963,-11158,4195
9978,-10036,58
11385,-7647,-3738
10935,-3502,-7433
8943,2623,-11566
5143,7235,-12378
820,9660,-10480
-4950,10840,-5890
-8514,10329,-1815
-10770,8489,2281
-10951,4921,6030
-9508,123,9385
-6426,-6067,12493
-2165,-9000,11165
5478,-10461,4983
7536,-10927,3391
10560,-9681,-879
11698,-6991,-4707
10943,-2615,-8328
8984,5135,-14119
5845,7581,-13426
1278,10135,-11413
-4752,11488,-6736
-8476,11347,-2871
-11158,9887,1271
-12148,6847,5301
-11215,2297,8918
-8798,-5610,14408
-4851,-8002,12853
-400,-10572,10972
5696,-11710,6014
9124,-11397,2273
11545,-9702,-1843
12280,-6352,-5928
11042,-1530,-9512
8229,5577,-13806
4182,8534,-12716
-387,10902,-10515
-6608,11694,-5086
-9681,11005,-1324
-11752,9046,2706
-12057,5148,6909
-10267,70,10197
-7008,-6228,13236
-2499,-9314,11813
5407,-10811,5404
7726,-11401,3675
10803,-10217,-586
11929,-7425,-4504
11026,-2755,-8271
8580,5379,-13959
4595,7928,-12523
-165,10481,-10316
-6422,11467,-5045
-9495,10848,-1353
-11591,8918,2673
-11871,5139,6732
-10192,61,10131
-7045,-6298,13343
-2594,-9293,11887
5511,-10976,5465
7651,-11599,3948
10774,-10267,-507
12028,-7565,-4463
11352,-3085,-8267
9116,4879,-13995
5057,7800,-12857
305,10448,-10753
-5659,11653,-5994
-9223,11088,-1865
-11554,9268,2286
-12102,5713,6389
-10580,680,9900
-7387,-5931,13318
-3151,-8976,12127
4120,-10873,6753
7330,-11677,4347
10399,-10568,169
12032,-8068,-3964
11533,-3638,-7895
9462,3044,-12506
5750,7462,-13212
1031,10213,-11244
-5106,11554,-6448
-8839,11327,-2488
-11463,9735,1728
-12123,6204,5919
-10857,1315,9542
-7911,-5692,13603
-3729,-8641,12370
1456,-10857,9401
7210,-11599,4389
10135,-10679,544
11929,-8283,-3646
11760,-4182,-7578
9858,1249,-11107
5989,7148,-13137
1328,10040,-11368
-4838,11578,-6740
-8691,11343,-2652
-11327,9784,1543
-12139,6468,5671
-10918,1485,9433
-8278,-5659,13937
-3877,-8662,12539
1208,-10857,9649
7024,-11620,4596
9970,-10824,854
11888,-8596,-3292
11772,-4475,-7297
9895,969,-10864
6253,6987,-13240
1592,9862,-11454
-5028,11409,-6381
-8485,11422,-2937
-11397,9772,1625
-12049,6476,5573
-10918,1666,9252
-8060,-5659,13719
-3782,-8514,12296
1295,-10782,9487
6909,-11521,4612
10015,-10601,586
11752,-8204,-3548
11302,-3753,-7549
9388,2404,-11792
5535,7375,-12910
767,10159,-10926
-5193,11500,-6307
-8864,11013,-2149
-11409,9268,2141
-11801,5725,6076
-10395,858,9537
-7288,-5820,13108
-2998,-8872,11870
4455,-10572,6117
7297,-11261,3964
10498,-10098,-400
11760,-7445,-4315
10885,-2668,-8217
8584,5490,-14074
4446,8031,-12477
-173,10543,-10370
-6463,11446,-4983
-9520,10679,-1159
-11591,8745,2846
-11855,4962,6893
-10131,-41,10172
-6690,-6492,13182
-2388,-9396,11784
5469,-10947,5478
7676,-11653,3977
10799,-10300,-499
12078,-7416,-4662
11434,-2986,-8448
9099,5135,-14234
5057,7849,-12906
441,10465,-10906
-5618,11562,-5944
-9095,11116,-2021
-11537,9343,2194
-12016,5828,6188
-10473,684,9789
-7445,-5803,13248
-3056,-8967,12023
4306,-10749,6443
7387,-11426,4039
10560,-10316,-244
11941,-7623,-4318
11306,-3147,-8159
9004,4591,-13595
4974,7738,-12712
198,10370,-10568
-5758,11418,-5660
-9240,10857,-1617
-11463,8955,2508
-11673,5238,6435
-10052,156,9896
-6831,-6204,13035
-2260,-9277,11537
5494,-10824,5330
7746,-11385,3639
10795,-10032,-763
11921,-7053,-4868
10935,-2293,-8642
8567,5618,-14185
4314,8134,-12448
-152,10543,-10391
-6356,11504,-5148
-9504,10803,-1299
-11578,8794,2784
-11859,5061,6798
-10098,-107,10205
-6740,-6538,13278
-2235,-9454,11689
5593,-11063,5470
7816,-11628,3812
10923,-10246,-677
12094,-7503,-4591
11294,-2928,-8366
9054,5143,-14197
5098,7837,-12935
412,10465,-10877
-5614,11607,-5993
-9165,11187,-2022
-11599,9339,2260
-12069,5659,6410
-10617,742,9875
-7462,-5977,13439
-3052,-9095,12147
4079,-10902,6823
7371,-11665,4294
10452,-10560,108
12078,-8060,-4018
11805,-3902,-7903
9755,2363,-12118
5886,7338,-13224
1150,10093,-11243
-4801,11669,-6868
-8613,11554,-2941
-11397,9904,1493
-12205,6575,5630
-11026,1749,9277
-8373,-5647,14020
-3984,-8580,12564
820,-10733,9913
6888,-11677,4789
9999,-10852,853
11867,-8683,-3184
11859,-4562,-7297
9982,523,-10505
6294,6921,-13215
1707,9780,-11487
-5135,11335,-6200
-8382,11484,-3102
-11347,9792,1555
-12078,6571,5507
-10980,1724,9256
-8184,-5626,13810
-3927,-8518,12445
1072,-10869,9797
7008,-11776,4768
9961,-10807,846
11785,-8538,-3247
11776,-4541,-7235
10056,441,-10497
6307,6851,-13158
1757,9768,-11525
-5028,11380,-6352
-8328,11352,-3024
-11281,9842,1439
-11925,6459,5466
-10733,1530,9203
-7973,-5750,13723
-3704,-8637,12341
1674,-10692,9018
7057,-11533,4476
9990,-10527,537
11814,-8245,-3569
11504,-3955,-7549
9541,1930,-11471
5762,7239,-13001
1105,10007,-11112
-5032,11475,-6443
-8868,11034,-2166
-11265,9240,2025
-11921,5692,6229
-10411,726,9685
-7272,-5849,13121
-2875,-9021,11896
4463,-10737,6274
7408,-11554,4146
10461,-10362,-99
11962,-7722,-4240
11405,-3333,-8072
9227,4149,-13376
5407,7651,-13058
660,10386,-11046
-5490,11657,-6167
-9070,11281,-2211
-11686,9553,2133
-12226,6059,6167
-10770,1175,9595
-7837,-5696,13533
-3584,-8765,12349
1604,-10956,9352
7103,-11611,4508
10077,-10708,631
11863,-8283,-3580
11587,-4042,-7545
9454,1967,-11421
5667,7396,-13063
886,10106,-10992
-4983,11475,-6492
-8831,11207,-2376
-11352,9392,1960
-11838,5869,5969
-10395,816,9579
-7536,-5721,13257
-3287,-8724,12011
3976,-10696,6720
7326,-11393,4067
10378,-10312,-66
11826,-7627,-4199
11092,-2978,-8114
8872,5011,-13883
4727,7887,-12614
156,10386,-10542
-6006,11409,-5403
-9260,10832,-1572
-11385,8918,2467
-11719,5106,6613
-10122,169,9953
-6843,-6208,13051
-2305,-9281,11586
5478,-10857,5379
7783,-11434,3651
10836,-10052,-784
11974,-7115,-4859
11096,-2569,-8527
8728,5577,-14305
4809,8039,-12848
181,10654,-10835
-5869,11723,-5854
-9314,11302,-1988
-11649,9454,2195
-12102,5882,6220
-10675,730,9945
-7594,-5853,13447
-3209,-8984,12193
3531,-10906,7375
7453,-11657,4204
10399,-10572,173
12106,-8060,-4046
11719,-3766,-7953
9619,2681,-12300
5857,7334,-13191
1084,10122,-11206
-4904,11545,-6641
-8769,11360,-2591
-11397,9726,1671
-12123,6249,5874
-10865,1336,9529
-8056,-5634,13690
-3555,-8732,12287
2165,-10766,8601
7161,-11607,4446
10283,-10572,289
11974,-8130,-3844
11607,-3828,-7779
9537,2050,-11587
5869,7297,-13166
1216,10019,-11235
-4941,11484,-6543
-8654,11314,-2660
-11389,9631,1758
-12040,6195,5845
-10873,1435,9438
-7829,-5556,13385
-3555,-8703,12258
2338,-10840,8502
7276,-11611,4335
10341,-10601,260
11983,-8130,-3853
11595,-3790,-7805
9582,2545,-12127
5820,7383,-13203
1109,10110,-11219
-4978,11587,-6609
-8769,11286,-2517
-11442,9730,1712
-12061,6257,5804
-10770,1324,9446
-7899,-5680,13579
-3634,-8654,12288
2190,-10766,8576
7086,-11533,4447
10254,-10489,235
11884,-8064,-3820
11401,-3658,-7743
9293,2990,-12283
5478,7470,-12948
763,10164,-10927
-5181,11479,-6298
-8934,10861,-1927
-11290,9075,2215
-11801,5412,6389
-10209,420,9789
-6905,-6022,12927
-2619,-9083,11702
5354,-10704,5350
7656,-11467,3811
10683,-10131,-552
11979,-7288,-4691
11232,-2780,-8452
8901,5209,-14110
4834,7887,-12721
148,10415,-10563
-6006,11521,-5515
-9322,10947,-1625
-11616,9091,2525
-12003,5445,6558
-10432,412,10020
-7189,-6080,13269
-2788,-9268,12056
4417,-10997,6580
7441,-11797,4356
10584,-10613,29
12032,-8006,-4026
11649,-3696,-7953
9417,3040,-12457
5523,7524,-13047
853,10184,-11037
-5115,11611,-6496
-8918,11088,-2170
-11389,9359,2030
-11764,5754,6010
-10143,660,9483
-7231,-5874,13105
-2780,-8943,11723
4941,-10712,5771
7561,-11389,3828
10642,-10060,-582
11859,-7260,-4599
10997,-2681,-8316
8646,5391,-14037
4492,8023,-12515
-37,10494,-10457
-6414,11438,-5024
-9479,10774,-1295
-11574,8674,2900
-11797,4966,6831
-10085,-57,10142
-6670,-6513,13183
-2215,-9442,11657
5544,-10931,5387
7767,-11620,3853
10881,-10225,-656
12045,-7284,-4761
11199,-2800,-8399
8872,5366,-14238
4859,7981,-12840
189,10518,-10707
-5919,11677,-5758
-9347,11129,-1782
-11657,9297,2360
-12131,5581,6550
-10547,589,9958
-7429,-5948,13377
-3048,-9120,12168
4075,-10956,6881
7392,-11698,4306
10452,-10432,-20
12057,-7940,-4117
11578,-3613,-7965
9400,3036,-12436
5577,7503,-13080
792,10283,-11075
-5115,11682,-6567
-8971,11286,-2315
-11471,9565,1906
-12135,6006,6129
-10716,1043,9673
-7825,-5779,13604
-3477,-8905,12382
2536,-10836,8300
7264,-11657,4393
10275,-10597,322
11954,-8179,-3775
11591,-3832,-7759
9541,2227,-11768
5795,7425,-13220
1060,10197,-11257
-5094,11632,-6538
-8877,11323,-2446
-11525,9640,1885
-12115,6191,5924
-10968,1435,9533
-7990,-5568,13558
-3757,-8683,12440
1468,-10914,9446
7008,-11768,4760
10098,-10795,697
11929,-8481,-3448
11694,-4224,-7470
9838,1192,-11030
6096,7099,-13195
1373,10003,-11376
-4954,11508,-6554
-8670,11314,-2644
-11442,9821,1621
-12164,6323,5841
-10927,1563,9364
-8113,-5680,13793
-3832,-8641,12473
1328,-10848,9520
7008,-11583,4575
10060,-10762,702
11838,-8505,-3333
11649,-4252,-7397
9796,1179,-10975
6096,7107,-13203
1315,9990,-11305
-4908,11471,-6563
-8596,11199,-2603
-11281,9619,1662
-11991,6150,5841
-10671,1299,9372
-7722,-5605,13327
-3448,-8621,12069
2252,-10667,8415
7222,-11347,4125
10254,-10308,54
11801,-7759,-4042
11306,-3366,-7940
9070,4182,-13252
5197,7569,-12766
371,10374,-10745
-5564,11537,-5973
-9120,11116,-1996
-11554,9248,2306
-12012,5597,6415
-10485,730,9755
-7437,-5902,13339
-3085,-8980,12065
4034,-10881,6847
7342,-11620,4278
10485,-10436,-49
12073,-7858,-4215
11545,-3489,-8056
9273,3840,-13113
5379,7627,-13006
672,10291,-10963
-5395,11570,-6175
-9025,11294,-2269
-11479,9491,1988
-11954,5989,5965
-10568,1076,9492
-7614,-5688,13302
-3436,-8786,12222
3502,-10762,7260
7264,-11525,4261
10510,-10448,-62
11966,-7874,-4092
11339,-3399,-7940
9182,4170,-13352
5160,7643,-12803
495,10304,-10799
-5527,11525,-5998
-9075,10935,-1860
-11372,9108,2264
-11855,5560,6295
-10329,478,9851
-7029,-6092,13121
-2714,-9149,11863
5321,-10766,5445
7635,-11475,3840
10733,-10205,-528
11958,-7293,-4665
11075,-2660,-8415
8815,5288,-14103
4855,7816,-12671
169,10407,-10576
-5882,11467,-5585
-9268,10931,-1663
-11529,8951,2578
-11855,5201,6654
-10201,66,10135
-6843,-6340,13183
-2256,-9380,11636
5478,-10923,5445
7878,-11496,3618
10832,-10122,-710
12040,-7280,-4760
11352,-2813,-8539
8971,5205,-14176
4871,7845,-12716
284,10481,-10765
-5812,11727,-5915
-9235,11133,-1898
-11562,9165,2397
-12049,5618,6431
-10432,424,10008
-7392,-5977,13369
-2805,-9235,12040
4805,-10918,6113
7561,-11727,4166
10642,-10580,-62
12135,-7899,-4236
11550,-3526,-8024
9405,3225,-12630
5577,7573,-13150
1023,10188,-11211
-5106,11595,-6489
-8947,11277,-2330
-11475,9598,1877
-12135,6138,5997
-10745,1014,9731
-7738,-5766,13504
-3460,-8860,12320
2524,-10894,8370
7247,-11665,4418
10283,-10692,409
12003,-8175,-3828
11640,-3848,-7792
9524,2338,-11862
5783,7350,-13133
1014,10147,-11161
-5139,11570,-6431
-8885,11191,-2306
-11405,9565,1840
-11962,5911,6051
-10650,1089,9561
-7561,-5766,13327
-3378,-8848,12226
3267,-10778,7511
7165,-11620,4455
10366,-10473,107
11958,-7990,-3968
11442,-3584,-7858
9384,3225,-12609
5482,7507,-12989
891,10258,-11149
-5156,11583,-6427
-8885,11112,-2227
-11385,9376,2009
-11929,5849,6080
-10510,796,9714
-7317,-5907,13224
-3110,-8860,11970
4125,-10720,6595
7375,-11413,4038
10448,-10242,-206
11855,-7544,-4311
11162,-3060,-8102
8782,4908,-13690
4764,7730,-12494
-70,10370,-10300
-6179,11215,-5036
-9409,10531,-1122
-11451,8580,2871
-11611,4657,6954
-9759,-391,10150
-6319,-6736,13055
-1794,-9594,11388
5267,-11075,5808
8175,-11273,3098
11005,-9871,-1134
12007,-6756,-5251
10960,-2058,-8902
8423,5696,-14119
4166,8303,-12469
-334,10650,-10316
-6715,11669,-4954
-9685,11034,-1349
-11793,8885,2908
-11917,5197,6720
-10263,74,10189
-7082,-6331,13413
-2685,-9318,12003
5490,-11046,5556
7656,-11616,3960
10749,-10308,-441
12090,-7548,-4542
11236,-2887,-8349
8815,5234,-14049
4797,7812,-12609
74,10518,-10592
-6055,11512,-5457
-9355,10836,-1481
-11389,8959,2430
-11772,5218,6554
-10180,185,9995
-6769,-6228,12997
-2256,-9227,11483
5395,-10828,5433
7841,-11273,3432
10807,-9772,-1035
11719,-6666,-5053
10601,-1885,-8716
8097,5630,-13727
3869,8402,-12271
-1369,10642,-9273
-6765,11364,-4599
-9846,10522,-676
-11682,8406,3276
-11574,4224,7350
-9796,-1204,11000
-6113,-7012,13125
-1596,-9664,11260
5292,-11199,5907
8353,-11286,2933
11121,-9772,-1349
12061,-6534,-5527
10976,-1926,-9050
8349,5676,-14025
4108,8357,-12465
-503,10716,-10213
-6657,11727,-5070
-9664,11001,-1337
-11739,8819,2920
-11925,4991,6934
-10230,-49,10279
-6925,-6418,13343
-2355,-9392,11747
5457,-10980,5523
7854,-11636,3782
10918,-10333,-585
12152,-7486,-4666
11376,-2875,-8501
9009,5168,-14177
5007,7928,-12935
313,10510,-10823
-5808,11673,-5865
-9268,11182,-1914
-11566,9334,2232
-12106,5750,6356
-10646,779,9867
-7453,-5902,13355
-3097,-9021,12118
4298,-10964,6666
7387,-11743,4356
10481,-10609,128
12111,-7994,-4117
11459,-3518,-7941
9504,3143,-12647
5643,7565,-13208
891,10275,-11166
-5007,11661,-6654
-8889,11248,-2359
-11488,9640,1848
-12024,6084,5940
-10803,1254,9549
-7825,-5667,13492
-3436,-8839,12275
2908,-10795,7887
7177,-11632,4455
10333,-10642,309
12065,-8134,-3931
11661,-3906,-7755
9561,2635,-12196
5832,7462,-13294
1245,10122,-11367
-4818,11632,-6814
-8621,11343,-2722
-11310,9747,1563
-12073,6348,5725
-10819,1505,9314
-7775,-5709,13484
-3415,-8699,12114
2557,-10758,8201
7235,-11512,4277
10345,-10411,66
11904,-7833,-4071
11463,-3543,-7920
9322,3757,-13079
5461,7453,-12914
796,10118,-10914
-5016,11430,-6414
-8864,10898,-2034
-11319,9132,2187
-11739,5445,6294
-10230,499,9731
-6884,-6088,12972
-2475,-9182,11657
5515,-10815,5300
7651,-11463,3812
10869,-10040,-829
12016,-7284,-4732
11195,-2668,-8527
8885,5313,-14198
4673,8014,-12687
24,10494,-10518
-6216,11644,-5428
-9405,11133,-1728
-11715,9194,2521
-12036,5432,6604
-10399,379,10020
-7416,-6059,13475
-3267,-9268,12535
4021,-11075,7054
7350,-11785,4435
10428,-10687,259
12028,-8085,-3943
11496,-3675,-7821
9363,2813,-12176
5453,7515,-12968
825,10221,-11046
-5065,11517,-6452
-8910,10984,-2074
-11240,9070,2170
-11764,5461,6303
-10242,466,9776
-6930,-6100,13030
-2561,-9202,11763
5407,-10737,5330
7618,-11397,3779
10720,-10044,-676
11847,-7107,-4740
10906,-2437,-8469
8555,5585,-14140
4504,8060,-12564
-189,10543,-10354
-6385,11389,-5004
-9466,10819,-1353
-11607,8662,2945
-11743,4785,6958
-9953,-222,10175
-6550,-6612,13162
-2050,-9458,11508
5643,-10943,5300
8060,-11331,3271
10890,-9854,-1036
11913,-6843,-5070
10968,-2095,-8873
8497,5667,-14164
4149,8311,-12460
-358,10617,-10259
-6620,11566,-4946
-9615,10795,-1180
-11719,8720,2999
-11859,4978,6881
-10106,-123,10229
-6814,-6554,13368
-2211,-9483,11694
5548,-11013,5465
7858,-11632,3774
10951,-10213,-738
12131,-7272,-4859
11220,-2664,-8556
8893,5428,-14321
4764,8085,-12849
127,10679,-10806
-6138,11768,-5630
-9528,11360,-1832
-11929,9429,2500
-12420,5886,6534
-11026,515,10511
-7845,-6018,13863
-3865,-9264,13129
136,-11405,11269
6748,-12362,5614
9813,-11603,1790
12168,-9145,-3023
12354,-5214,-7140
10819,-66,-10753
7750,6096,-13846
2780,9788,-12568
-5486,11587,-6101
-7511,12370,-4859
-11133,11244,-111
-12721,8625,4096
-12457,4624,7833
-10341,-1534,11875
-7078,-6996,14074
-2277,-9994,12271
5209,-11896,6687
8559,-12115,3556
11467,-10811,-656
12684,-7392,-5292
11484,-2173,-9311
9099,5659,-14758
5300,8258,-13558
486,11001,-11487
-5865,12259,-6394
-9891,11545,-1654
-12032,9904,2128
-12684,6162,6522
-11050,495,10555
-7940,-6006,13946
-2982,-9582,12564
4591,-11360,6769
7528,-12197,4669
10741,-11112,371
12552,-8530,-4022
12028,-3621,-8407
9999,2198,-12197
6117,7544,-13661
717,10803,-11520
-5102,11946,-6844
-9021,11764,-2743
-11842,9994,1848
-12490,6001,6489
-11050,1134,9916
-7602,-6039,13641
-3077,-9429,12506
2569,-11273,8704
7598,-12012,4414
11088,-10774,-314
12420,-8237,-4183
11838,-3337,-8501
9677,3283,-12960
5721,7742,-13463
684,10634,-11318
-5440,12032,-6592
-9631,11570,-1939
-12082,9466,2616
-12416,5597,6819
-10918,771,10147
-7837,-6010,13847
-2809,-9586,12395
4228,-11281,7053
7614,-12131,4517
10902,-10993,91
12639,-7981,-4658
11863,-3126,-8737
9512,5044,-14556
5832,7771,-13603
924,10626,-11550
-5168,12185,-7017
-9541,11822,-2281
-11946,10052,1894
-12647,6142,6505
-11413,1571,9842
-7907,-5882,13789
-3869,-8976,12845
1980,-11170,9190
7276,-11999,4723
10976,-10844,-132
12304,-8431,-3873
11698,-3291,-8407
9355,4884,-14239
5733,7726,-13459
911,10679,-11590
-5894,11950,-6056
-9565,11430,-1865
-11979,9450,2529
-12362,5515,6847
-10716,276,10440
-7243,-6373,13616
-2483,-9693,12176
5610,-11327,5717
8047,-11871,3824
11298,-10469,-829
12486,-7429,-5057
11682,-2747,-8935
9116,5601,-14717
4780,8357,-13137
-20,10997,-10977
-6430,12024,-5594
-9763,11380,-1617
-12082,9211,2871
-12436,5271,7165
-10692,-24,10716
-7222,-6641,13863
-2396,-9891,12287
5742,-11492,5750
8159,-12181,4022
11446,-10848,-598
12771,-7767,-5004
11801,-2916,-8885
9537,5197,-14734
5391,8155,-13546
643,10910,-11553
-5733,12214,-6481
-9615,11805,-2190
-12098,9829,2269
-12684,6150,6534
-11261,853,10408
-7928,-5985,13913
-3403,-9351,12754
4001,-11479,7478
7594,-12420,4826
10935,-11129,194
12548,-8563,-3985
12267,-4083,-8184
10197,2066,-12263
6224,7656,-13880
1278,10568,-11846
-5024,12156,-7132
-9058,12007,-2949
-11970,10324,1646
-12655,6591,6064
-11380,1567,9813
-8419,-5832,14251
-4001,-9042,13043
1687,-11376,9689
7272,-12181,4909
10551,-11306,755
12511,-8823,-3688
12313,-4438,-7875
10254,1340,-11594
6311,7445,-13756
1443,10440,-11883
-4908,12115,-7207
-9000,11830,-2830
-11896,10192,1704
-12639,6694,5945
-11356,1468,9888
-8291,-5878,14169
-3852,-9079,12931
1852,-11397,9545
7466,-12309,4843
10568,-11240,672
12432,-8798,-3634
12502,-4607,-7895
10489,1064,-11553
6711,7264,-13975
1732,10341,-12073
-5016,12012,-6996
-8699,12098,-3399
-11867,10510,1357
-12771,7165,5606
-11599,2050,9549
-8811,-5853,14664
-4195,-8802,12997
548,-11277,10729
7049,-12073,5024
10312,-11224,912
12234,-8712,-3522
12040,-4351,-7689
9875,1703,-11578
5882,7482,-13364
924,10423,-11347
-5329,11946,-6617
-9326,11554,-2228
-11917,9656,2261
-12350,5808,6542
-10733,598,10135
-7623,-6092,13715
-3106,-9417,12523
4620,-11372,6752
7874,-12102,4228
11067,-10832,-235
12610,-8225,-4385
11851,-3390,-8461
9664,4224,-13888
5403,8080,-13483
462,10877,-11339
-5725,12238,-6513
-9570,11706,-2136
-12098,9813,2285
-12676,6129,6547
-11191,1010,10181
-7936,-5960,13896
-3605,-9268,12873
3333,-11393,8060
7503,-12197,4694
10766,-11187,421
12474,-8410,-4064
12049,-3898,-8151
9829,3118,-12947
5931,7701,-13632
882,10638,-11520
-5255,12036,-6781
-9301,11624,-2323
-11863,9904,1959
-12432,6088,6344
-10890,771,10119
-7680,-5985,13665
-3073,-9273,12346
4467,-11195,6728
7821,-11913,4092
11042,-10551,-491
12420,-7639,-4781
11735,-2978,-8757
9318,5321,-14639
4838,8270,-13108
16,10918,-10934
-6319,12040,-5721
-9730,11364,-1634
-12057,9260,2797
-12354,5379,6975
-10613,119,10494
-7210,-6447,13657
-2516,-9697,12213
5634,-11442,5808
8192,-11999,3807
11418,-10584,-834
12618,-7499,-5119
11632,-2652,-8980
9293,5552,-14845
5020,8377,-13397
127,11022,-11149
-6208,12230,-6022
-9788,11686,-1898
-12139,9499,2640
-12630,5907,6723
-11050,507,10543
-7565,-6208,13773
-3056,-9532,12588
4690,-11521,6831
7829,-12300,4471
11092,-11030,-62
12568,-8221,-4347
12024,-3535,-8489
9829,3844,-13673
5729,7903,-13632
907,10766,-11673
-5358,12238,-6880
-9285,11859,-2574
-12102,9986,2116
-12630,6319,6311
-11248,1200,10048
-8043,-5841,13884
-3634,-9273,12907
2701,-11389,8688
7577,-12181,4604
10869,-11083,214
12585,-8542,-4043
12201,-3984,-8217
10089,2586,-12675
6092,7676,-13768
1155,10659,-11814
-5053,12247,-7194
-9145,11933,-2788
-11983,10205,1778
-12717,6624,6093
-11496,1654,9842
-8497,-5766,14263
-3984,-9009,12993
1538,-11339,9801
7371,-12218,4847
10547,-11269,722
12478,-8674,-3804
12424,-4413,-8011
10217,1501,-11718
6393,7367,-13760
1398,10399,-11797
-5082,11995,-6913
-8860,11863,-3003
-11847,10275,1572
-12601,6756,5845
-11310,1551,9759
-8336,-5700,14036
-3786,-8980,12766
2483,-11220,8737
7561,-11995,4434
10778,-11013,235
12445,-8324,-4121
11979,-3799,-8180
9801,3143,-12944
5643,7717,-13360
688,10601,-11289
-5502,11941,-6439
-9314,11463,-2149
-11805,9557,2248
-12102,5601,6501
-10386,127,10259
-7140,-6410,13550
-2483,-9648,12131
5725,-11389,5664
8142,-11925,3783
11360,-10436,-924
12498,-7313,-5185
11446,-2376,-9070
9004,5766,-14770
4545,8481,-13026
-243,11133,-10890
-6686,12177,-5491
-10011,11475,-1464
-12152,9198,2954
-12564,5449,7115
-10762,94,10668
-7194,-6641,13835
-2553,-9813,12366
5601,-11475,5874
7998,-12193,4195
11273,-10828,-445
12676,-7932,-4744
11834,-3196,-8638
9466,5061,-14527
5383,8109,-13492
420,10943,-11363
-5779,12003,-6224
-9578,11591,-2013
-12073,9574,2499
-12482,5663,6819
-10894,420,10474
-7387,-6253,13640
-2821,-9561,12382
5436,-11306,5870
7816,-11933,4117
11174,-10551,-623
12453,-7548,-4905
11690,-2986,-8704
9157,5370,-14527
4727,8287,-13014
-82,10939,-10857
-6587,12045,-5458
-9887,11228,-1341
-12073,9058,3015
-12284,5024,7260
-10428,-210,10638
-7041,-6756,13797
-2161,-9867,12028
5519,-11389,5870
8274,-11970,3696
11442,-10489,-953
12560,-7367,-5193
11574,-2512,-9062
9004,5750,-14754
4681,8509,-13190
-198,11187,-10989
-6657,12131,-5474
-10019,11434,-1415
-12201,9322,2879
-12548,5506,7042
-10894,165,10729
-7276,-6509,13785
-2714,-9755,12469
5482,-11496,6014
8014,-12247,4233
11257,-10881,-376
12626,-7940,-4686
11929,-3110,-8819
9598,4884,-14482
5308,8200,-13508
449,11009,-11458
-5808,12317,-6509
-9598,11805,-2207
-12172,9970,2202
-12692,6105,6587
-11240,948,10292
-8072,-5956,14028
-3617,-9359,12976
2631,-11484,8853
7536,-12342,4806
10741,-11310,569
12626,-8844,-3782
12428,-4409,-8019
10390,1386,-11776
6645,7412,-14057
1654,10395,-12049
-5077,12094,-7017
-8778,12168,-3390
-11863,10498,1365
-12808,7222,5586
-11698,2157,9541
-8889,-5865,14754
-4504,-8720,13224
152,-11310,11158
6958,-12185,5227
10279,-11389,1110
12333,-9054,-3279
12478,-4933,-7545
10514,453,-10967
6752,7111,-13863
1872,10184,-12056
-5016,11875,-6859
-8703,12036,-3333
-11851,10489,1362
-12762,7115,5647
-11632,2128,9504
-8856,-5766,14622
-4273,-8782,13055
268,-11240,10972
7000,-12119,5119
10287,-11298,1011
12391,-9021,-3370
12391,-4884,-7507
10477,556,-11033
6587,7206,-13793
1596,10267,-11863
-5057,11946,-6889
-8905,11921,-3016
-11814,10263,1551
-12634,6793,5841
-11339,1695,9644
-8592,-5845,14437
-4125,-8798,12923
1427,-11228,9801
7260,-12045,4785
10506,-11030,524
12391,-8567,-3824
11908,-3881,-8027
9842,2541,-12383
5601,7804,-13405
660,10749,-11409
-5490,12181,-6691
-9400,11677,-2277
-11974,9801,2173
-12573,6109,6464
-11133,948,10185
-7887,-5960,13847
-3423,-9347,12770
4079,-11364,7285
7631,-12230,4599
10935,-11083,148
12614,-8328,-4286
12119,-3799,-8320
10023,3217,-13240
6237,7697,-13934
1493,10650,-12143
-4908,12135,-7227
-8951,11987,-3036
-11908,10423,1485
-12634,6897,5737
-11409,1707,9702
-8559,-5865,14424
-4013,-8860,12873
1332,-11277,9945
7503,-12053,4550
10518,-10997,479
12432,-8369,-4063
12115,-4083,-8032
9875,2751,-12626
5836,7647,-13483
849,10564,-11413
-5139,12082,-6943
-9219,11616,-2397
-11822,9669,2153
-12379,6006,6373
-10877,738,10139
-7668,-6051,13719
-2908,-9475,12383
5255,-11162,5907
7887,-12045,4158
11096,-10733,-363
12511,-7858,-4653
11636,-2961,-8675
9285,5325,-14610
4999,8212,-13211
202,10918,-11120
-6224,12016,-5792
-9689,11467,-1778
-12061,9400,2661
-12486,5572,6914
-10745,202,10543
-7202,-6558,13760
-2615,-9801,12416
5506,-11537,6031
7981,-12395,4414
11302,-10976,-326
12659,-8089,-4570
12069,-3382,-8687
9685,4261,-13946
5655,7994,-13649
759,10906,-11665
-5539,12337,-6798
-9409,11838,-2429
-12111,10027,2084
-12692,6323,6369
-11306,1216,10090
-8188,-5948,14136
-3650,-9322,12972
2854,-11376,8522
7474,-12276,4802
10725,-11244,519
12544,-8753,-3791
12317,-4290,-8027
10304,1749,-12053
6397,7614,-14011
1299,10547,-11846
-5077,12123,-7046
-9037,11896,-2859
-11884,10254,1630
-12746,6769,5977
-11484,1596,9888
-8456,-5820,14276
-3980,-9009,12989
1320,-11380,10060
7371,-12201,4830
10539,-11286,747
12453,-8670,-3783
12321,-4372,-7949
10287,1377,-11664
6340,7396,-13736
1518,10399,-11917
-4908,11991,-7083
-8947,11830,-2883
-11933,10126,1807
-12655,6666,5989
-11418,1534,9884
-8390,-5787,14177
-3803,-9091,12894
1951,-11327,9376
7392,-12222,4830
10733,-11203,470
12544,-8683,-3861
12321,-4323,-7998
10246,1489,-11735
6253,7462,-13715
1398,10349,-11747
-4892,12053,-7161
-9058,11851,-2793
-11838,10048,1790
-12469,6373,6096
-10964,1163,9801
-8101,-5791,13892
-3580,-9165,12745
3390,-11261,7871
7606,-12007,4401
10902,-10857,-45
12412,-8184,-4228
11830,-3510,-8320
9532,4120,-13652
5424,7915,-13339
515,10704,-11219
-5758,11999,-6241
-9598,11389,-1791
-11958,9405,2553
-12428,5564,6864
-10770,276,10494
-7218,-6476,13694
-2656,-9673,12329
5634,-11372,5738
8064,-12115,4051
11327,-10630,-697
12498,-7701,-4797
11669,-2813,-8856
9355,5432,-14787
5197,8320,-13517
169,11108,-11277
-6125,12259,-6134
-9780,11752,-1972
-12251,9772,2479
-12684,5911,6773
-11137,672,10465
-7775,-6171,13946
-3250,-9479,12729
4005,-11356,7351
7660,-12127,4467
10927,-10894,-33
12465,-8151,-4314
12012,-3671,-8341
9660,4120,-13780
5391,7911,-13302
342,10758,-11100
-5865,12024,-6159
-9520,11393,-1873
-11941,9273,2668
-12304,5469,6835
-10572,123,10449
-7189,-6426,13615
-2326,-9685,12011
5605,-11257,5652
8093,-11880,3787
11401,-10432,-969
12457,-7189,-5268
11339,-2161,-9178
8687,5808,-14495
4240,8691,-12931
-499,11145,-10646
-7024,12012,-4988
-10172,11253,-1081
-12210,9004,3206
-12465,5119,7346
-10580,-160,10740
-6983,-6789,13772
-2186,-9924,12110
5618,-11607,5989
8357,-12156,3799
11529,-10659,-870
12705,-7482,-5223
11818,-2631,-9187
9293,5601,-14894
4974,8415,-13389
156,11108,-11264
-6195,12358,-6163
-9669,11624,-1955
-12148,9825,2323
-12540,5841,6699
-10989,552,10437
-7585,-6261,13846
-3106,-9574,12680
4995,-11331,6336
7750,-12193,4443
11178,-10906,-272
12651,-8175,-4476
11941,-3423,-8518
9689,4389,-14078
5684,7977,-13661
713,10836,-11549
-5403,12251,-6848
-9384,11797,-2413
-11999,9974,2025
-12688,6286,6402
-11265,1097,10168
-7907,-5977,13884
-3535,-9277,12812
2982,-11459,8477
7660,-12259,4599
10848,-11088,240
12692,-8509,-4183
12317,-4104,-8213
10184,2173,-12357
6360,7511,-13871
1344,10543,-11887
-4904,12131,-7227
-9029,11983,-2954
-12028,10320,1708
-12758,6810,5948
-11537,1773,9764
-8699,-5824,14523
-4059,-8996,13055
1204,-11335,10131
7264,-12119,4855
10560,-11347,787
12498,-8831,-3667
12383,-4500,-7883
10415,1175,-11590
6331,7503,-13834
1480,10485,-11965
-5028,12061,-7033
-8914,12057,-3143
-11958,10382,1576
-12758,7053,5705
-11479,1864,9615
-8889,-5791,14680
-4426,-8778,13204
779,-11442,10663
7247,-12358,5111
10444,-11529,1085
12647,-9202,-3445
12754,-4991,-7763
10832,247,-11079
7099,7107,-14206
2648,10267,-12915
-5498,12156,-6658
-8023,12791,-4768
-11451,11376,75
-13014,8448,4566
-12544,3790,8754
-10230,-3856,14086
-6138,-8076,14214
-1072,-11096,12168
5370,-12713,7343
9442,-12556,3114
12420,-10795,-1625
13270,-7255,-6015
12061,-2120,-9941
9462,5787,-15249
5135,8848,-13983
20,11723,-11743
-6484,12808,-6324
-10205,12296,-2091
-12758,10197,2561
-13319,6109,7210
-11620,532,11088
-8113,-6435,14548
-3407,-10011,13418
4087,-11987,7900
7887,-13051,5164
11286,-11781,495
13233,-9178,-4055
13088,-4846,-8242
11009,853,-11862
6934,7478,-14412
1753,10753,-12506
-5214,12552,-7338
-8984,12614,-3630
-12304,10832,1472
-13096,7156,5940
-11954,1897,10057
-9087,-5812,14899
-4413,-9252,13665
759,-11669,10910
7305,-12676,5371
10737,-11805,1068
12828,-9508,-3320
12783,-4879,-7904
10588,1175,-11763
6798,7499,-14297
1670,10795,-12465
-5300,12523,-7223
-9240,12585,-3345
-12395,10791,1604
-13253,7280,5973
-12214,2223,9991
-9285,-5907,15192
-4686,-9000,13686
198,-11723,11525
7119,-12692,5573
10531,-11917,1386
12721,-9359,-3362
12738,-4884,-7854
10881,627,-11508
6773,7561,-14334
1749,10770,-12519
-5156,12507,-7351
-9128,12469,-3341
-12313,10914,1399
-13233,7280,5953
-12094,2190,9904
-9231,-6039,15270
-4545,-9050,13595
664,-11739,11075
7425,-12663,5238
10770,-11867,1097
12940,-9466,-3474
12993,-5102,-7891
11030,457,-11487
7078,7453,-14531
2145,10564,-12709
-5300,12391,-7091
-8831,12754,-3923
-12201,11141,1060
-13381,7767,5614
-12337,2565,9772
-9615,-5931,15546
-5024,-8856,13880
-33,-11739,11772
6897,-12812,5915
10444,-12156,1712
12746,-9862,-2884
13307,-5919,-7388
11517,-404,-11113
7816,6591,-14407
2974,10135,-13109
-5589,12078,-6489
-8278,12882,-4604
-11974,11405,569
-13365,8398,4967
-12519,3267,9252
-10023,-5457,15480
-5407,-8646,14053
-466,-11533,11999
6154,-12804,6650
10159,-12263,2104
12639,-10155,-2484
13113,-5981,-7132
11521,-528,-10993
7664,6558,-14222
2726,10085,-12811
-5659,11917,-6258
-8501,12729,-4228
-12086,11112,974
-13278,7920,5358
-12313,2805,9508
-9722,-5812,15534
-5152,-8674,13826
-144,-11603,11747
6575,-12758,6183
10337,-11974,1637
12672,-9862,-2810
12997,-5626,-7371
11199,-41,-11158
7288,6892,-14180
2190,10444,-12634
-5478,12234,-6756
-8753,12601,-3848
-12119,10964,1155
-13146,7561,5585
-12078,2433,9645
-9244,-5857,15101
-4541,-8914,13455
292,-11500,11208
7090,-12346,5256
10626,-11512,886
12610,-8625,-3985
12028,-3819,-8209
9854,3980,-13834
6010,8035,-14045
726,11220,-11946
-5638,12556,-6918
-9784,12218,-2434
-12515,10287,2228
-13096,6435,6661
-11550,985,10565
-8184,-6121,14305
-3502,-9656,13158
3390,-11797,8407
7994,-12676,4682
11302,-11467,165
13154,-8571,-4583
12705,-3898,-8807
10477,3485,-13962
6195,8047,-14242
1089,11079,-12168
-5082,12878,-7796
-9450,12812,-3362
-12387,10753,1634
-13187,7111,6076
-11875,1765,10110
-9070,-5935,15005
-4182,-9334,13516
1340,-11739,10399
7594,-12618,5024
11009,-11682,673
12903,-9058,-3845
12614,-4318,-8296
10440,2066,-12506
6455,7705,-14160
1237,10927,-12164
-5341,12379,-7038
-9491,12061,-2570
-12255,10188,2067
-12923,6426,6497
-11409,915,10494
-7948,-6253,14201
-3192,-9747,12939
5024,-11739,6715
8006,-12729,4723
11562,-11347,-215
13047,-8340,-4707
12387,-3473,-8914
10023,4430,-14453
5733,8324,-14057
627,11236,-11863
-5803,12630,-6827
-9792,12164,-2372
-12527,10250,2277
-13117,6187,6930
-11533,874,10659
-8080,-6278,14358
-3436,-9813,13249
4442,-11913,7471
7915,-12787,4872
11343,-11587,244
13195,-8872,-4323
12709,-4108,-8601
10452,2941,-13393
6567,7928,-14495
1398,11042,-12440
-5160,12779,-7619
-9508,12556,-3048
-12465,10737,1728
-13352,7016,6336
-12119,1831,10288
-9029,-6026,15055
-4318,-9339,13657
870,-11962,11092
7429,-12841,5412
10848,-11979,1131
12956,-9528,-3428
13200,-5358,-7842
11277,218,-11495
7330,7227,-14557
2384,10568,-12952
-5527,12280,-6753
-8604,12849,-4245
-12259,11236,1023
-13451,7998,5453
-12432,2854,9578
-9982,-5630,15612
-5102,-8745,13847
-268,-11657,11925
6435,-12857,6422
10283,-12193,1910
12812,-10003,-2809
13228,-5911,-7317
11475,-264,-11211
7668,6670,-14338
2714,10205,-12919
-5696,12082,-6386
-8415,12849,-4434
-12106,11298,808
-13340,8138,5202
-12445,3019,9426
-9920,-5552,15472
-5383,-8703,14086
-255,-11653,11908
6468,-12861,6393
10324,-12210,1886
12779,-10056,-2723
13162,-5816,-7346
11393,-264,-11129
7594,6719,-14313
2627,10258,-12885
-5721,12028,-6307
-8398,12795,-4397
-12053,11203,850
-13274,8118,5156
-12366,2879,9487
-9747,-5754,15501
-4991,-8848,13839
-94,-11636,11730
6781,-12717,5936
10345,-11991,1646
12651,-9685,-2966
12849,-5263,-7586
10885,264,-11149
7057,7198,-14255
1988,10498,-12486
-5317,12181,-6864
-9000,12263,-3263
-12226,10621,1605
-13080,6884,6196
-11847,1575,10272
-8720,-5915,14635
-3869,-9578,13447
1666,-11880,10214
7804,-12849,5045
10964,-11781,817
13026,-9194,-3832
13113,-4900,-8213
11174,581,-11755
7066,7429,-14495
1901,10692,-12593
-5317,12606,-7289
-8971,12952,-3981
-12321,11199,1122
-13377,7730,5647
-12387,2582,9805
-9776,-5861,15637
-5139,-8852,13991
-57,-11661,11718
6765,-12721,5956
10403,-11987,1584
12766,-9854,-2912
12940,-5461,-7479
10778,276,-11054
6921,7239,-14160
1996,10588,-12584
-5407,12337,-6930
-9046,12465,-3419
-12309,10737,1572
-13129,7123,6006
-12040,2054,9986
-8934,-5853,14787
-4232,-9178,13410
1150,-11702,10552
7536,-12655,5119
10939,-11653,714
12849,-8914,-3935
12556,-4323,-8233
10531,2033,-12564
6307,7899,-14206
1188,11013,-12201
-5341,12700,-7359
-9532,12362,-2830
-12478,10547,1931
-13142,6645,6497
-11785,1452,10333
-8542,-5993,14535
-3927,-9487,13414
2623,-11768,9145
7643,-12717,5074
11112,-11673,561
13113,-9083,-4030
12766,-4277,-8489
10671,2211,-12882
6707,7841,-14548
1497,10964,-12461
-5139,12717,-7578
-9334,12672,-3338
-12412,10890,1522
-13373,7412,5961
-12222,2128,10094
-9215,-5973,15188
-4533,-9198,13731
536,-11863,11327
7416,-12787,5371
10758,-11962,1204
12993,-9499,-3494
13278,-5424,-7854
11224,214,-11438
7499,7169,-14668
2363,10568,-12931
-5622,12362,-6740
-8654,12952,-4298
-12267,11380,887
-13505,8126,5379
-12544,2932,9612
-9904,-5643,15547
-5461,-8650,14111
-342,-11677,12019
6360,-12952,6592
10283,-12366,2083
12849,-10221,-2628
13319,-6154,-7165
11644,-655,-10989
8002,6517,-14519
3069,10073,-13142
-5605,11974,-6369
-8171,12931,-4760
-11962,11467,495
-13336,8336,5000
-12449,3291,9158
-9945,-5436,15381
-5403,-8584,13987
-338,-11521,11859
6517,-12746,6229
10242,-12045,1803
12742,-9966,-2776
13117,-5721,-7396
11335,-185,-11150
7482,6855,-14337
2520,10415,-12935
-5704,12251,-6547
-8596,12845,-4249
-12144,11244,900
-13406,7957,5449
-12350,2792,9558
-9726,-5799,15525
-4983,-8794,13777
-115,-11640,11755
6806,-12733,5927
10502,-12053,1551
12754,-9561,-3193
13035,-5395,-7640
11038,222,-11260
7284,7136,-14420
2066,10551,-12617
-5725,12214,-6489
-8835,12573,-3738
-12271,10964,1307
-13171,7433,5738
-12086,2190,9896
-9202,-5878,15080
-4442,-9095,13537
779,-11743,10964
7503,-12626,5123
10873,-11715,842
12919,-9025,-3894
12824,-4615,-8209
10786,1386,-12172
6562,7726,-14288
1452,10824,-12276
-5110,12639,-7529
-9363,12498,-3135
-12449,10626,1823
-13233,6868,6365
-11999,1666,10333
-8827,-5981,14808
-4141,-9471,13612
1728,-11913,10185
7672,-12915,5243
10968,-12007,1039
13121,-9541,-3580
13109,-5110,-7999
11013,420,-11433
7132,7317,-14449
2025,10642,-12667
-5572,12395,-6823
-8852,12581,-3729
-12276,10774,1502
-13138,7227,5911
-11962,1835,10127
-8901,-5824,14725
-4092,-9264,13356
1588,-11781,10193
7557,-12746,5189
10980,-11752,772
12894,-9033,-3861
12655,-4442,-8213
10597,1604,-12201
6381,7759,-14140
1344,10927,-12271
-5292,12672,-7380
-9516,12300,-2784
-12453,10436,2017
-13076,6546,6530
-11591,1150,10441
-8448,-6138,14586
-3675,-9669,13344
3031,-11842,8811
7755,-12676,4921
11244,-11570,326
13068,-8914,-4154
12688,-4174,-8514
10531,2813,-13344
6331,7973,-14304
1093,11141,-12234
-5317,12832,-7515
-9607,12453,-2846
-12573,10555,2018
-13344,6793,6551
-12020,1629,10391
-8765,-5948,14713
-4182,-9479,13661
1146,-12012,10866
7491,-13006,5515
10840,-12131,1291
12973,-9491,-3482
13249,-5288,-7961
11220,288,-11508
7284,7264,-14548
2219,10650,-12869
-5494,12453,-6959
-8872,12870,-3998
-12350,11306,1044
-13525,7940,5585
-12515,2829,9686
-9949,-5721,15670
-5308,-8811,14119
-264,-11760,12024
6439,-12981,6542
10329,-12375,2046
12816,-10238,-2578
13348,-6187,-7161
11764,-602,-11162
7924,6666,-14590
2998,10180,-13178
-5659,12086,-6427
-8295,12977,-4682
-11950,11607,343
-13414,8547,4867
-12684,3481,9203
-10234,-5053,15287
-5775,-8369,14144
-693,-11430,12123
5816,-12874,7058
10073,-12259,2186
12663,-10217,-2446
13183,-6072,-7111
11512,-495,-11017
7804,6579,-14383
2809,10238,-13047
-5680,12148,-6468
-8468,12973,-4505
-12061,11587,474
-13484,8340,5144
-12754,3353,9401
-10238,-5127,15365
-5968,-8497,14465
-804,-11492,12296
5671,-13035,7364
9957,-12626,2669
12729,-10675,-2054
13398,-6608,-6790
11937,-1097,-10840
8518,6224,-14742
3592,9908,-13500
-4248,11917,-7669
-7998,12882,-4884
-11698,11706,-8
-13323,8930,4393
-12758,3918,8840
-10263,-4034,14297
-6018,-8155,14173
-693,-11401,12094
5886,-12680,6794
10015,-11892,1877
12428,-9656,-2772
12981,-5560,-7421
11236,-37,-11199
7268,6983,-14251
2202,10419,-12621
-5506,12313,-6807
-8625,12750,-4125
-12304,11009,1295
-13356,7610,5746
-12280,2384,9896
-9611,-5787,15398
-4929,-8976,13905
140,-11727,11587
7074,-12861,5787
10642,-12210,1568
13006,-9904,-3102
13278,-5560,-7718
11314,74,-11388
7598,7074,-14672
2421,10799,-13220
-5630,12511,-6682
-8728,13084,-4356
-12036,11661,375
-13451,8085,5366
-12766,3638,9128
-9817,-5729,15546
-5172,-8736,13908
-544,-11521,12065
6039,-12853,6814
10164,-12172,2008
12700,-9586,-3114
12907,-5742,-7165
11265,-156,-11109
6934,7383,-14317
1856,10675,-12531
-5548,12144,-6596
-8687,12548,-3861
-12205,10960,1245
-13158,7024,6134
-12003,2169,9834
-8650,-6146,14796
-4549,-9165,13714
899,-11797,10898
7367,-12733,5366
10749,-11888,1139
13109,-9103,-4006
12820,-4471,-8349
10927,577,-11504
6633,7862,-14495
1390,11005,-12395
-5346,12465,-7119
-9042,12659,-3617
-12478,10650,1828
-13393,7412,5981
-11995,1542,10453
-8666,-6100,14766
-3984,-9574,13558
404,-11941,11537
7771,-12952,5181
11154,-11884,730
13092,-9202,-3890
13282,-5420,-7862
10980,891,-11871
7478,7078,-14556
2343,10576,-12919
-5671,12333,-6662
-9112,12787,-3675
-12263,11331,932
-13530,7969,5561
-12498,2887,9611
-9908,-5750,15658
-4706,-9178,13884
-127,-11781,11908
6529,-12911,6382
10440,-12383,1943
12878,-10164,-2714
13356,-6084,-7272
11475,-45,-11430
7895,6637,-14532
2384,10485,-12869
-5659,12061,-6402
-8258,12985,-4727
-11958,11537,421
-13431,8468,4963
-12647,3345,9302
-10176,-5267,15443
-5201,-8815,14016
-78,-11789,11867
6067,-12952,6885
10106,-12375,2269
12738,-10448,-2290
13323,-5886,-7437
11752,-709,-11043
8093,6455,-14548
3155,10098,-13253
-5073,12106,-7033
-8489,12903,-4414
-11937,11591,346
-13377,8526,4851
-12655,3605,9050
-10143,-4879,15022
-5684,-8534,14218
-445,-11570,12015
6736,-12791,6055
10110,-12255,2145
12692,-10081,-2611
13162,-5948,-7214
11187,103,-11290
7804,6645,-14449
2161,10510,-12671
-5572,12276,-6704
-8815,12634,-3819
-12300,10984,1316
-13224,7404,5820
-12040,2083,9957
-9050,-6043,15093
-4277,-9231,13508
1105,-11789,10684
7552,-12564,5012
10873,-11574,701
12894,-9029,-3865
12692,-4372,-8320
10403,2037,-12440
6076,7878,-13954
808,11017,-11825
-5564,12634,-7070
-9747,12061,-2314
-12490,9875,2615
-13002,5869,7133
-11364,338,11026
-7845,-6571,14416
-2887,-10126,13013
5556,-11991,6435
8184,-12923,4739
11768,-11550,-218
13332,-8526,-4806
12614,-3753,-8861
10135,4236,-14371
6001,8245,-14246
882,11401,-12283
-5704,12865,-7161
-9854,12383,-2529
-12700,10411,2289
-13327,6472,6855
-11834,1117,10717
-8435,-6084,14519
-3770,-9706,13476
3089,-11999,8910
7845,-12969,5124
11261,-11809,548
13101,-8992,-4109
12688,-4277,-8411
10522,1992,-12514
6261,8014,-14275
1056,11178,-12234
-5490,12750,-7260
-9685,12284,-2599
-12486,10349,2137
-13080,6340,6740
-11595,919,10676
-8270,-6146,14416
-3444,-9722,13166
4248,-11710,7462
7915,-12556,4641
11504,-11422,-82
13109,-8431,-4678
12317,-3378,-8939
9912,4962,-14874
5622,8468,-14090
437,11438,-11875
-6228,12775,-6547
-10176,12102,-1926
-12647,10052,2595
-13204,6039,7165
-11529,589,10940
-7994,-6397,14391
-3229,-9916,13145
4743,-11974,7231
8146,-12804,4658
11715,-11438,-277
13245,-8468,-4777
12651,-3613,-9038
10164,4578,-14742
5791,8386,-14177
639,11492,-12131
-5952,12861,-6909
-10011,12469,-2458
-12733,10502,2231
-13426,6542,6884
-11875,1138,10737
-8596,-6105,14701
-3840,-9739,13579
2574,-12024,9450
7833,-12956,5123
11323,-11834,511
13327,-9169,-4158
13105,-4479,-8626
10951,1567,-12518
6620,7944,-14564
1559,11067,-12626
-5271,12779,-7508
-9376,12936,-3560
-12577,11248,1329
-13513,7668,5845
-12482,2594,9888
-9809,-5853,15662
-5172,-9000,14172
-78,-11888,11966
6822,-13035,6213
10580,-12337,1757
12989,-10081,-2908
13352,-5737,-7615
11500,-189,-11311
7689,6868,-14557
2673,10370,-13043
-5630,12271,-6641
-8526,12981,-4455
-12069,11537,532
-13381,8274,5107
-12581,3139,9442
-9904,-5585,15489
-5407,-8749,14156
-185,-11735,11920
6542,-12919,6377
10485,-12263,1778
12824,-9953,-2871
13228,-5597,-7631
11446,-123,-11323
7635,6934,-14569
2656,10440,-13096
-5700,12205,-6505
-8476,12936,-4460
-12098,11430,668
-13464,8142,5322
-12502,2899,9603
-9924,-5651,15575
-5209,-8798,14007
-210,-11776,11986
6793,-12828,6035
10456,-12073,1617
12791,-9805,-2986
13171,-5589,-7582
11323,12,-11335
7387,7008,-14395
2215,10477,-12692
-5696,12255,-6559
-8720,12758,-4038
-12222,11034,1188
-13187,7511,5676
-11921,2046,9875
-9079,-5894,14973
-4265,-9219,13484
1373,-11756,10383
7730,-12651,4921
11005,-11661,656
13047,-9050,-3997
12837,-4512,-8325
10543,2013,-12556
6513,7862,-14375
1435,11001,-12436
-5292,12705,-7413
-9520,12573,-3053
-12573,10770,1803
-13418,7082,6336
-12164,1823,10341
-8976,-5931,14907
-4265,-9442,13707
1068,-12016,10948
7453,-13113,5660
10894,-12255,1361
12985,-9652,-3333
13134,-5284,-7850
11327,198,-11525
7313,7202,-14515
2128,10609,-12737
-5581,12412,-6831
-8959,12610,-3651
-12292,10914,1378
-13200,7354,5846
-11908,1988,9920
-8905,-5981,14886
-4401,-9244,13645
1365,-11748,10383
7507,-12634,5127
10989,-11719,730
13006,-9116,-3890
12659,-4467,-8192
10465,1934,-12399
6377,7829,-14206
1060,11067,-12127
-5321,12597,-7276
-9693,12073,-2380
-12366,10110,2256
-13063,6253,6810
-11545,837,10708
-7870,-6426,14296
-3217,-9908,13125
4987,-11859,6872
8130,-12680,4550
11595,-11265,-330
13129,-8435,-4694
12490,-3465,-9025
9961,4813,-14774
5713,8406,-14119
569,11446,-12015
-6121,12791,-6670
-10151,12210,-2059
-12766,10168,2598
-13294,6133,7161
-11665,754,10911
-8278,-6315,14593
-3724,-9912,13636
2124,-12288,10164
7796,-12981,5185
11133,-11941,808
13158,-9256,-3902
12874,-4529,-8345
10708,1608,-12316
6595,7763,-14358
1394,11038,-12432
-5238,12783,-7545
-9669,12634,-2965
-12688,10782,1906
-13381,7016,6365
-12090,1687,10403
-9223,-5894,15117
-4430,-9339,13769
940,-11941,11001
7334,-12857,5523
10840,-12106,1266
13101,-9598,-3503
13063,-5007,-8056
11195,482,-11677
6930,7495,-14425
1843,10836,-12679
-5341,12589,-7248
-9174,12758,-3584
-12408,11096,1312
-13459,7524,5935
-12354,2277,10077
-9471,-6010,15481
-4809,-9190,13999
210,-12040,11830
7144,-13072,5928
10770,-12420,1650
13200,-10168,-3032
13579,-5927,-7652
11756,-330,-11426
8452,6661,-15113
3939,10399,-14338
-3258,12540,-9282
-7932,13476,-5544
-11599,12606,-1007
-13711,9916,3795
-13806,5407,8399
-11892,-276,12168
-7903,-7354,15257
-2792,-10836,13628
5766,-12672,6906
8563,-13488,4925
12267,-12115,-152
13979,-9062,-4917
13381,-4087,-9294
10960,3357,-14317
6402,8390,-14792
1072,11690,-12762
-5486,13369,-7883
-10019,13002,-2983
-12985,10914,2071
-13748,6888,6860
-12399,1460,10939
-9050,-6158,15208
-4042,-9949,13991
2256,-12342,10086
7899,-13183,5284
11574,-12205,631
13608,-9396,-4212
13043,-4224,-8819
10465,3394,-13859
6484,8299,-14783
1138,11649,-12787
-5663,13278,-7615
-10139,12870,-2731
-13084,10931,2153
-13868,6975,6893
-12436,1431,11005
-9037,-6212,15249
-4215,-9908,14123
1761,-12469,10708
7940,-13497,5557
11484,-12482,998
13629,-9706,-3923
13629,-5040,-8589
11603,792,-12395
7375,7746,-15121
2033,11191,-13224
-5568,13076,-7508
-9322,13290,-3968
-12845,11727,1118
-13905,8097,5808
-12861,2784,10077
-9990,-6043,16033
-5152,-9244,14396
136,-12214,12078
7194,-13154,5960
10989,-12255,1266
13286,-9627,-3659
13134,-4780,-8354
10935,1546,-12481
6987,7928,-14915
1460,11331,-12791
-5271,13068,-7797
-9619,12927,-3308
-12791,11022,1769
-13666,7206,6460
-12313,1645,10668
-8959,-6171,15130
-4009,-9817,13826
2722,-12280,9558
8138,-13270,5132
11694,-12032,338
13579,-9190,-4389
13344,-4516,-8828
11108,2446,-13554
6810,8151,-14961
1427,11479,-12906
-5346,13257,-7911
-9805,13121,-3316
-13084,11401,1683
-13979,7453,6526
-12634,1951,10683
-9508,-6125,15633
-4595,-9747,14342
511,-12445,11934
7602,-13591,5989
11244,-12725,1481
13558,-10168,-3390
13789,-5700,-8089
11880,53,-11933
7660,7359,-15019
2421,10931,-13352
-5568,12816,-7248
-9091,13360,-4269
-12733,11673,1060
-13950,8332,5618
-12923,2866,10057
-10230,-5948,16178
-5341,-9190,14531
-16,-12222,12238
6987,-13340,6353
10811,-12754,1943
13414,-10432,-2982
13773,-5882,-7891
11904,-90,-11814
7981,7082,-15063
2668,10803,-13471
-5808,12676,-6868
-8815,13426,-4611
-12659,11900,759
-13971,8526,5445
-13113,3250,9863
-10444,-5696,16140
-5667,-9025,14692
-350,-12135,12485
6571,-13447,6876
10638,-12903,2265
13307,-10576,-2731
13822,-6344,-7478
12049,-503,-11546
8382,6732,-15114
3151,10489,-13640
-5692,12474,-6782
-8443,13468,-5025
-12436,12098,338
-13921,8749,5172
-13109,3345,9764
-10584,-5436,16020
-5841,-8905,14746
-482,-12135,12617
6414,-13530,7116
10597,-12812,2215
13187,-10646,-2541
13827,-6385,-7442
12156,-688,-11468
8435,6649,-15084
3225,10382,-13607
-5292,12465,-7173
-8460,13426,-4966
-12383,11908,475
-13827,8679,5148
-13035,3337,9698
-10415,-5519,15934
-5560,-8992,14552
-181,-12049,12230
6773,-13270,6497
10675,-12696,2021
13311,-10304,-3007
13583,-5931,-7652
11673,-127,-11546
7705,7111,-14816
2417,10828,-13245
-5680,12610,-6930
-9145,13109,-3964
-12738,11327,1411
-13723,7602,6121
-12626,2132,10494
-9442,-6237,15679
-4570,-9561,14131
816,-12370,11554
7651,-13422,5771
11174,-12527,1353
13426,-9854,-3572
13443,-5288,-8155
11570,321,-11891
7445,7548,-14993
1905,11158,-13063
-5531,13080,-7549
-9475,13233,-3758
-12973,11418,1555
-13950,7771,6179
-12721,2289,10432
-9776,-6191,15967
-5077,-9433,14510
123,-12391,12268
7144,-13402,6258
10857,-12630,1773
13278,-10283,-2995
13505,-5733,-7772
11496,185,-11681
7499,7400,-14899
2066,11071,-13137
-5506,12903,-7397
-9433,13047,-3614
-12804,11203,1601
-13744,7515,6229
-12498,1959,10539
-9227,-6133,15360
-4529,-9590,14119
1047,-12255,11208
7849,-13154,5305
11220,-12234,1014
13402,-9458,-3944
13414,-4818,-8596
11149,1369,-12518
6876,7928,-14804
1460,11331,-12791
-5395,13109,-7714
-9788,12969,-3181
-12985,11174,1811
-13765,7156,6609
-12432,1744,10688
-9157,-6125,15282
-4186,-9817,14003
1769,-12284,10515
7887,-13286,5399
11644,-12201,557
13620,-9264,-4356
13377,-4521,-8856
11112,2367,-13479
6558,8262,-14820
1179,11562,-12741
-5457,13253,-7796
-9982,13096,-3114
-13039,11220,1819
-13893,7326,6567
-12519,1815,10704
-9466,-6059,15525
-4690,-9636,14326
998,-12412,11414
7676,-13344,5668
11372,-12449,1077
13637,-9829,-3808
13587,-5098,-8489
11517,940,-12457
7251,7812,-15063
1876,11195,-13071
-5424,13072,-7648
-9380,13402,-4022
-12812,11690,1122
-14004,8171,5833
-12940,2780,10160
-10060,-6034,16094
-5242,-9277,14519
61,-12230,12169
7169,-13381,6212
11088,-12663,1575
13431,-10180,-3251
13723,-5671,-8052
11690,169,-11859
7915,7260,-15175
2565,10877,-13442
-5894,12705,-6811
-8914,13336,-4422
-12651,11797,854
-13909,8431,5478
-12964,2986,9978
-10126,-5981,16107
-5275,-9169,14444
-37,-12243,12280
7198,-13323,6125
10923,-12498,1575
13336,-9990,-3346
13629,-5610,-8019
11772,156,-11928
7519,7453,-14972
2326,10923,-13249
-5527,12886,-7359
-9095,13356,-4261
-12812,11545,1267
-13860,8130,5730
-12808,2640,10168
-10184,-5989,16173
-5156,-9301,14457
268,-12247,11979
7313,-13369,6056
11013,-12581,1568
13422,-10093,-3329
13596,-5659,-7937
11541,160,-11701
7334,7466,-14800
2264,10902,-13166
-5399,12808,-7409
-9293,12952,-3659
-12639,11071,1568
-13439,7136,6303
-12300,1575,10725
-8930,-6072,15002
-4001,-9788,13789
3052,-12300,9248
8097,-13233,5136
11793,-11983,190
13567,-9079,-4488
13109,-4087,-9022
10828,3324,-14152
6303,8423,-14726
1035,11599,-12634
-5585,13261,-7676
-10126,12832,-2706
-13055,10902,2153
-13740,6637,7103
-12255,1196,11059
-8703,-6270,14973
-3943,-10098,14041
3097,-12515,9418
8064,-13484,5420
11677,-12350,673
13744,-9582,-4162
13422,-4743,-8679
11207,1571,-12778
7049,8043,-15092
1732,11347,-13079
-5201,13270,-8069
-9611,13134,-3523
-12890,11286,1604
-13789,7437,6352
-12601,2033,10568
-9293,-6113,15406
-4401,-9664,14065
1208,-12300,11092
7738,-13138,5400
11434,-12197,763
13472,-9310,-4162
13175,-4669,-8506
10873,2079,-12952
6513,8122,-14635
1134,11533,-12667
-5597,13092,-7495
-10131,12639,-2508
-13051,10659,2392
-13649,6509,7140
-12020,862,11158
-8382,-6542,14924
-3440,-10263,13703
4554,-12354,7800
8221,-13282,5061
11941,-11995,54
13695,-9021,-4674
13113,-3968,-9145
10564,3922,-14486
6195,8542,-14737
829,11706,-12535
-5968,13299,-7331
-10329,12853,-2524
-13183,10815,2368
-13798,6707,7091
-12197,1142,11055
-8852,-6286,15138
-4030,-10065,14095
2693,-12556,9863
8027,-13509,5482
11649,-12379,730
13723,-9611,-4112
13476,-4743,-8733
11199,1485,-12684
6868,8105,-14973
1546,11459,-13005
-5325,13323,-7998
-9788,13266,-3478
-13088,11418,1670
-14016,7627,6389
-12783,2178,10605
-9784,-6084,15868
-4908,-9607,14515
214,-12445,12231
7383,-13525,6142
11112,-12771,1659
13509,-10131,-3378
13711,-5671,-8040
11797,82,-11879
7808,7367,-15175
2520,10997,-13517
-5663,12911,-7248
-9083,13422,-4339
-12771,11867,904
-14066,8419,5647
-13167,3064,10103
-10386,-5849,16235
-5585,-9099,14684
-173,-12259,12432
6723,-13472,6749
10766,-12692,1926
13311,-10428,-2883
13781,-6162,-7619
11950,-189,-11761
7924,7086,-15010
2644,10791,-13435
-5663,12721,-7058
-8943,13426,-4483
-12696,11694,1002
-13942,8353,5589
-12948,2920,10028
-10246,-5940,16186
-5407,-9190,14597
-127,-12201,12328
6864,-13410,6546
10848,-12738,1890
13360,-10291,-3069
13707,-5832,-7875
11661,-8,-11653
7598,7276,-14874
2458,10951,-13409
-5680,12795,-7115
-9256,13233,-3977
-12804,11385,1419
-13860,7874,5986
-12696,2363,10333
-9755,-5989,15744
-4657,-9429,14086
441,-12238,11797
7581,-13138,5557
11182,-12337,1155
13266,-9479,-3787
12981,-4504,-8477
10815,2140,-12955
6501,8171,-14672
1056,11591,-12647
-5626,13323,-7697
-10122,12993,-2871
-13179,11034,2145
-13876,6983,6893
-12449,1472,10977
-9273,-6154,15427
-4714,-9937,14651
899,-12531,11632
7639,-13402,5763
11273,-12552,1279
13591,-9982,-3609
13604,-5251,-8353
11393,676,-12069
7433,7763,-15196
2025,11191,-13216
-5498,13105,-7607
-9454,13233,-3779
-12791,11442,1349
-13921,7907,6014
-12696,2297,10399
-9813,-6014,15827
-4772,-9400,14172
503,-12284,11781
7676,-13158,5482
11232,-12284,1052
13402,-9442,-3960
13311,-4735,-8576
11005,1835,-12840
6608,8047,-14655
1146,11385,-12531
-5531,13076,-7545
-9904,12696,-2792
-12944,10708,2236
-13587,6620,6967
-12028,1023,11005
-8604,-6249,14853
-3423,-10164,13587
4896,-12296,7400
8423,-13150,4727
12098,-11793,-305
13719,-8596,-5123
12936,-3465,-9471
10337,5185,-15522
5733,8765,-14498
387,11838,-12225
-6435,13175,-6740
-10444,12729,-2285
-13253,10415,2838
-13678,6232,7446
-11892,445,11447
-8283,-6604,14887
-3176,-10539,13715
5577,-12535,6958
8509,-13402,4893
12230,-12057,-173
13876,-8967,-4909
13183,-3782,-9401
10733,4240,-14973
6257,8592,-14849
841,11842,-12683
-5795,13389,-7594
-10172,13030,-2858
-13076,10997,2079
-13888,6950,6938
-12432,1406,11026
-8934,-6274,15208
-4038,-10126,14164
3027,-12577,9550
8035,-13567,5532
11768,-12474,706
13736,-9528,-4208
13563,-4776,-8787
11438,1357,-12795
7243,7944,-15187
1868,11323,-13191
-5296,13216,-7920
-9553,13278,-3725
-12989,11558,1431
-14041,7907,6134
-12832,2310,10522
-9862,-6076,15938
-4904,-9512,14416
342,-12370,12028
7552,-13398,5846
11182,-12573,1391
13484,-9871,-3613
13715,-5449,-8266
11669,255,-11924
7449,7519,-14968
2149,11038,-13187
-5453,12956,-7503
-9223,13200,-3977
-12849,11319,1530
-13827,7598,6229
-12577,2124,10453
-9586,-6014,15600
-4624,-9681,14305
1179,-12366,11187
7734,-13373,5639
11327,-12370,1043
13538,-9817,-3721
13468,-5168,-8300
11343,829,-12172
7111,7771,-14882
1831,11199,-13030
-5436,13006,-7570
-9627,12944,-3317
-12898,11026,1872
-13752,7181,6571
-12399,1489,10910
-8885,-6282,15167
-3935,-9978,13913
2833,-12441,9608
7986,-13492,5506
11578,-12313,735
13558,-9384,-4174
13237,-4475,-8762
11005,2268,-13273
6748,8060,-14808
1113,11545,-12658
-5651,13200,-7549
-10027,12779,-2752
-13063,10857,2206
-13653,6670,6983
-12139,1080,11059
-8497,-6430,14927
-3564,-10213,13777
4603,-12354,7751
8204,-13340,5136
11983,-12032,49
13765,-9017,-4748
13113,-3856,-9257
10749,4170,-14919
6286,8555,-14841
895,11797,-12692
-5799,13398,-7599
-10329,12964,-2635
-13191,10947,2244
-13905,6901,7004
-12432,1357,11075
-9054,-6216,15270
-4079,-9900,13979
1839,-12441,10602
7903,-13307,5404
11562,-12251,689
13579,-9528,-4051
13443,-4764,-8679
11079,1823,-12902
6748,8118,-14866
1344,11525,-12869
-5362,13150,-7788
-9982,12907,-2925
-12993,11022,1971
-13765,6983,6782
-12317,1365,10952
-9004,-6237,15241
-3972,-9937,13909
2805,-12321,9516
8023,-13195,5172
11785,-12078,293
13690,-9174,-4516
13228,-4207,-9021
10729,3064,-13793
6224,8509,-14733
957,11644,-12601
-5762,13233,-7471
-10225,12832,-2607
-13084,10791,2293
-13703,6686,7017
-12098,924,11174
-8674,-6311,14985
-3753,-10126,13879
4356,-12358,8002
8221,-13336,5115
12036,-12020,-16
13802,-9145,-4657
13212,-3922,-9290
10642,3898,-14540
6303,8567,-14870
870,11781,-12651
-5671,13451,-7780
-10168,13088,-2920
-13200,11083,2117
-14012,7161,6851
-12597,1612,10985
-9231,-6175,15406
-4479,-9900,14379
1497,-12540,11043
7829,-13472,5643
11484,-12667,1183
13723,-9792,-3931
13703,-5230,-8473
11644,701,-12345
7519,7759,-15278
2223,11178,-13401
-5634,13063,-7429
-9264,13480,-4216
-12898,11805,1093
-14107,8369,5738
-13105,2932,10173
-10242,-6014,16256
-5465,-9248,14713
-132,-12243,12375
6971,-13501,6530
10869,-12779,1910
13360,-10374,-2986
13872,-6010,-7862
12082,-268,-11814
7903,7128,-15031
2697,10753,-13450
-5713,12758,-7045
-8749,13497,-4748
-12634,11797,837
-13954,8468,5486
-12952,2957,9995
-10238,-5832,16070
-5412,-9165,14577
45,-12197,12152
7095,-13426,6331
11017,-12676,1659
13488,-10333,-3155
13806,-5742,-8064
11908,4,-11912
7994,7210,-15204
2866,10894,-13760
-5960,12771,-6811
-8778,13641,-4863
-12639,12090,549
-14070,8819,5251
-13385,3638,9747
-10481,-5222,15703
-5997,-8798,14795
-540,-12016,12556
6216,-13459,7243
10473,-12989,2516
13224,-10576,-2648
13703,-6303,-7400
11966,-420,-11546
8159,6793,-14952
2805,10663,-13468
-5779,12597,-6818
-8724,13200,-4476
-12564,11686,878
-13732,8006,5726
-12593,2532,10061
-9722,-6121,15843
-4797,-9450,14247
548,-12210,11662
7569,-13167,5598
11145,-12383,1238
13451,-9759,-3692
13476,-5131,-8345
11368,985,-12353
7161,7870,-15031
1839,11257,-13096
-5387,13113,-7726
-9631,13121,-3490
-12989,11352,1637
-13888,7462,6426
-12696,2066,10630
-9574,-6150,15724
-4632,-9768,14400
870,-12478,11608
7726,-13583,5857
11261,-12700,1439
13633,-10238,-3395
13851,-5733,-8118
11855,169,-12024
7746,7350,-15096
2619,10890,-13509
-5803,12750,-6947
-8864,13307,-4443
-12766,11620,1146
-13884,8192,5692
-12804,2689,10115
-9834,-5993,15827
-4813,-9363,14176
404,-12218,11814
7590,-13220,5630
11174,-12366,1192
13443,-9644,-3799
13398,-5020,-8378
11203,1097,-12300
6901,7870,-14771
1480,11294,-12774
-5449,13175,-7726
-9697,12985,-3288
-12948,11104,1844
-13686,7057,6629
-12280,1468,10812
-9120,-6059,15179
-4112,-9887,13999
2495,-12403,9908
8035,-13286,5251
11764,-12094,330
13666,-9314,-4352
13311,-4409,-8902
10865,2623,-13488
6364,8369,-14733
1010,11636,-12646
-5634,13278,-7644
-10040,12993,-2953
-13138,10914,2224
-13843,6917,6926
-12453,1423,11030
-8959,-6303,15262
-4050,-10011,14061
2545,-12461,9916
8052,-13480,5428
11624,-12379,755
13715,-9570,-4145
13525,-4822,-8703
11240,1629,-12869
7070,8047,-15117
1728,11356,-13084
-5383,13237,-7854
-9735,13204,-3469
-13076,11492,1584
-13959,7639,6320
-12787,2157,10630
-9726,-6096,15822
-4768,-9623,14391
383,-12453,12070
7614,-13439,5825
11195,-12428,1233
13538,-9895,-3643
13723,-5407,-8316
11735,321,-12056
7470,7631,-15101
2054,11133,-13187
-5519,13088,-7569
-9438,13299,-3861
-12964,11492,1472
-13983,7936,6047
-12865,2516,10349
-10036,-6022,16058
-5061,-9413,14474
202,-12317,12115
7334,-13431,6097
11096,-12688,1592
13563,-10172,-3391
13847,-5816,-8031
11847,41,-11888
7713,7375,-15088
2479,11026,-13505
-5709,12812,-7103
-9161,13443,-4282
-12849,11665,1184
-13979,8027,5952
-12948,2681,10267
-9994,-6080,16074
-5106,-9277,14383
82,-12292,12210
7206,-13406,6200
11026,-12614,1588
13410,-10077,-3333
13550,-5469,-8081
11632,218,-11850
7453,7528,-14981
2169,11071,-13240
-5379,12997,-7618
-9396,13076,-3680
-12804,11281,1523
-13641,7363,6278
-12399,1901,10498
-9169,-6195,15364
-4158,-9726,13884
2029,-12197,10168
7895,-13006,5111
11620,-11921,301
13542,-9058,-4484
12948,-3889,-9059
10477,4422,-14899
5977,8658,-14635
503,11818,-12321
-6100,13336,-7236
-10506,12696,-2190
-13096,10617,2479
-13756,6426,7330
-12090,713,11377
-8373,-6633,15006
-3477,-10349,13826
4545,-12494,7949
8365,-13451,5086
12123,-12069,-54
13851,-9025,-4826
13369,-4026,-9343
10898,3988,-14886
6517,8439,-14956
1084,11752,-12836
-5552,13352,-7800
-10036,13125,-3089
-13179,11170,2009
-13950,7202,6748
-12564,1724,10840
-9186,-6121,15307
-4112,-9924,14036
2037,-12329,10292
7920,-13253,5333
11677,-12210,533
13624,-9367,-4257
13270,-4302,-8968
10828,2409,-13237
6385,8320,-14705
965,11603,-12568
-5676,13171,-7495
-10044,12779,-2735
-12973,10725,2248
-13492,6459,7033
-11859,688,11171
-8270,-6513,14783
-3130,-10370,13500
5610,-12399,6789
8580,-13332,4752
12267,-11896,-371
13789,-8658,-5131
12927,-3333,-9594
10304,5387,-15691
5638,8798,-14436
177,11958,-12135
-6554,13224,-6670
-10465,12713,-2248
-13175,10423,2752
-13719,6220,7499
-11970,490,11480
-8196,-6843,15039
-3056,-10527,13583
5812,-12535,6723
8551,-13360,4809
12309,-11970,-339
13855,-8782,-5073
13076,-3638,-9438
10576,4970,-15546
6146,8753,-14899
680,11950,-12630
-6047,13406,-7359
-10353,12960,-2607
-13249,10927,2322
-13930,6843,7087
-12395,1130,11265
-8786,-6336,15122
-3865,-10180,14045
3056,-12593,9537
8208,-13513,5305
11752,-12366,614
13839,-9499,-4340
13744,-4871,-8873
11446,1431,-12877
7099,8080,-15179
1691,11409,-13100
-5209,13282,-8073
-9537,13389,-3852
-13022,11591,1431
-14012,7816,6196
-12894,2388,10506
-9949,-6088,16037
-4999,-9508,14507
346,-12416,12070
7524,-13464,5940
11158,-12717,1559
13604,-10205,-3399
13732,-5539,-8193
11710,276,-11986
7614,7503,-15117
2367,11026,-13393
-5478,13158,-7680
-9136,13402,-4266
-13026,11323,1703
-13921,8027,5894
-12725,2004,10721
-9850,-6055,15905
-4859,-9499,14358
334,-12408,12074
7437,-13484,6047
11562,-12449,887
13649,-9664,-3985
13488,-4793,-8695
11822,189,-12011
7499,7519,-15018
2145,11116,-13261
-5453,13278,-7825
-9380,13257,-3877
-13030,11228,1802
-13851,7750,6101
-12667,2235,10432
-9161,-6179,15340
-4657,-9636,14293
796,-12342,11546
7944,-13323,5379
11294,-12395,1101
13608,-9433,-4175
13373,-5040,-8333
11236,1101,-12337
6426,8262,-14688
1485,11265,-12750
-5733,13233,-7500
-9867,12684,-2817
-12993,10312,2681
-13575,6051,7524
-12007,899,11108
-8410,-6505,14915
-2805,-10576,13381
4863,-12469,7606
8324,-13311,4987
11983,-12049,66
13864,-8646,-5218
13121,-3432,-9689
10415,5329,-15744
6319,8505,-14824
342,12040,-12382
-6447,13360,-6913
-10234,13035,-2801
-13228,10947,2281
-13913,6934,6979
-12370,1254,11116
-8926,-6307,15233
-4017,-10081,14098
2244,-12540,10296
7986,-13389,5403
11665,-12350,685
13707,-9466,-4241
13356,-4554,-8802
10617,4170,-14787
6521,8258,-14779
1002,11632,-12634
-5655,13245,-7590
-10019,12923,-2904
-13167,10539,2628
-13686,6732,6954
-12090,1064,11026
-8728,-6286,15014
-3180,-10411,13591
4298,-12263,7965
8291,-13208,4917
12259,-11686,-573
13612,-8666,-4946
12791,-3394,-9397
10118,5445,-15563
4859,9264,-14123
136,11917,-12053
-6752,13224,-6472
-10972,12292,-1320
-13278,9780,3498
-13571,6010,7561
-11809,255,11554
-7478,-7433,14911
-2767,-10572,13339
5973,-12758,6785
9207,-13154,3947
12568,-11537,-1031
13761,-7726,-6035
12676,-2739,-9937
9615,6109,-15724
4995,9450,-14445
-346,12465,-12119
-7371,13398,-6027
-11001,12754,-1753
-13459,10370,3089
-13851,5989,7862
-11991,177,11814
-8097,-7053,15150
-2986,-10659,13645
5783,-12634,6851
8679,-13455,4776
12420,-12016,-404
13979,-8811,-5168
13315,-3733,-9582
10712,4467,-15179
6232,8641,-14873
841,11917,-12758
-5754,13525,-7771
-10267,13109,-2842
-13179,10910,2269
-13905,6810,7095
-12490,1237,11253
-8971,-6294,15265
-3852,-10159,14011
3403,-12449,9046
8283,-13459,5176
11917,-12271,354
13847,-9281,-4566
13344,-4360,-8984
10943,2990,-13933
6567,8274,-14841
1126,11686,-12812
-5634,13303,-7669
-10077,13014,-2937
-13018,10898,2120
-13814,6925,6889
-12321,1171,11150
-8699,-6294,14993
-3749,-10126,13875
4195,-12490,8295
8225,-13451,5226
12078,-12168,90
13773,-9075,-4698
13200,-4009,-9191
10725,3947,-14672
6133,8592,-14725
957,11838,-12795
-5779,13398,-7619
-10159,12985,-2826
-13158,10997,2161
-13756,6777,6979
-12218,1171,11047
-8683,-6331,15014
-3634,-10159,13793
4516,-12304,7788
8287,-13237,4950
12106,-11913,-193
13703,-8740,-4963
12985,-3584,-9401
10473,4958,-15431
5816,8753,-14569
466,11884,-12350
-6245,13270,-7025
-10452,12639,-2187
-13150,10481,2669
-13785,6154,7631
-11863,284,11579
-7981,-7078,15059
-2899,-10758,13657
5853,-12799,6946
8778,-13921,5143
12482,-12618,136
14206,-9442,-4764
13967,-4735,-9232
11702,1765,-13467
7433,8068,-15501
2008,11541,-13549
-5597,13464,-7867
-9359,13930,-4571
-13146,12325,821
-14602,8914,5688
-13769,3634,10135
-11162,-5110,16272
-6703,-8802,15505
-1522,-12139,13661
5436,-14062,8626
10023,-13835,3812
13360,-12032,-1328
14495,-8349,-6146
13385,-2689,-10696
10428,6191,-16619
5354,9545,-14899
-136,12655,-12519
-7326,13913,-6587
-11265,13294,-2029
-13847,10832,3015
-14049,6034,8015
-12078,-37,12115
-8266,-7247,15513
-2978,-10976,13954
5915,-13022,7107
9033,-13810,4777
12799,-12251,-548
14289,-8856,-5433
13365,-3234,-10131
10700,5638,-16338
5700,9256,-14956
156,12515,-12671
-6921,13905,-6984
-10997,13216,-2219
-13748,10881,2867
-14330,6501,7829
-12540,573,11967
-8633,-6942,15575
-3304,-10931,14235
5366,-12952,7586
8765,-13959,5194
12680,-12548,-132
14322,-9277,-5045
13756,-4009,-9747
11195,4504,-15699
6641,8844,-15485
1043,12296,-13339
-5820,13967,-8147
-10502,13604,-3102
-13732,11640,2092
-14569,7503,7066
-13113,1674,11439
-9747,-6360,16107
-4483,-10238,14721
1526,-13018,11492
8192,-14045,5853
11925,-12952,1027
14210,-10205,-4005
14227,-5354,-8873
12082,660,-12742
7742,7899,-15641
2070,11640,-13710
-5568,13670,-8102
-9718,13926,-4208
-13484,11991,1493
-14623,8217,6406
-13447,2557,10890
-10494,-6171,16665
-5242,-9784,15026
284,-12828,12544
7585,-14008,6423
11467,-13332,1865
14053,-10753,-3300
14437,-6146,-8291
12416,-49,-12367
8167,7507,-15674
2739,11335,-14074
-6039,13414,-7375
-9380,14000,-4620
-13233,12337,896
-14594,8633,5961
-13699,3139,10560
-10704,-5981,16685
-5857,-9355,15212
-239,-12696,12935
6925,-14058,7133
11182,-13352,2170
13843,-10951,-2892
14276,-6282,-7994
12552,-363,-12189
8361,7268,-15629
2809,11265,-14074
-6034,13344,-7310
-9235,14000,-4765
-13183,12449,734
-14627,8753,5874
-13554,3217,10337
-10749,-5898,16647
-5919,-9330,15249
-367,-12597,12964
6711,-14016,7305
11055,-13402,2347
13777,-11092,-2685
14330,-6488,-7842
12502,-408,-12094
8283,7243,-15526
2895,11166,-14061
-5836,13220,-7384
-9268,13959,-4691
-13158,12127,1031
-14474,8650,5824
-13530,3097,10433
-10601,-6072,16673
-5552,-9413,14965
119,-12717,12598
7354,-13831,6477
11372,-12985,1613
13901,-10432,-3469
14185,-5713,-8472
12065,321,-12386
7680,7837,-15517
2153,11537,-13690
-5469,13521,-8052
-9669,13723,-4054
-13418,11880,1538
-14524,8151,6373
-13253,2409,10844
-10089,-6191,16280
-4917,-9916,14833
420,-12861,12441
7858,-13950,6092
11702,-13088,1386
14148,-10263,-3885
14284,-5630,-8654
12193,367,-12560
7656,7986,-15642
2223,11562,-13785
-5568,13525,-7957
-9669,13913,-4244
-13451,12106,1345
-14437,8415,6022
-13311,2701,10610
-10465,-6092,16557
-5346,-9603,14949
90,-12733,12643
7557,-13777,6220
11554,-12989,1435
13954,-10238,-3716
13967,-5346,-8621
11739,862,-12601
7338,8035,-15373
1588,11748,-13336
-5494,13624,-8130
-10056,13620,-3564
-13398,11665,1733
-14379,7730,6649
-13002,1914,11088
-9673,-6377,16050
-4413,-10126,14539
1905,-12824,10919
8130,-13798,5668
11987,-12812,825
14086,-9858,-4228
13822,-4780,-9042
11430,1988,-13418
7099,8394,-15493
1513,11880,-13393
-5527,13748,-8221
-10225,13439,-3214
-13484,11496,1988
-14293,7276,7017
-12886,1402,11484
-9227,-6509,15736
-4170,-10357,14527
2961,-12989,10028
8547,-13901,5354
12276,-12597,321
14334,-9565,-4769
14025,-4673,-9352
11603,2565,-14168
7074,8398,-15472
1353,11941,-13294
-5445,13905,-8460
-10168,13868,-3700
-13575,11653,1922
-14507,7717,6790
-13220,2021,11199
-9879,-6224,16103
-4632,-10201,14833
1332,-13014,11682
8097,-14029,5932
11859,-13105,1246
14247,-10395,-3852
14346,-5622,-8724
12276,251,-12527
7870,7821,-15691
2462,11529,-13991
-5779,13538,-7759
-9446,14000,-4554
-13381,12189,1192
-14536,8526,6010
-13583,2887,10696
-10510,-6195,16705
-5461,-9603,15064
90,-12865,12775
7486,-14025,6539
11319,-13311,1992
13934,-10745,-3189
14330,-6076,-8254
12391,-66,-12325
8287,7350,-15637
2730,11277,-14007
-6088,13323,-7235
-9384,13880,-4496
-13245,12139,1106
-14375,8307,6068
-13286,2726,10560
-10287,-6084,16371
-5271,-9743,15014
433,-12828,12395
7742,-13905,6163
11562,-13142,1580
14033,-10522,-3511
14251,-5907,-8344
12028,297,-12325
7986,7697,-15683
2388,11484,-13872
-5700,13525,-7825
-9487,13822,-4335
-13286,11987,1299
-14421,8217,6204
-13323,2652,10671
-10291,-6171,16462
-5020,-9710,14730
202,-12705,12503
7672,-13695,6023
11562,-12816,1254
13884,-10131,-3753
13921,-5325,-8596
11574,1072,-12646
7123,8097,-15220
1311,11871,-13182
-5597,13604,-8007
-10428,13212,-2784
-13447,11195,2252
-14210,6979,7231
-12593,998,11595
-8947,-6558,15505
-3778,-10518,14296
4397,-12870,8473
8547,-13893,5346
12337,-12519,182
14289,-9438,-4851
13748,-4203,-9545
11071,3753,-14824
6468,8819,-15287
767,12259,-13026
-6138,13913,-7775
-10737,13492,-2755
-13785,11347,2438
-14404,7029,7375
-12832,1208,11624
-9565,-6265,15830
-4554,-10366,14920
1522,-13088,11566
8105,-13996,5891
11958,-12865,907
14128,-10143,-3985
13950,-4962,-8988
11628,1435,-13063
7090,8353,-15443
1439,11880,-13319
-5490,13777,-8287
-10201,13521,-3320
-13410,11438,1972
-14305,7321,6984
-12820,1538,11282
-9273,-6331,15604
-4021,-10258,14279
3238,-12775,9537
8427,-13744,5317
12375,-12436,61
14140,-9108,-5032
13472,-3815,-9657
10857,4908,-15765
6232,8967,-15199
585,12366,-12951
-6232,13810,-7578
-10696,13290,-2594
-13612,11042,2570
-14243,6769,7474
-12490,742,11748
-8670,-6715,15385
-3493,-10654,14147
5077,-12890,7813
8852,-13761,4909
12729,-12205,-524
14326,-8955,-5371
13567,-3712,-9855
10976,5181,-16157
6030,9058,-15088
548,12370,-12918
-6360,14049,-7689
-10766,13567,-2801
-13715,11232,2483
-14433,7012,7421
-12820,1056,11764
-9277,-6513,15790
-3914,-10667,14581
4005,-12989,8984
8526,-14115,5589
12342,-12936,594
14379,-9891,-4488
14033,-4793,-9240
11694,2025,-13719
7251,8439,-15690
1786,11908,-13694
-5605,13761,-8156
-10077,13847,-3770
-13620,11921,1699
-14577,7986,6591
-13431,2409,11022
-10135,-6212,16347
-4995,-9862,14857
317,-12915,12598
7783,-14033,6250
11698,-13212,1514
14078,-10555,-3523
14198,-5643,-8555
12193,292,-12485
7845,7755,-15600
2297,11558,-13855
-5713,13608,-7895
-9640,13917,-4277
-13435,12123,1312
-14491,8386,6105
-13369,2710,10659
-10333,-6129,16462
-5296,-9669,14965
144,-12791,12647
7536,-13893,6357
11479,-13171,1692
14016,-10597,-3419
14239,-5746,-8493
12185,243,-12428
8031,7664,-15695
2454,11512,-13966
-5746,13501,-7755
-9479,13992,-4513
-13241,12218,1023
-14532,8526,6006
-13542,2920,10622
-10527,-6187,16714
-5457,-9549,15006
4,-12705,12701
7503,-13876,6373
11451,-13088,1637
13992,-10456,-3536
14309,-5981,-8328
12152,193,-12345
7973,7548,-15521
2219,11479,-13698
-5684,13365,-7681
-9417,13653,-4236
-13270,11760,1510
-14239,7858,6381
-12832,1930,10902
-9409,-6195,15604
-4195,-10234,14429
2545,-12865,10320
8472,-13847,5375
12222,-12799,577
14309,-9619,-4690
13971,-4611,-9360
11574,2491,-14065
6958,8600,-15558
1419,12016,-13435
-5527,13884,-8357
-10225,13909,-3684
-13695,11925,1770
-14565,7953,6612
-13175,2079,11096
-10122,-6183,16305
-5016,-10069,15085
647,-12977,12330
7973,-13954,5981
11752,-13096,1344
14177,-10411,-3766
14214,-5552,-8662
12152,301,-12453
7610,7837,-15447
2128,11570,-13698
-5605,13591,-7986
-9730,13703,-3973
-13319,11719,1600
-14289,7792,6497
-13026,2054,10972
-9598,-6352,15950
-4368,-10110,14478
1967,-12758,10791
8200,-13690,5490
11999,-12705,706
14095,-9648,-4447
13666,-4471,-9195
11273,3135,-14408
6707,8538,-15245
1056,12078,-13134
-5853,13781,-7928
-10605,13216,-2611
-13558,11100,2458
-14181,6719,7462
-12502,693,11809
-8732,-6657,15389
-3320,-10749,14069
5416,-12907,7491
8732,-13818,5086
12519,-12329,-190
14289,-8947,-5342
13563,-3733,-9830
10803,5069,-15872
5935,9075,-15010
371,12420,-12791
-6678,13831,-7153
-10931,13261,-2330
-13744,10927,2817
-14243,6459,7784
-12531,705,11826
-8712,-6810,15522
-3411,-10811,14222
5350,-12944,7594
8691,-14000,5309
12655,-12581,-74
14429,-9326,-5103
13765,-3955,-9810
11059,4578,-15637
6525,8938,-15463
948,12362,-13310
-6166,13959,-7793
-10733,13583,-2850
-13781,11409,2372
-14470,7243,7227
-13030,1464,11566
-9372,-6373,15745
-4265,-10403,14668
2668,-13022,10354
8295,-14066,5771
12185,-12931,746
14272,-9933,-4339
14041,-4892,-9149
11768,1559,-13327
7247,8390,-15637
1678,11941,-13619
-5523,13818,-8295
-10069,13686,-3617
-13546,11781,1765
-14400,7647,6753
-13167,1959,11208
-9631,-6307,15938
-4459,-10159,14618
1600,-12861,11261
8151,-13851,5700
12061,-12832,771
14140,-9994,-4146
13950,-4805,-9145
11541,2140,-13681
6979,8472,-15451
1476,11941,-13417
-5469,13822,-8353
-10320,13558,-3238
-13497,11603,1894
-14375,7350,7025
-12964,1687,11277
-9289,-6352,15641
-4298,-10242,14540
2495,-12874,10379
8307,-13839,5532
12094,-12762,668
14177,-9598,-4579
13872,-4669,-9203
11286,2875,-14161
6773,8542,-15315
1060,12111,-13171
-5861,13831,-7970
-10403,13426,-3023
-13608,11253,2355
-14289,7041,7248
-12783,1225,11558
-9070,-6472,15542
-3778,-10502,14280
4100,-12771,8671
8600,-13777,5177
12399,-12523,124
14190,-9182,-5008
13525,-3828,-9697
10675,5069,-15744
5894,9000,-14894
214,12342,-12556
-6979,13756,-6777
-11009,13088,-2079
-13740,10720,3020
-14136,6307,7829
-12193,181,12012
-8439,-7041,15480
-3027,-10927,13954
5902,-13010,7108
8984,-13876,4892
12894,-12362,-532
14458,-8905,-5553
13554,-3526,-10028
10791,5535,-16326
5935,9198,-15133
532,12457,-12989
-6476,14066,-7590
-10811,13435,-2624
-13608,11121,2487
-14301,6802,7499
-12700,1027,11673
-8712,-6723,15435
-3551,-10580,14131
5139,-12886,7747
8765,-13798,5033
12672,-12333,-339
14181,-8905,-5276
13315,-3448,-9867
10683,5581,-16264
5841,9132,-14973
28,12474,-12502
-6880,13649,-6769
-10943,13068,-2125
-13616,10712,2904
-14136,6138,7998
-12251,214,12037
-8212,-7173,15385
-2755,-11022,13777
6162,-13030,6868
9219,-13591,4372
12894,-11995,-899
14247,-8340,-5907
13299,-2879,-10420
10296,5989,-16285
5222,9421,-14643
-297,12548,-12251
-7433,13711,-6278
-11389,12886,-1497
-13814,10349,3465
-14086,5692,8394
-12020,-288,12308
-7920,-7602,15522
-2173,-11446,13619
5721,-13266,7545
9479,-13781,4302
13150,-12144,-1006
14449,-8472,-5977
13414,-3015,-10399
10477,6080,-16557
5680,9363,-15043
115,12655,-12770
-7070,13897,-6827
-11055,13352,-2297
-13843,10972,2871
-14375,6637,7738
-12663,503,12160
-8695,-6905,15600
-3444,-10873,14317
5152,-13117,7965
8765,-14140,5375
12614,-12700,86
14404,-9483,-4921
13818,-4149,-9669
11467,3502,-14969
6711,8691,-15402
1134,12197,-13331
-5836,13979,-8143
-10510,13579,-3069
-13662,11632,2030
-14383,7255,7128
-12997,1518,11479
-9454,-6443,15897
-4343,-10362,14705
2854,-12857,10003
8208,-13926,5718
12193,-12837,644
14256,-9850,-4406
13822,-4620,-9202
11459,2640,-14099
6851,8580,-15431
1340,11995,-13335
-5700,13855,-8155
-10349,13513,-3164
-13583,11430,2153
-14346,7049,7297
-12907,1344,11563
-9091,-6567,15658
-4129,-10522,14651
3333,-13051,9718
8410,-14053,5643
12226,-12865,639
14293,-9817,-4476
14165,-4962,-9203
11847,1476,-13323
7412,8245,-15657
1889,11805,-13694
-5511,13719,-8208
-9875,13806,-3931
-13459,11921,1538
-14553,8039,6514
-13249,2182,11067
-9920,-6406,16326
-4673,-10040,14713
1204,-12907,11703
8039,-13827,5788
11921,-12795,874
14086,-9920,-4166
13913,-4995,-8918
11475,1596,-13071
6855,8340,-15195
1175,11888,-13063
-5729,13695,-7966
-10473,13241,-2768
-13538,11145,2393
-14091,6666,7425
-12300,639,11661
-8745,-6781,15526
-3551,-10733,14284
5370,-12948,7578
8827,-13777,4950
12564,-12445,-119
14313,-9136,-5177
13468,-3634,-9834
10881,5094,-15975
6018,9091,-15109
457,12482,-12939
-6550,13979,-7429
-11005,13352,-2347
-13806,11104,2702
-14515,6798,7717
-12820,973,11847
-8996,-6628,15624
-3960,-10572,14532
3902,-13014,9112
8410,-14000,5590
12350,-12729,379
14223,-9598,-4625
13657,-4269,-9388
11145,3741,-14886
6657,8650,-15307
825,12251,-13076
-6030,13794,-7764
-10634,13294,-2660
-13616,11042,2574
-14169,6595,7574
-12507,775,11732
-8600,-6715,15315
-3300,-10696,13996
5473,-12812,7339
8835,-13666,4831
12696,-12185,-511
14231,-8740,-5491
13410,-3328,-10082
10494,5808,-16302
5486,9347,-14833
-103,12519,-12416
-7136,13789,-6653
-11174,12981,-1807
-13765,10473,3292
-14169,6088,8081
-12131,8,12123
-8085,-7276,15361
-2512,-11265,13777
5940,-13134,7194
9330,-13703,4373
13134,-12028,-1106
14342,-8266,-6076
13266,-2767,-10499
10242,6129,-16371
5370,9565,-14935
-136,12742,-12606
-7334,13901,-6567
-11203,13294,-2091
-13818,10778,3040
-14355,6319,8036
-12486,325,12161
-8382,-7107,15489
-3069,-11042,14111
5799,-13142,7343
9000,-14012,5012
12882,-12523,-359
14421,-9066,-5355
13641,-3675,-9966
10993,4987,-15980
6253,9017,-15270
775,12346,-13121
-6261,13963,-7702
-10712,13464,-2752
-13769,11277,2492
-14408,6934,7474
-12816,1051,11765
-9046,-6657,15703
-3819,-10696,14515
4331,-12898,8567
8662,-13967,5305
12515,-12746,231
14363,-9627,-4736
13818,-4298,-9520
11327,3601,-14928
6818,8716,-15534
1159,12160,-13319
-5754,13963,-8209
-10477,13587,-3110
-13633,11537,2096
-14441,7235,7206
-12919,1419,11500
-9475,-6414,15889
-4178,-10320,14498
2949,-12964,10015
8357,-13975,5618
12292,-12705,413
14264,-9718,-4546
13983,-4669,-9314
11467,2763,-14230
6987,8509,-15496
1175,12065,-13240
-5634,13868,-8234
-10279,13575,-3296
-13583,11562,2021
-14425,7416,7009
-12981,1608,11373
-9594,-6278,15872
-4133,-10271,14404
2475,-12828,10353
8328,-13781,5453
12172,-12717,545
14185,-9499,-4686
13612,-4129,-9483
10910,4100,-15010
6282,8674,-14956
664,12131,-12795
-6237,13715,-7478
-10848,13068,-2220
-13554,10881,2673
-13942,6245,7697
-12003,136,11867
-8113,-7169,15282
-2751,-11001,13752
5948,-13105,7157
9264,-13662,4398
12960,-12098,-862
14268,-8390,-5878
13183,-2751,-10432
10221,6195,-16416
5205,9553,-14758
-247,12643,-12396
-7429,13864,-6435
-11290,13084,-1794
-13773,10576,3197
-14256,6051,8205
-12321,82,12239
-8204,-7383,15587
-2842,-11191,14033
6055,-13154,7099
9120,-14008,4888
12997,-12399,-598
14470,-8910,-5560
13530,-3502,-10028
10819,5523,-16342
6096,9149,-15245
490,12478,-12968
-6360,13835,-7475
-10848,13274,-2426
-13666,10951,2715
-14218,6538,7680
-12375,433,11942
-8357,-6991,15348
-2953,-10885,13838
5890,-12890,7000
8897,-13682,4785
12775,-11999,-776
14190,-8390,-5800
13270,-3081,-10189
10366,6026,-16392
5152,9487,-14639
-288,12560,-12272
-7606,13723,-6117
-11380,12841,-1461
-13818,10180,3638
-14058,5531,8527
-11974,-400,12374
-7783,-7742,15525
-2054,-11479,13533
5709,-13228,7519
9466,-13670,4204
13105,-11950,-1155
14322,-8138,-6184
13129,-2524,-10605
10197,6183,-16380
5205,9681,-14886
-350,12721,-12371
-7635,13839,-6204
-11504,13039,-1535
-13934,10473,3461
-14334,5973,8361
-12358,-111,12469
-8303,-7495,15798
-3217,-11310,14527
5350,-13719,8369
8864,-14767,5903
12667,-13208,541
14643,-10032,-4611
14487,-5098,-9389
12362,1080,-13442
7961,8225,-16186
2516,11888,-14404
-5940,13975,-8035
-9504,14660,-5156
-13447,13220,227
-15163,9693,5470
-14532,4318,10214
-12094,-3419,15513
-7614,-8736,16350
-2021,-12408,14429
5770,-14293,8523
9974,-14726,4752
13802,-13068,-734
15295,-9425,-5870
14383,-3766,-10617
11731,4875,-16606
6987,9264,-16251
1155,12911,-14066
-5824,14718,-8894
-10782,14433,-3651
-14223,12358,1865
-15237,8233,7004
-13971,2281,11690
-10461,-6567,17028
-5189,-10349,15538
309,-13426,13117
8031,-14515,6484
12040,-13744,1704
14520,-10935,-3585
14932,-6113,-8819
12639,206,-12845
8250,7858,-16108
2549,11900,-14449
-5791,13983,-8192
-9829,14536,-4707
-13827,12700,1127
-15188,8959,6229
-14082,3044,11038
-11174,-6100,17274
-5964,-9850,15814
-321,-13216,13537
7086,-14643,7557
11570,-13959,2389
14416,-11562,-2854
14986,-6876,-8110
13233,-680,-12553
8769,7288,-16057
3192,11508,-14700
-5911,13591,-7680
-9322,14565,-5243
-13447,12936,511
-15006,9285,5721
-13950,3448,10502
-11116,-5841,16957
-6055,-9528,15583
-231,-13026,13257
7173,-14289,7116
11607,-13443,1836
14330,-10712,-3618
14520,-5684,-8836
12358,495,-12853
7631,8274,-15905
1959,12040,-13999
-5647,14218,-8571
-10143,14326,-4183
-13938,12313,1625
-15043,8287,6756
-13748,2446,11302
-10518,-6402,16920
-5214,-10230,15444
404,-13282,12878
8014,-14445,6431
12098,-13620,1522
14548,-10762,-3786
14759,-5746,-9013
12618,433,-13051
8299,8010,-16309
2565,11966,-14531
-5783,14000,-8217
-9776,14561,-4785
-13756,12837,919
-15105,9046,6059
-14099,3242,10857
-11001,-6166,17167
-5832,-9743,15575
-169,-13187,13356
7491,-14412,6921
11628,-13579,1951
14350,-10778,-3572
14709,-6191,-8518
12585,264,-12849
8064,7833,-15897
2149,11809,-13958
-5775,13926,-8151
-9887,14161,-4274
-13728,12073,1655
-14759,7957,6802
-13418,1975,11443
-9945,-6331,16276
-4405,-10535,14940
2681,-13183,10502
8633,-14284,5651
12544,-13109,565
14713,-9999,-4714
14260,-4582,-9678
11673,2842,-14515
7012,8852,-15864
1245,12478,-13723
-5820,14210,-8390
-10848,13839,-2991
-14025,11710,2315
-14837,7235,7602
-13332,1369,11963
-9417,-6587,16004
-4030,-10803,14833
4236,-13464,9228
8740,-14598,5858
12791,-13278,487
14858,-10044,-4814
14454,-4727,-9727
12036,2582,-14618
7305,8782,-16087
1571,12441,-14012
-5676,14520,-8844
-10535,14317,-3782
-14115,12420,1695
-15039,8171,6868
-13728,2215,11513
-10440,-6397,16837
-5189,-10362,15551
614,-13464,12850
8138,-14577,6439
12102,-13761,1659
14635,-10918,-3717
14936,-6125,-8811
12709,185,-12894
8460,7845,-16305
2602,11855,-14457
-5940,13930,-7990
-9664,14524,-4860
-13649,12779,870
-15085,8992,6093
-14148,3213,10935
-10968,-6241,17209
-5816,-9817,15633
-103,-13167,13270
7453,-14388,6935
11682,-13707,2025
14396,-11100,-3296
14924,-6402,-8522
12808,20,-12828
8530,7590,-16120
2908,11682,-14590
-5993,13777,-7784
-9730,14313,-4583
-13674,12738,936
-15101,8769,6332
-13909,2945,10964
-10902,-6298,17200
-5515,-10069,15584
16,-13233,13217
7577,-14449,6872
11826,-13670,1844
14454,-11059,-3395
14878,-6171,-8707
12952,-152,-12800
8299,7792,-16091
2743,11702,-14445
-6001,13798,-7797
-9706,14445,-4739
-13662,12614,1048
-14969,8740,6229
-13769,2784,10985
-10758,-6249,17007
-5358,-10027,15385
321,-13257,12936
7792,-14350,6558
11933,-13538,1605
14441,-10811,-3630
14548,-5762,-8786
12354,437,-12791
7610,8167,-15777
1848,12016,-13864
-5486,14058,-8572
-10333,13987,-3654
-13851,11710,2141
-14767,7507,7260
-13274,1423,11851
-9483,-6649,16132
-4125,-10848,14973
3716,-13389,9673
8625,-14400,5775
12684,-13175,491
14718,-9982,-4736
14404,-4710,-9694
11842,2809,-14651
7458,8753,-16211
1518,12478,-13996
-5709,14425,-8716
-10634,14297,-3663
-14115,12329,1786
-15023,8085,6938
-13682,2107,11575
-10225,-6505,16730
-4925,-10469,15394
833,-13418,12585
8311,-14404,6093
12123,-13443,1320
14511,-10477,-4034
14524,-5387,-9137
12214,1163,-13377
7429,8439,-15868
1460,12234,-13694
-5688,14342,-8654
-10626,13967,-3341
-13930,11789,2141
-14709,7445,7264
-13208,1336,11872
-9458,-6525,15983
-4145,-10683,14828
3774,-13117,9343
8753,-14243,5490
12865,-12894,29
14779,-9644,-5135
14029,-3976,-10053
11182,4904,-16086
6447,9326,-15773
589,12824,-13413
-6653,14355,-7702
-11240,13814,-2574
-14247,11471,2776
-14911,7078,7833
-13237,940,12297
-8881,-7264,16145
-3320,-11368,14688
5857,-13657,7800
9190,-14709,5519
13224,-13129,-95
14891,-10073,-4818
14429,-4582,-9847
11636,4673,-16309
6703,9186,-15889
924,12820,-13744
-6187,14586,-8399
-10568,14243,-3675
-14136,12304,1832
-15023,7920,7103
-13591,1963,11628
-9730,-6674,16404
-4285,-10890,15175
3415,-13484,10069
8679,-14557,5878
12750,-13356,606
14883,-10225,-4658
14511,-4867,-9644
12540,882,-13422
7598,8720,-16318
1678,12416,-14094
-5618,14487,-8869
-10044,14524,-4480
-14185,12276,1909
-15171,8188,6983
-14074,2842,11232
-10419,-6480,16899
-5704,-10052,15756
556,-13575,13019
8221,-14598,6377
11838,-13818,1980
14540,-11343,-3197
15010,-6096,-8914
13096,-342,-12754
8456,7849,-16305
3432,11504,-14936
-5894,13926,-8032
-9223,14726,-5503
-13864,12812,1052
-15217,8996,6221
-14053,3168,10885
-11422,-5511,16933
-5692,-9994,15686
-453,-13113,13566
7598,-14598,7000
11818,-13818,2000
14367,-11455,-2912
15027,-6901,-8126
13220,-581,-12639
9033,7222,-16255
3361,11389,-14750
-5861,13641,-7780
-9681,14614,-4933
-13439,13171,268
-15155,9706,5449
-14441,4067,10374
-11628,-4818,16446
-6707,-9268,15975
-330,-13101,13431
6393,-14573,8180
11661,-13794,2133
14235,-11624,-2611
14969,-6979,-7990
13068,-561,-12507
8839,7198,-16037
2582,11797,-14379
-6014,13620,-7606
-9640,14470,-4830
-13406,12870,536
-14924,9157,5767
-14082,3427,10655
-10630,-6307,16937
-5907,-9722,15629
569,-13220,12651
8171,-14326,6155
12234,-13414,1180
14635,-10329,-4306
14524,-5230,-9294
12201,1427,-13628
7697,8489,-16186
1827,12247,-14074
-5659,14289,-8630
-10444,14181,-3737
-14095,12218,1877
-15010,8118,6892
-13715,2099,11616
-10217,-6476,16693
-4834,-10535,15369
1122,-13546,12424
8349,-14668,6319
12218,-13674,1456
14730,-10778,-3952
14994,-5960,-9034
12816,222,-13038
8134,7994,-16128
2425,11842,-14267
-5709,14041,-8332
-9755,14392,-4637
-13785,12304,1481
-14833,8266,6567
-13402,2021,11381
-10143,-6360,16503
-4681,-10506,15187
1815,-13299,11484
8567,-14412,5845
12482,-13307,825
14771,-10221,-4550
14425,-4974,-9451
11950,2000,-13950
7350,8679,-16029
1559,12403,-13962
-5787,14305,-8518
-10621,14086,-3465
-14062,11908,2154
-14944,7594,7350
-13422,1435,11987
-9751,-6628,16379
-4306,-10737,15043
3386,-13480,10094
8637,-14528,5891
12610,-13311,701
14709,-10015,-4694
14313,-4731,-9582
11793,2689,-14482
6979,9009,-15988
1006,12676,-13682
-5968,14487,-8519
-11046,13930,-2884
-14152,11838,2314
-14887,7218,7669
-13336,1353,11983
-9557,-6587,16144
-4174,-10807,14981
3506,-13439,9933
8724,-14466,5742
12721,-13228,507
14870,-10093,-4777
14404,-4714,-9690
11987,3201,-15188
7177,8914,-16091
1332,12568,-13900
-5742,14499,-8757
-10836,14256,-3420
-14173,12181,1992
-15093,7936,7157
-13703,1926,11777
-10151,-6443,16594
-4892,-10527,15419
1373,-13571,12198
8382,-14635,6253
12280,-13591,1311
14763,-10708,-4055
14965,-5902,-9063
12601,499,-13100
8184,8126,-16310
2305,12098,-14403
-5663,14177,-8514
-9990,14511,-4521
-13913,12700,1213
-15134,8712,6422
-14012,2932,11080
-10852,-6294,17146
-5457,-10069,15526
173,-13261,13088
7833,-14437,6604
11900,-13670,1770
14553,-10939,-3614
14738,-5865,-8873
12457,437,-12894
7928,8097,-16025
2107,12049,-14156
-5560,14198,-8638
-10312,14326,-4014
-14062,12325,1737
-15039,8130,6909
-13740,2260,11480
-10423,-6348,16771
-5205,-10349,15554
614,-13369,12755
8113,-14491,6378
12106,-13554,1448
14709,-10832,-3877
14742,-5791,-8951
12515,424,-12939
7936,8113,-16049
1955,12152,-14107
-5601,14181,-8580
-10271,14309,-4038
-13888,12094,1794
-14936,8076,6860
-13563,2120,11443
-10089,-6377,16466
-4636,-10366,15002
2347,-13249,10902
8501,-14235,5734
12643,-13105,462
14610,-9817,-4793
13942,-4149,-9793
11240,4702,-15942
6517,9186,-15703
717,12783,-13500
-6583,14301,-7718
-11199,13748,-2549
-14173,11385,2788
-14742,6740,8002
-12931,552,12379
-8901,-7090,15991
-3353,-11248,14601
5964,-13393,7429
9248,-14396,5148
13220,-12779,-441
14949,-9227,-5722
14239,-3753,-10486
11389,5519,-16908
6294,9483,-15777
688,12936,-13624
-6303,14916,-8613
-11017,14445,-3428
-14210,11929,2281
-14998,7573,7425
-13455,1480,11975
-9784,-6521,16305
-4368,-10770,15138
3110,-13393,10283
8794,-14404,5610
12717,-13216,499
14767,-9887,-4880
14107,-4277,-9830
11244,4384,-15628
6678,9099,-15777
759,12729,-13488
-6501,14276,-7775
-11096,13736,-2640
-14148,11273,2875
-14812,6748,8064
-12894,462,12432
-8819,-7086,15905
-3209,-11356,14565
5882,-13464,7582
9211,-14524,5313
13319,-12865,-454
14854,-9235,-5619
14020,-3555,-10465
11141,5667,-16808
6117,9471,-15588
193,13018,-13211
-7066,14408,-7342
-11426,13781,-2355
-14293,11323,2970
-14825,6711,8114
-12923,350,12573
-8844,-7288,16132
-3378,-11347,14725
5968,-13505,7537
9149,-14540,5391
13303,-12853,-450
14973,-9499,-5474
14161,-3807,-10354
11479,5275,-16754
6690,9347,-16037
820,12874,-13694
-6270,14664,-8394
-11079,14165,-3086
-14276,11946,2330
-15052,7515,7537
-13538,1485,12053
-9772,-6604,16376
-4323,-10865,15188
3069,-13641,10572
8720,-14689,5969
12738,-13443,705
14949,-10271,-4678
14883,-5354,-9529
12457,1476,-13933
7792,8468,-16260
2004,12325,-14329
-5655,14293,-8638
-10201,14462,-4261
-14070,12560,1510
-15188,8584,6604
-13979,2648,11331
-10844,-6402,17246
-5304,-10258,15562
235,-13393,13158
7981,-14590,6609
12115,-13744,1629
14751,-10993,-3758
14944,-6142,-8802
12845,132,-12977
8274,7899,-16173
2557,11884,-14441
-5692,14000,-8308
-9900,14499,-4599
-13872,12568,1304
-15076,8646,6430
-13711,2561,11150
-10700,-6282,16982
-5300,-10267,15567
346,-13426,13080
8035,-14524,6489
12123,-13666,1543
14705,-10902,-3803
14808,-5952,-8856
12787,202,-12989
8068,8093,-16161
2268,11962,-14230
-5626,14115,-8489
-10023,14470,-4447
-13901,12622,1279
-15039,8608,6431
-13868,2582,11286
-10766,-6426,17192
-5259,-10184,15443
453,-13311,12858
7944,-14396,6452
12040,-13583,1543
14515,-10588,-3927
14346,-5358,-8988
11826,1447,-13273
7288,8592,-15880
1435,12395,-13830
-5832,14161,-8329
-10782,13913,-3131
-14045,11764,2281
-14821,7045,7776
-13195,1014,12181
-9367,-6810,16177
-3877,-11116,14993
4516,-13476,8960
8815,-14594,5779
12849,-13241,392
14895,-9953,-4942
14643,-4797,-9846
12086,3023,-15109
7086,8889,-15975
1282,12540,-13822
-5766,14602,-8836
-10782,14264,-3482
-14169,12065,2104
-15081,7858,7223
-13641,1802,11839
-10155,-6418,16573
-4578,-10700,15278
1769,-13455,11686
8604,-14491,5887
12589,-13406,817
14767,-10448,-4319
14482,-5028,-9454
11805,2615,-14420
7103,8773,-15876
1414,12494,-13908
-5898,14330,-8432
-10712,13913,-3201
-14016,11562,2454
-14812,7202,7610
-13129,1018,12111
-9042,-6868,15910
-3580,-11017,14597
5403,-13369,7966
8996,-14388,5392
13162,-12779,-383
14722,-9112,-5610
13835,-3432,-10403
11009,5766,-16775
5803,9623,-15426
24,13055,-13079
-7404,14404,-7000
-11496,13690,-2194
-14330,11224,3106
-14680,6422,8258
-12783,202,12581
-8654,-7371,16025
-3040,-11451,14491
6084,-13546,7462
9310,-14433,5123
13443,-12713,-730
14878,-9017,-5861
13868,-3176,-10692
11030,6055,-17085
5816,9768,-15584
20,13138,-13158
-7255,14532,-7277
-11574,13851,-2277
-14375,11376,2999
-14953,6773,8180
-13092,565,12527
-8938,-7206,16144
-3452,-11376,14828
5783,-13637,7854
9062,-14697,5635
13253,-13109,-144
15060,-9656,-5404
14487,-4228,-10259
11710,4360,-16070
6987,9108,-16095
1068,12787,-13855
-5927,14606,-8679
-10865,14268,-3403
-14313,12181,2132
-15159,7812,7347
-13699,1806,11893
-10073,-6505,16578
-4611,-10766,15377
1749,-13525,11776
8547,-14606,6059
12610,-13567,957
14907,-10522,-4385
14784,-5370,-9414
12346,1142,-13488
7647,8538,-16185
1740,12346,-14086
-5717,14264,-8547
-10514,14305,-3791
-14020,12276,1744
-14998,7907,7091
-13517,1810,11707
-10159,-6336,16495
-4665,-10531,15196
1951,-13410,11459
8530,-14416,5886
12601,-13323,722
14870,-10230,-4640
14503,-4780,-9723
12111,2425,-14536
7222,8802,-16024
1410,12494,-13904
-5803,14408,-8605
-10675,14169,-3494
-14107,11954,2153
-14990,7812,7178
-13530,1604,11926
-9706,-6670,16376
-4347,-10700,15047
3762,-13455,9693
8555,-14495,5940
12874,-13162,288
14858,-10003,-4855
14338,-4446,-9892
11578,4021,-15599
6971,9042,-16013
1146,12667,-13813
-6039,14454,-8415
-10890,13893,-3003
-14111,11677,2434
-14821,7264,7557
-13208,1097,12111
-9136,-6859,15995
-3592,-11059,14651
5300,-13365,8065
9157,-14309,5152
13187,-12696,-491
14874,-9037,-5837
14058,-3564,-10494
11108,5717,-16825
5993,9582,-15575
94,13063,-13157
-7161,14515,-7354
-11426,13822,-2396
-14305,11376,2929
-14878,6736,8142
-13105,540,12565
-9013,-7189,16202
-3382,-11463,14845
5931,-13542,7611
9231,-14643,5412
13191,-13051,-140
15010,-9603,-5407
14272,-4075,-10197
11467,4846,-16313
6628,9235,-15863
841,12787,-13628
-6463,14367,-7904
-11141,13814,-2673
-14202,11455,2747
-14891,6822,8069
-13026,503,12523
-8819,-7218,16037
-3382,-11253,14635
6006,-13517,7511
9157,-14577,5420
13344,-12841,-503
14796,-9211,-5585
13930,-3440,-10490
11034,5750,-16784
5960,9553,-15513
-16,13072,-13056
-7359,14404,-7045
-11595,13670,-2075
-14301,11133,3168
-14672,6183,8489
-12812,90,12722
-8489,-7606,16095
-2784,-11640,14424
6183,-13674,7491
9553,-14375,4822
13509,-12614,-895
14965,-8926,-6039
13843,-3081,-10762
11005,6100,-17105
5787,9801,-15588
-107,13121,-13014
-7408,14482,-7074
-11706,13728,-2022
-14437,11244,3193
-14969,6538,8431
-13002,284,12718
-8790,-7346,16136
-3337,-11409,14746
5861,-13695,7834
9141,-14767,5626
13257,-13257,0
15068,-9829,-5239
14548,-4389,-10159
11822,4075,-15897
7008,9116,-16124
1097,12870,-13967
-5878,14581,-8703
-10968,14268,-3300
-14334,12193,2141
-15258,7849,7409
-13794,1827,11967
-10291,-6463,16754
-4793,-10626,15419
1204,-13596,12392
8340,-14705,6365
12416,-13794,1378
14829,-10828,-4001
14949,-5919,-9030
12779,400,-13179
8175,8204,-16379
2487,12094,-14581
-5841,14161,-8320
-10048,14590,-4542
-13954,12709,1245
-15159,8790,6369
-14033,2846,11187
-10939,-6154,17093
-5651,-10036,15687
193,-13381,13188
7841,-14503,6662
11995,-13723,1728
14614,-11038,-3576
14829,-6043,-8786
12634,276,-12910
8039,8068,-16107
2285,12049,-14334
-5783,14235,-8452
-10077,14610,-4533
-14062,12725,1337
-15312,8716,6596
-14181,2858,11323
-11050,-6311,17361
-5849,-10081,15930
-49,-13459,13508
7482,-14730,7248
11719,-14103,2384
14536,-11409,-3127
15093,-6806,-8287
13047,-226,-12821
8889,7425,-16314
3155,11661,-14816
-5907,13831,-7924
-9545,14664,-5119
-13744,12997,747
-15134,9289,5845
-14157,3295,10862
-11191,-5985,17176
-5861,-9796,15657
-255,-13171,13426
7354,-14445,7091
11805,-13534,1729
14359,-10720,-3639
14639,-5841,-8798
12337,565,-12902
7581,8357,-15938
1749,12152,-13901
-5511,14363,-8852
-10469,14214,-3745
-14091,12123,1968
-15015,7800,7215
-13633,1823,11810
-10077,-6484,16561
-4636,-10671,15307
2549,-13439,10890
8542,-14685,6143
12651,-13591,940
14953,-10481,-4472
14751,-5156,-9595
12342,1650,-13992
7899,8559,-16458
2355,12300,-14655
-5750,14317,-8567
-10056,14652,-4596
-13950,12733,1217
-15114,8637,6477
-14115,2838,11277
-10741,-6261,17002
-5457,-9982,15439
453,-13323,12870
8010,-14520,6510
12123,-13645,1522
14470,-10473,-3997
14338,-5201,-9137
12106,1579,-13685
7334,8600,-15934
1480,12358,-13838
-5626,14396,-8770
-10671,14037,-3366
-14049,11871,2178
-14837,7383,7454
-13323,1365,11958
-9557,-6719,16276
-4063,-10914,14977
4356,-13451,9095
8761,-14421,5660
12820,-13150,330
14862,-9858,-5004
14322,-4360,-9962
11620,4034,-15654
6921,9087,-16008
1002,12680,-13682
-6125,14561,-8436
-11059,13963,-2904
-14214,11616,2598
-15010,7313,7697
-13257,1006,12251
-9367,-6872,16239
-3922,-11067,14989
4640,-13534,8894
8897,-14672,5775
12952,-13299,347
14998,-9937,-5061
14672,-4752,-9920
12012,2957,-14969
7350,8893,-16243
1373,12659,-14032
-5808,14532,-8724
-10725,14326,-3601
-14268,12218,2050
-15155,7854,7301
-13761,1930,11831
-10275,-6517,16792
-4863,-10634,15497
1225,-13596,12371
8476,-14664,6188
12432,-13678,1246
14841,-10667,-4174
14878,-5651,-9227
12742,709,-13451
7990,8328,-16318
2074,12168,-14242
-5696,14227,-8531
-10197,14499,-4302
-14049,12535,1514
-15196,8547,6649
-13946,2524,11422
-10828,-6265,17093
-5511,-10151,15662
292,-13521,13229
7944,-14631,6687
12148,-13773,1625
14726,-11055,-3671
14903,-6067,-8836
12890,177,-13067
8344,7920,-16264
2561,11896,-14457
-5841,14095,-8254
-9854,14528,-4674
-13950,12672,1278
-15089,8827,6262
-14025,2850,11175
-10749,-6472,17221
-5453,-10213,15666
334,-13435,13101
7920,-14631,6711
12115,-13880,1765
14664,-10857,-3807
14866,-6030,-8836
12713,239,-12952
8344,7891,-16235
2491,11929,-14420
-5597,14016,-8419
-9891,14289,-4398
-13843,12507,1336
-14949,8390,6559
-13666,2314,11352
-10151,-6451,16602
-4743,-10395,15138
1530,-13356,11826
8547,-14330,5783
12362,-13212,850
14705,-10007,-4698
14367,-4801,-9566
11801,2726,-14527
6925,8761,-15686
919,12556,-13475
-6117,14433,-8316
-11009,13806,-2797
-14119,11471,2648
-14775,6760,8015
-12948,457,12491
-9021,-7090,16111
-3304,-11335,14639
5902,-13505,7603
9248,-14511,5263
13245,-12985,-260
14932,-9565,-5367
14049,-3733,-10316
11261,5354,-16615
6331,9417,-15748
523,12997,-13520
-6793,14474,-7681
-11451,13959,-2508
-14404,11504,2900
-15043,7012,8031
-13356,829,12527
-9289,-7008,16297
-4059,-11059,15118
4294,-13695,9401
8654,-14841,6187
12787,-13398,611
14759,-10056,-4703
14268,-4512,-9756
11731,3258,-14989
6765,9058,-15823
742,12775,-13517
-6315,14491,-8176
-11145,13847,-2702
-14181,11578,2603
-14759,6818,7941
-12985,705,12280
-9021,-7029,16050
-3518,-11191,14709
5717,-13344,7627
9112,-14334,5222
13154,-12919,-235
14891,-9347,-5544
13897,-3415,-10482
11071,5816,-16887
5997,9619,-15616
119,13055,-13174
-7128,14495,-7367
-11566,13690,-2124
-14334,11215,3119
-14874,6682,8192
-12956,424,12532
-8712,-7330,16042
-3201,-11347,14548
6014,-13550,7536
9235,-14499,5264
13435,-12775,-660
14965,-9169,-5796
14124,-3526,-10598
11178,5750,-16928
6100,9664,-15764
202,13129,-13331
-7033,14581,-7548
-11405,13954,-2549
-14379,11616,2763
-15006,7024,7982
-13319,911,12408
-9339,-6897,16236
-3815,-11158,14973
4661,-13591,8930
8984,-14623,5639
13055,-13332,277
15134,-10052,-5082
14722,-4698,-10024
12111,3172,-15283
7272,8955,-16227
1419,12597,-14016
-5779,14631,-8852
-10642,14614,-3972
-14239,12515,1724
-15237,8402,6835
-13934,2305,11629
-10749,-6364,17113
-5457,-10308,15765
272,-13476,13204
8031,-14672,6641
12123,-13917,1794
14833,-11187,-3646
15035,-6274,-8761
12989,12,-13001
8542,7738,-16280
2751,11875,-14626
-6022,14016,-7994
-9689,14660,-4971
-13756,12927,829
-15188,9058,6130
-14140,3267,10873
-11042,-6232,17274
-5795,-9928,15723
-28,-13393,13421
7524,-14532,7008
11904,-13719,1815
14569,-11013,-3556
14874,-6175,-8699
12684,239,-12923
8427,7882,-16309
2660,11941,-14601
-5952,14012,-8060
-9916,14515,-4599
-13876,12828,1048
-15151,8827,6324
-14132,3056,11076
-11017,-6274,17291
-5626,-10044,15670
4,-13336,13332
7738,-14503,6765
11756,-13711,1955
14586,-11001,-3585
14965,-6315,-8650
12775,49,-12824
8126,7887,-16013
2330,11933,-14263
-5803,14004,-8201
-9900,14334,-4434
-13843,12276,1567
-14755,8039,6716
-13455,2004,11451
-9982,-6463,16445
-4475,-10597,15072
2503,-13344,10841
8745,-14400,5655
12725,-13233,508
14845,-10114,-4731
14408,-4620,-9788
11859,3258,-15117
7136,8914,-16050
1237,12618,-13855
-5931,14491,-8560
-10844,14194,-3350
-14239,11950,2289
-15085,7734,7351
-13587,1608,11979
-9718,-6694,16412
-4471,-10840,15311
2850,-13616,10766
8621,-14800,6179
12659,-13596,937
14870,-10378,-4492
14742,-5284,-9458
12453,1386,-13839
7705,8551,-16256
1782,12387,-14169
-5519,14388,-8869
-10382,14256,-3874
-14070,12300,1770
-14957,7936,7021
-13497,1860,11637
-9953,-6612,16565
-4657,-10572,15229
2442,-13352,10910
8571,-14383,5812
12622,-13183,561
14742,-9933,-4809
14185,-4376,-9809
11397,4054,-15451
6707,9132,-15839
705,12725,-13430
-6377,14388,-8011
-11261,13707,-2446
-14169,11352,2817
-14833,6686,8147
-13010,490,12520
-8815,-7202,16017
-3267,-11314,14581
5948,-13546,7598
9285,-14454,5169
13233,-12812,-421
14940,-9211,-5729
14140,-3650,-10490
11141,5663,-16804
6121,9545,-15666
90,13109,-13199
-7194,14495,-7301
-11467,13806,-2339
-14388,11327,3061
-14990,6769,8221
-13043,424,12619
-8947,-7321,16268
-3498,-11442,14940
5069,-13732,8663
9021,-14804,5783
13146,-13340,194
15097,-9928,-5169
14478,-4504,-9974
11863,3617,-15480
6991,9066,-16057
1175,12713,-13888
-5911,14610,-8699
-11005,14305,-3300
-14317,12160,2157
-15167,7821,7346
-13604,1650,11954
-10192,-6435,16627
-4896,-10675,15571
1381,-13571,12190
8415,-14668,6253
12441,-13641,1200
14903,-10766,-4137
14792,-5490,-9302
12560,915,-13475
7858,8423,-16281
2004,12259,-14263
-5605,14367,-8762
-10345,14392,-4047
-14066,12449,1617
-15221,8419,6802
-13967,2351,11616
-10522,-6595,17117
-5259,-10465,15724
532,-13653,13121
8262,-14792,6530
12321,-14128,1807
14982,-11426,-3556
15472,-6719,-8753
13517,-466,-13051
9603,7227,-16830
4314,11591,-15905
-3832,14091,-10259
-8844,15250,-6406
-13134,14152,-1018
-15497,11100,4397
-15514,5865,9649
-13319,-412,13731
-8823,-8283,17106
-3007,-12263,15270
6154,-14416,8262
9656,-15340,5684
13847,-13682,-165
15691,-10287,-5404
15180,-4632,-10548
12412,3444,-15856
7412,9174,-16586
1270,13125,-14395
-5927,15213,-9286
-11162,14850,-3688
-14656,12626,2030
-15617,8142,7475
-14218,1951,12267
-10621,-6529,17150
-4785,-10947,15732
1633,-13798,12165
8662,-14850,6188
12952,-13831,879
15171,-10362,-4809
14284,-4343,-9941
11554,4512,-16066
7066,9483,-16549
1068,13270,-14338
-6352,15081,-8729
-11484,14680,-3196
-14817,12391,2426
-15691,7969,7722
-14144,1773,12371
-10341,-6707,17048
-4941,-10935,15876
1674,-14016,12342
8650,-15155,6505
12894,-14210,1316
15283,-11013,-4270
15332,-5688,-9644
13022,932,-13954
8274,8559,-16833
2211,12680,-14891
-5869,14771,-8902
-10419,15043,-4624
-14445,13121,1324
-15609,8901,6708
-14408,2895,11513
-11182,-6455,17637
-5618,-10415,16033
301,-13752,13451
8196,-14825,6629
12614,-13942,1328
15122,-10881,-4241
15002,-5453,-9549
12601,1534,-14135
7841,8749,-16590
1798,12733,-14531
-5655,14742,-9087
-10803,14524,-3721
-14313,12366,1947
-15390,7899,7491
-13893,1666,12227
-9945,-6835,16780
-4273,-11191,15464
4038,-13926,9888
9087,-15089,6002
13249,-13728,479
15431,-10275,-5156
15093,-4805,-10288
12461,3320,-15781
7462,9169,-16631
1439,12931,-14370
-5841,15002,-9161
-11005,14837,-3832
-14693,12622,2071
-15695,8320,7375
-14223,1967,12256
-10605,-6600,17205
-4888,-11022,15910
1501,-14037,12536
8608,-15188,6580
12799,-14227,1428
15378,-11112,-4266
15423,-5935,-9488
13183,457,-13640
8287,8481,-16768
2371,12502,-14873
-5874,14713,-8839
-10527,15015,-4488
-14482,13068,1414
-15703,8914,6789
-14396,2685,11711
-11257,-6410,17667
-5746,-10498,16244
338,-13893,13555
8167,-15142,6975
12461,-14350,1889
15159,-11562,-3597
15489,-6422,-9067
13455,20,-13475
8736,8056,-16792
2743,12342,-15085
-6245,14474,-8229
-10122,15225,-5103
-14301,13352,949
-15761,9388,6373
-14718,3328,11390
-11686,-6067,17753
-6323,-10085,16408
-169,-13756,13925
7420,-15188,7768
12016,-14565,2549
14953,-11822,-3131
15547,-6950,-8597
13488,-222,-13266
9202,7561,-16763
3386,11995,-15381
-6175,14268,-8093
-9755,15204,-5449
-14140,13497,643
-15720,9706,6014
-14746,3568,11178
-11842,-5882,17724
-6509,-9986,16495
-367,-13756,14123
7243,-15217,7974
11987,-14400,2413
14920,-11818,-3102
15629,-7066,-8563
13777,-627,-13150
9289,7458,-16747
3394,11892,-15286
-6026,14169,-8143
-9590,15184,-5594
-14004,13472,532
-15617,9615,6002
-14664,3531,11133
-11698,-6001,17699
-6076,-10192,16268
-202,-13633,13835
7557,-15072,7515
12177,-14260,2083
14916,-11587,-3329
15349,-6542,-8807
13142,33,-13175
8518,8014,-16532
2776,12197,-14973
-5964,14383,-8419
-10287,14779,-4492
-14355,12808,1547
-15419,8472,6947
-14227,2293,11934
-10634,-6567,17201
-5172,-10696,15868
1427,-13872,12445
8534,-15118,6584
12762,-14095,1333
15246,-10956,-4290
15254,-5750,-9504
12997,709,-13706
8171,8596,-16767
2046,12655,-14701
-5964,14883,-8919
-10584,15019,-4435
-14577,13010,1567
-15670,8646,7024
-14421,2664,11757
-10993,-6443,17436
-5676,-10514,16190
251,-13884,13633
8023,-15015,6992
12395,-14161,1766
15043,-11327,-3716
15241,-6228,-9013
12919,482,-13401
8250,8468,-16718
2120,12568,-14688
-5836,14722,-8886
-10745,14705,-3960
-14396,12667,1729
-15559,8460,7099
-14119,2149,11970
-10456,-6505,16961
-4937,-10819,15756
1390,-13785,12395
8707,-15015,6308
12952,-13843,891
15270,-10654,-4616
15138,-5325,-9813
12556,1876,-14432
7697,8893,-16590
1575,12808,-14383
-5902,14841,-8939
-10914,14713,-3799
-14586,12482,2104
-15538,8093,7445
-14025,1786,12239
-10374,-6641,17015
-4595,-11030,15625
2343,-13876,11533
8835,-15002,6167
13105,-13802,697
15320,-10489,-4831
15118,-5135,-9983
12498,2050,-14548
7672,9033,-16705
1423,12923,-14346
-5944,14961,-9017
-11112,14730,-3618
-14647,12535,2112
-15588,8200,7388
-14091,1773,12318
-10527,-6558,17085
-4933,-10914,15847
1596,-14074,12478
8699,-15167,6468
12882,-14107,1225
15394,-11046,-4348
15373,-5733,-9640
13080,816,-13896
8303,8613,-16916
2178,12626,-14804
-5960,14796,-8836
-10428,15184,-4756
-14474,13187,1287
-15840,9174,6666
-14606,2978,11628
-11566,-6414,17980
-6067,-10279,16346
8,-13897,13889
7656,-15155,7499
12185,-14474,2289
15039,-11665,-3374
15563,-6760,-8803
13414,-70,-13344
9149,7701,-16850
3238,12078,-15316
-6142,14293,-8151
-9747,15196,-5449
-14041,13472,569
-15691,9532,6159
-14709,3522,11187
-11743,-5973,17716
-6199,-10056,16255
-33,-13765,13798
7577,-15060,7483
12139,-14264,2125
15006,-11434,-3572
15514,-6389,-9125
13393,41,-13434
8658,8064,-16722
2776,12325,-15101
-6055,14524,-8469
-10065,15192,-5127
-14260,13261,999
-15679,9334,6345
-14652,3271,11381
-11776,-6076,17852
-6117,-10139,16256
-20,-13707,13727
8344,-15048,6704
12247,-14227,1980
15039,-11446,-3593
15316,-6356,-8960
12952,317,-13269
8200,8254,-16454
2470,12350,-14820
-5973,14742,-8769
-10386,14718,-4332
-14462,12259,2203
-15390,8184,7206
-14111,2062,12049
-9768,-6847,16615
-4686,-10890,15576
4945,-13880,8935
8996,-14977,5981
13101,-13719,618
15365,-9867,-5498
14841,-4776,-10065
12205,2986,-15191
7198,9252,-16450
540,13373,-13913
-6187,14982,-8795
-11418,14416,-2998
-14709,12115,2594
-15386,6884,8502
-13670,998,12672
-9161,-7544,16705
-4203,-11521,15724
4265,-14144,9879
9141,-15221,6080
13369,-13872,503
15679,-10242,-5437
15151,-5123,-10028
12172,4397,-16569
7198,9409,-16607
1031,13327,-14358
-5832,14932,-9100
-11405,14470,-3065
-14515,12507,2008
-15468,7474,7994
-13975,1674,12301
-10139,-6806,16945
-3782,-11459,15241
5379,-13930,8551
9025,-14965,5940
13678,-13336,-342
15411,-9557,-5854
14557,-3745,-10812
11925,4306,-16231
6839,9429,-16268
156,13509,-13665
-6604,14899,-8295
-11537,14338,-2801
-14808,11385,3423
-15320,6529,8791
-13266,74,13192
-9351,-7243,16594
-2920,-12061,14981
6344,-14107,7763
9875,-14907,5032
13789,-13286,-503
15472,-9747,-5725
14392,-3147,-11245
11182,6443,-17625
5845,10242,-16087
115,13476,-13591
-7375,14982,-7607
-12243,14227,-1984
-14891,11731,3160
-15477,6971,8506
-13517,495,13022
-9458,-7342,16800
-3889,-11665,15554
6043,-14396,8353
9141,-15345,6204
13414,-13769,355
15567,-10527,-5040
15027,-4818,-10209
11958,5049,-17007
7425,9202,-16627
734,13451,-14185
-6699,15213,-8514
-11207,14878,-3671
-14788,12597,2191
-15782,8221,7561
-14334,2091,12243
-10572,-6595,17167
-5189,-10918,16107
3246,-14152,10906
8848,-15213,6365
13154,-14053,899
15439,-10737,-4702
15241,-5374,-9867
12804,1810,-14614
8019,8922,-16941
1819,12898,-14717
-5717,15076,-9359
-10960,14949,-3989
-14680,12870,1810
-15774,8555,7219
-14433,2330,12103
-10927,-6612,17539
-5346,-10720,16066
606,-14000,13394
8509,-15072,6563
12647,-14157,1510
15229,-11195,-4034
15349,-5824,-9525
13002,631,-13633
8097,8559,-16656
1951,12684,-14635
-5671,14949,-9278
-10852,14887,-4035
-14565,12758,1807
-15691,8241,7450
-14326,2169,12157
-10741,-6505,17246
-5176,-10852,16028
1155,-13963,12808
8514,-15167,6653
12837,-14111,1274
15332,-11100,-4232
15312,-5795,-9517
12861,585,-13446
8217,8571,-16788
2140,12696,-14836
-5770,14841,-9071
-10774,14858,-4084
-14528,12639,1889
-15522,8295,7227
-14119,2025,12094
-10279,-6666,16945
-4657,-10980,15637
2739,-13851,11112
8872,-15010,6138
13171,-13860,689
15130,-10234,-4896
14598,-4364,-10234
11908,4475,-16383
6839,9549,-16388
569,13422,-13991
-6930,15089,-8159
-11706,14590,-2884
-14887,12135,2752
-15555,7342,8213
-13818,1105,12713
-9792,-7053,16845
-4471,-11430,15901
3844,-14165,10321
8889,-15155,6266
13274,-13926,652
15555,-10725,-4830
15126,-4966,-10160
12527,2800,-15327
7565,9174,-16739
1592,13043,-14635
-5816,15134,-9318
-11195,14821,-3626
-14623,12593,2030
-15679,8118,7561
-14194,1975,12219
-10543,-6579,17122
-4756,-10989,15745
1658,-13868,12210
8819,-14990,6171
13076,-13761,685
15192,-10390,-4802
14891,-4768,-10123
11871,3625,-15496
6847,9359,-16206
717,13307,-14024
-6678,14924,-8246
-11578,14272,-2694
-14718,11793,2925
-15320,7074,8246
-13439,561,12878
-9268,-7268,16536
-3275,-11793,15068
6117,-14086,7969
9664,-14916,5252
13847,-13340,-507
15489,-9499,-5990
14544,-3572,-10972
11430,6047,-17477
6080,9933,-16013
-70,13575,-13505
-7709,14957,-7248
-12016,14293,-2277
-14907,11706,3201
-15340,6727,8613
-13356,210,13146
-8984,-7697,16681
-3040,-11937,14977
6336,-14284,7948
9850,-15109,5259
14099,-13286,-813
15613,-9475,-6138
14586,-3465,-11121
11570,5931,-17501
6303,10019,-16322
177,13591,-13768
-7264,15126,-7862
-11946,14474,-2528
-14895,11950,2945
-15592,7317,8275
-13860,866,12994
-9520,-7239,16759
-3885,-11727,15612
5271,-14177,8906
9314,-15303,5989
13641,-13781,140
15604,-10320,-5284
15134,-4743,-10391
12408,3526,-15934
7569,9219,-16788
1464,13125,-14589
-5865,15122,-9257
-11096,14821,-3725
-14693,12721,1972
-15720,8167,7553
-14243,1794,12449
-10547,-6732,17279
-4822,-11071,15893
2074,-14025,11951
8938,-15097,6159
13068,-13946,878
15398,-10753,-4645
15279,-5428,-9851
12762,1790,-14552
7932,8757,-16689
1542,12882,-14424
-5791,14986,-9195
-10947,14722,-3775
-14606,12387,2219
-15423,7750,7673
-13880,1373,12507
-9867,-6769,16636
-4191,-11360,15551
4393,-14016,9623
9157,-15105,5948
13402,-13732,330
15468,-10366,-5102
14784,-4492,-10292
12003,3889,-15892
7152,9310,-16462
981,13241,-14222
-6340,14982,-8642
-11492,14330,-2838
-14734,11941,2793
-15489,7239,8250
-13633,647,12986
-9310,-7276,16586
-3564,-11607,15171
5820,-14074,8254
9376,-15130,5754
13653,-13579,-74
15411,-9982,-5429
14635,-4050,-10585
11781,4954,-16735
6476,9702,-16178
280,13488,-13768
-7173,14883,-7710
-11946,14190,-2244
-14825,11508,3317
-15225,6468,8757
-13200,8,13192
-8637,-8019,16656
-2846,-12115,14961
6303,-14317,8014
9933,-14994,5061
14041,-13249,-792
15571,-9433,-6138
14421,-3386,-11035
11446,6067,-17513
6154,10069,-16223
-111,13695,-13584
-7701,15072,-7371
-12205,14251,-2046
-14973,11620,3353
-15514,6711,8803
-13422,185,13237
-9013,-7631,16644
-3242,-11904,15146
6158,-14099,7941
9631,-15089,5458
13921,-13311,-610
15493,-9664,-5829
14693,-3770,-10923
11657,5803,-17460
6422,9842,-16264
70,13587,-13657
-7482,14932,-7450
-12032,14177,-2145
-14866,11595,3271
-15415,6686,8729
-13278,136,13142
-8819,-7701,16520
-3081,-11888,14969
6352,-14062,7710
9755,-14825,5070
13971,-13018,-953
15365,-8934,-6431
14305,-2998,-11307
10939,6525,-17464
5263,10461,-15724
-759,13765,-13006
-8353,14965,-6612
-12585,14008,-1423
-15068,11067,4001
-15126,5787,9339
-12861,-647,13508
-8320,-8274,16594
-2244,-12379,14623
6010,-14528,8518
10452,-14763,4311
14289,-12729,-1560
15460,-8563,-6897
14074,-2347,-11727
10700,6624,-17324
5110,10725,-15835
-1336,13872,-12536
-8493,15109,-6616
-12577,14136,-1559
-15138,11096,4042
-15493,6109,9384
-13233,-301,13534
-8769,-8126,16895
-2912,-12280,15192
6315,-14412,8097
9891,-15118,5227
14140,-13332,-808
15683,-9483,-6200
14598,-3427,-11171
11636,6043,-17679
6484,10023,-16507
478,13620,-14098
-7049,15184,-8135
-11859,14647,-2788
-14949,12193,2756
-15679,7408,8271
-13934,1014,12920
-9850,-6996,16846
-4125,-11471,15596
4430,-13987,9557
9202,-15192,5990
13492,-13719,227
15559,-10308,-5251
15089,-4690,-10399
12284,3803,-16087
7222,9318,-16540
1064,13212,-14276
-6195,15159,-8964
-11434,14586,-3152
-14709,12300,2409
-15567,7651,7916
-13946,1270,12676
-9867,-6872,16739
-3852,-11492,15344
5214,-13926,8712
9244,-15196,5952
13620,-13752,132
15662,-10106,-5556
14990,-4455,-10535
12069,4467,-16536
7161,9495,-16656
1167,13274,-14441
-6154,15171,-9017
-11286,14878,-3592
-14767,12581,2186
-15691,8184,7507
-14256,1802,12454
-10399,-6711,17110
-4657,-11079,15736
2656,-14041,11385
8831,-15151,6320
13237,-13950,713
15382,-10547,-4835
15010,-4846,-10164
12387,2887,-15274
7445,9128,-16573
1328,13076,-14404
-6039,15002,-8963
-11149,14482,-3333
-14557,12247,2310
-15237,7433,7804
-13558,957,12601
-9421,-7144,16565
-3522,-11632,15154
6055,-13954,7899
9516,-14895,5379
13752,-13253,-499
15460,-9475,-5985
14412,-3498,-10914
11475,6092,-17567
6162,10065,-16227
-123,13612,-13489
-7618,14969,-7351
-12181,14177,-1996
-14920,11566,3354
-15551,6653,8898
-13468,160,13308
-8967,-7775,16742
-3213,-12057,15270
6109,-14272,8163
9545,-15456,5911
13884,-13810,-74
15662,-10060,-5602
14998,-4356,-10642
11979,4731,-16710
7000,9520,-16520
792,13373,-14165
-6571,14965,-8394
-11636,14396,-2760
-14808,11929,2879
-15398,7119,8279
-13666,730,12936
-9190,-7412,16602
-3510,-11797,15307
6014,-13967,7953
9574,-14903,5329
13831,-13204,-627
15415,-9433,-5982
14507,-3498,-11009
11339,6030,-17369
5907,10019,-15926
-272,13571,-13299
-7961,14812,-6851
-12292,14082,-1790
-14973,11277,3696
-15171,6125,9046
-12952,-321,13273
-8476,-8101,16577
-2491,-12276,14767
6072,-14491,8419
10246,-14821,4575
14218,-12853,-1365
15456,-8745,-6711
14148,-2491,-11657
10782,6608,-17390
5242,10617,-15859
-1002,13769,-12767
-8505,14973,-6468
-12647,14029,-1382
-15109,11088,4021
-15283,5857,9426
-12985,-556,13541
-8394,-8439,16833
-2499,-12412,14911
6117,-14544,8427
10164,-15076,4912
14256,-13088,-1168
15522,-8963,-6559
14425,-2990,-11435
11228,6406,-17634
5869,10316,-16185
-189,13827,-13638
-7858,15068,-7210
-12259,14363,-2104
-15048,11669,3379
-15530,6608,8922
-13472,144,13328
-9087,-7722,16809
-3279,-11966,15245
6133,-14218,8085
9706,-15130,5424
13950,-13398,-552
15637,-9689,-5948
14804,-3856,-10948
11814,5659,-17473
6360,9883,-16243
169,13567,-13736
-7247,15122,-7875
-11908,14515,-2607
-14924,11950,2974
-15543,7107,8436
-13723,627,13096
-9565,-7313,16878
-3700,-11776,15476
5482,-13975,8493
9376,-15122,5746
13794,-13649,-145
15547,-10060,-5487
14784,-4145,-10639
11892,5094,-16986
6781,9607,-16388
721,13468,-14189
-6884,15010,-8126
-11814,14515,-2701
-14932,11991,2941
-15650,7305,8345
-13851,891,12960
-9611,-7156,16767
-3803,-11554,15357
5160,-14058,8898
9281,-15196,5915
13558,-13690,132
15419,-10180,-5239
14784,-4331,-10453
11863,4756,-16619
6595,9673,-16268
536,13431,-13967
-7086,15019,-7933
-11797,14247,-2450
-14878,11591,3287
-15213,6579,8634
-13191,78,13113
-8736,-7750,16486
-3019,-11904,14923
6183,-14095,7912
9809,-14812,5003
13996,-12936,-1060
15299,-8868,-6431
14058,-2701,-11357
10778,6558,-17336
5168,10613,-15781
-1468,13781,-12313
-8431,14916,-6485
-12651,13794,-1143
-15142,10832,4310
-15159,5465,9694
-12779,-981,13760
-7969,-8646,16615
-2202,-12507,14709
5915,-14606,8691
10494,-14829,4335
14326,-12861,-1465
15621,-8646,-6975
14334,-2532,-11802
10819,6571,-17390
5535,10626,-16161
-552,13913,-13361
-8233,15151,-6918
-12379,14293,-1914
-15068,11471,3597
-15497,6567,8930
-13257,-94,13351
-8905,-7800,16705
-2928,-12036,14964
6274,-14152,7878
9953,-14812,4859
14037,-12956,-1081
15378,-8930,-6448
14177,-2611,-11566
10712,6521,-17233
5036,10605,-15641
-1439,13728,-12289
-8555,14920,-6365
-12634,13950,-1316
-15122,10935,4187
-15027,5498,9529
-12564,-1381,13945
-8002,-8538,16540
-1831,-12548,14379
5836,-14701,8865
10700,-14598,3898
14301,-12548,-1753
15394,-8196,-7198
13934,-1922,-12012
10188,6686,-16874
4595,10914,-15509
-3114,13777,-10663
-8666,14961,-6295
-12993,13740,-747
-15192,10415,4777
-15006,5119,9887
-12420,-2359,14779
-7610,-8988,16598
-1518,-12853,14371
5824,-14854,9030
10968,-14685,3717
14540,-12593,-1947
15497,-8089,-7408
13967,-1885,-12082
10440,6542,-16982
5156,10840,-15996
-1439,14016,-12577
-8419,15039,-6620
-12705,14198,-1493
-15225,11092,4133
-15390,5890,9500
-13105,-478,13583
-8567,-8369,16936
-2561,-12412,14973
6228,-14614,8386
10234,-15126,4892
14276,-13237,-1039
15749,-9512,-6237
14878,-3675,-11203
11743,5940,-17683
6554,9961,-16515
387,13649,-14036
-6987,15217,-8230
-11781,14680,-2899
-14965,12205,2760
-15732,7507,8225
-13954,981,12973
-9834,-7107,16941
-4083,-11550,15633
4665,-14066,9401
9198,-15279,6081
13468,-13954,486
15584,-10419,-5165
15081,-4747,-10334
12329,3337,-15666
7441,9252,-16693
1204,13195,-14399
-6232,15056,-8824
-11310,14627,-3317
-14656,12354,2302
-15481,7462,8019
-13872,1084,12788
-9768,-6991,16759
-4042,-11475,15517
4888,-14111,9223
9301,-15204,5903
13583,-13740,157
15530,-10213,-5317
14961,-4537,-10424
12292,3762,-16054
7214,9343,-16557
1023,13253,-14276
-6245,15175,-8930
-11331,14660,-3329
-14751,12354,2397
-15530,7660,7870
-13913,1377,12536
-9735,-6971,16706
-4129,-11372,15501
4838,-13926,9088
9161,-14969,5808
13426,-13629,203
15373,-9933,-5440
14478,-3955,-10523
11554,5531,-17085
6447,9689,-16136
16,13468,-13484
-7441,14833,-7392
-12061,14107,-2046
-14841,11339,3502
-15345,6373,8972
-13072,-160,13232
-8596,-8089,16685
-2652,-12214,14866
6389,-14334,7945
10015,-14944,4929
14148,-13117,-1031
15534,-9219,-6315
14495,-3143,-11352
11389,6307,-17696
5973,10197,-16170
-169,13744,-13575
-7854,14994,-7140
-12185,14317,-2132
-15068,11529,3539
-15526,6707,8819
-13488,119,13369
-9046,-7783,16829
-3155,-12053,15208
6175,-14214,8039
9652,-15155,5503
13934,-13455,-479
15518,-9516,-6002
14569,-3580,-10989
11566,5894,-17460
6208,9920,-16128
-86,13645,-13559
-7631,14932,-7301
-12131,14223,-2092
-14920,11459,3461
-15262,6430,8832
-13101,-74,13175
-8580,-7973,16553
-2578,-12197,14775
6051,-14198,8147
10217,-14726,4509
14132,-12779,-1353
15378,-8542,-6836
14045,-2400,-11645
10522,6645,-17167
5053,10621,-15674
-1934,13827,-11893
-8485,14961,-6476
-12758,13835,-1077
-15072,10654,4418
-15019,5424,9595
-12692,-1431,14123
-7858,-8662,16520
-1612,-12680,14292
5853,-14705,8852
10811,-14614,3803
14454,-12412,-2042
15345,-7961,-7384
13818,-1720,-12098
10172,6690,-16862
4735,11046,-15781
-2726,13987,-11261
-8782,15085,-6303
-12993,13983,-990
-15361,10898,4463
-15328,5700,9628
-13022,-1027,14049
-8349,-8514,16863
-2330,-12527,14857
6162,-14631,8469
10337,-15039,4702
14293,-13158,-1135
15699,-9103,-6596
14713,-3225,-11488
11583,6282,-17865
6113,10135,-16248
12,13715,-13727
-7511,15283,-7772
-11991,14478,-2487
-14957,11892,3065
-15584,7123,8461
-13554,383,13171
-9433,-7309,16742
-3535,-11781,15316
6080,-14086,8006
9532,-15097,5565
13930,-13624,-306
15571,-9673,-5898
14614,-3749,-10865
11587,5779,-17366
6397,9928,-16325
214,13596,-13810
-7276,14990,-7714
-11913,14388,-2475
-14845,11665,3180
-15477,6934,8543
-13558,400,13158
-9116,-7495,16611
-3341,-11809,15150
6129,-14111,7982
9660,-15138,5478
14049,-13365,-684
15505,-9471,-6034
14515,-3382,-11133
11611,6067,-17678
6034,10106,-16140
-41,13715,-13674
-7656,14982,-7326
-11974,14388,-2414
-14924,11739,3185
-15406,6777,8629
-13517,387,13130
-9029,-7610,16639
-3217,-11925,15142
6138,-14078,7940
9751,-15068,5317
14029,-13299,-730
15571,-9277,-6294
14412,-3295,-11117
11455,6179,-17634
5952,10180,-16132
-41,13534,-13493
-7722,14870,-7148
-12094,14070,-1976
-14845,11446,3399
-15229,6199,9030
-12787,-453,13240
-7965,-8365,16330
-1984,-12391,14375
5890,-14614,8724
10716,-14594,3878
14383,-12511,-1872
15501,-8229,-7272
14070,-2037,-12033
10502,6484,-16986
4995,10824,-15819
-1963,13975,-12012
-8580,15019,-6439
-12799,13930,-1131
-15250,10898,4352
-15233,5577,9656
-12837,-1150,13987
-8192,-8571,16763
-2169,-12577,14746
5898,-14672,8774
10436,-14870,4434
14404,-12993,-1411
15555,-8707,-6848
14363,-2800,-11563
10902,6637,-17539
5362,10477,-15839
-532,13653,-13121
-8291,14920,-6629
-12601,14066,-1465
-15105,11071,4034
-15093,5663,9430
-12775,-1171,13946
-7965,-8555,16520
-1893,-12535,14428
5968,-14581,8613
10560,-14627,4067
14317,-12465,-1852
15266,-8093,-7173
13868,-1955,-11913
10143,6624,-16767
4376,11001,-15377
-3823,13851,-10028
-9004,14924,-5920
-13175,13620,-445
-15283,10168,5115
-14792,4483,10309
-11995,-4026,16021
-7185,-9314,16499
-1014,-13101,14115
6121,-14887,8766
11281,-14511,3230
14623,-12271,-2352
15382,-7623,-7759
13810,-1365,-12445
10032,6826,-16858
4504,11248,-15752
-3262,14008,-10746
-8798,15081,-6283
-13150,13954,-804
-15419,10877,4542
-15237,5341,9896
-12799,-1460,14259
-8052,-8745,16797
-1963,-12705,14668
5919,-14833,8914
10588,-14858,4270
14400,-12882,-1518
15621,-8538,-7083
14445,-2644,-11801
10935,6447,-17382
5317,10593,-15910
-532,13913,-13381
-8254,15163,-6909
-12498,14181,-1683
-15192,11281,3911
-15485,6261,9224
-13138,-408,13546
-8790,-8097,16887
-2557,-12383,14940
6113,-14400,8287
10060,-15163,5103
14177,-13290,-887
15642,-9310,-6332
14557,-3295,-11262
11512,6195,-17707
6195,10168,-16363
0,13794,-13794
-7668,15072,-7404
-12144,14350,-2206
-14944,11735,3209
-15609,6925,8684
-13546,243,13303
-9169,-7540,16709
-3287,-11900,15187
6249,-14223,7974
9640,-15171,5531
14008,-13451,-557
15576,-9611,-5965
14726,-3700,-11026
11640,5915,-17555
6253,10085,-16338
70,13686,-13756
-7614,15081,-7467
-12012,14499,-2487
-14998,11814,3184
-15559,6971,8588
-13620,536,13084
-9297,-7482,16779
-3621,-11768,15389
6026,-14144,8118
9458,-15109,5651
13822,-13563,-259
15530,-9792,-5738
14709,-3774,-10935
11764,5655,-17419
6468,9974,-16442
391,13657,-14048
-7313,15200,-7887
-12012,14557,-2545
-15089,11950,3139
-15790,7156,8634
-13934,759,13175
-9751,-7218,16969
-4244,-11694,15938
3436,-14495,11059
8996,-15798,6802
13220,-14445,1225
15621,-11166,-4455
15749,-6043,-9706
13393,569,-13962
8712,8505,-17217
2615,12746,-15361
-5964,15015,-9051
-10316,15617,-5301
-14581,13901,680
-16236,10065,6171
-15444,4186,11258
-12502,-5090,17592
-7495,-9644,17139
-1439,-13596,15035
6105,-15703,9598
11430,-15481,4051
15142,-13286,-1856
16310,-8720,-7590
15085,-2602,-12483
11463,6641,-18104
5725,10931,-16656
-429,14392,-13963
-8192,15658,-7466
-12630,15052,-2422
-15604,12259,3345
-16095,7206,8889
-13921,321,13600
-9528,-7672,17200
-3448,-12230,15678
6179,-14697,8518
10019,-15526,5507
14342,-13798,-544
16017,-9879,-6138
15097,-3617,-11480
11913,6067,-17980
6517,10246,-16763
218,14066,-14284
-7449,15650,-8201
-12205,14998,-2793
-15324,12259,3065
-16038,7371,8667
-14194,730,13464
-9664,-7548,17212
-3716,-12098,15814
6022,-14569,8547
9718,-15675,5957
14251,-14074,-177
16038,-10217,-5821
15270,-4162,-11108
12313,5263,-17576
7029,9900,-16929
783,13880,-14663
-6740,15526,-8786
-11929,14994,-3065
-15262,12420,2842
-15996,7437,8559
-14157,763,13394
-9673,-7474,17147
-3630,-12181,15811
6051,-14532,8481
9743,-15662,5919
14136,-13921,-215
16095,-10188,-5907
15406,-4327,-11079
12453,4937,-17390
7045,9904,-16949
709,13893,-14602
-6942,15666,-8724
-12049,15122,-3073
-15373,12498,2875
-16124,7631,8493
-14371,1035,13336
-10209,-7198,17407
-4203,-11958,16161
4632,-14590,9958
9425,-15794,6369
13839,-14441,602
16108,-10993,-5115
15778,-5275,-10503
13101,2454,-15555
8134,9314,-17448
1777,13414,-15191
-5944,15588,-9644
-11240,15510,-4270
-15200,13294,1906
-16310,8856,7454
-15006,2425,12581
-11294,-6732,18026
-5556,-11038,16594
754,-14396,13642
8683,-15683,7000
13080,-14817,1737
15807,-11508,-4299
15736,-5874,-9862
13299,878,-14177
8382,8811,-17193
2050,13187,-15237
-5964,15468,-9504
-11178,15291,-4113
-15006,13162,1844
-16095,8547,7548
-14639,2186,12453
-10770,-6760,17530
-5061,-11257,16318
2322,-14429,12107
9091,-15588,6497
13406,-14511,1105
15922,-11137,-4785
15699,-5494,-10205
13171,1699,-14870
8241,9091,-17332
1848,13241,-15089
-5799,15468,-9669
-11224,15254,-4030
-14957,13121,1836
-16066,8555,7511
-14598,1872,12726
-10667,-6917,17584
-4710,-11393,16103
3097,-14441,11344
9277,-15555,6278
13604,-14284,680
15881,-10679,-5202
15444,-4917,-10527
12606,3308,-15914
7528,9400,-16928
1002,13513,-14515
-6389,15373,-8984
-11781,14800,-3019
-15142,12350,2792
-15844,7181,8663
-13860,486,13374
-9293,-7668,16961
-3452,-12189,15641
6261,-14553,8292
10019,-15505,5486
14367,-13728,-639
16021,-9755,-6266
15134,-3770,-11364
11983,6010,-17993
6307,10304,-16611
78,14033,-14111
-7849,15559,-7710
-12544,14916,-2372
-15497,12164,3333
-16079,7066,9013
-14029,354,13675
-10056,-7507,17563
-4314,-12144,16458
4549,-14767,10218
9372,-15666,6294
13814,-14342,528
15967,-10679,-5288
15340,-4686,-10654
12342,4306,-16648
7037,9763,-16800
581,13814,-14395
-6925,15580,-8655
-12020,14829,-2809
-15196,12230,2966
-15922,7346,8576
-14066,647,13419
-9730,-7441,17171
-3741,-11929,15670
5989,-14474,8485
9768,-15468,5700
14243,-13711,-532
15910,-9829,-6081
14936,-3489,-11447
11838,6179,-18017
6348,10345,-16693
-90,14128,-14038
-7722,15444,-7722
-12354,14812,-2458
-15382,12069,3313
-15877,6938,8939
-13769,189,13580
-9347,-7821,17168
-3192,-12296,15488
6430,-14656,8226
10217,-15406,5189
14466,-13571,-895
16042,-9520,-6522
15056,-3361,-11695
11756,6336,-18092
6216,10498,-16714
-45,14111,-14066
-7750,15646,-7896
-12370,15064,-2694
-15460,12255,3205
-16099,7288,8811
-14115,387,13728
-9846,-7581,17427
-3663,-12189,15852
5968,-14668,8700
9693,-15815,6122
14185,-14264,79
16186,-10506,-5680
15646,-4665,-10981
12779,4137,-16916
7705,9603,-17308
1575,13674,-15249
-6113,15724,-9611
-11446,15534,-4088
-15254,13249,2005
-16359,8666,7693
-14998,2260,12738
-11203,-6670,17873
-5449,-11141,16590
994,-14577,13583
8740,-15835,7095
13150,-14924,1774
15856,-11669,-4187
16029,-6319,-9710
13847,297,-14144
8905,8472,-17377
2648,12931,-15579
-6154,15221,-9067
-10642,15666,-5024
-14965,13707,1258
-16198,9413,6785
-15105,3064,12041
-11764,-6600,18364
-6076,-10733,16809
375,-14346,13971
8245,-15621,7376
12804,-14887,2083
15695,-11904,-3791
16021,-6505,-9516
13715,259,-13974
9025,8423,-17448
2722,12936,-15658
-6076,15196,-9120
-10551,15794,-5243
-14821,13781,1040
-16363,9805,6558
-15316,3547,11769
-11966,-6455,18421
-6430,-10498,16928
-165,-14210,14375
7870,-15633,7763
12700,-14887,2187
15522,-11979,-3543
16029,-6769,-9260
13711,193,-13904
9029,8217,-17246
2751,12709,-15460
-6117,14957,-8840
-10539,15431,-4892
-14883,13398,1485
-16066,8976,7090
-14697,2520,12177
-10910,-6715,17625
-5020,-11240,16260
1654,-14462,12808
9145,-15543,6398
13468,-14569,1101
15939,-11154,-4785
15835,-5634,-10201
13332,1650,-14982
8233,9108,-17341
2000,13204,-15204
-5861,15427,-9566
-11149,15588,-4439
-15184,13393,1791
-16248,9050,7198
-14850,2437,12413
-11537,-6633,18170
-5638,-11096,16734
515,-14503,13988
8600,-15736,7136
13051,-14903,1852
15873,-11797,-4076
16112,-6587,-9525
13827,222,-14049
8897,8369,-17266
2664,12832,-15496
-6158,15089,-8931
-10535,15604,-5069
-14792,13542,1250
-16079,9083,6996
-14808,2693,12115
-11248,-6694,17942
-5366,-10943,16309
1130,-14346,13216
8914,-15386,6472
13402,-14363,961
15741,-10943,-4798
15406,-5176,-10230
12808,2598,-15406
7726,9384,-17110
1237,13550,-14787
-6171,15510,-9339
-11731,15002,-3271
-15204,12663,2541
-15980,7746,8234
-14317,1142,13175
-10246,-7107,17353
-4162,-11801,15963
4706,-14511,9805
9433,-15563,6130
13827,-14078,251
15992,-10415,-5577
15431,-4545,-10886
12436,4521,-16957
7111,9788,-16899
853,13736,-14589
-6888,15646,-8758
-11962,15023,-3061
-15320,12498,2822
-16058,7594,8464
-14227,911,13316
-10085,-7268,17353
-4063,-12016,16079
5172,-14532,9360
9483,-15724,6241
13996,-14235,239
16124,-10704,-5420
15357,-4149,-11208
12251,5581,-17832
7045,10052,-17097
1365,13719,-15084
-6290,15650,-9360
-11574,15489,-3915
-15340,13039,2301
-16310,8448,7862
-14511,1258,13253
-10927,-6798,17725
-4512,-11756,16268
3675,-14763,11088
8877,-15823,6946
13707,-14668,961
15877,-11599,-4278
15906,-6096,-9810
13200,1864,-15064
8646,8740,-17386
1608,13476,-15084
-6092,15361,-9269
-11492,15303,-3811
-15089,13480,1609
-16256,9046,7210
-14899,2627,12272
-11479,-6686,18165
-5119,-11409,16528
577,-14441,13864
9058,-15666,6608
13534,-14511,977
15749,-11743,-4006
15918,-6212,-9706
13121,1901,-15022
8072,9215,-17287
2351,13039,-15390
-5894,15373,-9479
-11096,15419,-4323
-15192,12977,2215
-16194,8757,7437
-14874,2425,12449
-10489,-6946,17435
-4747,-11500,16247
1249,-14466,13217
8724,-15625,6901
13596,-14425,829
15996,-10844,-5152
15823,-5865,-9958
13274,1159,-14433
7783,9380,-17163
1843,13257,-15100
-5898,15369,-9471
-11294,15307,-4013
-15081,13080,2001
-16145,8448,7697
-14685,2066,12619
-10861,-6859,17720
-4389,-11628,16017
4653,-14416,9763
9372,-15514,6142
14025,-14066,41
15852,-10848,-5004
15208,-4166,-11042
11966,5721,-17687
7140,9697,-16837
697,13728,-14425
-7730,15592,-7862
-11954,15105,-3151
-15340,12535,2805
-16029,7664,8365
-13930,387,13543
-9619,-7664,17283
-3613,-12181,15794
6179,-14565,8386
9598,-15658,6060
14008,-14231,223
16174,-10003,-6171
15180,-3803,-11377
12416,4467,-16883
7227,9821,-17048
853,13769,-14622
-6645,15621,-8976
-12259,14936,-2677
-15299,12573,2726
-16062,7317,8745
-14148,775,13373
-9636,-7598,17234
-4219,-11797,16016
4912,-14425,9513
9495,-15609,6114
14338,-13884,-454
16025,-9994,-6031
15015,-3547,-11468
11863,6158,-18021
6348,10390,-16738
66,14045,-14111
-7697,15394,-7697
-12515,14685,-2170
-15435,11908,3527
-15877,6666,9211
-13670,8,13662
-9021,-8138,17159
-2776,-12544,15320
6265,-14932,8667
10502,-15365,4863
14701,-13369,-1332
16042,-9099,-6943
14936,-2949,-11987
11389,6682,-18071
5684,10737,-16421
-585,14251,-13666
-8439,15530,-7091
-12878,14532,-1654
-15576,11541,4035
-15835,6121,9714
-13464,-552,14016
-8629,-8555,17184
-2396,-12820,15216
6199,-14977,8778
10803,-15435,4632
14837,-13509,-1328
16141,-9161,-6980
14916,-2854,-12062
11550,6583,-18133
5997,10737,-16734
-247,14408,-14161
-8237,15658,-7421
-12634,14977,-2343
-15559,12061,3498
-16207,7123,9084
-14058,264,13794
-9619,-7808,17427
-3531,-12342,15873
6278,-14833,8555
9858,-15877,6019
14289,-14313,24
16203,-10407,-5796
15555,-4496,-11059
12606,4570,-17176
7334,9891,-17225
998,13814,-14812
-6484,15769,-9285
-11863,15258,-3395
-15320,12936,2384
-16116,7977,8139
-14643,1571,13072
-10432,-6967,17399
-4566,-11735,16301
4252,-14520,10268
9161,-15732,6571
13888,-14330,442
16079,-10865,-5214
15559,-4888,-10671
12754,3654,-16408
7639,9590,-17229
1192,13674,-14866
-6270,15691,-9421
-11880,15064,-3184
-15258,12783,2475
-16182,7866,8316
-14350,1138,13212
-10263,-7128,17391
-4372,-11814,16186
4500,-14738,10238
9479,-15856,6377
13913,-14425,512
16116,-10873,-5243
15778,-5205,-10573
13039,2446,-15485
8035,9334,-17369
1555,13591,-15146
-5944,15567,-9623
-11397,15340,-3943
-15213,13125,2088
-16256,8608,7648
-14812,2025,12787
-10815,-6843,17658
-4871,-11397,16268
2153,-14511,12358
9116,-15571,6455
13542,-14441,899
15922,-11013,-4909
15654,-5350,-10304
12597,2825,-15422
7375,9462,-16837
1006,13550,-14556
-6628,15427,-8799
-11991,14800,-2809
-15204,12222,2982
-15724,7070,8654
-13703,317,13386
-9475,-7734,17209
-3225,-12346,15571
6331,-14639,8308
10040,-15563,5523
14445,-13777,-668
16062,-9747,-6315
15142,-3691,-11451
11863,6133,-17996
6422,10440,-16862
-8,14202,-14194
-7788,15646,-7858
-12383,15056,-2673
-15481,12234,3247
-16128,7272,8856
-14165,577,13588
-9702,-7639,17341
-3774,-12177,15951
6133,-14553,8420
9722,-15654,5932
14247,-14045,-202
15976,-10114,-5862
15142,-4021,-11121
12115,5836,-17951
6525,10263,-16788
363,14041,-14404
-7491,15427,-7936
-12449,14709,-2260
-15398,12032,3366
-15877,6773,9104
-13756,86,13670
-9198,-7953,17151
-3007,-12408,15415
6435,-14713,8278
10283,-15390,5107
14524,-13369,-1155
15922,-9260,-6662
14903,-2970,-11933
11380,6567,-17947
5556,10799,-16355
-594,14214,-13620
-8596,15452,-6856
-12907,14454,-1547
-15592,11327,4265
-15703,5894,9809
-13266,-820,14086
-8608,-8608,17216
-2021,-12977,14998
6059,-15081,9022
11017,-15246,4229
14932,-13150,-1782
15963,-8530,-7433
14602,-2227,-12375
10914,6678,-17592
5214,11141,-16355
-1670,14355,-12685
-8823,15633,-6810
-13171,14565,-1394
-15761,11380,4381
-15889,6142,9747
-13525,-709,14234
-8662,-8699,17361
-2396,-12886,15282
6129,-15225,9096
10663,-15666,5003
14763,-13637,-1126
16165,-9405,-6760
15019,-3040,-11979
11772,6480,-18252
6001,10675,-16676
-255,14289,-14034
-8159,15576,-7417
-12610,14916,-2306
-15596,12098,3498
-16000,6781,9219
-13855,127,13728
-9413,-7936,17349
-3271,-12399,15670
6315,-14676,8361
10098,-15633,5535
14462,-13876,-586
16157,-9966,-6191
15180,-3724,-11456
12049,6022,-18071
6822,10283,-17105
284,14074,-14358
-7470,15683,-8213
-12276,15064,-2788
-15411,12370,3041
-16108,7326,8782
-14223,697,13526
-9809,-7474,17283
-3811,-12127,15938
5997,-14590,8593
9801,-15769,5968
14301,-14082,-219
16186,-10267,-5919
15365,-4203,-11162
12494,5226,-17720
7198,9916,-17114
705,13946,-14651
-6872,15580,-8708
-11937,15122,-3185
-15378,12589,2789
-16145,7920,8225
-14375,1130,13245
-9986,-7218,17204
-4186,-11913,16099
5271,-14412,9141
9681,-15497,5816
14181,-14000,-181
15976,-9966,-6010
15010,-3786,-11224
11826,6051,-17877
6261,10279,-16540
-165,13963,-13798
-8031,15439,-7408
-12478,14697,-2219
-15402,11768,3634
-15712,6492,9220
-13327,-437,13764
-8691,-8448,17139
-2301,-12762,15063
6249,-14998,8749
10857,-15155,4298
14767,-13105,-1662
15943,-8691,-7252
14499,-2128,-12371
10745,6843,-17588
4966,11228,-16194
-2297,14367,-12070
-8844,15563,-6719
-13315,14338,-1023
-15691,11083,4608
-15741,5589,10152
-13216,-1522,14738
-8336,-9037,17373
-2029,-13200,15229
5935,-15394,9459
10964,-15596,4632
14977,-13550,-1427
16120,-9128,-6992
14866,-2796,-12070
11479,6595,-18074
5779,10778,-16557
-519,14284,-13765
-8365,15365,-7000
-12857,14598,-1741
-15588,11603,3985
-15774,6199,9575
-13257,-672,13929
-8390,-8790,17180
-2132,-12936,15068
6125,-15134,9009
10869,-15089,4220
14763,-12956,-1807
15877,-8369,-7508
14557,-2136,-12421
10770,6806,-17576
4838,11199,-16037
-2924,14301,-11377
-9058,15559,-6501
-13340,14284,-944
-15753,10852,4901
-15514,5263,10251
-12841,-2376,15217
-7994,-9186,17180
-1443,-13319,14762
5956,-15258,9302
11368,-15039,3671
14928,-12779,-2149
15955,-8184,-7771
14421,-1674,-12747
10267,6975,-17242
4665,11512,-16177
-4083,14388,-10305
-9128,15654,-6526
-13620,14301,-681
-15893,10927,4966
-15728,5259,10469
-13006,-2528,15534
-8006,-9128,17134
-1625,-13253,14878
5968,-15456,9488
11215,-15357,4142
14961,-13191,-1770
16062,-8505,-7557
14767,-2219,-12548
11104,6727,-17831
5251,11224,-16475
-1109,14565,-13456
-8794,15774,-6980
-13117,14808,-1691
-15827,11776,4051
-16021,6344,9677
-13781,-325,14106
-9169,-8278,17447
-3019,-12713,15732
6377,-15023,8646
10258,-15831,5573
14726,-14037,-689
16359,-10151,-6208
15406,-3964,-11442
12436,5700,-18136
7099,10073,-17172
796,14074,-14870
-6859,15831,-8972
-12098,15299,-3201
-15464,12766,2698
-16264,7866,8398
-14664,1386,13278
-10242,-7181,17423
-4545,-11710,16255
3877,-14643,10766
9330,-15720,6390
13822,-14487,665
16099,-10803,-5296
15642,-5028,-10614
12779,3407,-16186
7532,9524,-17056
1109,13756,-14865
-6381,15654,-9273
-11946,15056,-3110
-15353,12700,2653
-16186,7684,8502
-14371,1097,13274
-10246,-7144,17390
-4302,-11867,16169
4285,-14565,10280
9405,-15761,6356
13905,-14416,511
16091,-10898,-5193
15543,-4941,-10602
12713,3287,-16000
7367,9673,-17040
940,13744,-14684
-6567,15600,-9033
-12007,15031,-3024
-15254,12507,2747
-15955,7577,8378
-14041,792,13249
-9825,-7404,17229
-3865,-11933,15798
5948,-14454,8506
9805,-15423,5618
14326,-13723,-603
15947,-9718,-6229
14821,-3312,-11509
11525,6488,-18013
5902,10638,-16540
-429,14247,-13818
-8460,15600,-7140
-12775,14676,-1901
-15514,11756,3758
-15939,6624,9315
-13604,-202,13806
-9033,-8303,17336
-2858,-12639,15497
6278,-14858,8580
10432,-15522,5090
14763,-13550,-1213
16124,-9240,-6884
14982,-3040,-11942
11603,6509,-18112
6109,10687,-16796
-152,14363,-14211
-7961,15666,-7705
-12552,15015,-2463
-15547,12139,3408
-16095,7037,9058
-14074,350,13724
-9388,-7862,17250
-3184,-12387,15571
6360,-14689,8329
10155,-15501,5346
14470,-13583,-887
16013,-9409,-6604
15006,-3184,-11822
11706,6331,-18037
5803,10580,-16383
-594,14185,-13591
-8468,15419,-6951
-12903,14359,-1456
-15468,11323,4145
-15592,5725,9867
-13051,-1340,14391
-8151,-8872,17023
-1699,-13121,14820
5849,-15221,9372
11211,-15097,3886
14870,-12944,-1926
15988,-8456,-7532
14375,-1868,-12507
10456,6909,-17365
4698,11368,-16066
-3320,14272,-10952
-9124,15481,-6357
-13674,14214,-540
-15815,10675,5140
-15522,4941,10581
-12589,-3646,16235
-7647,-9462,17109
-1117,-13521,14638
6270,-15489,9219
11599,-15204,3605
15114,-12766,-2348
16079,-8097,-7982
14565,-1699,-12866
10576,6925,-17501
4760,11595,-16355
-2219,14742,-12523
-9033,15926,-6893
-13348,14680,-1332
-15864,11554,4310
-15910,6072,9838
-13558,-598,14156
-8778,-8625,17403
-2611,-12923,15534
6125,-15200,9075
10522,-15666,5144
14771,-13761,-1010
16269,-9545,-6724
15089,-3234,-11855
11937,6455,-18392
6282,10605,-16887
-28,14251,-14223
-7792,15699,-7907
-12502,14870,-2368
-15559,12197,3362
-16132,7111,9021
-14128,354,13774
-9273,-7899,17172
-3324,-12449,15773
6435,-14767,8332
10085,-15675,5590
14454,-13835,-619
16231,-9953,-6278
15283,-3753,-11530
12057,6047,-18104
6604,10267,-16871
123,14107,-14230
-7680,15538,-7858
-12461,14784,-2323
-15444,12193,3251
-16038,7045,8993
-13888,127,13761
-9388,-7940,17328
-3036,-12573,15609
6402,-14763,8361
10209,-15670,5461
14623,-13818,-805
16240,-9784,-6456
15184,-3564,-11620
12073,6088,-18161
6472,10378,-16850
82,14111,-14193
-7841,15584,-7743
-12453,14924,-2471
-15435,12189,3246
-16042,6975,9067
-13872,152,13720
-9409,-7849,17258
-3316,-12412,15728
6356,-14751,8395
10098,-15510,5412
14445,-13695,-750
15963,-9611,-6352
14878,-3275,-11603
11611,6496,-18107
5638,10654,-16292
-647,14190,-13543
-8600,15415,-6815
-12997,14359,-1362
-15637,11092,4545
-15642,5700,9942
-13101,-1497,14598
-8340,-8955,17295
-1984,-13080,15064
6034,-15258,9224
11063,-15398,4335
14969,-13294,-1675
16054,-8794,-7260
14697,-2367,-12330
11215,6641,-17856
5560,11071,-16631
-783,14429,-13646
-8712,15567,-6855
-13109,14734,-1625
-15769,11599,4170
-15967,6195,9772
-13620,-404,14024
-8831,-8509,17340
-2466,-12944,15410
6344,-15064,8720
10506,-15452,4946
14668,-13554,-1114
16038,-9145,-6893
14998,-3027,-11971
11492,6546,-18038
5709,10753,-16462
-668,14284,-13616
-8559,15444,-6885
-13068,14474,-1406
-15609,11380,4229
-15646,5791,9855
-13076,-1315,14391
-8332,-8778,17110
-1761,-13035,14796
6117,-15151,9034
11281,-15023,3742
14907,-12894,-2013
15827,-8138,-7689
14169,-1468,-12701
10238,6946,-17184
4541,11533,-16074
-4257,14433,-10176
-9293,15658,-6365
-13756,14284,-528
-15951,10725,5226
-15617,5143,10474
-12878,-2846,15724
-8039,-9285,17324
-1753,-13323,15076
5981,-15576,9595
11294,-15444,4150
15010,-13253,-1757
16108,-8736,-7372
14697,-2219,-12478
11182,6810,-17992
5333,11207,-16540
-1089,14606,-13517
-8753,15687,-6934
-13105,14759,-1654
-15815,11624,4191
-15947,6232,9715
-13579,-466,14045
-8918,-8509,17427
-2549,-12898,15447
6146,-15101,8955
10601,-15654,5053
14763,-13666,-1097
16219,-9376,-6843
15085,-3147,-11938
11809,6538,-18347
6195,10700,-16895
-165,14338,-14173
-7953,15807,-7854
-12634,14965,-2331
-15642,12317,3325
-16231,7239,8992
-14206,445,13761
-9603,-7693,17296
-3650,-12309,15959
6154,-14742,8588
9883,-15922,6039
14421,-14276,-145
16293,-10539,-5754
15563,-4409,-11154
12601,4694,-17295
7474,9862,-17336
1051,13872,-14923
-6567,15736,-9169
-11884,15274,-3390
-15415,12870,2545
-16244,7940,8304
-14668,1489,13179
-10399,-7115,17514
-4298,-11904,16202
4401,-14557,10156
9429,-15745,6316
14004,-14392,388
16219,-10696,-5523
15741,-5003,-10738
12824,3675,-16499
7507,9735,-17242
1208,13752,-14960
-6348,15782,-9434
-11731,15365,-3634
-15361,12981,2380
-16289,8320,7969
-14590,1588,13002
-10663,-6905,17568
-4661,-11636,16297
3481,-14594,11113
9355,-15786,6431
13839,-14577,738
16145,-11001,-5144
15613,-4933,-10680
12989,3353,-16342
7606,9528,-17134
1258,13653,-14911
-6212,15637,-9425
-11719,15204,-3485
-15241,12746,2495
-16042,7920,8122
-14350,1200,13150
-9879,-7280,17159
-3894,-11954,15848
5931,-14454,8523
9792,-15691,5899
14350,-13798,-552
16104,-10015,-6089
15072,-3634,-11438
11970,6204,-18174
6546,10378,-16924
210,14165,-14375
-7701,15662,-7961
-12416,15089,-2673
-15555,12313,3242
-16186,7214,8972
-14185,486,13699
-9714,-7717,17431
-3592,-12391,15983
6175,-14755,8580
9941,-15831,5890
14346,-14148,-198
16281,-10349,-5932
15621,-4430,-11191
12556,4867,-17423
7020,9961,-16981
730,13905,-14635
-7020,15670,-8650
-11995,15039,-3044
-15386,12337,3049
-16054,7276,8778
-13946,358,13588
-9627,-7730,17357
-3361,-12370,15731
6340,-14705,8365
10098,-15609,5511
14540,-13835,-705
16112,-9809,-6303
15023,-3432,-11591
11752,6340,-18092
6294,10440,-16734
-74,14173,-14099
-8093,15505,-7412
-12754,14784,-2030
-15592,11781,3811
-16071,6682,9389
-13802,-132,13934
-8971,-8295,17266
-2792,-12667,15459
6435,-15006,8571
10395,-15609,5214
14614,-13719,-895
16038,-9380,-6658
15114,-3283,-11831
11669,6525,-18194
5783,10778,-16561
-466,14404,-13938
-8377,15534,-7157
-12936,14685,-1749
-15662,11822,3840
-15910,6397,9513
-13641,-367,14008
-8893,-8468,17361
-2701,-12754,15455
6307,-15023,8716
10597,-15576,4979
14808,-13563,-1245
16223,-9306,-6917
15006,-3011,-11995
11673,6546,-18219
5973,10811,-16784
-338,14437,-14099
-8311,15802,-7491
-12812,14911,-2099
-15732,12144,3588
-16264,7029,9235
-14115,144,13971
-9479,-7948,17427
-3613,-12399,16012
6204,-14936,8732
9912,-16066,6154
14404,-14239,-165
16297,-10432,-5865
15728,-4591,-11137
12754,4582,-17336
7441,9809,-17250
1150,13888,-15038
-6492,15782,-9290
-11900,15266,-3366
-15411,12894,2517
-16269,8019,8250
-14586,1485,13101
-10436,-7086,17522
-4368,-11805,16173
4327,-14511,10184
9491,-15658,6167
13930,-14396,466
16120,-10605,-5515
15543,-4710,-10833
12486,4409,-16895
7140,9875,-17015
556,13950,-14506
-7070,15687,-8617
-12214,15192,-2978
-15485,12544,2941
-16194,7474,8720
-14181,672,13509
-10027,-7338,17365
-4005,-12069,16074
5432,-14643,9211
9586,-15761,6175
14144,-14334,190
16161,-10720,-5441
15444,-4500,-10944
12486,4467,-16953
7156,9933,-17089
474,14004,-14478
-7128,15699,-8571
-12317,14990,-2673
-15369,12292,3077
-16099,7363,8736
-14152,660,13492
-9574,-7639,17213
-3427,-12309,15736
6142,-14553,8411
9941,-15563,5622
14400,-13686,-714
15868,-9528,-6340
14520,-2833,-11687
11088,6595,-17683
5506,10943,-16449
-1183,14260,-13077
-8811,15435,-6624
-13187,14466,-1279
-15798,11298,4500
-15658,5680,9978
-13138,-1419,14557
-8427,-8922,17349
-2041,-13092,15133
5935,-15320,9385
11166,-15295,4129
14953,-13158,-1795
16198,-8707,-7491
14961,-2466,-12495
11302,6715,-18017
5457,11083,-16540
-462,14623,-14161
-8394,16157,-7763
-12766,15151,-2385
-15695,12003,3692
-16116,6876,9240
-13822,16,13806
-9314,-7977,17291
-2821,-12622,15443
6435,-14837,8402
10444,-15518,5074
14660,-13583,-1077
16033,-9178,-6855
14627,-2644,-11983
11137,6649,-17786
5399,11042,-16441
-631,14326,-13695
-8745,15444,-6699
-13224,14421,-1197
-15732,11141,4591
-15691,5746,9945
-13121,-1617,14738
-8076,-8988,17064
-1848,-13179,15027
5993,-15332,9339
11162,-15320,4158
15006,-13088,-1918
15980,-8485,-7495
14590,-1947,-12643
10741,6822,-17563
4941,11310,-16251
-2355,14441,-12086
-9066,15576,-6510
-13476,14462,-986
-15947,10927,5020
-15596,5251,10345
-13030,-2087,15117
-8014,-9248,17262
-1563,-13369,14932
6072,-15530,9458
11372,-15345,3973
15097,-13175,-1922
16124,-8481,-7643
14738,-2231,-12507
11026,6670,-17696
5354,11273,-16627
-1171,14561,-13390
-8844,15765,-6921
-13191,14652,-1461
-15794,11669,4125
-16108,6348,9760
-13822,-396,14218
-8868,-8567,17435
-2767,-12857,15624
6232,-15221,8989
10498,-15897,5399
14775,-14045,-730
16401,-9867,-6534
15452,-3753,-11699
12304,6039,-18343
6748,10374,-17122
499,14169,-14668
-7235,15774,-8539
-12263,15208,-2945
-15514,12684,2830
-16297,7755,8542
-14474,961,13513
-10176,-7412,17588
-4108,-12049,16157
5007,-14647,9640
9565,-15831,6266
14132,-14421,289
16273,-10737,-5536
15629,-4752,-10877
12639,4228,-16867
7321,9780,-17101
1068,13769,-14837
-6562,15708,-9146
-12069,15200,-3131
-15357,12717,2640
-16058,7544,8514
-14152,746,13406
-10040,-7342,17382
-3997,-12127,16124
5898,-14796,8898
9768,-15885,6117
14309,-14334,25
16236,-10498,-5738
15505,-4434,-11071
12643,4595,-17238
7433,9867,-17300
932,13901,-14833
-6600,15782,-9182
-11999,15184,-3185
-15316,12787,2529
-16227,7804,8423
-14520,1171,13349
-10184,-7272,17456
-4219,-11937,16156
5119,-14610,9491
9689,-15736,6047
14202,-14078,-124
15939,-10230,-5709
14957,-3733,-11224
11842,5964,-17806
6455,10275,-16730
-148,14119,-13971
-8089,15411,-7322
-12804,14718,-1914
-15576,11805,3771
-15906,6468,9438
-13744,-276,14020
-8819,-8542,17361
-2668,-12738,15406
6286,-15093,8807
10588,-15670,5082
14833,-13699,-1134
16277,-9532,-6745
15307,-3411,-11896
12028,6323,-18351
6150,10654,-16804
-119,14392,-14273
-8047,15868,-7821
-12573,15147,-2574
-15609,12251,3358
-16260,7268,8992
-14260,453,13807
-9710,-7800,17510
-3617,-12329,15946
6241,-14697,8456
9961,-15687,5726
14371,-14115,-256
16165,-10192,-5973
15167,-3873,-11294
11785,6109,-17894
6480,10324,-16804
16,14169,-14185
-8014,15505,-7491
-12709,14647,-1938
-15497,11682,3815
-15840,6369,9471
-13480,-412,13892
-8683,-8443,17126
-2413,-12820,15233
6195,-15097,8902
10844,-15390,4546
14845,-13204,-1641
15959,-8596,-7363
14676,-2173,-12503
10890,6921,-17811
5077,11248,-16325
-2264,14499,-12235
-9021,15637,-6616
-13455,14474,-1019
-15873,11236,4637
-15716,5539,10177
-13076,-1633,14709
-8167,-8955,17122
-1897,-13162,15059
6014,-15398,9384
11178,-15303,4125
15081,-13035,-2046
16017,-8435,-7582
14491,-1897,-12594
10712,6843,-17555
4855,11504,-16359
-2631,14524,-11893
-9124,15708,-6584
-13488,14449,-961
-15934,11174,4760
-15893,5655,10238
-13327,-1720,15047
-8188,-9091,17279
-2000,-13171,15171
6142,-15493,9351
11050,-15662,4612
15010,-13468,-1542
16384,-9198,-7186
15101,-2772,-12329
11632,6637,-18269
6018,10923,-16941
-342,14499,-14157
-8295,15885,-7590
-12795,15035,-2240
-15749,12218,3531
-16289,7086,9203
-14111,284,13827
-9627,-7821,17448
-3485,-12482,15967
6274,-14775,8501
10007,-15868,5861
14573,-14190,-383
16302,-10234,-6068
15464,-4013,-11451
12387,5688,-18075
6847,10192,-17039
470,14103,-14573
-7387,15736,-8349
-12362,15122,-2760
-15439,12535,2904
-16116,7387,8729
-14119,561,13558
-9636,-7598,17234
-3663,-12210,15873
6265,-14680,8415
9945,-15662,5717
14478,-13954,-524
16207,-9871,-6336
15126,-3469,-11657
11851,6414,-18265
6270,10564,-16834
-165,14313,-14148
-8056,15687,-7631
-12556,15039,-2483
-15580,12045,3535
-16153,6983,9170
-13942,119,13823
-9367,-8035,17402
-3176,-12527,15703
6344,-14808,8464
10188,-15703,5515
14689,-13806,-883
16219,-9631,-6588
15068,-3366,-11702
11842,6397,-18239
6315,10514,-16829
-24,14223,-14199
-8027,15543,-7516
-12610,14841,-2231
-15563,11933,3630
-15934,6732,9202
-13641,-247,13888
-8868,-8320,17188
-2602,-12804,15406
6249,-15093,8844
10770,-15328,4558
14845,-13257,-1588
16079,-8802,-7277
14953,-2590,-12363
11240,6826,-18066
5556,11005,-16561
-1122,14437,-13315
-8621,15745,-7124
-12977,14746,-1769
-15757,11570,4187
-16038,6261,9777
-13587,-515,14102
-8794,-8604,17398
-2367,-12993,15360
6100,-15262,9162
10815,-15567,4752
14883,-13674,-1209
16244,-9285,-6959
15023,-2879,-12144
11574,6608,-18182
5952,10770,-16722
-363,14392,-14029
-8287,15625,-7338
-12841,14829,-1988
-15621,11719,3902
-15984,6397,9587
-13513,-511,14024
-8588,-8563,17151
-2466,-12870,15336
6010,-15142,9132
10857,-15390,4533
14866,-13340,-1526
16005,-8811,-7194
14631,-2326,-12305
11067,6843,-17910
4933,11215,-16148
-2446,14371,-11925
-9033,15567,-6534
-13492,14433,-941
-15955,10976,4979
-15501,5156,10345
-12985,-2780,15765
-7845,-9392,17237
-1497,-13418,14915
6109,-15518,9409
11298,-15254,3956
15023,-13047,-1976
16112,-8460,-7652
14524,-1881,-12643
10704,6789,-17493
4644,11545,-16189
-3031,14499,-11468
-9244,15708,-6464
-13567,14408,-841
-15980,11063,4917
-15786,5321,10465
-13035,-2310,15345
-8068,-9256,17324
-1654,-13385,15039
6047,-15543,9496
11240,-15559,4319
15076,-13369,-1707
16293,-8930,-7363
14965,-2565,-12400
11343,6711,-18054
5651,11129,-16780
-594,14544,-13950
-8662,15831,-7169
-13080,14845,-1765
-15885,11925,3960
-16182,6554,9628
-13950,-90,14040
-9367,-8163,17530
-3135,-12680,15815
6546,-14977,8431
10250,-15848,5598
14557,-14181,-376
16314,-10110,-6204
15468,-3993,-11475
12296,5791,-18087
6781,10205,-16986
507,14103,-14610
-7416,15765,-8349
-12271,15171,-2900
-15485,12453,3032
-16203,7408,8795
-14086,552,13534
-9755,-7544,17299
-3733,-12255,15988
6150,-14693,8543
9821,-15745,5924
14462,-14029,-433
16227,-10077,-6150
15270,-3786,-11484
12115,6043,-18158
6645,10296,-16941
156,14243,-14399
-7680,15778,-8098
-12428,15151,-2723
-15609,12325,3284
-16326,7305,9021
-14363,614,13749
-9805,-7701,17506
-3852,-12321,16173
5766,-14784,9018
9710,-15980,6270
14268,-14392,124
16273,-10683,-5590
15666,-4686,-10980
12742,4438,-17180
7540,9801,-17341
1064,13938,-15002
-6579,15798,-9219
-11921,15262,-3341
-15423,12804,2619
-16240,7903,8337
-14536,1249,13287
-10263,-7128,17391
-4397,-11743,16140
4719,-14437,9718
9673,-15559,5886
14103,-13843,-260
15757,-9730,-6027
14965,-3634,-11331
11748,6257,-18005
5890,10555,-16445
-511,14301,-13790
-8439,15708,-7269
-12907,14718,-1811
-15670,11665,4005
-16009,6439,9570
-13719,-297,14016
-9046,-8423,17469
-2718,-12890,15608
6121,-15328,9207
10522,-15782,5260
14854,-13930,-924
16318,-9182,-6542
15147,-3366,-11781
11451,6732,-18183
6459,10568,-17027
66,14326,-14392
-7792,15761,-7969
-12469,15109,-2640
-15464,12329,3135
-16104,6666,9438
-13893,-86,13979
-8967,-8295,17262
-2747,-12804,15551
6298,-14837,8539
10056,-15732,5676
14821,-13459,-1362
15918,-8848,-7070
14936,-3225,-11711
11166,6814,-17980
5717,10824,-16541
-1848,14412,-12564
-8497,15543,-7046
-12865,14689,-1824
-15844,11162,4682
-15543,5313,10230
-12865,-2512,15377
-8340,-8910,17250
-1406,-13418,14824
5890,-15307,9417
11022,-15241,4219
15097,-12832,-2265
16071,-8617,-7454
14194,-1262,-12932
10828,6822,-17650
4376,11781,-16157
-4760,14441,-9681
-9037,15666,-6629
-13472,14400,-928
-15885,11108,4777
-15811,5531,10280
-12696,-4207,16903
-7437,-9644,17081
-1810,-13241,15051
6356,-15604,9248
11240,-15439,4199
15089,-13282,-1807
16306,-8769,-7537
14965,-2417,-12548
11166,6645,-17811
4900,11566,-16466
-1027,14619,-13592
-8765,15732,-6967
-13216,14755,-1539
-15860,11756,4104
-15885,5700,10185
-13794,-342,14136
-9042,-8485,17527
-2701,-12894,15595
6183,-15456,9273
11092,-15633,4541
14845,-13926,-919
16380,-9821,-6559
15369,-3576,-11793
12073,6261,-18334
5733,10968,-16701
-12,14334,-14322
-7845,15765,-7920
-12544,15155,-2611
-15604,12370,3234
-16178,6686,9492
-13814,-202,14016
-9772,-7730,17502
-3663,-12354,16017
6154,-14738,8584
10052,-15823,5771
14544,-14161,-383
16306,-10345,-5961
15357,-3881,-11476
12350,5783,-18133
6789,10188,-16977
-226,14404,-14178
-7251,15769,-8518
-12808,14936,-2128
-15472,12408,3064
-16190,7272,8918
-13967,-99,14066
-9120,-8307,17427
-2883,-12791,16004
6439,-15052,8613
10452,-15736,5284
14808,-13752,-1056
16248,-9660,-6588
15031,-3209,-11822
11801,6496,-18297
6080,10696,-16776
-292,14293,-14001
-8146,15526,-7380
-12845,14705,-1860
-15683,11710,3973
-15840,6187,9653
-13336,-804,14140
-8448,-8831,17279
-2013,-13088,15101
6220,-15336,9116
11017,-15291,4274
14812,-13026,-1786
16000,-8571,-7429
14730,-2223,-12507
10737,6818,-17555
4665,11356,-16021
-3625,14396,-10771
-9219,15571,-6352
-13789,14132,-343
-15914,10386,5528
-15316,4413,10903
-12408,-4809,17217
-7082,-9796,16878
-631,-13756,14387
6888,-15510,8622
12020,-14977,2957
15254,-12490,-2764
16017,-7458,-8559
14082,-808,-13274
9735,7433,-17168
3865,12131,-15996
-6080,14709,-8629
-9697,15840,-6143
-14272,14128,144
-16182,10362,5820
-15687,4545,11142
-12696,-4521,17217
-7569,-9631,17200
-1204,-13653,14857
6241,-15670,9429
11657,-15262,3605
15072,-12820,-2252
15889,-7936,-7953
14326,-1282,-13044
10073,7099,-17172
4050,11838,-15888
-5700,14524,-8824
-9611,15588,-5977
-14202,13979,223
-16029,10172,5857
-15159,4112,11047
-12152,-5544,17696
-6934,-9986,16920
-453,-13917,14370
7181,-15452,8271
12263,-14767,2504
15270,-12193,-3077
15881,-7066,-8815
13802,-276,-13526
9240,7891,-17131
3229,12375,-15604
-6241,14660,-8419
-10192,15547,-5355
-14470,13715,755
-16108,9611,6497
-15089,3551,11538
-11875,-6282,18157
-6249,-10366,16615
-169,-14103,14272
7957,-15530,7573
12531,-14643,2112
15394,-11785,-3609
15939,-6612,-9327
13847,-132,-13715
9004,8175,-17179
2994,12564,-15558
-6249,14887,-8638
-10201,15683,-5482
-14676,13732,944
-16236,9838,6398
-15237,3708,11529
-12168,-6047,18215
-6670,-10283,16953
-453,-14169,14622
7202,-15761,8559
12243,-15184,2941
15477,-12700,-2777
16174,-7717,-8457
14474,-1006,-13468
10098,7330,-17428
4129,12032,-16161
-4978,14709,-9731
-9405,15934,-6529
-13996,14573,-577
-16231,11075,5156
-15947,5403,10544
-13167,-2359,15526
-8328,-9227,17555
-1988,-13385,15373
6010,-15600,9590
11149,-15658,4509
15134,-13521,-1613
16368,-9050,-7318
15052,-2598,-12454
11525,6699,-18224
5601,11046,-16647
-519,14532,-14013
-8617,15790,-7173
-13113,14887,-1774
-15778,11789,3989
-16116,6476,9640
-13810,-255,14065
-8955,-8468,17423
-2627,-12882,15509
6158,-15167,9009
10700,-15691,4991
14907,-13525,-1382
16194,-9141,-7053
14924,-2644,-12280
11376,6707,-18083
5680,11083,-16763
-610,14594,-13984
-8633,15716,-7083
-13043,14953,-1910
-15802,11974,3828
-16124,6459,9665
-13761,-301,14062
-9066,-8369,17435
-2743,-12865,15608
6319,-15060,8741
10601,-15543,4942
14845,-13488,-1357
16161,-9108,-7053
14953,-2652,-12301
11430,6562,-17992
5379,10972,-16351
-1555,14400,-12845
-8720,15679,-6959
-13406,14474,-1068
-15774,11022,4752
-15588,5325,10263
-12808,-2516,15324
-7800,-9310,17110
-1324,-13435,14759
6282,-15505,9223
11830,-15081,3251
15142,-12841,-2301
16038,-7849,-8189
14346,-1225,-13121
10007,7247,-17254
4211,11880,-16091
-4908,14557,-9649
-9483,15675,-6192
-14041,14214,-173
-16079,10560,5519
-15646,4780,10866
-12573,-4372,16945
-7408,-9796,17204
-1035,-13781,14816
6459,-15757,9298
11834,-15501,3667
15295,-12973,-2322
16227,-8204,-8023
14718,-1802,-12916
10766,6888,-17654
4801,11595,-16396
-2800,14507,-11707
-9021,15732,-6711
-13719,14491,-772
-16046,11075,4971
-15530,5127,10403
-12936,-2920,15856
-7750,-9388,17138
-1229,-13567,14796
6319,-15584,9265
11805,-15031,3226
15101,-12626,-2475
15930,-7742,-8188
14066,-1010,-13056
9871,7276,-17147
3910,11979,-15889
-5766,14404,-8638
-9619,15592,-5973
-14157,13888,269
-16021,10135,5886
-15270,4017,11253
-12177,-5869,18046
-6694,-10176,16870
-301,-13979,14280
7462,-15543,8081
12152,-14833,2681
15283,-12024,-3259
16046,-7264,-8782
13880,-387,-13493
9400,7767,-17167
3287,12350,-15637
-6216,14697,-8481
-10040,15567,-5527
-14685,13707,978
-16227,9726,6501
-15188,3481,11707
-12094,-6232,18326
-6484,-10411,16895
-528,-14173,14701
7222,-15943,8721
12226,-15303,3077
15378,-12762,-2616
16203,-7816,-8387
14503,-1196,-13307
10122,7338,-17460
4265,11933,-16198
-5181,14730,-9549
-9479,15988,-6509
-14128,14416,-288
-16240,11009,5231
-15835,5275,10560
-13175,-2594,15769
-8250,-9310,17560
-1777,-13389,15166
6129,-15609,9480
11310,-15571,4261
15138,-13422,-1716
16306,-8819,-7487
14874,-2252,-12622
11187,6793,-17980
5218,11397,-16615
-1658,14606,-12948
-8893,15811,-6918
-13447,14771,-1324
-15930,11393,4537
-15984,5981,10003
-13604,-688,14292
-8646,-8811,17457
-2268,-13134,15402
6146,-15307,9161
11001,-15518,4517
14986,-13402,-1584
16095,-8720,-7375
14726,-2136,-12590
10906,6793,-17699
5007,11372,-16379
-1963,14507,-12544
-9004,15613,-6609
-13538,14561,-1023
-15980,11319,4661
-15811,5416,10395
-13266,-1835,15101
-8278,-9202,17480
-1786,-13377,15163
6010,-15510,9500
11236,-15431,4195
15089,-13191,-1898
16157,-8472,-7685
14804,-2149,-12655
11092,6884,-17976
5119,11319,-16438
-2128,14478,-12350
-8930,15736,-6806
-13530,14445,-915
-15860,11063,4797
-15642,5263,10379
-12799,-2714,15513
-7672,-9330,17002
-1117,-13410,14527
6377,-15460,9083
11706,-14866,3160
15027,-12412,-2615
15774,-7293,-8481
13637,-396,-13241
9293,7647,-16940
3159,12354,-15513
-6237,14635,-8398
-10106,15534,-5428
-14631,13695,936
-16108,9603,6505
-15258,3597,11661
-11826,-6348,18174
-6439,-10300,16739
-255,-14115,14370
7524,-15798,8274
12354,-15035,2681
15324,-12189,-3135
16017,-7288,-8729
14086,-478,-13608
9487,7726,-17213
3477,12304,-15781
-6133,14755,-8622
-9928,15736,-5808
-14363,14099,264
-16223,10089,6134
-15328,4219,11109
-12234,-5556,17790
-6897,-10052,16949
-503,-13942,14445
7016,-15489,8473
12148,-14891,2743
15213,-12251,-2962
15873,-7074,-8799
13740,-231,-13509
9273,7812,-17085
3106,12424,-15530
-6290,14680,-8390
-10291,15386,-5095
-14503,13447,1056
-15976,9322,6654
-14812,2957,11855
-11475,-6463,17938
-5754,-10758,16512
495,-14243,13748
8509,-15485,6976
12948,-14511,1563
15592,-11409,-4183
15955,-6352,-9603
13488,404,-13892
8827,8472,-17299
2763,12758,-15521
-6088,15043,-8955
-10275,15724,-5449
-14718,13802,916
-16322,9718,6604
-15188,3427,11761
-12020,-6319,18339
-6381,-10440,16821
-264,-14210,14474
7631,-15769,8138
12395,-15093,2698
15477,-12304,-3173
16145,-7243,-8902
14185,-606,-13579
9718,7557,-17275
3774,12164,-15938
-6067,14610,-8543
-9751,15794,-6043
-14359,14132,227
-16203,10423,5780
-15464,4347,11117
-12639,-4917,17556
-7301,-9908,17209
-919,-13798,14717
6690,-15708,9018
11917,-15266,3349
15291,-12828,-2463
16310,-8060,-8250
14594,-1489,-13105
10477,7119,-17596
4595,11710,-16305
-3898,14689,-10791
-9252,15877,-6625
-13831,14581,-750
-16132,11133,4999
-15947,5593,10354
-13299,-1959,15258
-8233,-9235,17468
-1831,-13356,15187
6096,-15571,9475
11319,-15526,4207
15204,-13332,-1872
16244,-8666,-7578
14862,-2293,-12569
11121,6719,-17840
5230,11310,-16540
-1629,14573,-12944
-8967,15679,-6712
-13344,14800,-1456
-15947,11521,4426
-16009,5944,10065
-13476,-1076,14552
-8551,-8905,17456
-2169,-13167,15336
6257,-15481,9224
11088,-15456,4368
15006,-13356,-1650
16264,-8868,-7396
15019,-2594,-12425
11471,6661,-18132
5494,11042,-16536
-1047,14544,-13497
-8806,15687,-6881
-13195,14771,-1576
-15893,11475,4418
-15918,5952,9966
-13303,-1419,14722
-8460,-8959,17419
-1951,-13200,15151
5931,-15402,9471
11154,-15518,4364
15035,-13348,-1687
16149,-8695,-7454
14726,-2235,-12491
10873,6694,-17567
5164,11191,-16355
-2359,14404,-12045
-9145,15448,-6303
-13761,14251,-490
-15918,10617,5301
-15439,4719,10720
-12515,-4380,16895
-7453,-9735,17188
-981,-13756,14737
6443,-15724,9281
11789,-15316,3527
15254,-12931,-2323
16079,-8019,-8060
14511,-1522,-12989
10473,7074,-17547
4566,11809,-16375
-4281,14652,-10371
-9479,15831,-6352
-13967,14470,-503
-16161,10840,5321
-15691,5181,10510
-13039,-2998,16037
-7911,-9392,17303
-1588,-13488,15076
5997,-15571,9574
11413,-15217,3804
14994,-13043,-1951
16033,-8221,-7812
14396,-1555,-12841
10374,7037,-17411
4380,11706,-16086
-4888,14491,-9603
-9520,15745,-6225
-13987,14161,-174
-16058,10564,5494
-15505,4512,10993
-12610,-4570,17180
-7326,-9685,17011
-981,-13806,14787
6690,-15617,8927
11842,-14990,3148
15217,-12436,-2781
16099,-7590,-8509
14227,-891,-13336
9895,7379,-17274
3873,12045,-15918
-5923,14627,-8704
-9677,15716,-6039
-14301,13996,305
-16149,10337,5812
-15349,4290,11059
-12424,-5230,17654
-7082,-9920,17002
-647,-13909,14556
6905,-15650,8745
12193,-14965,2772
15328,-12399,-2929
16091,-7387,-8704
14157,-697,-13460
9685,7536,-17221
3823,12131,-15954
-6183,14577,-8394
-9805,15761,-5956
-14346,14029,317
-16190,10337,5853
-15382,4285,11097
-12432,-5494,17926
-7181,-9957,17138
-709,-13893,14602
6839,-15712,8873
12065,-15200,3135
15423,-12754,-2669
16260,-7816,-8444
14437,-1188,-13249
10366,7132,-17498
4323,11929,-16252
-4587,14730,-10143
-9392,16013,-6621
-13942,14569,-627
-16215,11088,5127
-15864,5275,10589
-13278,-2334,15612
-8221,-9244,17465
-1777,-13484,15261
5973,-15588,9615
11294,-15637,4343
15134,-13286,-1848
16285,-8740,-7545
14771,-2058,-12713
11067,6798,-17865
5214,11319,-16533
-1914,14565,-12651
-8901,15699,-6798
-13501,14693,-1192
-15943,11319,4624
-15827,5593,10234
-13303,-1757,15060
-8254,-9021,17275
-1864,-13315,15179
6162,-15489,9327
11372,-15262,3890
15118,-12940,-2178
16186,-8250,-7936
14643,-1641,-13002
10522,6971,-17493
4719,11624,-16343
-3984,14656,-10672
-9141,15852,-6711
-13723,14441,-718
-16013,11108,4905
-15827,5358,10469
-13047,-2392,15439
-8064,-9277,17341
-1464,-13455,14919
6129,-15555,9426
11570,-15221,3651
15142,-12799,-2343
16079,-7998,-8081
14202,-1138,-13064
10052,7169,-17221
4257,11756,-16013
-4987,14536,-9549
-9396,15592,-6196
-14053,14020,33
-15906,10197,5709
-15250,4108,11142
-12090,-5713,17803
-6657,-10023,16680
-379,-14012,14391
7577,-15567,7990
12445,-14701,2256
15332,-11867,-3465
15794,-6686,-9108
13732,-49,-13683
9029,8118,-17147
2796,12672,-15468
-6150,14895,-8745
-10452,15493,-5041
-14751,13538,1213
-16161,9343,6818
-14965,3073,11892
-11562,-6637,18199
-6076,-10749,16825
90,-14474,14384
8035,-15745,7710
12519,-15122,2603
15642,-12424,-3218
16203,-7342,-8861
14119,-536,-13583
9697,7643,-17340
3733,12238,-15971
-6113,14606,-8493
-9813,15675,-5862
-14379,13979,400
-16104,10077,6027
-15266,3910,11356
-12078,-5968,18046
-6484,-10246,16730
-152,-14029,14181
7610,-15505,7895
12482,-14701,2219
15378,-11805,-3573
15984,-6901,-9083
13690,-41,-13649
9062,8097,-17159
2776,12601,-15377
-6018,14883,-8865
-10362,15382,-5020
-14796,13443,1353
-16141,9227,6914
-14903,2945,11958
-11385,-6608,17993
-5688,-10782,16470
445,-14313,13868
8489,-15472,6983
12927,-14528,1601
15600,-11554,-4046
15798,-6154,-9644
13431,544,-13975
8534,8641,-17175
2190,12940,-15130
-6080,15196,-9116
-10914,15411,-4497
-14903,13389,1514
-16178,8881,7297
-14920,2689,12231
-11442,-6678,18120
-5820,-10931,16751
288,-14396,14108
8311,-15741,7430
12804,-14949,2145
15642,-12102,-3540
16104,-6798,-9306
13913,-111,-13802
9301,8068,-17369
3085,12622,-15707
-6389,14998,-8609
-10159,15873,-5714
-14722,14099,623
-16413,10201,6212
-15576,4120,11456
-12478,-5494,17972
-7260,-10023,17283
-911,-14041,14952
6690,-15860,9170
11958,-15394,3436
15378,-12927,-2451
16285,-8093,-8192
14515,-1414,-13101
10564,7024,-17588
4673,11785,-16458
-4120,14701,-10581
-9293,15873,-6580
-13901,14614,-713
-16190,11191,4999
-15906,5341,10565
-13183,-2198,15381
-8159,-9268,17427
-1790,-13464,15254
6010,-15629,9619
11331,-15427,4096
15097,-13092,-2005
16248,-8588,-7660
14821,-1967,-12854
10741,6938,-17679
4818,11504,-16322
-3782,14594,-10812
-9227,15926,-6699
-13789,14540,-751
-16178,10984,5194
-15897,5288,10609
-13179,-2499,15678
-8097,-9376,17473
-1641,-13497,15138
6022,-15604,9582
11401,-15530,4129
15138,-13418,-1720
16236,-8571,-7665
14767,-2066,-12701
10865,6905,-17770
4970,11442,-16412
-2165,14524,-12359
-9256,15691,-6435
-13728,14495,-767
-15959,10935,5024
-15617,5069,10548
-12799,-3308,16107
-7693,-9388,17081
-1093,-13695,14788
6406,-15563,9157
11851,-14986,3135
15151,-12494,-2657
15860,-7499,-8361
14173,-688,-13485
9648,7623,-17271
3601,12177,-15778
-6228,14680,-8452
-9990,15716,-5726
-14367,14082,285
-16252,10246,6006
-15353,4017,11336
-12358,-5577,17935
-7057,-10065,17122
-907,-13963,14870
6818,-15852,9034
12086,-15324,3238
15394,-12861,-2533
16236,-7899,-8337
14305,-1035,-13270
10366,7148,-17514
4492,11913,-16405
-4384,14701,-10317
-9334,15947,-6613
-13880,14528,-648
-16165,11079,5086
-15868,5313,10555
-13154,-2755,15909
-7932,-9396,17328
-1707,-13484,15191
6191,-15637,9446
11500,-15266,3766
15048,-12832,-2216
16087,-8085,-8002
14227,-1130,-13097
9883,7264,-17147
3889,11929,-15818
-6105,14540,-8435
-9739,15596,-5857
-14355,13917,438
-16099,9949,6150
-15134,3749,11385
-12090,-5940,18030
-6443,-10423,16866
-272,-14177,14449
7623,-15613,7990
12387,-14887,2500
15431,-12247,-3184
16025,-7123,-8902
14008,-288,-13720
9400,7812,-17212
3267,12379,-15646
-6290,14726,-8436
-10147,15621,-5474
-14594,13831,763
-16198,9788,6410
-15151,3535,11616
-12016,-6224,18240
-6534,-10353,16887
-185,-14148,14333
7788,-15658,7870
12482,-15006,2524
15538,-12119,-3419
16066,-7008,-9058
13996,-346,-13650
9429,7878,-17307
3271,12416,-15687
-6278,14845,-8567
-10110,15782,-5672
-14557,14074,483
-16310,10230,6080
-15510,4141,11369
-12436,-5634,18070
-7140,-10093,17233
-742,-14082,14824
6847,-15790,8943
12049,-15402,3353
15427,-12853,-2574
16289,-7833,-8456
14553,-1262,-13291
10547,7082,-17629
4620,11842,-16462
-3955,14734,-10779
-9223,15881,-6658
-13827,14676,-849
-16165,11306,4859
-15959,5539,10420
-13245,-2186,15431
-8151,-9314,17465
-1736,-13468,15204
6142,-15613,9471
11343,-15382,4039
15081,-13175,-1906
16281,-8559,-7722
14895,-2050,-12845
10844,6868,-17712
4933,11401,-16334
-2524,14586,-12062
-9141,15724,-6583
-13550,14548,-998
-16013,10964,5049
-15571,5057,10514
-12758,-3625,16383
-7528,-9619,17147
-1002,-13740,14742
6455,-15662,9207
11941,-15147,3206
15316,-12721,-2595
16079,-7771,-8308
14284,-1225,-13059
10027,7268,-17295
4087,11941,-16028
-5284,14511,-9227
-9594,15749,-6155
-14227,14144,83
-16120,10329,5791
-15402,4211,11191
-12313,-5329,17642
-6892,-10093,16985
-561,-13917,14478
7169,-15571,8402
12086,-15056,2970
15258,-12333,-2925
15967,-7392,-8575
14115,-717,-13398
9405,7709,-17114
3271,12288,-15559
-6327,14676,-8349
-10131,15493,-5362
-14598,13657,941
-16066,9268,6798
-14928,3019,11909
-11521,-6723,18244
-5989,-10766,16755
214,-14301,14087
8171,-15642,7471
12684,-14854,2170
15543,-11941,-3602
15934,-6814,-9120
13748,-28,-13720
9165,8126,-17291
3036,12647,-15683
-6340,14944,-8604
-10489,15654,-5165
-14705,13686,1019
-16256,9607,6649
-15122,3246,11876
-11921,-6501,18422
-6286,-10551,16837
-148,-14198,14346
7895,-15604,7709
12379,-14829,2450
15365,-12053,-3312
16050,-7066,-8984
13901,-169,-13732
9244,7981,-17225
3027,12556,-15583
-6360,14788,-8428
-10345,15563,-5218
-14656,13719,937
-16153,9454,6699
-14990,3213,11777
-11723,-6480,18203
-5993,-10531,16524
313,-14214,13901
8076,-15485,7409
12680,-14610,1930
15547,-11768,-3779
15848,-6298,-9550
13472,400,-13872
8497,8670,-17167
2153,13010,-15163
-6121,15142,-9021
-10869,15382,-4513
-14928,13257,1671
-16062,8889,7173
-14689,2524,12165
-11331,-6583,17914
-5671,-10898,16569
866,-14260,13394
8745,-15530,6785
13076,-14573,1497
15753,-11479,-4274
15761,-5795,-9966
13315,1035,-14350
8340,8848,-17188
1947,13167,-15114
-5878,15324,-9446
-11038,15489,-4451
-14961,13414,1547
-16256,9066,7190
-14969,2809,12160
-11533,-6674,18207
-5927,-10885,16812
231,-14466,14235
8283,-15724,7441
12766,-15015,2249
15642,-12111,-3531
16174,-7029,-9145
14012,-251,-13761
9611,7924,-17535
3564,12482,-16046
-6162,14821,-8659
-9850,15922,-6072
-14454,14367,87
-16318,10580,5738
-15736,4537,11199
-12725,-4471,17196
-7594,-9784,17378
-1171,-13868,15039
6418,-15802,9384
11900,-15254,3354
15303,-12832,-2471
16269,-8027,-8242
14606,-1435,-13171
10403,7119,-17522
4508,11768,-16276
-4681,14635,-9954
-9388,15852,-6464
-13971,14342,-371
-16137,10679,5458
-15530,4747,10783
-12696,-4079,16775
-7532,-9718,17250
-924,-13818,14742
6558,-15650,9092
11888,-15208,3320
15299,-12795,-2504
16190,-7887,-8303
14388,-1117,-13271
10168,7363,-17531
4372,12016,-16388
-4863,14718,-9855
-9405,15914,-6509
-14025,14511,-486
-16190,10956,5234
-15844,5226,10618
-13055,-2619,15674
-7981,-9433,17414
-1509,-13563,15072
6133,-15716,9583
11533,-15481,3948
15196,-13150,-2046
16236,-8344,-7892
14623,-1699,-12924
10815,6954,-17769
4842,11521,-16363
-3481,14507,-11026
-9153,15675,-6522
-13769,14425,-656
-15980,10700,5280
-15241,4591,10650
-12271,-4545,16816
-7000,-9933,16933
-577,-13843,14420
7152,-15588,8436
12304,-14746,2442
15357,-12193,-3164
15939,-7148,-8791
13868,-284,-13584
9339,7961,-17300
3291,12412,-15703
-6228,14738,-8510
-10060,15687,-5627
-14577,13802,775
-16260,9842,6418
-15340,3716,11624
-12193,-6076,18269
-6690,-10267,16957
-391,-14119,14510
7288,-15769,8481
12210,-15225,3015
15394,-12507,-2887
16285,-7755,-8530
14297,-891,-13406
10048,7297,-17345
4013,12003,-16016
-5803,14602,-8799
-9631,15761,-6130
-14214,14161,53
-16198,10230,5968
-15320,4149,11171
-12251,-5622,17873
-6859,-10040,16899
-519,-13987,14506
7293,-15646,8353
12205,-14895,2690
15266,-12222,-3044
15951,-7136,-8815
13835,-231,-13604
9058,7915,-16973
2866,12494,-15360
-6455,14751,-8296
-10477,15444,-4967
-14689,13414,1275
-16000,9037,6963
-14751,2772,11979
-11356,-6558,17914
-5746,-10819,16565
594,-14334,13740
8575,-15439,6864
13002,-14499,1497
15633,-11372,-4261
15782,-5935,-9847
13278,771,-14049
8373,8819,-17192
1926,13121,-15047
-5886,15266,-9380
-11075,15332,-4257
-14973,13261,1712
-16124,8827,7297
-14796,2466,12330
-11228,-6748,17976
-5469,-11092,16561
672,-14437,13765
8559,-15666,7107
13092,-14697,1605
15736,-11628,-4108
15901,-6327,-9574
13649,321,-13970
8947,8476,-17423
2829,12804,-15633
-6282,15052,-8770
-10485,15666,-5181
-14866,13818,1048
-16289,9623,6666
-15241,3312,11929
-11995,-6393,18388
-6348,-10510,16858
-193,-14305,14498
7783,-15745,7962
12449,-14949,2500
15472,-12238,-3234
16203,-7272,-8931
14280,-647,-13633
9499,7808,-17307
3539,12329,-15868
-6199,14767,-8568
-9941,15852,-5911
-14499,14049,450
-16322,10093,6229
-15382,3993,11389
-12449,-5746,18195
-6913,-10192,17105
-585,-14033,14618
7070,-15637,8567
12193,-15068,2875
15419,-12560,-2859
16145,-7627,-8518
14140,-701,-13439
9821,7491,-17312
3704,12189,-15893
-6105,14664,-8559
-9875,15811,-5936
-14548,14041,507
-16281,10172,6109
-15510,4170,11340
-12333,-5737,18070
-7119,-9916,17035
-705,-13864,14569
6905,-15741,8836
12040,-15019,2979
15283,-12478,-2805
15889,-7330,-8559
14066,-618,-13448
9429,7738,-17167
3184,12391,-15575
-6364,14734,-8370
-10139,15514,-5375
-14586,13699,887
-16071,9405,6666
-14907,3159,11748
-11611,-6620,18231
-6051,-10547,16598
251,-14185,13934
8217,-15386,7169
12762,-14602,1840
15497,-11591,-3906
15691,-6146,-9545
13162,569,-13731
8402,8736,-17138
1934,13105,-15039
-5783,15349,-9566
-11166,15221,-4055
-15064,12989,2075
-16132,8551,7581
-14586,2058,12528
-10923,-6719,17642
-5139,-11215,16354
1526,-14470,12944
8897,-15604,6707
13286,-14503,1217
15786,-11277,-4509
15988,-6059,-9929
13484,775,-14259
8621,8761,-17382
2516,13002,-15518
-6022,15233,-9211
-10564,15691,-5127
-14854,13715,1139
-16347,9640,6707
-15126,3357,11769
-11776,-6459,18235
-6146,-10498,16644
12,-14218,14206
8151,-15477,7326
12709,-14722,2013
15617,-11620,-3997
15815,-6274,-9541
13389,445,-13834
8452,8592,-17044
2124,12993,-15117
-5997,15188,-9191
-10848,15398,-4550
-14866,13241,1625
-15951,8815,7136
-14672,2429,12243
-11228,-6583,17811
-5321,-11009,16330
1113,-14350,13237
8798,-15472,6674
13200,-14462,1262
15769,-11261,-4508
15642,-5597,-10045
13220,1353,-14573
8151,8967,-17118
1930,13084,-15014
-5783,15307,-9524
-11228,15295,-4067
-14998,13006,1992
-16033,8534,7499
-14594,1992,12602
-10865,-6831,17696
-5057,-11294,16351
2173,-14454,12281
9046,-15646,6600
13377,-14511,1134
15848,-11232,-4616
15745,-5709,-10036
13299,1291,-14590
8472,8905,-17377
2244,13101,-15345
-6034,15299,-9265
-10890,15472,-4582
-15027,13641,1386
-16293,9256,7037
-15093,2858,12235
-11673,-6633,18306
-5973,-10836,16809
140,-14454,14314
8299,-15840,7541
12630,-14986,2356
15646,-12185,-3461
16339,-7326,-9013
14338,-606,-13732
9887,7627,-17514
3704,12255,-15959
-6010,14808,-8798
-9594,16025,-6431
-14342,14313,29
-16285,10638,5647
-15687,4574,11113
-12849,-4306,17155
-7730,-9759,17489
-1208,-13822,15030
6315,-15790,9475
11719,-15444,3725
15303,-13171,-2132
16293,-8369,-7924
14367,-1014,-13353
10621,7012,-17633
4723,11653,-16376
-3300,14548,-11248
-9264,15749,-6485
-13868,14478,-610
-16029,10725,5304
-15406,4215,11191
-12597,-4302,16899
-7519,-9730,17249
-1043,-13777,14820
7210,-15864,8654
11809,-15332,3523
15316,-12874,-2442
16182,-7635,-8547
14367,-907,-13460
10547,7099,-17646
4483,11715,-16198
-4331,14602,-10271
-9252,15815,-6563
-13934,14462,-528
-16141,10758,5383
-15526,4867,10659
-12692,-3877,16569
-7668,-9561,17229
-969,-13703,14672
6426,-15691,9265
12214,-14969,2755
15130,-12676,-2454
15996,-7676,-8320
13794,-198,-13596
9174,7986,-17160
3580,12065,-15645
-6039,14841,-8802
-10452,15452,-5000
-14660,13435,1225
-16066,9070,6996
-14821,2722,12099
-11917,-6381,18298
-5552,-10881,16433
581,-14375,13794
8023,-15567,7544
12915,-14565,1650
15683,-11397,-4286
15943,-6274,-9669
13785,-57,-13728
9252,8019,-17271
2928,12597,-15525
-6010,15225,-9215
-10411,15662,-5251
-14755,13744,1011
-16297,9631,6666
-15039,2759,12280
-12065,-6294,18359
-6348,-10510,16858
-400,-14256,14656
7309,-15897,8588
12725,-14977,2252
15307,-12494,-2813
15967,-6847,-9120
14066,-602,-13464
9429,7709,-17138
3361,12300,-15661
-6171,14664,-8493
-10609,15452,-4843
-14590,13695,895
-16058,9549,6509
-14734,2656,12078
-11809,-6389,18198
-5457,-10980,16437
796,-14272,13476
8212,-15472,7260
13150,-14433,1283
15580,-11723,-3857
15712,-6208,-9504
12993,1621,-14614
7965,9112,-17077
2074,12907,-14981
-6030,15118,-9088
-10885,15328,-4443
-15052,12845,2207
-15992,8625,7367
-14412,1683,12729
-10906,-6760,17666
-4533,-11463,15996
4013,-14363,10350
8885,-15378,6493
13794,-14091,297
15914,-10428,-5486
15316,-4566,-10750
12523,4364,-16887
7408,9673,-17081
985,13732,-14717
-6529,15637,-9108
-11727,15324,-3597
-15398,13076,2322
-16293,8410,7883
-14775,1893,12882
-11038,-6855,17893
-5234,-11347,16581
1245,-14524,13279
8881,-15864,6983
13175,-14763,1588
15864,-11607,-4257
16132,-6389,-9743
13835,371,-14206
9017,8448,-17465
2751,12845,-15596
-6117,15097,-8980
-10386,15840,-5454
-14771,13851,920
-16293,9759,6534
-15283,3448,11835
-12230,-6158,18388
-6307,-10485,16792
-259,-14124,14383
7821,-15687,7866
12606,-14907,2301
15534,-12214,-3320
15967,-6942,-9025
13769,-49,-13720
9169,8031,-17200
3064,12564,-15628
-6422,14916,-8494
-10258,15675,-5417
-14668,13810,858
-16149,9697,6452
-15134,3291,11843
-11871,-6418,18289
-6187,-10547,16734
61,-14202,14141
7981,-15646,7665
12614,-14862,2248
15555,-11892,-3663
15943,-6608,-9335
13756,123,-13879
9046,8291,-17337
2755,12779,-15534
-6232,15126,-8894
-10432,15662,-5230
-14808,13794,1014
-16264,9652,6612
-15023,3258,11765
-11937,-6414,18351
-6261,-10527,16788
-12,-14206,14218
8023,-15555,7532
12647,-14746,2099
15613,-11851,-3762
15893,-6600,-9293
13575,218,-13793
8773,8365,-17138
2433,12758,-15191
-6150,15015,-8865
-10687,15324,-4637
-14709,13253,1456
-15926,8732,7194
-14577,2314,12263
-10576,-6740,17316
-4826,-11294,16120
2413,-14383,11970
9343,-15427,6084
13616,-14152,536
15778,-10687,-5091
15481,-4945,-10536
12700,3295,-15995
7672,9417,-17089
1336,13476,-14812
-6117,15427,-9310
-11467,15208,-3741
-15142,12973,2169
-16132,8196,7936
-14631,1860,12771
-10646,-6843,17489
-4665,-11607,16272
2644,-14503,11859
9079,-15695,6616
13505,-14425,920
15939,-11067,-4872
15823,-5634,-10189
13080,1600,-14680
8076,9120,-17196
1782,13187,-14969
-5902,15452,-9550
-11240,15279,-4039
-15081,12907,2174
-16013,8208,7805
-14388,1695,12693
-10605,-6756,17361
-4702,-11385,16087
3700,-14371,10671
9178,-15468,6290
13670,-14198,528
15835,-10692,-5143
15266,-4723,-10543
12445,3770,-16215
7107,9772,-16879
730,13707,-14437
-6909,15460,-8551
-12073,14878,-2805
-15192,12214,2978
-15963,7383,8580
-14157,775,13382
-9656,-7515,17171
-3766,-12061,15827
5956,-14532,8576
9664,-15580,5916
14103,-14128,25
16033,-10337,-5696
15332,-4335,-10997
12465,4941,-17406
7235,9887,-17122
944,13765,-14709
-6649,15613,-8964
-11875,15130,-3255
-15361,12791,2570
-16153,7862,8291
-14412,1353,13059
-10461,-7045,17506
-4570,-11624,16194
2965,-14647,11682
9260,-15712,6452
13575,-14408,833
15992,-11055,-4937
15798,-5552,-10246
13113,1839,-14952
8175,9091,-17266
1749,13348,-15097
-5874,15526,-9652
-11236,15534,-4298
-15184,13228,1956
-16252,8773,7479
-14903,2409,12494
-11310,-6645,17955
-5527,-11158,16685
858,-14466,13608
8658,-15650,6992
13047,-14779,1732
15794,-11616,-4178
16025,-6447,-9578
13538,424,-13962
8823,8534,-17357
2598,12907,-15505
-6179,15213,-9034
-10720,15613,-4893
-14965,13657,1308
-16227,9417,6810
-15188,3060,12128
-11822,-6567,18389
-6105,-10667,16772
127,-14379,14252
8159,-15712,7553
12742,-14932,2190
15625,-12028,-3597
15959,-6637,-9322
13843,4,-13847
8984,8270,-17254
2842,12709,-15551
-6369,15052,-8683
-10407,15683,-5276
-14907,13682,1225
-16236,9475,6761
-15101,3176,11925
-11735,-6505,18240
-6195,-10588,16783
-4,-14256,14260
7957,-15604,7647
12560,-14878,2318
15600,-12086,-3514
15963,-6892,-9071
13847,12,-13859
9013,8295,-17308
2895,12721,-15616
-6286,15015,-8729
-10584,15592,-5008
-14734,13608,1126
-16178,9372,6806
-15052,3118,11934
-11657,-6633,18290
-5981,-10675,16656
132,-14194,14062
8287,-15435,7148
12828,-14561,1733
15576,-11360,-4216
15687,-5985,-9702
13121,1006,-14127
8217,8926,-17143
1823,13224,-15047
-5968,15394,-9426
-11253,15246,-3993
-15056,13129,1927
-16132,8431,7701
-14759,2202,12557
-10984,-6649,17633
-5115,-11277,16392
1513,-14487,12974
8938,-15646,6708
13356,-14590,1234
15906,-11220,-4686
15835,-5667,-10168
13381,1328,-14709
8353,8934,-17287
1926,13117,-15043
-6001,15332,-9331
-10960,15472,-4512
-14973,13299,1674
-16079,8798,7281
-14742,2491,12251
-11104,-6661,17765
-5391,-11034,16425
1596,-14416,12820
8947,-15489,6542
13476,-14367,891
15844,-11050,-4794
15551,-5271,-10280
12911,2248,-15159
7878,9260,-17138
1377,13418,-14795
-6121,15431,-9310
-11327,15175,-3848
-15052,12865,2187
-16029,8167,7862
-14520,1654,12866
-10498,-6938,17436
-4591,-11554,16145
3518,-14482,10964
9157,-15625,6468
13695,-14223,528
15881,-10774,-5107
15460,-4941,-10519
12672,3432,-16104
7812,9396,-17208
1369,13451,-14820
-6187,15497,-9310
-11521,15081,-3560
-15167,12696,2471
-16013,7878,8135
-14346,1249,13097
-10205,-7057,17262
-4368,-11719,16087
4582,-14454,9872
9438,-15559,6121
13950,-14078,128
15959,-10469,-5490
15530,-4735,-10795
12688,4050,-16738
7387,9631,-17018
1150,13596,-14746
-6294,15642,-9348
-11657,15237,-3580
-15274,12820,2454
-16182,8068,8114
-14536,1612,12924
-10654,-6897,17551
-4764,-11636,16400
2957,-14602,11645
9075,-15786,6711
13517,-14701,1184
16005,-11389,-4616
15947,-5956,-9991
13443,903,-14346
8542,8877,-17419
2338,13072,-15410
-6051,15283,-9232
-10811,15650,-4839
-15006,13596,1410
-16223,9388,6835
-15196,3081,12115
-11669,-6637,18306
-5973,-10749,16722
305,-14392,14087
8254,-15646,7392
12795,-14833,2038
15654,-11892,-3762
15877,-6435,-9442
13690,251,-13941
8918,8369,-17287
2557,12837,-15394
-6026,15237,-9211
-10687,15456,-4769
-14883,13546,1337
-16083,9120,6963
-14924,2759,12165
-11314,-6670,17984
-5511,-10980,16491
552,-14342,13790
8621,-15637,7016
13043,-14713,1670
15753,-11690,-4063
15943,-6381,-9562
13550,449,-13999
8844,8551,-17395
2479,12931,-15410
-5935,15208,-9273
-10733,15456,-4723
-14800,13435,1365
-16137,9153,6984
-14953,2813,12140
-11294,-6748,18042
-5325,-11030,16355
1010,-14379,13369
8806,-15472,6666
13105,-14515,1410
15687,-11248,-4439
15687,-5725,-9962
13113,1282,-14395
8278,8819,-17097
1860,13117,-14977
-5849,15291,-9442
-11265,14957,-3692
-14940,12606,2334
-15897,7911,7986
-14243,1254,12989
-10032,-7070,17102
-3918,-11871,15789
5069,-14437,9368
9574,-15481,5907
13975,-13987,12
15996,-10250,-5746
15353,-4479,-10874
12309,4904,-17213
6963,9895,-16858
709,13744,-14453
-7037,15555,-8518
-12123,15180,-3057
-15394,12667,2727
-16079,7594,8485
-14326,1122,13204
-10543,-6996,17539
-4768,-11731,16499
2924,-14631,11707
9062,-15712,6650
13530,-14400,870
15835,-11067,-4768
15526,-5230,-10296
12762,2780,-15542
7511,9450,-16961
1303,13521,-14824
-6430,15538,-9108
-11768,15015,-3247
-15097,12655,2442
-15972,7825,8147
-14330,1315,13015
-10007,-7103,17110
-4162,-11710,15872
5011,-14264,9253
9421,-15452,6031
14025,-13930,-95
15852,-10056,-5796
14998,-3931,-11067
11946,5845,-17791
6723,10102,-16825
387,13938,-14325
-7293,15398,-8105
-12177,14829,-2652
-15324,12119,3205
-15914,7053,8861
-13959,515,13444
-9466,-7647,17113
-3361,-12218,15579
6373,-14577,8204
10065,-15452,5387
14305,-13703,-602
16058,-9586,-6472
15126,-3625,-11501
11999,6080,-18079
6307,10374,-16681
74,14033,-14107
-7577,15691,-8114
-12300,15097,-2797
-15390,12441,2949
-16091,7478,8613
-14119,614,13505
-9953,-7437,17390
-3840,-12119,15959
5671,-14606,8935
9619,-15798,6179
14140,-14342,202
16194,-10601,-5593
15485,-4669,-10816
12754,3906,-16660
7738,9561,-17299
1472,13538,-15010
-6175,15662,-9487
-11442,15489,-4047
-15241,13121,2120
-16260,8600,7660
-14903,2140,12763
-11046,-6810,17856
-5226,-11277,16503
1472,-14557,13085
8844,-15741,6897
13315,-14726,1411
15811,-11562,-4249
15860,-6014,-9846
13604,594,-14198
8646,8749,-17395
2281,13088,-15369
-6018,15324,-9306
-10918,15489,-4571
-14986,13472,1514
-16165,8992,7173
-14916,2722,12194
-11356,-6653,18009
-5721,-10918,16639
730,-14396,13666
8592,-15518,6926
13125,-14701,1576
15769,-11504,-4265
15877,-5977,-9900
13356,849,-14205
8501,8852,-17353
2219,13175,-15394
-6018,15419,-9401
-10935,15514,-4579
-14944,13505,1439
-16273,9240,7033
-15027,2866,12161
-11665,-6571,18236
-5750,-10799,16549
309,-14375,14066
8443,-15481,7038
13022,-14680,1658
15666,-11471,-4195
15930,-6274,-9656
13290,643,-13933
8410,8716,-17126
1980,13055,-15035
-5812,15167,-9355
-10927,15217,-4290
-14907,13043,1864
-15976,8435,7541
-14388,1798,12590
-10502,-6777,17279
-4409,-11583,15992
4079,-14412,10333
9504,-15526,6022
13810,-14198,388
16066,-10593,-5473
15514,-4813,-10701
12663,3947,-16610
7519,9594,-17113
1159,13571,-14730
-6303,15637,-9334
-11682,15241,-3559
-15299,12865,2434
-16112,8006,8106
-14532,1608,12924
-10527,-6950,17477
-4756,-11566,16322
2961,-14623,11662
9194,-15769,6575
13604,-14548,944
15988,-11224,-4764
15802,-5597,-10205
13212,1431,-14643
8134,8996,-17130
1749,13228,-14977
-5762,15406,-9644
-11116,15320,-4204
-14965,12948,2017
-15951,8349,7602
-14474,1724,12750
-10296,-7012,17308
-4356,-11545,15901
4310,-14330,10020
9388,-15402,6014
13756,-14066,310
15815,-10341,-5474
15105,-4199,-10906
12144,5057,-17201
6798,9966,-16764
490,13831,-14321
-7239,15398,-8159
-12193,14788,-2595
-15283,12247,3036
-15914,7210,8704
-13921,437,13484
-9367,-7800,17167
-3477,-12193,15670
6331,-14495,8164
9809,-15534,5725
14272,-13682,-590
15947,-9842,-6105
15097,-3708,-11389
11937,6026,-17963
6369,10296,-16665
24,14086,-14110
-7841,15485,-7644
-12354,14841,-2487
-15349,11970,3379
-15967,6938,9029
-13930,214,13716
-9483,-7763,17246
-3382,-12333,15715
6224,-14623,8399
9953,-15666,5713
14363,-13954,-409
16190,-10155,-6035
15225,-3955,-11270
12210,5713,-17923
6913,10102,-17015
754,13930,-14684
-7037,15654,-8617
-12012,15208,-3196
-15415,12733,2682
-16215,7928,8287
-14499,1336,13163
-10382,-7049,17431
-4471,-11743,16214
3873,-14643,10770
9273,-15848,6575
13715,-14478,763
16009,-10894,-5115
15687,-5234,-10453
13158,2165,-15323
8002,9231,-17233
1687,13402,-15089
-5964,15538,-9574
-11372,15287,-3915
-15138,13191,1947
-16132,8423,7709
-14734,2050,12684
-10803,-6802,17605
-5032,-11380,16412
2173,-14487,12314
9017,-15576,6559
13418,-14466,1048
15835,-11232,-4603
15675,-5614,-10061
13072,1967,-15039
7870,9273,-17143
1654,13327,-14981
-6039,15567,-9528
-11541,15076,-3535
-15142,12779,2363
-16075,8155,7920
-14491,1575,12916
-10324,-7020,17344
-4644,-11508,16152
3440,-14511,11071
9248,-15604,6356
13604,-14280,676
15877,-10786,-5091
15576,-5259,-10317
12923,2635,-15558
7668,9462,-17130
1394,13525,-14919
-6125,15497,-9372
-11628,15142,-3514
-15241,12779,2462
-16091,7944,8147
-14495,1567,12928
-10374,-6954,17328
-4364,-11628,15992
3832,-14309,10477
9359,-15439,6080
13851,-14078,227
15860,-10436,-5424
15196,-4417,-10779
12131,5234,-17365
6624,10027,-16651
503,13843,-14346
-7272,15439,-8167
-12214,14911,-2697
-15369,12271,3098
-15918,7293,8625
-14025,676,13349
-9776,-7458,17234
-3799,-11979,15778
5754,-14499,8745
9631,-15588,5957
14239,-14004,-235
16083,-10415,-5668
15246,-4071,-11175
12329,5465,-17794
6901,9966,-16867
602,13897,-14499
-6987,15571,-8584
-11946,15122,-3176
-15307,12453,2854
-16104,7730,8374
-14173,977,13196
-9920,-7231,17151
-4083,-11892,15975
5181,-14412,9231
9582,-15576,5994
13971,-14058,87
15897,-10225,-5672
15105,-4087,-11018
12090,5432,-17522
6868,9966,-16834
350,13946,-14296
-7301,15332,-8031
-12189,14751,-2562
-15262,12090,3172
-15819,7012,8807
-13756,218,13538
-9120,-7977,17097
-3040,-12486,15526
6468,-14610,8142
10296,-15398,5102
14412,-13596,-816
16000,-9384,-6616
15023,-3304,-11719
11616,6484,-18100
6113,10386,-16499
-226,14058,-13832
-8023,15522,-7499
-12428,14701,-2273
-15386,11743,3643
-15885,6633,9252
-13641,-119,13760
-8947,-8233,17180
-2685,-12663,15348
6096,-14808,8712
10395,-15493,5098
14660,-13583,-1077
16091,-9479,-6612
15010,-3423,-11587
11793,6381,-18174
6360,10489,-16849
74,14202,-14276
-7746,15654,-7908
-12366,15068,-2702
-15510,12238,3272
-16170,7363,8807
-14301,775,13526
-9887,-7363,17250
-3898,-12115,16013
5387,-14718,9331
9520,-15918,6398
14012,-14392,380
16116,-10683,-5433
15650,-4937,-10713
12960,3122,-16082
7746,9508,-17254
1476,13575,-15051
-6105,15654,-9549
-11380,15378,-3998
-15200,13158,2042
-16157,8542,7615
-14755,2112,12643
-10885,-6814,17699
-5123,-11302,16425
1930,-14392,12462
8926,-15658,6732
13369,-14515,1146
15893,-11137,-4756
15699,-5535,-10164
13138,1839,-14977
8245,9075,-17320
1612,13348,-14960
-5985,15559,-9574
-11331,15279,-3948
-15085,12989,2096
-16083,8262,7821
-14660,1831,12829
-10725,-6872,17597
-4888,-11463,16351
2623,-14590,11967
9116,-15786,6670
13591,-14491,900
15877,-11240,-4637
15914,-5812,-10102
13492,1109,-14601
8522,8885,-17407
2169,13129,-15298
-6022,15382,-9360
-10997,15518,-4521
-15118,13476,1642
-16285,9046,7239
-15089,2714,12375
-11479,-6645,18124
-5581,-11038,16619
449,-14416,13967
8518,-15654,7136
12969,-14668,1699
15675,-11512,-4163
15840,-6212,-9628
13109,804,-13913
7911,8988,-16899
1476,13183,-14659
-5997,15340,-9343
-11479,14994,-3515
-15068,12560,2508
-15794,7536,8258
-14004,899,13105
-9945,-7239,17184
-4141,-11809,15950
5383,-14528,9145
9623,-15584,5961
13992,-14086,94
16021,-10349,-5672
15307,-4446,-10861
12403,4710,-17113
7057,9854,-16911
804,13798,-14602
-6806,15708,-8902
-11937,15241,-3304
-15312,12651,2661
-16186,7940,8246
-14416,1315,13101
-10366,-7041,17407
-4446,-11698,16144
3828,-14515,10687
9277,-15609,6332
13773,-14272,499
15914,-10593,-5321
15345,-4768,-10577
12531,4112,-16643
7540,9619,-17159
886,13740,-14626
-6591,15522,-8931
-11776,15039,-3263
-15196,12391,2805
-15930,7590,8340
-14136,919,13217
-9759,-7321,17080
-3774,-11921,15695
5737,-14264,8527
9615,-15460,5845
14016,-13827,-189
15885,-9813,-6072
15052,-3737,-11315
12007,5919,-17926
6274,10238,-16512
-4,14012,-14008
-7779,15489,-7710
-12375,14652,-2277
-15411,11855,3556
-15844,6703,9141
-13686,-28,13714
-9157,-8027,17184
-2895,-12486,15381
6484,-14643,8159
10304,-15468,5164
14536,-13554,-982
16029,-9388,-6641
14808,-3081,-11727
11665,6546,-18211
6006,10593,-16599
-268,14198,-13930
-8167,15555,-7388
-12597,14767,-2170
-15477,11830,3647
-16046,6831,9215
-13934,177,13757
-9306,-7977,17283
-3238,-12424,15662
6166,-14825,8659
9933,-15769,5836
14342,-14078,-264
16124,-10044,-6080
15336,-4017,-11319
12317,5506,-17823
6884,10048,-16932
742,13934,-14676
-7000,15720,-8720
-12032,15134,-3102
-15378,12655,2723
-16149,7771,8378
-14396,1200,13196
-10168,-7173,17341
-4401,-11781,16182
4562,-14581,10019
9421,-15691,6270
13942,-14284,342
16075,-10720,-5355
15617,-4929,-10688
12771,3716,-16487
7738,9565,-17303
1447,13624,-15071
-6113,15716,-9603
-11603,15328,-3725
-15217,12907,2310
-16174,8212,7962
-14614,1703,12911
-10700,-6909,17609
-4834,-11451,16285
2842,-14520,11678
9108,-15662,6554
13649,-14433,784
15980,-11034,-4946
15786,-5432,-10354
13208,1761,-14969
8204,9231,-17435
1827,13352,-15179
-5874,15514,-9640
-11191,15373,-4182
-15138,13158,1980
-16186,8691,7495
-14788,2231,12557
-10968,-6748,17716
-5036,-11178,16214
2301,-14429,12128
9103,-15485,6382
13571,-14383,812
15889,-10799,-5090
15439,-4995,-10444
12597,3448,-16045
7404,9487,-16891
932,13587,-14519
-6327,15415,-9088
-11772,14899,-3127
-15105,12502,2603
-15811,7499,8312
-13715,556,13159
-9730,-7359,17089
-3564,-12020,15584
6183,-14482,8299
9966,-15431,5465
14322,-13604,-718
15930,-9669,-6261
14804,-3316,-11488
11653,6414,-18067
6142,10428,-16570
-288,14078,-13790
-8076,15530,-7454
-12560,14652,-2092
-15390,11772,3618
-15951,6707,9244
-13765,8,13757
-9198,-8105,17303
-3040,-12507,15547
6315,-14850,8535
10011,-15786,5775
14445,-14045,-400
16099,-10093,-6006
15250,-3984,-11266
12197,5655,-17852
6942,9999,-16941
672,13868,-14540
-7078,15481,-8403
-12098,14833,-2735
-15221,12218,3003
-15844,7161,8683
-13860,317,13543
-9289,-7788,17077
-3275,-12222,15497
6402,-14594,8192
10172,-15361,5189
14317,-13558,-759
15943,-9491,-6452
14916,-3254,-11662
11669,6410,-18079
5977,10411,-16388
-350,14161,-13811
-8266,15439,-7173
-12672,14499,-1827
-15472,11475,3997
-15798,6323,9475
-13426,-462,13888
-8844,-8365,17209
-2586,-12676,15262
6096,-14874,8778
10597,-15320,4723
14709,-13472,-1237
15959,-9054,-6905
14796,-2817,-11979
11385,6616,-18001
5779,10840,-16619
-495,14412,-13917
-8476,15749,-7273
-12861,15060,-2199
-15774,12172,3602
-16487,7326,9161
-14656,787,13869
-10506,-7400,17906
-4991,-11896,16887
1633,-15085,13452
8922,-16318,7396
13389,-15171,1782
16054,-12032,-4022
16450,-6802,-9648
14334,12,-14346
9768,8171,-17939
3638,12754,-16392
-6001,15336,-9335
-9747,16553,-6806
-14425,15122,-697
-16702,11706,4996
-16545,6067,10478
-14173,-697,14870
-9392,-8753,18145
-3056,-13253,16309
6554,-15609,9055
10411,-16570,6159
15010,-14858,-152
17036,-11141,-5895
16396,-5020,-11376
13633,3320,-16953
8448,9689,-18137
2128,13954,-16082
-5787,16318,-10531
-11360,16335,-4975
-15510,14421,1089
-17036,9974,7062
-15881,3489,12392
-12226,-6744,18970
-6377,-11017,17394
103,-14878,14775
8241,-16330,8089
12985,-15538,2553
16108,-12639,-3469
16850,-7577,-9273
14532,-321,-14211
9949,7969,-17918
3613,12804,-16417
-6245,15312,-9067
-10345,16330,-5985
-15163,14553,610
-16896,10481,6415
-15967,4046,11921
-12878,-5919,18797
-7206,-10428,17634
-800,-14548,15348
7107,-16355,9248
12383,-15844,3461
15840,-13249,-2591
16755,-8130,-8625
14936,-1159,-13777
10267,7412,-17679
4096,12416,-16512
-6179,15076,-8897
-10118,16326,-6208
-14903,14487,416
-16693,10456,6237
-15728,3993,11735
-12705,-5927,18632
-7222,-10374,17596
-540,-14445,14985
7507,-16095,8588
12647,-15411,2764
15873,-12507,-3366
16417,-7115,-9302
14194,-16,-14178
9070,8472,-17542
2611,13220,-15831
-6212,15604,-9392
-10836,16161,-5325
-15250,14037,1213
-16735,9652,7083
-15497,3135,12362
-12028,-6744,18772
-6010,-11108,17118
404,-14821,14417
8538,-16079,7541
13373,-15241,1868
16269,-12053,-4216
16446,-6575,-9871
14078,499,-14577
9330,8674,-18004
2990,13340,-16330
-6468,15617,-9149
-10601,16273,-5672
-15192,14416,776
-16817,10151,6666
-15753,3733,12020
-12354,-6360,18714
-6472,-10791,17263
-37,-14614,14651
8184,-16079,7895
13109,-15089,1980
16013,-12065,-3948
16376,-6694,-9682
13979,457,-14436
8757,8765,-17522
2239,13294,-15533
-6055,15679,-9624
-11149,15823,-4674
-15398,13398,2000
-16487,8782,7705
-14994,1984,13010
-11199,-6876,18075
-4846,-11867,16713
3139,-14825,11686
9442,-16033,6591
13971,-14779,808
16351,-11323,-5028
16021,-5313,-10708
13179,2561,-15740
8010,9578,-17588
1410,13876,-15286
-6352,15943,-9591
-12016,15538,-3522
-15683,13080,2603
-16599,8212,8387
-14874,1303,13571
-10452,-7247,17699
-4397,-12057,16454
4764,-15006,10242
9702,-16318,6616
14367,-14755,388
16508,-11215,-5293
16071,-5123,-10948
13369,3172,-16541
8010,9805,-17815
1546,13979,-15525
-6228,16326,-10098
-11743,16046,-4303
-15716,13785,1931
-16871,9099,7772
-15452,2652,12800
-11764,-6773,18537
-5902,-11385,17287
478,-14953,14475
8819,-16264,7445
13377,-15390,2013
16264,-12329,-3935
16677,-6864,-9813
14338,123,-14461
9578,8497,-18075
3031,13187,-16218
-6468,15518,-9050
-10551,16310,-5759
-15163,14371,792
-16850,10209,6641
-15831,3828,12003
-12469,-6327,18796
-6711,-10758,17469
-272,-14693,14965
7911,-16190,8279
12898,-15452,2554
16033,-12634,-3399
16751,-7445,-9306
14590,-354,-14236
9759,8056,-17815
3522,12832,-16354
-6377,15233,-8856
-10353,16194,-5841
-14998,14421,577
-16706,10250,6456
-15633,3592,12041
-12337,-6430,18767
-6385,-10902,17287
-99,-14763,14862
8163,-16273,8110
13080,-15497,2417
16104,-12556,-3548
16755,-7367,-9388
14602,-367,-14235
9673,8175,-17848
3473,12828,-16301
-6422,15320,-8898
-10353,16343,-5990
-15089,14412,677
-16706,10093,6613
-15609,3634,11975
-12375,-6463,18838
-6711,-10708,17419
-132,-14635,14767
8171,-16062,7891
13055,-15291,2236
15967,-12329,-3638
16322,-6723,-9599
13942,272,-14214
8658,8811,-17469
2219,13299,-15518
-5886,15736,-9850
-11422,15778,-4356
-15477,13336,2141
-16594,8753,7841
-15023,1881,13142
-11022,-7012,18034
-5110,-11715,16825
2569,-14907,12338
9240,-16215,6975
13959,-14940,981
16359,-11327,-5032
16269,-5700,-10569
13480,1831,-15311
8427,9442,-17869
1856,13789,-15645
-6051,16066,-10015
-11723,15980,-4257
-15753,13653,2100
-16784,8947,7837
-15258,2256,13002
-11583,-6855,18438
-5663,-11459,17122
891,-15043,14152
9037,-16137,7100
13554,-15043,1489
16227,-11735,-4492
16458,-6265,-10193
13884,717,-14601
8646,9091,-17737
2033,13513,-15546
-5948,15930,-9982
-11339,15786,-4447
-15390,13530,1860
-16495,8703,7792
-14990,2008,12982
-10993,-6979,17972
-4735,-11855,16590
3894,-14709,10815
9557,-15996,6439
14243,-14528,285
16495,-10337,-6158
15765,-4599,-11166
12742,4727,-17469
7293,10118,-17411
899,14218,-15117
-7812,16038,-8226
-12296,15600,-3304
-15951,12564,3387
-16632,7965,8667
-14631,651,13980
-9895,-7816,17711
-4529,-12123,16652
4529,-15064,10535
9623,-16425,6802
14313,-14870,557
16557,-10642,-5915
15906,-4450,-11456
12948,4904,-17852
8085,9714,-17799
1060,14243,-15303
-6802,16264,-9462
-12267,15753,-3486
-15835,13245,2590
-16751,8773,7978
-15241,2136,13105
-11323,-6950,18273
-5399,-11702,17101
1695,-15015,13320
9128,-16281,7153
13703,-15229,1526
16603,-11479,-5124
16285,-5453,-10832
13550,2392,-15942
8295,9603,-17898
1757,13917,-15674
-6059,16231,-10172
-11199,16198,-4999
-15431,14070,1361
-16912,9120,7792
-15720,3275,12445
-11727,-6793,18520
-6381,-11009,17390
631,-15072,14441
8971,-16273,7302
13525,-15274,1749
16384,-12086,-4298
16722,-6736,-9986
14218,408,-14626
9310,8666,-17976
2858,13336,-16194
-6183,15703,-9520
-10374,16368,-5994
-15068,14594,474
-16912,10584,6328
-15716,3316,12400
-12824,-5746,18570
-7185,-10481,17666
-16,-14878,14894
7433,-16322,8889
13179,-15419,2240
16190,-12445,-3745
16817,-7746,-9071
14845,-688,-14157
10089,7821,-17910
3823,12692,-16515
-6468,15481,-9013
-10213,16347,-6134
-14944,14672,272
-16842,10737,6105
-15955,4294,11661
-12940,-5564,18504
-7433,-10308,17741
-57,-14788,14845
8109,-16161,8052
13026,-15563,2537
16141,-12589,-3552
16706,-7577,-9129
14664,-602,-14062
10077,7746,-17823
3106,12997,-16103
-6216,15188,-8972
-10048,16273,-6225
-15270,14058,1212
-16607,9623,6984
-15588,3724,11864
-12201,-6422,18623
-6290,-10914,17204
1266,-14850,13584
8390,-16042,7652
13699,-14949,1250
16405,-11471,-4934
16207,-5667,-10540
13505,2025,-15530
8460,9425,-17885
1934,13777,-15711
-6158,16062,-9904
-11620,15906,-4286
-15683,13781,1902
-16821,9037,7784
-15357,2301,13056
-11529,-6925,18454
-5539,-11649,17188
1221,-15056,13835
9153,-16256,7103
13633,-15126,1493
16401,-11748,-4653
16561,-6352,-10209
14045,672,-14717
8938,8877,-17815
2277,13459,-15736
-6010,15848,-9838
-11195,16025,-4830
-15448,13732,1716
-16698,9161,7537
-15365,2347,13018
-11554,-6839,18393
-5193,-11632,16825
1893,-14911,13018
9384,-16153,6769
13831,-15052,1221
16458,-11550,-4908
16174,-5610,-10564
13451,2120,-15571
8241,9574,-17815
1584,13946,-15530
-6208,15992,-9784
-11793,15844,-4051
-15666,13402,2264
-16685,8646,8039
-15126,1678,13448
-11009,-7152,18161
-4941,-11838,16779
3535,-15068,11533
9318,-16310,6992
14058,-14994,936
16442,-11364,-5078
16178,-5473,-10705
13402,2338,-15740
8217,9545,-17762
1526,13930,-15456
-6369,16203,-9834
-11970,15724,-3754
-15683,13344,2339
-16656,8307,8349
-14953,1522,13431
-10894,-7189,18083
-4686,-12024,16710
4277,-15006,10729
9438,-16219,6781
14256,-14883,627
16557,-11187,-5370
16190,-5234,-10956
13224,3184,-16408
8122,9801,-17923
1509,14037,-15546
-6327,16231,-9904
-11954,16005,-4051
-15848,13517,2331
-16933,8790,8143
-15365,2173,13192
-11438,-6946,18384
-5461,-11743,17204
1188,-15188,14000
9095,-16462,7367
13624,-15456,1832
16376,-12259,-4117
16792,-6909,-9883
14433,119,-14552
9442,8646,-18088
2986,13278,-16264
-6294,15666,-9372
-10720,16335,-5615
-15373,14363,1010
-16896,10102,6794
-15716,3473,12243
-12403,-6496,18899
-6472,-10890,17362
45,-14821,14776
8225,-16178,7953
13134,-15419,2285
16190,-12350,-3840
16582,-7012,-9570
14152,259,-14411
9050,8658,-17708
2611,13294,-15905
-6096,15687,-9591
-11071,16141,-5070
-15530,13926,1604
-16768,9409,7359
-15460,2710,12750
-12053,-6666,18719
-6117,-11248,17365
532,-14895,14363
8823,-16170,7347
13365,-15299,1934
16302,-12210,-4092
16528,-6719,-9809
14091,400,-14491
8839,8868,-17707
2425,13439,-15864
-6121,15868,-9747
-11335,16033,-4698
-15510,13690,1820
-16665,9182,7483
-15378,2578,12800
-11550,-6798,18348
-5358,-11455,16813
1662,-14821,13159
9116,-15988,6872
13814,-14812,998
16277,-11129,-5148
15551,-4793,-10758
12552,4661,-17213
7359,10052,-17411
705,14247,-14952
-7185,16042,-8857
-12441,15431,-2990
-15811,12750,3061
-16533,7486,9047
-14520,635,13885
-10093,-7689,17782
-3724,-12589,16313
6253,-15039,8786
10085,-16124,6039
14804,-14433,-371
16685,-10353,-6332
15943,-4207,-11736
12758,5643,-18401
7136,10399,-17535
783,14396,-15179
-6810,16545,-9735
-12185,16124,-3939
-15807,13245,2562
-16636,8225,8411
-14895,1439,13456
-10774,-7123,17897
-4434,-12111,16545
4710,-14916,10206
9735,-16128,6393
14524,-14652,128
16541,-10737,-5804
15769,-4430,-11339
12667,5106,-17773
7227,10279,-17506
701,14330,-15031
-7255,16025,-8770
-12436,15369,-2933
-15794,12742,3052
-16504,7544,8960
-14569,544,14025
-9792,-7800,17592
-3687,-12589,16276
6323,-15085,8762
10201,-16141,5940
14936,-14367,-569
16520,-10180,-6340
15670,-3902,-11768
12399,6039,-18438
6777,10510,-17287
148,14536,-14684
-7808,16095,-8287
-12750,15398,-2648
-15930,12667,3263
-16516,7309,9207
-14371,292,14079
-9759,-8006,17765
-3518,-12688,16206
6422,-15138,8716
10205,-16219,6014
14911,-14503,-408
16718,-10535,-6183
15782,-4034,-11748
12684,5766,-18450
7288,10382,-17670
734,14462,-15196
-7123,16289,-9166
-12478,15802,-3324
-15939,13171,2768
-16821,8097,8724
-15109,1431,13678
-10762,-7272,18034
-4719,-12111,16830
3658,-15221,11563
9499,-16487,6988
14132,-15175,1043
16557,-11529,-5028
16673,-6076,-10597
13963,1303,-15266
8885,9231,-18116
2264,13682,-15946
-6034,16021,-9987
-11319,16260,-4941
-15600,14202,1398
-17003,9693,7310
-15765,3143,12622
-12333,-6670,19003
-6150,-11207,17357
297,-14969,14672
8489,-16302,7813
13249,-15555,2306
16314,-12387,-3927
16722,-6987,-9735
14330,123,-14453
9359,8476,-17835
2990,13167,-16157
-6241,15555,-9314
-10873,16219,-5346
-15373,14185,1188
-16747,9607,7140
-15390,2920,12470
-12053,-6682,18735
-6117,-11273,17390
540,-15089,14549
8868,-16277,7409
13439,-15493,2054
16363,-12342,-4021
16726,-6925,-9801
14383,90,-14473
9438,8518,-17956
2932,13187,-16119
-6410,15592,-9182
-10650,16339,-5689
-15279,14239,1040
-16821,9821,7000
-15691,3242,12449
-12073,-6752,18825
-6257,-11108,17365
536,-14837,14301
8555,-16145,7590
13290,-15279,1989
16198,-11958,-4240
16264,-6393,-9871
13703,660,-14363
8753,9037,-17790
2165,13571,-15736
-5989,15914,-9925
-11719,15687,-3968
-15567,13431,2136
-16652,8604,8048
-15023,1674,13349
-10993,-7115,18108
-4752,-12045,16797
3180,-15081,11901
9450,-16240,6790
14049,-14973,924
16475,-11376,-5099
16421,-5692,-10729
13649,1831,-15480
8402,9495,-17897
1732,13831,-15563
-6030,16256,-10226
-11731,16231,-4500
-15786,13744,2042
-16879,9083,7796
-15468,2454,13014
-11797,-6876,18673
-5770,-11438,17208
680,-14969,14289
8976,-16145,7169
13505,-15340,1835
16363,-11987,-4376
16363,-6270,-10093
13534,1018,-14552
8423,9198,-17621
1815,13785,-15600
-6290,15914,-9624
-11611,15802,-4191
-15613,13278,2335
-16545,8448,8097
-15043,1617,13426
-10778,-7066,17844
-4578,-12007,16585
4174,-14998,10824
9508,-16190,6682
14251,-14812,561
16504,-10956,-5548
15918,-4760,-11158
12931,4327,-17258
7354,10205,-17559
866,14317,-15183
-7053,16178,-9125
-12412,15604,-3192
-15848,12977,2871
-16561,7804,8757
-14792,1142,13650
-10362,-7482,17844
-4149,-12304,16453
5812,-15006,9194
9825,-16236,6411
14697,-14503,-194
16627,-10725,-5902
15794,-4314,-11480
12816,5275,-18091
7338,10312,-17650
726,14408,-15134
-7218,16310,-9092
-12535,15683,-3148
-15914,13076,2838
-16838,8122,8716
-14949,1126,13823
-10564,-7346,17910
-4413,-12333,16746
4537,-15180,10643
9607,-16487,6880
14297,-15006,709
16739,-11343,-5396
16491,-5544,-10947
13711,2153,-15864
8410,9549,-17959
1951,13888,-15839
-5960,16186,-10226
-11673,16215,-4542
-15782,14004,1778
-17040,9491,7549
-15650,2809,12841
-12003,-6756,18759
-5997,-11352,17349
441,-14982,14541
8679,-16335,7656
13381,-15456,2075
16314,-12383,-3931
16788,-6963,-9825
14371,189,-14560
9289,8613,-17902
2813,13340,-16153
-6183,15687,-9504
-10865,16269,-5404
-15382,14284,1098
-16801,9842,6959
-15654,3295,12359
-12197,-6670,18867
-6336,-10968,17304
152,-14895,14743
8588,-16145,7557
13443,-15266,1823
16363,-12189,-4174
16471,-6513,-9958
14082,466,-14548
8885,8901,-17786
2392,13517,-15909
-6282,15901,-9619
-11298,16227,-4929
-15514,13938,1576
-16883,9537,7346
-15625,2899,12726
-11838,-6798,18636
-5919,-11323,17242
552,-14911,14359
8749,-16194,7445
13596,-15312,1716
16335,-12036,-4299
16442,-6426,-10016
13979,565,-14544
8971,8943,-17914
2495,13476,-15971
-5997,15831,-9834
-11290,16033,-4743
-15555,13818,1737
-16718,9219,7499
-15386,2557,12829
-11484,-6979,18463
-5317,-11653,16970
1984,-14969,12985
9301,-16207,6906
14008,-14845,837
16524,-11352,-5172
16339,-5709,-10630
13666,2054,-15720
8349,9384,-17733
1629,13847,-15476
-6109,16124,-10015
-11723,15972,-4249
-15703,13439,2264
-16772,8786,7986
-15303,2124,13179
-11248,-7049,18297
-5016,-11884,16900
2660,-15043,12383
9504,-16256,6752
14066,-15068,1002
16632,-11587,-5045
16442,-5907,-10535
13690,1427,-15117
8592,9347,-17939
2058,13736,-15794
-6113,15967,-9854
-11455,16013,-4558
-15658,13707,1951
-16718,8856,7862
-15336,2161,13175
-11261,-7012,18273
-5193,-11719,16912
2446,-14940,12494
9388,-16141,6753
14029,-14854,825
16405,-11199,-5206
15955,-5168,-10787
13200,3526,-16726
7668,9908,-17576
1233,14103,-15336
-6744,16207,-9463
-12284,15538,-3254
-15811,13068,2743
-16586,7899,8687
-14866,1179,13687
-10353,-7524,17877
-4318,-12354,16672
5275,-15101,9826
9714,-16326,6612
14408,-14759,351
16578,-11009,-5569
15996,-4813,-11183
13109,4372,-17481
7746,9924,-17670
1175,14206,-15381
-6637,16203,-9566
-12181,15761,-3580
-15860,13121,2739
-16759,8056,8703
-15023,1348,13675
-10700,-7276,17976
-4698,-12148,16846
4191,-15184,10993
9586,-16475,6889
14181,-15167,986
16594,-11508,-5086
16520,-5766,-10754
13798,1497,-15295
8666,9363,-18029
2066,13822,-15888
-5902,16211,-10309
-11603,16219,-4616
-15761,14058,1703
-17056,9545,7511
-15675,2858,12817
-12214,-6703,18917
-6208,-11232,17440
152,-15060,14908
8435,-16458,8023
13175,-15687,2512
16277,-12634,-3643
16801,-7387,-9414
14742,-358,-14384
9796,8171,-17967
3382,13006,-16388
-6410,15456,-9046
-10605,16429,-5824
-15233,14449,784
-16883,10386,6497
-15835,3691,12144
-12593,-6327,18920
-6901,-10782,17683
-119,-14759,14878
8056,-16219,8163
12956,-15518,2562
16104,-12680,-3424
16623,-7152,-9471
14532,-177,-14355
9483,8340,-17823
2838,13204,-16042
-6451,15650,-9199
-10815,16368,-5553
-15489,14227,1262
-16982,9974,7008
-15811,3357,12454
-12432,-6715,19147
-6641,-10956,17597
-193,-14932,15125
7998,-16429,8431
12993,-15753,2760
16116,-12911,-3205
16813,-7610,-9203
14718,-449,-14269
10192,7899,-18091
3828,12870,-16698
-6336,15316,-8980
-10213,16491,-6278
-15072,14668,404
-16879,10708,6171
-16021,4203,11818
-12746,-5878,18624
-7251,-10374,17625
-523,-14590,15113
7511,-16182,8671
12857,-15196,2339
15807,-12003,-3804
16264,-6674,-9590
13913,408,-14321
8547,8951,-17498
1897,13600,-15497
-6088,16025,-9937
-11488,16050,-4562
-15703,13587,2116
-16780,8984,7796
-15365,2347,13018
-11496,-6818,18314
-5461,-11620,17081
1782,-14994,13212
9194,-16351,7157
13818,-15307,1489
16528,-11908,-4620
16528,-6092,-10436
13876,919,-14795
8872,9136,-18008
2400,13612,-16012
-6245,16009,-9764
-11248,16277,-5029
-15642,13992,1650
-16879,9586,7293
-15662,3011,12651
-11983,-6719,18702
-6010,-11141,17151
470,-14920,14450
8761,-16227,7466
13517,-15221,1704
16273,-11921,-4352
16231,-6162,-10069
13814,985,-14799
8530,9211,-17741
2050,13666,-15716
-6047,15996,-9949
-11566,15790,-4224
-15514,13517,1997
-16537,8542,7995
-14990,1769,13221
-10803,-7144,17947
-4793,-12032,16825
4199,-14916,10717
9512,-16203,6691
14334,-14718,384
16594,-11071,-5523
15996,-4859,-11137
13138,4277,-17415
7804,9928,-17732
1064,14185,-15249
-6529,16207,-9678
-12263,15604,-3341
-15720,13105,2615
-16706,8093,8613
-14895,1216,13679
-10415,-7437,17852
-4306,-12271,16577
4760,-15068,10308
9763,-16351,6588
14421,-14850,429
16615,-10951,-5664
16219,-5077,-11142
13294,3588,-16882
8010,9796,-17806
1435,14099,-15534
-6253,16285,-10032
-11995,15959,-3964
-15856,13612,2244
-16929,8806,8123
-15340,2041,13299
-11356,-7066,18422
-5135,-11880,17015
1699,-15233,13534
9256,-16450,7194
13893,-15390,1497
16566,-12139,-4427
16731,-6468,-10263
14313,499,-14812
9120,8934,-18054
2512,13542,-16054
-6154,15897,-9743
-11104,16310,-5206
-15522,14260,1262
-16962,9916,7046
-15708,3143,12565
-12403,-6624,19027
-6480,-11050,17530
78,-14920,14842
8398,-16368,7970
13208,-15567,2359
16264,-12585,-3679
16867,-7189,-9678
14433,-8,-14425
9607,8406,-18013
3176,13084,-16260
-6529,15613,-9084
-10704,16401,-5697
-15312,14375,937
-16891,10065,6826
-15765,3460,12305
-12436,-6550,18986
-6509,-10947,17456
20,-14866,14846
8217,-16326,8109
13171,-15514,2343
16203,-12548,-3655
16702,-7181,-9521
14367,24,-14391
9652,8369,-18021
3283,13030,-16313
-6373,15489,-9116
-10766,16207,-5441
-15332,14173,1159
-16739,9631,7108
-15530,2908,12622
-11847,-6843,18690
-5787,-11422,17209
792,-14845,14053
9070,-16145,7075
13550,-15010,1460
16302,-11690,-4612
16306,-6030,-10276
13802,903,-14705
8340,9219,-17559
1637,13670,-15307
-6154,16000,-9846
-11727,15745,-4018
-15588,13072,2516
-16504,8027,8477
-14775,1130,13645
-10522,-7412,17934
-4211,-12292,16503
5222,-15068,9846
9904,-16244,6340
14573,-14652,79
16648,-10873,-5775
15984,-4673,-11311
12956,4661,-17617
7548,10151,-17699
1064,14322,-15386
-6818,16260,-9442
-12313,15860,-3547
-16009,13261,2748
-16875,8419,8456
-15221,1678,13543
-10935,-7206,18141
-4991,-11913,16904
2800,-15171,12371
9330,-16388,7058
14016,-15064,1048
16413,-11418,-4995
16025,-5346,-10679
13249,2998,-16247
7767,9817,-17584
1233,14157,-15390
-6558,16194,-9636
-12164,15567,-3403
-15823,13072,2751
-16582,7936,8646
-14788,1159,13629
-10465,-7330,17795
-4380,-12214,16594
4966,-14982,10016
9854,-16091,6237
14536,-14619,83
16590,-10807,-5783
15774,-4310,-11464
12626,5506,-18132
7222,10345,-17567
424,14511,-14935
-7354,16178,-8824
-12519,15538,-3019
-15901,12692,3209
-16652,7643,9009
-14573,573,14000
-9982,-7825,17807
-3774,-12502,16276
6204,-15052,8848
10234,-16240,6006
14821,-14346,-475
16693,-10366,-6327
15790,-3997,-11793
12676,5812,-18488
6909,10485,-17394
429,14569,-14998
-7573,16219,-8646
-12717,15584,-2867
-15939,12911,3028
-16755,7643,9112
-14825,862,13963
-10345,-7672,18017
-4092,-12552,16644
5560,-15270,9710
9937,-16417,6480
14614,-14961,347
16883,-11224,-5659
16335,-5181,-11154
13402,3502,-16904
8043,9858,-17901
1464,14173,-15637
-6216,16322,-10106
-11908,16302,-4394
-15951,13868,2083
-17040,9174,7866
-15658,2557,13101
-11999,-6760,18759
-6109,-11434,17543
462,-15101,14639
8699,-16500,7801
13315,-15670,2355
16392,-12651,-3741
16871,-7119,-9752
14652,-165,-14487
9636,8349,-17985
3246,13129,-16375
-6389,15580,-9191
-10555,16508,-5953
-15279,14540,739
-16953,10250,6703
-15976,3877,12099
-12490,-6344,18834
-6822,-10795,17617
-12,-14808,14820
8134,-16277,8143
13171,-15456,2285
16227,-12408,-3819
16619,-6917,-9702
14359,202,-14561
9640,8514,-18154
3097,13224,-16321
-6501,15600,-9099
-10716,16351,-5635
-15353,14532,821
-16953,10197,6756
-15943,3757,12186
-12511,-6393,18904
-6633,-10848,17481
-239,-14779,15018
8184,-16310,8126
13096,-15427,2331
16186,-12325,-3861
16632,-6843,-9789
14313,177,-14490
9297,8497,-17794
2512,13360,-15872
-6171,15757,-9586
-11125,16112,-4987
-15481,13847,1634
-16615,9165,7450
-15274,2462,12812
-11517,-6897,18414
-5275,-11624,16899
2083,-14911,12828
9438,-16203,6765
13959,-14940,981
16500,-11484,-5016
16244,-5449,-10795
13356,2825,-16181
8023,9735,-17758
1427,14074,-15501
-6360,16137,-9777
-12012,15798,-3786
-15736,13344,2392
-16809,8493,8316
-15097,1485,13612
-10840,-7247,18087
-4789,-12115,16904
3832,-15241,11409
9483,-16644,7161
14210,-15266,1056
16586,-11644,-4942
16388,-5704,-10684
13822,1567,-15389
8559,9392,-17951
2041,13769,-15810
-6001,16050,-10049
-11620,15897,-4277
-15613,13620,1993
-16660,8501,8159
-15101,1905,13196
-10984,-7177,18161
-4888,-11888,16776
4158,-14874,10716
9636,-16174,6538
14412,-14726,314
16590,-10984,-5606
15835,-4554,-11281
12845,4917,-17762
7305,10168,-17473
643,14371,-15014
-7148,16128,-8980
-12457,15464,-3007
-15765,12832,2933
-16623,7651,8972
-14594,655,13939
-9953,-7829,17782
-3559,-12639,16198
6352,-15052,8700
10172,-16194,6022
14891,-14334,-557
16669,-10329,-6340
15774,-3889,-11885
12449,6072,-18521
6727,10716,-17443
0,14652,-14652
-7973,16071,-8098
-12812,15468,-2656
-16071,12568,3503
-16693,7350,9343
-14536,297,14239
-9928,-8064,17992
-3745,-12799,16544
5853,-15402,9549
10052,-16578,6526
14709,-14911,202
16887,-11141,-5746
16231,-4929,-11302
13158,4240,-17398
7808,10052,-17860
1221,14330,-15551
-6620,16380,-9760
-12214,16083,-3869
-15947,13587,2360
-16982,8699,8283
-15324,2013,13311
-11537,-6876,18413
-5589,-11723,17312
1361,-15159,13798
9157,-16438,7281
13860,-15295,1435
16599,-12106,-4493
16636,-6298,-10338
14082,672,-14754
8967,9075,-18042
2437,13600,-16037
-6216,16038,-9822
-11269,16260,-4991
-15567,14107,1460
-16957,9586,7371
-15629,3019,12610
-12061,-6765,18826
-6125,-11277,17402
462,-14998,14536
8753,-16240,7487
13492,-15444,1952
16339,-12177,-4162
16495,-6509,-9986
13855,668,-14523
9021,8943,-17964
2198,13678,-15876
-6340,15914,-9574
-11364,16087,-4723
-15633,13967,1666
-16850,9169,7681
-15514,2475,13039
-11764,-6864,18628
-5713,-11607,17320
635,-15130,14495
9132,-16330,7198
13591,-15196,1605
16409,-12007,-4402
16636,-6468,-10168
14235,408,-14643
8967,8897,-17864
2248,13517,-15765
-6154,15906,-9752
-11240,16075,-4835
-15547,13781,1766
-16685,9000,7685
-15295,2326,12969
-11286,-6913,18199
-5082,-11735,16817
2664,-14829,12165
9504,-16038,6534
14152,-14701,549
16508,-11063,-5445
15794,-4846,-10948
12684,4603,-17287
7437,10205,-17642
717,14396,-15113
-7317,16161,-8844
-12420,15609,-3189
-15885,12795,3090
-16677,7796,8881
-14738,746,13992
-10176,-7684,17860
-3997,-12441,16438
5919,-15200,9281
9928,-16454,6526
14610,-14862,252
16607,-10663,-5944
16009,-4508,-11501
12890,5057,-17947
7243,10386,-17629
767,14400,-15167
-7148,16277,-9129
-12445,15724,-3279
-15955,13121,2834
-16706,7998,8708
-14796,1097,13699
-10407,-7491,17898
-4384,-12222,16606
4954,-14998,10044
9838,-16083,6245
14627,-14573,-54
16553,-10642,-5911
15576,-4034,-11542
12449,5923,-18372
6690,10634,-17324
-16,14528,-14512
-8014,16046,-8032
-12915,15208,-2293
-15885,12300,3585
-16467,6996,9471
-14218,37,14181
-9182,-8481,17663
-2978,-13006,15984
6591,-15419,8828
10799,-16149,5350
15246,-14008,-1238
16747,-9681,-7066
15675,-3324,-12351
12197,6583,-18780
6534,10898,-17432
16,14759,-14775
-7948,16306,-8358
-12907,15563,-2656
-16095,12820,3275
-16759,7581,9178
-14590,495,14095
-10143,-7849,17992
-3757,-12655,16412
6257,-15328,9071
10131,-16335,6204
14883,-14722,-161
16805,-10766,-6039
16145,-4578,-11567
12989,4958,-17947
7412,10291,-17703
940,14371,-15311
-6892,16293,-9401
-12354,15831,-3477
-15947,13212,2735
-16784,8266,8518
-15064,1386,13678
-10857,-7227,18084
-4644,-12271,16915
4335,-15204,10869
9660,-16504,6844
14342,-15060,718
16747,-11578,-5169
16446,-5638,-10808
13657,2132,-15789
8398,9603,-18001
1716,13975,-15691
-6150,16194,-10044
-11669,16161,-4492
-15765,13662,2103
-16966,9079,7887
-15493,2367,13126
-11583,-7049,18632
-5626,-11611,17237
1282,-15097,13815
9186,-16405,7219
13769,-15373,1604
16516,-12028,-4488
16582,-6278,-10304
14132,614,-14746
9050,9042,-18092
2520,13620,-16140
-6158,15976,-9818
-11277,16198,-4921
-15633,14004,1629
-16900,9479,7421
-15600,2763,12837
-11822,-6975,18797
-5799,-11442,17241
779,-15039,14260
9033,-16277,7244
13633,-15291,1658
16458,-11937,-4521
16636,-6496,-10140
14115,585,-14700
9013,8988,-18001
2314,13530,-15844
-6171,15939,-9768
-11306,16108,-4802
-15563,13888,1675
-16867,9322,7545
-15444,2462,12982
-11640,-6872,18512
-5585,-11537,17122
1674,-15023,13349
9141,-16231,7090
13831,-15167,1336
16458,-11855,-4603
16277,-5973,-10304
13542,1703,-15245
8394,9376,-17770
1711,13818,-15529
-6360,15992,-9632
-11974,15580,-3606
-15650,13002,2648
-16590,7907,8683
-14730,957,13773
-10263,-7594,17857
-4153,-12399,16552
5680,-15274,9594
9908,-16479,6571
14705,-14949,244
16693,-10947,-5746
16091,-4863,-11228
13195,3856,-17051
7771,9945,-17716
1093,14260,-15353
-6699,16409,-9710
-12399,15778,-3379
-15959,13266,2693
-16743,7986,8757
-14986,1357,13629
-10659,-7350,18009
-4686,-12135,16821
4582,-15076,10494
9590,-16330,6740
14272,-14866,594
16603,-11133,-5470
15976,-4863,-11113
12960,4248,-17208
7515,10168,-17683
721,14388,-15109
-7260,16186,-8926
-12568,15501,-2933
-15864,12890,2974
-16636,7755,8881
-14639,614,14025
-9945,-7709,17654
-3877,-12511,16388
6047,-15023,8976
10131,-16194,6063
14837,-14425,-412
16677,-10275,-6402
15728,-3922,-11806
12478,6133,-18611
6765,10634,-17399
-61,14672,-14611
-8039,16062,-8023
-12795,15468,-2673
-16058,12560,3498
-16570,7276,9294
-14606,482,14124
-9776,-7965,17741
-3576,-12762,16338
6443,-15208,8765
10399,-16165,5766
15043,-14346,-697
16689,-10110,-6579
15724,-3625,-12099
12362,6377,-18739
6410,10881,-17291
-132,14664,-14532
-8208,16273,-8065
-13022,15468,-2446
-16091,12639,3452
-16648,7326,9322
-14520,305,14215
-9982,-7944,17926
-3811,-12692,16503
6340,-15312,8972
10250,-16413,6163
14903,-14623,-280
16879,-10683,-6196
16062,-4310,-11752
12894,5589,-18483
7359,10382,-17741
783,14487,-15270
-7123,16446,-9323
-12416,16054,-3638
-16025,13336,2689
-16887,8336,8551
-15254,1629,13625
-11042,-7103,18145
-4962,-12053,17015
3238,-15213,11975
9466,-16388,6922
14260,-15118,858
16652,-11508,-5144
16401,-5721,-10680
13608,2182,-15790
8481,9479,-17960
1843,13983,-15826
-6129,16269,-10140
-11702,16017,-4315
-15716,13670,2046
-16780,8790,7990
-15250,1934,13316
-11376,-6987,18363
-4970,-11954,16924
2611,-15089,12478
9520,-16244,6724
14140,-14990,850
16632,-11290,-5342
16339,-5453,-10886
13509,2730,-16239
8208,9697,-17905
1542,14070,-15612
-6158,16227,-10069
-11896,15980,-4084
-15798,13468,2330
-16821,8736,8085
-15270,1922,13348
-11310,-6942,18252
-4871,-11983,16854
2974,-14982,12008
9636,-16215,6579
14157,-15043,886
16644,-11265,-5379
16120,-5139,-10981
12977,3993,-16970
7115,10378,-17493
1150,14161,-15311
-7293,16182,-8889
-12643,15444,-2801
-15699,13006,2693
-16590,7924,8666
-14342,193,14149
-9537,-8023,17560
-3691,-12461,16152
6554,-15365,8811
10291,-16108,5817
14928,-14284,-644
16516,-9380,-7136
15472,-3498,-11974
12144,6542,-18686
6270,10902,-17172
-276,14746,-14470
-8448,16116,-7668
-13587,15188,-1601
-16359,11822,4537
-16446,6216,10230
-14322,-70,14392
-9050,-9033,18083
-3320,-13167,16487
6501,-15481,8980
10436,-16413,5977
15043,-14569,-474
16900,-10667,-6233
15943,-4232,-11711
12816,5704,-18520
6653,10869,-17522
-49,14763,-14714
-7189,16285,-9096
-12969,15431,-2462
-16054,12667,3387
-16693,7845,8848
-14458,111,14347
-10027,-7767,17794
-3807,-12544,16351
6521,-15398,8877
10621,-16120,5499
14788,-14544,-244
16607,-10345,-6262
15786,-4001,-11785
12086,6641,-18727
6171,11017,-17188
288,14507,-14795
-7920,16108,-8188
-13352,15155,-1803
-16000,12416,3584
-16574,7136,9438
-13905,-552,14457
-8963,-8844,17807
-3044,-12993,16037
6732,-15373,8641
11277,-15963,4686
15365,-13798,-1567
16652,-9825,-6827
15604,-3357,-12247
12024,6719,-18743
6208,11034,-17242
-325,14726,-14401
-9087,16137,-7050
-13670,15225,-1555
-16190,12267,3923
-16632,6971,9661
-14194,-259,14453
-9570,-8419,17989
-2549,-13447,15996
6554,-15514,8960
10518,-16462,5944
15093,-14569,-524
16920,-10518,-6402
15914,-4017,-11897
12804,5816,-18620
7066,10555,-17621
-148,14949,-14801
-8295,16401,-8106
-12705,15823,-3118
-16087,13150,2937
-16924,8010,8914
-14870,565,14305
-10159,-7924,18083
-4075,-12729,16804
5898,-15312,11269
9532,-16553,7021
14718,-14932,214
16887,-11236,-5651
16215,-4962,-11253
13348,3997,-17345
8019,9986,-18005
1357,14346,-15703
-6447,16450,-10003
-12255,16054,-3799
-15922,13587,2335
-16953,8588,8365
-15369,1839,13530
-11220,-7128,18348
-5119,-12016,17135
2351,-15126,12775
9433,-16297,6864
14070,-15130,1060
16607,-11471,-5136
16335,-5420,-10915
13418,2998,-16416
7812,9846,-17658
1089,14169,-15258
-6534,16368,-9834
-12383,15823,-3440
-15930,13348,2582
-16900,8175,8725
-15200,1501,13699
-11001,-7185,18186
-4822,-12111,16933
3646,-15163,11517
9619,-16335,6716
14280,-15039,759
16665,-11397,-5268
16182,-5226,-10956
13117,3774,-16891
7899,9883,-17782
1179,14289,-15468
-6674,16281,-9607
-12370,15683,-3313
-15835,13059,2776
-16710,7977,8733
-14821,952,13869
-10238,-7507,17745
-3918,-12453,16371
6010,-15039,9029
10126,-16182,6056
14850,-14449,-401
16467,-10188,-6279
15559,-3609,-11950
12222,6476,-18698
6290,10972,-17262
-251,14796,-14545
-8406,16194,-7788
-13125,15394,-2269
-16203,12325,3878
-16520,6793,9727
-14326,-74,14400
-9508,-8443,17951
-3209,-13084,16293
6567,-15419,8852
10605,-16306,5701
15246,-14412,-834
16883,-10155,-6728
15835,-3691,-12144
12568,6323,-18891
6901,10803,-17704
181,14812,-14993
-7767,16343,-8576
-12705,15782,-3077
-16038,12985,3053
-16821,7730,9091
-14821,754,14067
-10188,-7614,17802
-3733,-12614,16347
6162,-15163,9001
10147,-16194,6047
14821,-14462,-359
16632,-10110,-6522
15580,-3572,-12008
11995,6608,-18603
6179,10844,-17023
-445,14759,-14314
-8608,16033,-7425
-13422,14990,-1568
-16149,11851,4298
-16293,6179,10114
-13732,-730,14462
-8811,-9013,17824
-2099,-13459,15558
6278,-15716,9438
11389,-15897,4508
15497,-13629,-1868
16673,-8984,-7689
15254,-2371,-12883
11380,7000,-18380
5131,11649,-16780
-1926,14953,-13027
-9215,16165,-6950
-13876,15068,-1192
-16355,11616,4739
-16256,5676,10580
-13641,-1980,15621
-8584,-9326,17910
-1852,-13752,15604
6121,-16054,9933
11632,-16025,4393
15596,-13785,-1811
16780,-9075,-7705
15423,-2454,-12969
11517,6814,-18331
5486,11541,-17027
-1402,15089,-13687
-8971,16380,-7409
-13616,15307,-1691
-16363,12078,4285
-16710,6583,10127
-14206,-478,14684
-9252,-8852,18104
-2858,-13348,16206
6488,-15732,9244
10811,-16425,5614
15369,-14437,-932
16891,-10246,-6645
15893,-3716,-12177
12622,6261,-18883
7016,10729,-17745
383,14746,-15129
-7668,16368,-8700
-12795,15745,-2950
-16153,13051,3102
-16916,7928,8988
-14982,903,14079
-10353,-7660,18013
-4203,-12573,16776
5498,-15307,9809
9982,-16442,6460
14668,-14817,149
16801,-10939,-5862
16244,-4801,-11443
13080,4488,-17568
7660,10093,-17753
924,14383,-15307
-6851,16306,-9455
-12469,15683,-3214
-15885,12964,2921
-16632,7730,8902
-14635,631,14004
-10040,-7887,17927
-3658,-12742,16400
6212,-15258,9046
10362,-16330,5968
14969,-14602,-367
16801,-10514,-6287
15765,-4013,-11752
12692,5952,-18644
6946,10580,-17526
346,14697,-15043
-7746,16215,-8469
-12684,15621,-2937
-16017,12688,3329
-16726,7519,9207
-14610,338,14272
-9842,-8076,17918
-3205,-12944,16149
6418,-15312,8894
10572,-16223,5651
15006,-14441,-565
16640,-9982,-6658
15691,-3613,-12078
12346,6422,-18768
6447,10844,-17291
-354,14755,-14401
-8542,16124,-7582
-13286,15303,-2017
-16227,12135,4092
-16483,6575,9908
-14128,-354,14482
-9128,-8811,17939
-2772,-13307,16079
6228,-15596,9368
10980,-16128,5148
15291,-14128,-1163
16768,-9722,-7046
15547,-3213,-12334
11941,6686,-18627
6063,11137,-17200
-449,14907,-14458
-8691,16248,-7557
-13455,15303,-1848
-16273,12214,4059
-16648,6699,9949
-14305,-280,14585
-9264,-8740,18004
-2904,-13175,16079
6554,-15588,9034
10745,-16244,5499
15229,-14198,-1031
16784,-9953,-6831
15741,-3601,-12140
12300,6484,-18784
6323,10894,-17217
-243,14812,-14569
-8493,16095,-7602
-13307,15175,-1868
-16227,12069,4158
-16471,6525,9946
-14000,-416,14416
-9145,-8753,17898
-2450,-13282,15732
6208,-15592,9384
11207,-15877,4670
15353,-13719,-1634
16553,-9042,-7511
15250,-2425,-12825
11273,6880,-18153
5094,11661,-16755
-2557,14887,-12330
-9223,16174,-6951
-13942,15015,-1073
-16376,11657,4719
-16281,5836,10445
-13550,-1683,15233
-8534,-9227,17761
-1922,-13653,15575
6030,-15910,9880
11578,-15868,4290
15538,-13422,-2116
16599,-8625,-7974
15031,-1815,-13216
11075,7107,-18182
4739,11991,-16730
-3766,15010,-11244
-9413,16359,-6946
-14124,15002,-878
-16508,11525,4983
-16483,5915,10568
-13831,-1452,15283
-8802,-9244,18046
-2334,-13645,15979
6216,-15976,9760
11290,-16252,4962
15551,-14086,-1465
16982,-9702,-7280
15683,-3077,-12606
12222,6686,-18908
6364,11133,-17497
-115,15043,-14928
-8225,16368,-8143
-13051,15786,-2735
-16211,12849,3362
-16900,7590,9310
-14833,594,14239
-10201,-7895,18096
-3881,-12663,16544
6133,-15307,9174
10275,-16372,6097
14949,-14680,-269
16821,-10522,-6299
16062,-4265,-11797
12903,5564,-18467
7148,10386,-17534
594,14573,-15167
-7350,16302,-8952
-12672,15629,-2957
-15992,12865,3127
-16726,7594,9132
-14660,573,14087
-10023,-7882,17905
-3650,-12795,16445
6377,-15250,8873
10370,-16306,5936
15031,-14532,-499
16854,-10407,-6447
15840,-3881,-11959
12630,6055,-18685
7082,10667,-17749
416,14726,-15142
-7635,16409,-8774
-12692,15835,-3143
-16087,13059,3028
-16941,8076,8865
-15031,1043,13988
-10539,-7511,18050
-4397,-12428,16825
5016,-15299,10283
9916,-16533,6617
14693,-14961,268
16780,-10980,-5800
16165,-4855,-11310
13113,4277,-17390
7606,10114,-17720
952,14359,-15311
-6657,16227,-9570
-12379,15538,-3159
-15831,12898,2933
-16318,7412,8906
-14264,445,13819
-9578,-8023,17601
-3366,-12795,16161
6591,-15295,8704
10617,-16116,5499
15250,-14078,-1172
16648,-9743,-6905
15435,-3151,-12284
11970,6686,-18656
6105,11182,-17287
-416,14854,-14438
-8621,16223,-7602
-13241,15291,-2050
-16165,12375,3790
-16669,6835,9834
-14276,-177,14453
-9458,-8530,17988
-3023,-13146,16169
6686,-15518,8832
10762,-16306,5544
15270,-14330,-940
16825,-9999,-6826
15753,-3502,-12251
12482,6389,-18871
6674,10811,-17485
-8,14755,-14747
-8076,16157,-8081
-13068,15378,-2310
-16124,12478,3646
-16660,7086,9574
-14350,45,14305
-9561,-8291,17852
-2945,-13063,16008
6649,-15369,8720
10815,-16075,5260
15138,-14095,-1043
16611,-9512,-7099
15448,-3114,-12334
11723,6843,-18566
5622,11306,-16928
-1262,14821,-13559
-9136,16071,-6935
-13682,15147,-1465
-16359,11640,4719
-16194,5709,10485
-13554,-1967,15521
-8514,-9268,17782
-1798,-13723,15521
6212,-15988,9776
11611,-15753,4142
15497,-13484,-2013
16619,-8563,-8056
15064,-1860,-13204
10918,7095,-18013
4855,11892,-16747
-3753,15010,-11257
-9429,16297,-6868
-14165,14874,-709
-16487,11352,5135
-16211,5362,10849
-13492,-2462,15954
-8167,-9656,17823
-1670,-13893,15563
6171,-16149,9978
11776,-15959,4183
15650,-13641,-2009
16759,-8848,-7911
15134,-2066,-13068
11475,6888,-18363
5465,11723,-17188
-1431,15052,-13621
-9145,16306,-7161
-13773,15345,-1572
-16434,12020,4414
-16574,6319,10255
-14218,-511,14729
-9227,-8860,18087
-2668,-13435,16103
6377,-15794,9417
10964,-16161,5197
15373,-14194,-1179
16788,-9763,-7025
15827,-3419,-12408
12226,6682,-18908
6369,10997,-17366
-342,14903,-14561
-8460,16347,-7887
-13183,15485,-2302
-16236,12358,3878
-16743,7074,9669
-14342,-132,14474
-9660,-8406,18066
-3011,-13138,16149
6591,-15452,8861
10725,-16269,5544
15155,-14396,-759
16830,-10147,-6683
15741,-3531,-12210
12313,6513,-18826
6604,10852,-17456
-78,14854,-14776
-8200,16252,-8052
-13138,15551,-2413
-16170,12573,3597
-16772,7288,9484
-14544,136,14408
-9780,-8118,17898
-3357,-12837,16194
6389,-15303,8914
10287,-16302,6015
15068,-14383,-685
16615,-10044,-6571
15518,-3436,-12082
12205,6612,-18817
6088,10997,-17085
-268,14833,-14565
-8571,16091,-7520
-13299,15291,-1992
-16223,12086,4137
-16363,6509,9854
-13946,-507,14453
-9070,-8683,17753
-2409,-13348,15757
6220,-15555,9335
11133,-15844,4711
15274,-13509,-1765
16483,-8778,-7705
14804,-1876,-12928
10923,6987,-17910
4624,11974,-16598
-4397,14928,-10531
-9570,16182,-6612
-14198,14668,-470
-16528,11096,5432
-16112,5069,11043
-13171,-3729,16900
-7808,-9908,17716
-1258,-14058,15316
6447,-16145,9698
12012,-15868,3856
15724,-13451,-2273
16825,-8526,-8299
15221,-1938,-13283
11108,6963,-18071
5288,11764,-17052
-2033,15105,-13072
-9161,16318,-7157
-13806,15167,-1361
-16368,11880,4488
-16479,6212,10267
-13818,-796,14614
-8650,-9178,17828
-2161,-13616,15777
6253,-15831,9578
11488,-15815,4327
15452,-13563,-1889
16495,-8732,-7763
15109,-1938,-13171
10972,7012,-17984
4809,11867,-16676
-4042,14866,-10824
-9433,16165,-6732
-14268,14763,-495
-16462,11182,5280
-15926,5016,10910
-13039,-4034,17073
-7845,-9792,17637
-1266,-14033,15299
6645,-16042,9397
12053,-15584,3531
15609,-13134,-2475
16566,-8027,-8539
14718,-1155,-13563
10316,7470,-17786
4104,12243,-16347
-5742,14998,-9256
-9916,16178,-6262
-14524,14606,-82
-16615,10741,5874
-15831,4430,11401
-12948,-5102,18050
-7437,-10089,17526
-911,-14235,15146
6979,-16137,9158
12375,-15629,3254
15741,-13018,-2723
16594,-7899,-8695
14734,-1080,-13654
10390,7491,-17881
4389,12313,-16702
-5131,15060,-9929
-9685,16322,-6637
-14470,14883,-413
-16677,11203,5474
-16297,5164,11133
-13443,-3238,16681
-8167,-9759,17926
-1633,-14074,15707
6307,-16256,9949
11760,-16000,4240
15670,-13827,-1843
16941,-9075,-7866
15629,-2615,-13014
11855,6921,-18776
5709,11479,-17188
-561,15081,-14520
-8749,16578,-7829
-13303,15666,-2363
-16363,12560,3803
-16825,7144,9681
-14602,61,14541
-9768,-8311,18079
-3295,-13101,16396
6406,-15452,9046
10535,-16442,5907
15163,-14590,-573
16821,-10395,-6426
15893,-3894,-11999
12428,6179,-18607
6954,10646,-17600
334,14660,-14994
-7825,16219,-8394
-12981,15493,-2512
-16083,12581,3502
-16747,7367,9380
-14507,206,14301
-9640,-8291,17931
-3238,-13035,16273
6492,-15485,8993
10609,-16425,5816
15085,-14590,-495
16834,-10320,-6514
15852,-3865,-11987
12606,6001,-18607
6793,10692,-17485
358,14705,-15063
-7660,16306,-8646
-12853,15592,-2739
-16046,12820,3226
-16623,7309,9314
-14466,280,14186
-9648,-8204,17852
-3353,-12861,16214
6628,-15303,8675
10518,-16112,5594
15052,-14210,-842
16652,-10003,-6649
15373,-3246,-12127
11979,6793,-18772
5931,11125,-17056
-606,14808,-14202
-8753,16009,-7256
-13579,14977,-1398
-16165,11834,4331
-16310,5894,10416
-13653,-1311,14964
-8584,-9231,17815
-1893,-13637,15530
6224,-15877,9653
11529,-15943,4414
15551,-13525,-2026
16685,-8914,-7771
15229,-2145,-13084
11314,6950,-18264
5209,11756,-16965
-2310,15068,-12758
-9380,16269,-6889
-14029,15023,-994
-16512,11748,4764
-16446,5878,10568
-13880,-1291,15171
-8831,-9161,17992
-2388,-13624,16012
6336,-15852,9516
11158,-16079,4921
15390,-13992,-1398
16636,-9363,-7273
15415,-2829,-12586
11682,6818,-18500
5597,11389,-16986
-1579,14899,-13320
-9116,16153,-7037
-13789,15060,-1271
-16343,11632,4711
-16145,5589,10556
-13476,-2239,15715
-8423,-9330,17753
-1571,-13769,15340
6208,-15980,9772
11781,-15650,3869
15485,-13348,-2137
16586,-8311,-8275
14833,-1464,-13369
10593,7239,-17832
4347,12082,-16429
-4945,14924,-9979
-9553,16207,-6654
-14375,14680,-305
-16487,10906,5581
-15893,4822,11071
-12915,-4360,17275
-7478,-10052,17530
-886,-14243,15129
6826,-16071,9245
12350,-15485,3135
15703,-12762,-2941
16446,-7610,-8836
14524,-754,-13770
10027,7734,-17761
3914,12548,-16462
-6175,15122,-8947
-10056,16273,-6217
-14784,14697,87
-16751,10960,5791
-16178,4735,11443
-13228,-4281,17509
-7878,-10036,17914
-1348,-14223,15571
6323,-16343,10020
11908,-16005,4097
15790,-13703,-2087
16929,-9009,-7920
15596,-2421,-13175
11620,6876,-18496
5577,11583,-17160
-944,15126,-14182
-8959,16405,-7446
-13542,15460,-1918
-16355,12193,4162
-16731,6732,9999
-14165,-503,14668
-9429,-8563,17992
-2833,-13303,16136
6426,-15600,9174
10918,-16248,5330
15361,-14231,-1130
16825,-9834,-6991
15662,-3300,-12362
12069,6781,-18850
6319,11026,-17345
-305,14895,-14590
-8526,16244,-7718
-13249,15415,-2166
-16223,12271,3952
-16698,7020,9678
-14272,-181,14453
-9339,-8481,17820
-2739,-13183,15922
6402,-15584,9182
10910,-16236,5326
15221,-14210,-1011
16706,-9619,-7087
15518,-2953,-12565
12111,6690,-18801
5973,11257,-17230
-478,14961,-14483
-8716,16306,-7590
-13311,15472,-2161
-16318,12387,3931
-16681,6930,9751
-14416,20,14396
-9524,-8386,17910
-3110,-13105,16215
6554,-15431,8877
10708,-16190,5482
15163,-14243,-920
16685,-9829,-6856
15382,-2994,-12388
11904,6748,-18652
5923,11174,-17097
-598,14804,-14206
-8769,16000,-7231
-13538,14973,-1435
-16223,11743,4480
-16264,6006,10258
-13554,-1468,15022
-8369,-9273,17642
-1612,-13794,15406
6447,-16000,9553
11768,-15650,3882
15563,-13311,-2252
16665,-8415,-8250
15081,-1740,-13341
10844,7111,-17955
4875,11933,-16808
-3910,15048,-11138
-9380,16236,-6856
-14181,14808,-627
-16516,11335,5181
-16236,5387,10849
-13369,-2932,16301
-8146,-9660,17806
-1596,-13909,15505
6261,-16104,9843
11913,-15918,4005
15580,-13624,-1956
16743,-8848,-7895
15221,-2033,-13188
11162,7070,-18232
5069,11785,-16854
-2305,14986,-12681
-9289,16190,-6901
-14025,14953,-928
-16442,11583,4859
-16132,5457,10675
-13385,-2763,16148
-8043,-9541,17584
-1551,-13855,15406
6348,-15947,9599
11974,-15604,3630
15530,-13076,-2454
16504,-8043,-8461
14738,-1311,-13427
10201,7429,-17630
3980,12325,-16305
-6030,14977,-8947
-9974,16132,-6158
-14751,14388,363
-16636,10403,6233
-15778,4323,11455
-12552,-5770,18322
-7132,-10399,17531
-548,-14445,14993
7173,-16124,8951
12457,-15538,3081
15753,-12923,-2830
16574,-7750,-8824
14639,-886,-13753
10225,7594,-17819
4158,12432,-16590
-5836,15015,-9179
-9834,16306,-6472
-14606,14833,-227
-16735,11071,5664
-16219,4871,11348
-13212,-4195,17407
-7870,-9924,17794
-1390,-14128,15518
6381,-16330,9949
11987,-15889,3902
15662,-13587,-2075
16821,-8608,-8213
15340,-2087,-13253
11261,6901,-18162
5189,11781,-16970
-2376,15147,-12771
-9293,16409,-7116
-13971,15122,-1151
-16524,11781,4743
-16590,6059,10531
-13992,-977,14969
-9070,-9091,18161
-2392,-13554,15946
6265,-15852,9587
11215,-16289,5074
15472,-14243,-1229
16875,-9726,-7149
15609,-3130,-12479
12181,6756,-18937
6257,11158,-17415
-412,15006,-14594
-8650,16256,-7606
-13299,15584,-2285
-16322,12337,3985
-16797,7020,9777
-14540,12,14528
-9603,-8423,18026
-3007,-13204,16211
6666,-15501,8835
10630,-16413,5783
15287,-14334,-953
16759,-10040,-6719
15761,-3510,-12251
12474,6492,-18966
6406,10956,-17362
-156,14916,-14760
-8386,16256,-7870
-13261,15526,-2265
-16273,12474,3799
-16698,7000,9698
-14383,0,14383
-9652,-8373,18025
-3300,-13014,16314
6608,-15411,8803
10469,-16335,5866
15097,-14400,-697
16801,-10250,-6551
15753,-3700,-12053
12346,6435,-18781
6567,10865,-17432
-57,14796,-14739
-8155,16289,-8134
-13146,15386,-2240
-16087,12523,3564
-16685,6983,9702
-14474,202,14272
-9380,-8349,17729
-3168,-13039,16207
6723,-15386,8663
10791,-16095,5304
15163,-13967,-1196
16611,-9417,-7194
15361,-2677,-12684
11574,6872,-18446
5469,11508,-16977
-1534,14932,-13398
-9103,16227,-7124
-13769,15093,-1324
-16458,11731,4727
-16491,6191,10300
-13967,-886,14853
-8976,-8992,17968
-2413,-13513,15926
6352,-15794,9442
11141,-16132,4991
15468,-14124,-1344
16830,-9512,-7318
15580,-2833,-12747
11991,6769,-18760
5808,11352,-17160
-585,14928,-14343
-8831,16236,-7405
-13459,15406,-1947
-16297,12329,3968
-16582,6773,9809
-14185,-334,14519
-9260,-8662,17922
-2697,-13311,16008
6278,-15765,9487
11191,-15996,4805
15456,-13893,-1563
16743,-9252,-7491
15390,-2586,-12804
11566,6996,-18562
5482,11504,-16986
-1645,14973,-13328
-9124,16153,-7029
-13810,15109,-1299
-16355,11686,4669
-16335,5865,10470
-13686,-1641,15327
-8551,-9306,17857
-1839,-13756,15595
6187,-15972,9785
11574,-15893,4319
15629,-13554,-2075
16739,-8823,-7916
15171,-2074,-13097
11178,6938,-18116
5135,11789,-16924
-2499,14928,-12429
-9215,16203,-6988
-14074,14965,-891
-16487,11566,4921
-16310,5593,10717
-13501,-2244,15745
-8138,-9615,17753
-1551,-13967,15518
6270,-16186,9916
11970,-15691,3721
15604,-13377,-2227
16759,-8489,-8270
15204,-1885,-13319
10943,7144,-18087
4966,11818,-16784
-3555,15089,-11534
-9330,16467,-7137
-14045,15023,-978
-16566,11562,5004
-16392,5717,10675
-13798,-1823,15621
-8629,-9396,18025
-1996,-13777,15773
6010,-16108,10098
11603,-16194,4591
15720,-14115,-1605
16945,-9450,-7495
15505,-2772,-12733
12012,6748,-18760
6125,11347,-17472
-429,15010,-14581
-8621,16339,-7718
-13245,15576,-2331
-16318,12391,3927
-16792,7123,9669
-14507,-57,14564
-9553,-8419,17972
-3073,-13105,16178
6604,-15501,8897
10630,-16376,5746
15192,-14449,-743
16718,-10060,-6658
15654,-3477,-12177
12271,6591,-18862
6369,10976,-17345
-210,14779,-14569
-8559,16198,-7639
-13356,15419,-2063
-16269,12238,4031
-16467,6575,9892
-14152,-338,14490
-9235,-8691,17926
-2722,-13340,16062
6323,-15658,9335
10898,-16207,5309
15448,-14177,-1271
16797,-9693,-7104
15567,-3188,-12379
12205,6591,-18796
6208,11108,-17316
-346,14911,-14565
-8646,16211,-7565
-13241,15345,-2104
-16198,12284,3914
-16619,6616,10003
-14293,-193,14486
-9149,-8666,17815
-2644,-13332,15976
6443,-15621,9178
10956,-16066,5110
15246,-14041,-1205
16689,-9557,-7132
15452,-2932,-12520
11661,6810,-18471
5655,11286,-16941
-1080,14808,-13728
-9112,15914,-6802
-13798,14779,-981
-16326,11277,5049
-15947,5288,10659
-12964,-3452,16416
-7821,-9763,17584
-1303,-14020,15323
6538,-16137,9599
12049,-15609,3560
15670,-13096,-2574
16599,-8229,-8370
14899,-1414,-13485
10386,7412,-17798
4335,12226,-16561
-4983,15048,-10065
-9743,16401,-6658
-14425,14982,-557
-16689,11405,5284
-16297,5412,10885
-13587,-2776,16363
-8621,-9487,18108
-1951,-13851,15802
6121,-16042,9921
11455,-16062,4607
15534,-13719,-1815
16755,-9194,-7561
15229,-2310,-12919
11418,6917,-18335
5143,11723,-16866
-2140,15006,-12866
-9268,16236,-6968
-13992,14986,-994
-16471,11401,5070
-16240,5544,10696
-13451,-2178,15629
-8278,-9442,17720
-1509,-13930,15439
6187,-15988,9801
11814,-15650,3836
15559,-13237,-2322
16467,-8175,-8292
14746,-1241,-13505
10469,7280,-17749
4360,12181,-16541
-5337,14891,-9554
-9883,16083,-6200
-14548,14602,-54
-16533,10712,5821
-15926,4566,11360
-12845,-5032,17877
-7511,-10040,17551
-783,-14346,15129
7169,-16116,8947
12511,-15452,2941
15683,-12771,-2912
16603,-7759,-8844
14664,-849,-13815
10093,7689,-17782
3955,12445,-16400
-6051,15167,-9116
-9928,16425,-6497
-14685,14689,-4
-16755,10857,5898
-16157,4764,11393
-13158,-4624,17782
-7837,-10015,17852
-1254,-14243,15497
6488,-16256,9768
12156,-16021,3865
15802,-13583,-2219
16850,-8658,-8192
15270,-1930,-13340
11273,7062,-18335
5453,11847,-17300
-1497,15241,-13744
-9182,16446,-7264
-13810,15431,-1621
-16479,11970,4509
-16764,6657,10107
-14289,-424,14713
-9161,-8794,17955
-2739,-13365,16104
6356,-15761,9405
10976,-16273,5297
15468,-14268,-1200
16784,-9821,-6963
15749,-3275,-12474
12317,6612,-18929
6224,11137,-17361
-309,14944,-14635
-8563,16260,-7697
-13261,15472,-2211
-16269,12416,3853
-16582,6773,9809
-14346,-74,14420
-9330,-8563,17893
-2800,-13282,16082
6377,-15596,9219
10943,-16116,5173
15373,-14161,-1212
16764,-9702,-7062
15497,-2998,-12499
12082,6715,-18797
6142,11248,-17390
-462,15019,-14557
-8555,16322,-7767
-13228,15427,-2199
-16231,12482,3749
-16706,7033,9673
-14507,57,14450
-9433,-8377,17810
-3126,-13059,16185
6645,-15411,8766
10712,-16207,5495
15241,-14194,-1047
16714,-9768,-6946
15563,-3106,-12457
11904,6670,-18574
5948,11145,-17093
-651,14891,-14240
-8815,16009,-7194
-13550,15027,-1477
-16244,11830,4414
-16194,6014,10180
-13542,-1348,14890
-8361,-9293,17654
-1662,-13798,15460
6340,-16017,9677
11789,-15786,3997
15596,-13360,-2236
16652,-8398,-8254
15064,-1794,-13270
11046,7181,-18227
4846,11921,-16767
-3737,15023,-11286
-9429,16376,-6947
-14062,15126,-1064
-16545,11583,4962
-16339,5684,10655
-13744,-2037,15781
-8613,-9400,18013
-2000,-13744,15744
6092,-16116,10024
11508,-16157,4649
15633,-13938,-1695
16883,-9425,-7458
15497,-2718,-12779
11739,6798,-18537
5729,11368,-17097
-730,14953,-14223
-8872,16083,-7211
-13641,15027,-1386
-16231,11624,4607
-16203,5836,10367
-13443,-1843,15286
-8179,-9524,17703
-1497,-13946,15443
6414,-15992,9578
11929,-15604,3675
15576,-13187,-2389
16479,-8200,-8279
14730,-1287,-13443
10502,7202,-17704
4413,12144,-16557
-5168,14862,-9694
-9776,16153,-6377
-14639,14524,115
-16549,10634,5915
-15852,4368,11484
-12787,-5350,18137
-7297,-10172,17469
-746,-14334,15080
7132,-16071,8939
12342,-15419,3077
15695,-12688,-3007
16512,-7668,-8844
14577,-767,-13810
9871,7825,-17696
3469,12581,-16050
-6311,15163,-8852
-10147,16174,-6027
-14953,14313,640
-16632,10296,6336
-15745,3877,11868
-12544,-6067,18611
-7008,-10547,17555
-354,-14515,14869
7420,-16203,8783
12655,-15547,2892
15934,-12948,-2986
16557,-7095,-9462
14713,-684,-14029
9586,8307,-17893
4186,12535,-16721
-5676,15196,-9520
-9879,16487,-6608
-14726,14899,-173
-16846,10547,6299
-16112,4331,11781
-13348,-3683,17031
-8105,-9726,17831
-895,-14429,15324
6831,-16347,9516
12321,-15868,3547
15794,-13249,-2545
16755,-8806,-7949
15373,-2149,-13224
11426,6996,-18422
4636,12131,-16767
-2326,15081,-12755
-9532,16376,-6844
-13942,15287,-1345
-16533,11752,4781
-16203,5152,11051
-13389,-3568,16957
-8654,-9260,17914
-2083,-13756,15839
6047,-15926,9879
11987,-15774,3787
15489,-13715,-1774
16698,-8938,-7760
15134,-2178,-12956
11187,6872,-18059
5238,11649,-16887
-2495,14973,-12478
-9689,16289,-6600
-14499,14668,-169
-16520,11389,5131
-16260,5395,10865
-13096,-4912,18008
-8068,-9619,17687
-1571,-13905,15476
6278,-16066,9788
11768,-15856,4088
15691,-13179,-2512
16665,-8134,-8531
14916,-1365,-13551
10560,7276,-17836
4211,12313,-16524
-3852,14932,-11080
-9912,16273,-6361
-14181,14833,-652
-16611,10700,5911
-15881,4442,11439
-13224,-3337,16561
-7928,-9664,17592
-676,-14305,14981
6385,-16062,9677
11966,-15567,3601
15538,-13035,-2503
16557,-7953,-8604
14697,-1072,-13625
9483,8151,-17634
3811,12490,-16301
-6059,15039,-8980
-9945,16227,-6282
-14697,14619,78
-16681,10613,6068
-15889,4446,11443
-12886,-5300,18186
-7375,-10089,17464
-829,-14231,15060
6991,-16099,9108
12403,-15604,3201
15786,-12886,-2900
16627,-7272,-9355
14709,-874,-13835
9590,8233,-17823
3976,12527,-16503
-5968,15213,-9245
-9908,16326,-6418
-15076,14454,622
-16726,10324,6402
-15802,4001,11801
-13068,-4417,17485
-7128,-10436,17564
-503,-14462,14965
7565,-16161,8596
12791,-15336,2545
15893,-12412,-3481
16446,-7218,-9228
14136,-4,-14132
9561,8155,-17716
3036,12948,-15984
-6492,15237,-8745
-10638,15963,-5325
-15072,14004,1068
-16524,9582,6942
-15378,3060,12318
-12024,-6587,18611
-5944,-11088,17032
528,-14697,14169
8790,-16013,7223
13398,-14973,1575
16066,-11822,-4244
16392,-6422,-9970
13917,503,-14420
8815,8844,-17659
2487,13175,-15662
-6179,15596,-9417
-10980,15959,-4979
-15378,13662,1716
-16557,9136,7421
-15279,2569,12710
-11628,-6727,18355
-5597,-11438,17035
1460,-14722,13262
8984,-16087,7103
13587,-15064,1477
16285,-11805,-4480
16413,-6298,-10115
13864,618,-14482
9009,8988,-17997
2611,13369,-15980
-6105,15741,-9636
-10997,16302,-5305
-15427,14181,1246
-16801,9928,6873
-15807,3543,12264
-12313,-6554,18867
-6727,-10803,17530
-243,-14746,14989
7808,-16339,8531
12779,-15831,3052
16025,-12931,-3094
16780,-7829,-8951
14907,-915,-13992
10506,7598,-18104
4182,12399,-16581
-5296,15246,-9950
-9722,16392,-6670
-14503,15019,-516
-16714,11187,5527
-16161,5020,11141
-13220,-3667,16887
-7936,-9945,17881
-1336,-14223,15559
6356,-16231,9875
12119,-15782,3663
15736,-13315,-2421
16648,-8258,-8390
15023,-1522,-13501
10741,7115,-17856
4574,12177,-16751
-4537,15023,-10486
-9710,16252,-6542
-14474,14808,-334
-16623,11108,5515
-16137,4830,11307
-13096,-4422,17518
-7767,-10040,17807
-1163,-14272,15435
6727,-16318,9591
12267,-15914,3647
15823,-13332,-2491
16871,-8485,-8386
15184,-1637,-13547
11116,7082,-18198
5020,12003,-17023
-3069,15184,-12115
-9376,16401,-7025
-14078,15130,-1052
-16599,11673,4926
-16450,5721,10729
-13740,-1666,15406
-8621,-9372,17993
-1947,-13822,15769
6014,-16066,10052
11578,-15951,4373
15493,-13633,-1860
16681,-8868,-7813
15122,-2095,-13027
10733,7161,-17894
4455,11925,-16380
-5086,14808,-9722
-9735,16046,-6311
-14602,14441,161
-16578,10518,6060
-15699,4137,11562
-12651,-5832,18483
-7255,-10366,17621
-515,-14429,14944
7313,-16145,8832
12643,-15518,2875
15910,-12886,-3024
16611,-7627,-8984
14635,-726,-13909
9928,7808,-17736
3741,12643,-16384
-6344,15250,-8906
-10098,16446,-6348
-14874,14462,412
-16710,10535,6175
-15947,4438,11509
-12849,-5502,18351
-7280,-10366,17646
-705,-14437,15142
7136,-16277,9141
12502,-15654,3152
15827,-12799,-3028
16673,-7808,-8865
14594,-697,-13897
10032,7759,-17791
3807,12577,-16384
-6257,15048,-8791
-10060,16132,-6072
-14866,14499,367
-16627,10390,6237
-15687,3877,11810
-12420,-6067,18487
-6744,-10659,17403
-148,-14503,14651
8052,-16025,7973
12882,-15126,2244
15914,-12135,-3779
16450,-6905,-9545
14115,61,-14176
9124,8481,-17605
2607,13088,-15695
-6162,15522,-9360
-10852,15992,-5140
-15295,13921,1374
-16557,9400,7157
-15419,2937,12482
-11838,-6608,18446
-5915,-11178,17093
548,-14722,14174
8881,-15996,7115
13439,-15089,1650
16157,-11908,-4249
16376,-6344,-10032
13880,515,-14395
8992,8877,-17869
2413,13369,-15782
-6171,15716,-9545
-11137,16132,-4995
-15427,13888,1539
-16797,9570,7227
-15637,3102,12535
-12049,-6703,18752
-6257,-11030,17287
103,-14858,14755
8241,-16277,8036
13010,-15621,2611
16058,-12461,-3597
16632,-7210,-9422
14598,-226,-14372
9817,8142,-17959
3403,12936,-16339
-6402,15406,-9004
-10316,16396,-6080
-15015,14647,368
-16821,10444,6377
-15922,4207,11715
-12837,-5746,18583
-7375,-10291,17666
-709,-14437,15146
7165,-16273,9108
12523,-15650,3127
15897,-13022,-2875
16731,-7940,-8791
14689,-808,-13881
10399,7590,-17989
4120,12498,-16618
-5799,15138,-9339
-9928,16446,-6518
-14680,14709,-29
-16706,10951,5755
-16137,4686,11451
-13154,-4603,17757
-7548,-10085,17633
-969,-14383,15352
6835,-16306,9471
12313,-15695,3382
15798,-13278,-2520
16854,-8184,-8670
15134,-1427,-13707
10720,7284,-18004
4566,12243,-16809
-4615,15163,-10548
-9549,16355,-6806
-14350,14841,-491
-16599,11335,5264
-16157,5123,11034
-13266,-3366,16632
-7829,-9829,17658
-1212,-14148,15360
6529,-16219,9690
12321,-15551,3230
15736,-13059,-2677
16632,-7986,-8646
14821,-1051,-13770
10283,7552,-17835
3885,12383,-16268
-6080,14969,-8889
-9953,16161,-6208
-14775,14466,309
-16541,10386,6155
-15477,3733,11744
-12181,-6307,18488
-6538,-10749,17287
78,-14619,14541
8316,-16042,7726
13076,-15163,2087
16046,-12111,-3935
16401,-6699,-9702
14029,210,-14239
9153,8621,-17774
2475,13257,-15732
-5985,15666,-9681
-10989,16141,-5152
-15357,13987,1370
-16809,9598,7211
-15584,3143,12441
-12168,-6674,18842
-6249,-11059,17308
-33,-14841,14874
8109,-16289,8180
12960,-15609,2649
16079,-12680,-3399
16541,-7218,-9323
14478,-400,-14078
9772,8085,-17857
3522,12870,-16392
-6290,15184,-8894
-10324,16145,-5821
-15052,14346,706
-16677,10089,6588
-15670,3658,12012
-12276,-6492,18768
-6336,-10877,17213
33,-14606,14573
8390,-16017,7627
13076,-15015,1939
16009,-12016,-3993
16454,-6645,-9809
14045,330,-14375
8918,8670,-17588
2536,13204,-15740
-6146,15588,-9442
-11149,15864,-4715
-15340,13723,1617
-16574,9141,7433
-15266,2528,12738
-11558,-6798,18356
-5634,-11364,16998
1332,-14829,13497
9136,-16083,6947
13567,-14973,1406
16289,-11743,-4546
16273,-6030,-10243
13781,886,-14667
8625,9149,-17774
2190,13571,-15761
-6047,15815,-9768
-11273,16021,-4748
-15571,13670,1901
-16698,9178,7520
-15419,2693,12726
-11603,-6905,18508
-5779,-11269,17048
602,-14965,14363
8938,-16211,7273
13451,-15258,1807
16256,-12012,-4244
16495,-6509,-9986
14181,379,-14560
9091,8798,-17889
2714,13286,-16000
-6220,15790,-9570
-10956,16240,-5284
-15382,14350,1032
-16904,9928,6976
-15819,3663,12156
-12519,-6521,19040
-6872,-10819,17691
-338,-14722,15060
7623,-16417,8794
12758,-15807,3049
16075,-13233,-2842
16867,-8101,-8766
14936,-1076,-13860
10786,7404,-18190
4611,12358,-16969
-4632,15233,-10601
-9681,16578,-6897
-14425,15081,-656
-16702,11570,5132
-16483,5494,10989
-13649,-2429,16078
-8361,-9590,17951
-1691,-13983,15674
6199,-16170,9971
11789,-15947,4158
15646,-13624,-2022
16825,-8811,-8014
15287,-1876,-13411
10980,7024,-18004
4690,12032,-16722
-4323,15060,-10737
-9603,16384,-6781
-14416,14940,-524
-16698,11393,5305
-16281,5139,11142
-13484,-3399,16883
-8167,-9735,17902
-1650,-13975,15625
6389,-16273,9884
11822,-15955,4133
15703,-13695,-2008
16718,-8687,-8031
15295,-2029,-13266
11026,7173,-18199
5020,11896,-16916
-3790,15081,-11291
-9590,16355,-6765
-14470,14916,-446
-16665,11240,5425
-16165,5185,10980
-13257,-3654,16911
-8085,-9759,17844
-1117,-14103,15220
6426,-16157,9731
12230,-15551,3321
15642,-13059,-2583
16516,-7845,-8671
14540,-697,-13843
9763,7796,-17559
3357,12746,-16103
-6340,15283,-8943
-10428,16277,-5849
-15019,14350,669
-16689,10217,6472
-15716,3766,11950
-12502,-6138,18640
-6748,-10638,17386
-185,-14606,14791
7829,-16182,8353
12845,-15571,2726
16017,-12523,-3494
16636,-7301,-9335
14528,-235,-14293
9891,8163,-18054
3840,12853,-16693
-6303,15353,-9050
-10052,16429,-6377
-14800,14944,-144
-16764,10898,5866
-16099,4644,11455
-12903,-4768,17671
-7482,-10093,17575
-820,-14350,15170
7119,-16157,9038
12564,-15386,2822
15765,-12585,-3180
16512,-7466,-9046
14383,-309,-14074
9586,8035,-17621
3209,12795,-16004
-6418,15287,-8869
-10374,16145,-5771
-15118,14020,1098
-16549,9726,6823
-15427,3155,12272
-12040,-6579,18619
-6063,-11017,17080
528,-14685,14157
8868,-16042,7174
13377,-15122,1745
16190,-11904,-4286
16310,-6348,-9962
13806,573,-14379
8798,8930,-17728
2409,13319,-15728
-6187,15642,-9455
-11310,15802,-4492
-15481,13579,1902
-16537,8798,7739
-15266,2223,13043
-11104,-6942,18046
-5119,-11616,16735
1938,-14944,13006
9244,-16269,7025
13732,-15097,1365
16343,-11537,-4806
16269,-5832,-10437
13835,1216,-15051
8732,9161,-17893
2215,13583,-15798
-6179,16009,-9830
-11253,16231,-4978
-15555,14140,1415
-16887,9664,7223
-15691,3209,12482
-12234,-6703,18937
-6488,-11079,17567
0,-14825,14825
8138,-16273,8135
12973,-15670,2697
16124,-12795,-3329
16755,-7614,-9141
14544,-408,-14136
10102,7944,-18046
3790,12729,-16519
-6216,15233,-9017
-10131,16421,-6290
-14932,14689,243
-16825,10815,6010
-16149,4508,11641
-12903,-5218,18121
-7515,-10238,17753
-825,-14433,15258
7136,-16248,9112
12511,-15592,3081
15840,-13018,-2822
16805,-8002,-8803
14883,-891,-13992
10395,7515,-17910
4199,12428,-16627
-5849,15085,-9236
-9924,16347,-6423
-14738,14713,25
-16636,10737,5899
-15782,4100,11682
-12581,-5816,18397
-6855,-10560,17415
-462,-14619,15081
7606,-16285,8679
12783,-15675,2892
15996,-12841,-3155
16759,-7614,-9145
14800,-746,-14054
10118,7812,-17930
3885,12540,-16425
-6294,15147,-8853
-10073,16372,-6299
-14887,14602,285
-16755,10634,6121
-15893,4331,11562
-12738,-5845,18583
-7177,-10456,17633
-387,-14548,14935
7631,-16128,8497
12746,-15431,2685
15877,-12577,-3300
16450,-7313,-9137
14218,-132,-14086
9240,8262,-17502
2652,13076,-15728
-6286,15468,-9182
-11030,15901,-4871
-15349,13629,1720
-16648,9112,7536
-15237,2491,12746
-11508,-6864,18372
-5568,-11467,17035
1311,-14895,13584
8980,-16132,7152
13538,-15097,1559
16240,-11735,-4505
16335,-6257,-10078
13802,767,-14569
8782,9079,-17861
2157,13608,-15765
-6154,15930,-9776
-11397,16017,-4620
-15621,13975,1646
-16846,9359,7487
-15543,2850,12693
-11908,-6744,18652
-6039,-11195,17234
441,-14916,14475
8679,-16223,7544
13208,-15138,1930
16075,-12148,-3927
16458,-6715,-9743
14103,375,-14478
8938,8736,-17674
2450,13303,-15753
-6072,15716,-9644
-11133,15889,-4756
-15345,13492,1853
-16479,8934,7545
-15064,2244,12820
-11166,-6839,18005
-5016,-11677,16693
2615,-14734,12119
9314,-15967,6653
14033,-14705,672
16421,-11009,-5412
15914,-4945,-10969
12948,4013,-16961
7668,9945,-17613
1196,14124,-15320
-6488,16091,-9603
-12115,15691,-3576
-15761,13237,2524
-16669,8406,8263
-15081,1777,13304
-10865,-7086,17951
-4896,-11830,16726
3316,-15056,11740
9359,-16335,6976
14000,-15138,1138
16454,-11376,-5078
16236,-5589,-10647
13624,1893,-15517
8468,9405,-17873
1909,13756,-15665
-6051,16120,-10069
-11558,15939,-4381
-15633,13827,1806
-16747,8992,7755
-15373,2446,12927
-11583,-6938,18521
-5713,-11488,17201
1023,-14998,13975
8930,-16260,7330
13591,-15229,1638
16314,-12053,-4261
16557,-6484,-10073
14045,561,-14606
9248,8852,-18100
2722,13332,-16054
-6080,15778,-9698
-10935,16302,-5367
-15378,14289,1089
-16941,10044,6897
-15901,3597,12304
-12486,-6484,18970
-6773,-10766,17539
-342,-14722,15064
7887,-16318,8431
12837,-15712,2875
16104,-12812,-3292
16904,-7726,-9178
14804,-647,-14157
10234,7779,-18013
3840,12713,-16553
-6216,15299,-9083
-10089,16479,-6390
-14899,14767,132
-16834,10865,5969
-16066,4508,11558
-13121,-5106,18227
-7618,-10147,17765
-882,-14425,15307
6901,-16351,9450
12428,-15691,3263
15877,-13179,-2698
16834,-7903,-8931
14977,-1014,-13963
10374,7635,-18009
4050,12523,-16573
-6001,15159,-9158
-9871,16462,-6591
-14709,14916,-207
-16805,11104,5701
-16190,4731,11459
-13253,-4669,17922
-7779,-10048,17827
-1192,-14289,15481
6616,-16401,9785
12234,-15848,3614
15963,-13303,-2660
16788,-8229,-8559
14953,-1266,-13687
10527,7458,-17985
4273,12325,-16598
-5412,15064,-9652
-9743,16359,-6616
-14602,14726,-124
-16594,10638,5956
-15699,4153,11546
-12515,-5845,18360
-6934,-10481,17415
-189,-14606,14795
8014,-16145,8131
12956,-15336,2380
15980,-12387,-3593
16504,-7049,-9455
14231,66,-14297
9512,8382,-17894
3110,13051,-16161
-6414,15435,-9021
-10617,16198,-5581
-15332,14317,1015
-16838,10230,6608
-15683,3448,12235
-12494,-6418,18912
-6616,-10824,17440
-148,-14759,14907
8138,-16322,8184
12931,-15411,2480
16112,-12494,-3618
16693,-7387,-9306
14672,-400,-14272
9788,8027,-17815
3349,12837,-16186
-6352,15258,-8906
-10279,16297,-6018
-15076,14350,726
-16673,10065,6608
-15679,3547,12132
-12263,-6562,18825
-6439,-10935,17374
160,-14606,14446
8555,-16120,7565
13129,-15270,2141
16178,-12119,-4059
16421,-6637,-9784
13942,400,-14342
9079,8736,-17815
2553,13294,-15847
-6249,15650,-9401
-11174,15996,-4822
-15460,13814,1646
-16702,9215,7487
-15468,2739,12729
-11636,-6847,18483
-5733,-11372,17105
759,-14911,14152
8963,-16207,7244
13501,-15312,1811
16194,-11954,-4240
16417,-6492,-9925
13996,585,-14581
9004,8823,-17827
2404,13443,-15847
-6175,15815,-9640
-11166,16013,-4847
-15505,13723,1782
-16726,9103,7623
-15365,2681,12684
-11508,-6967,18475
-5733,-11405,17138
985,-14924,13939
8905,-16170,7265
13571,-15208,1637
16310,-12045,-4265
16533,-6385,-10148
14008,511,-14519
9091,8943,-18034
2528,13472,-16000
-6076,15811,-9735
-11154,16256,-5102
-15510,14161,1349
-16978,9834,7144
-15852,3444,12408
-12337,-6703,19040
-6554,-10918,17472
-127,-14858,14985
8175,-16380,8205
12853,-15827,2974
16042,-12911,-3131
16920,-7680,-9240
14837,-684,-14153
10188,7767,-17955
4017,12663,-16680
-6212,15262,-9050
-9928,16520,-6592
-14862,14771,91
-16830,10890,5940
-16095,4558,11537
-12911,-5082,17993
-7474,-10246,17720
-812,-14482,15294
7070,-16314,9244
12507,-15654,3147
15873,-12989,-2884
16735,-7829,-8906
14693,-688,-14005
9961,7899,-17860
3679,12647,-16326
-6315,15241,-8926
-10370,16347,-5977
-14957,14524,433
-16809,10415,6394
-15868,3993,11875
-12725,-6117,18842
-7123,-10551,17674
-466,-14561,15027
7524,-16231,8707
12692,-15633,2941
15939,-12973,-2966
16660,-7651,-9009
14619,-594,-14025
9862,7882,-17744
3531,12832,-16363
-6336,15324,-8988
-10271,16380,-6109
-14994,14429,565
-16714,10209,6505
-15712,3745,11967
-12366,-6311,18677
-6694,-10659,17353
-181,-14590,14771
7969,-16021,8052
13080,-15175,2095
15918,-12078,-3840
16038,-6237,-9801
13356,1155,-14511
8497,9145,-17642
2013,13608,-15621
-6121,15873,-9752
-11640,15679,-4039
-15522,13455,2067
-16656,8625,8031
-15056,1893,13163
-11071,-7086,18157
-5073,-11772,16845
2586,-15027,12441
9429,-16211,6782
13959,-14870,911
16487,-11310,-5177
16471,-5680,-10791
13740,1823,-15563
8526,9351,-17877
1868,13723,-15591
-5721,16190,-10469
-11409,16401,-4992
-15526,13987,1539
-16739,9376,7363
-15464,2780,12684
-11847,-6756,18603
-5750,-11331,17081
866,-14726,13860
9070,-16108,7038
13567,-15159,1592
16326,-11789,-4537
16293,-6133,-10160
13546,1344,-14890
8538,9264,-17802
1975,13682,-15657
-6088,15901,-9813
-11475,15835,-4360
-15555,13398,2157
-16557,8740,7817
-15134,1930,13204
-11088,-6901,17989
-4752,-11888,16640
2994,-14920,11926
9565,-16145,6580
14033,-14940,907
16442,-11162,-5280
16066,-5325,-10741
13278,2924,-16202
8014,9636,-17650
1501,13909,-15410
-6261,16042,-9781
-12036,15703,-3667
-15695,13336,2359
-16623,8320,8303
-15043,1645,13398
-10762,-7222,17984
-4879,-11979,16858
3922,-14990,11068
9491,-16302,6811
14103,-14883,780
16549,-11397,-5152
16285,-5473,-10812
13476,2417,-15893
8423,9520,-17943
1753,13942,-15695
-6080,16194,-10114
-11698,16124,-4426
-15703,13777,1926
-16912,9227,7685
-15501,2656,12845
-11731,-6925,18656
-5832,-11455,17287
503,-15105,14602
8868,-16335,7467
13476,-15444,1968
16285,-12276,-4009
16846,-7074,-9772
14565,8,-14573
9730,8406,-18136
3295,13138,-16433
-6484,15538,-9054
-10411,16458,-6047
-15262,14528,734
-16990,10564,6426
-15951,3988,11963
-12808,-5931,18739
-7016,-10626,17642
-486,-14610,15096
7429,-16392,8963
12808,-15654,2846
16025,-12956,-3069
16784,-7771,-9013
14788,-664,-14124
9982,7825,-17807
3691,12684,-16375
-6261,15213,-8952
-10184,16359,-6175
-15060,14532,528
-16755,10386,6369
-15745,3786,11959
-12556,-6175,18731
-6781,-10725,17506
-301,-14709,15010
7841,-16343,8502
12923,-15675,2752
16170,-12837,-3333
16747,-7449,-9298
14751,-606,-14145
10126,7783,-17909
3696,12742,-16438
-6228,15287,-9059
-10164,16376,-6212
-14961,14610,351
-16764,10444,6320
-15864,3993,11871
-12556,-6133,18689
-6727,-10791,17518
-276,-14693,14969
7986,-16215,8229
12952,-15406,2454
15984,-12416,-3568
16421,-7086,-9335
14124,140,-14264
9235,8423,-17658
2813,13191,-16004
-6175,15510,-9335
-11104,15840,-4736
-15468,13765,1703
-16656,9198,7458
-15262,2363,12899
-11401,-6913,18314
-5490,-11471,16961
1295,-14961,13666
9178,-16231,7053
13645,-15085,1440
16330,-11739,-4591
16545,-6290,-10255
14016,627,-14643
8695,9153,-17848
2231,13579,-15810
-6010,16054,-10044
-11273,16438,-5165
-15596,14119,1477
-16962,9689,7273
-15724,3213,12511
-12333,-6674,19007
-6397,-11075,17472
41,-14812,14771
8266,-16194,7928
13047,-15402,2355
16099,-12350,-3749
16491,-6876,-9615
13657,482,-14139
8815,8753,-17568
2388,13414,-15802
-6410,15774,-9364
-11257,15848,-4591
-15464,13612,1852
-16607,8918,7689
-15221,2355,12866
-11261,-6954,18215
-5275,-11541,16816
1703,-14932,13229
9277,-16157,6880
13917,-14862,945
16384,-11319,-5065
16120,-5395,-10725
13369,2466,-15835
7899,9751,-17650
1452,13987,-15439
-6216,16141,-9925
-11921,15736,-3815
-15642,13398,2244
-16586,8328,8258
-14944,1728,13216
-10956,-7041,17997
-4698,-12028,16726
4195,-14916,10721
9586,-16194,6608
14223,-14808,585
16590,-11038,-5552
16038,-4933,-11105
13183,3881,-17064
7816,9858,-17674
1200,14111,-15311
-6336,16215,-9879
-12012,15827,-3815
-15720,13352,2368
-16764,8481,8283
-15138,1687,13451
-10898,-7272,18170
-5011,-11950,16961
2833,-15147,12314
9454,-16479,7025
13963,-15196,1233
16516,-11760,-4756
16673,-6220,-10453
14107,672,-14779
9066,9037,-18103
2532,13538,-16070
-6154,15885,-9731
-11079,16318,-5239
-15551,14268,1283
-17052,9887,7165
-15811,3308,12503
-12329,-6628,18957
-6459,-11038,17497
-156,-14866,15022
8060,-16363,8303
13026,-15613,2587
16211,-12758,-3453
16784,-7491,-9293
14680,-371,-14309
9792,8138,-17930
3477,12977,-16454
-6439,15402,-8963
-10485,16504,-6019
-15279,14594,685
-17032,10547,6485
-16161,4166,11995
-13043,-5919,18962
-7585,-10510,18095
-994,-14664,15658
6612,-16747,10135
12387,-16438,4051
16157,-14119,-2038
17403,-9268,-8135
15889,-2487,-13402
12160,7020,-19180
6088,11743,-17831
-449,15493,-15044
-8485,17118,-8633
-13352,16442,-3090
-16619,13530,3089
-17535,8509,9026
-15687,1406,14281
-11335,-7367,18702
-5275,-12296,17571
2343,-15633,13290
9524,-16891,7367
14474,-15782,1308
17069,-12222,-4847
16924,-6187,-10737
14169,1472,-15641
9219,9392,-18611
2524,14033,-16557
-6232,16434,-10202
-11467,16685,-5218
-15918,14569,1349
-17320,9966,7354
-16099,3044,13055
-12535,-6785,19320
-6327,-11492,17819
297,-15320,15023
8815,-16706,7891
13715,-15844,2129
16718,-12647,-4071
17221,-7095,-10126
15010,-66,-14944
9912,8588,-18500
3192,13426,-16618
-6513,16050,-9537
-10799,16883,-6084
-15633,14916,717
-17320,10576,6744
-16326,3782,12544
-13018,-6418,19436
-7008,-11059,18067
-222,-15208,15430
8134,-16863,8729
13245,-16244,2999
16706,-13431,-3275
17370,-7849,-9521
15299,-713,-14586
10518,7895,-18413
4182,12960,-17142
-6072,15650,-9578
-10267,16957,-6690
-15221,15188,33
-17213,10943,6270
-16446,4455,11991
-13030,-6014,19044
-7181,-10795,17976
-363,-14990,15353
7944,-16755,8811
13096,-16058,2962
16434,-12952,-3482
17036,-7585,-9451
14911,-235,-14676
9862,8365,-18227
3399,13377,-16776
-6608,15926,-9318
-10881,16731,-5850
-15699,14726,973
-17358,10283,7075
-16190,3720,12470
-12589,-6765,19354
-6727,-11187,17914
20,-15274,15254
8373,-16731,8358
13418,-15914,2496
16528,-12890,-3638
17143,-7334,-9809
14701,16,-14717
9974,8592,-18566
2974,13530,-16504
-6492,16042,-9550
-11096,16743,-5647
-15736,14619,1117
-17316,10147,7169
-16252,3522,12730
-12560,-6826,19386
-6628,-11310,17938
99,-15386,15287
8547,-16850,8303
13443,-16083,2640
16698,-13088,-3610
17444,-7849,-9595
15254,-486,-14768
10370,8163,-18533
3918,13270,-17188
-6443,15934,-9491
-10395,17110,-6715
-15448,15357,91
-17527,11331,6196
-16850,4941,11909
-13802,-4430,18232
-8258,-10370,18628
-1472,-14722,16194
6501,-16982,10481
12350,-16726,4376
16409,-14367,-2042
17469,-9297,-8172
16104,-2326,-13778
11776,7194,-18970
5498,12193,-17691
-2359,15691,-13332
-9648,16978,-7330
-14561,15774,-1213
-17168,12309,4859
-17094,6158,10936
-14268,-1732,16000
-8984,-9603,18587
-1942,-14350,16292
6278,-16627,10349
12040,-16578,4538
16145,-14161,-1984
17370,-9186,-8184
15831,-2107,-13724
11636,7272,-18908
5106,12304,-17410
-3250,15629,-12379
-9792,16966,-7174
-14837,15596,-759
-17209,11847,5362
-17007,5787,11220
-14256,-2326,16582
-8819,-9900,18719
-2050,-14383,16433
6216,-16768,10552
11999,-16904,4905
16281,-14474,-1807
17539,-9730,-7809
16120,-2842,-13278
12370,6971,-19341
6208,11760,-17968
-552,15588,-15036
-9223,16908,-7685
-14115,15992,-1877
-17011,12515,4496
-17209,6719,10490
-14491,-655,15146
-9268,-9215,18483
-2376,-13992,16368
6534,-16434,9900
11789,-16244,4455
15807,-13728,-2079
16962,-8547,-8415
15378,-1443,-13935
10716,7660,-18376
4141,12762,-16903
-6010,15703,-9693
-10139,17015,-6876
-15217,15134,83
-17300,11022,6278
-16561,4591,11970
-13422,-5395,18817
-7049,-11013,18302
-936,-14784,15720
8039,-16780,8741
12824,-16318,3494
16483,-13785,-2698
17341,-7742,-9599
15068,-404,-14664
10807,7709,-18516
4537,12795,-17332
-6505,15881,-9376
-10172,17044,-6872
-15184,15497,-313
-17415,10980,6435
-16632,4541,12091
-13699,-4092,17791
-8146,-10139,18285
-598,-14973,15571
6727,-16751,10024
13092,-16170,3078
16396,-13167,-3229
17081,-8299,-8782
15394,-1109,-14285
10617,7796,-18413
3275,13365,-16640
-6492,15877,-9385
-10960,16689,-5729
-15328,14994,334
-17193,10093,7100
-15980,3262,12718
-12874,-6245,19119
-6199,-11492,17691
627,-15328,14701
8340,-16636,8296
13843,-15741,1898
16801,-12420,-4381
16924,-6608,-10316
14709,28,-14737
9207,9215,-18422
2945,13604,-16549
-6538,15996,-9458
-11030,16731,-5701
-15934,14256,1678
-17308,9570,7738
-16149,3366,12783
-12127,-6971,19098
-5816,-11785,17601
193,-15332,15139
9334,-16714,7380
14132,-15662,1530
16698,-12754,-3944
17143,-6542,-10601
14569,622,-15191
9862,8625,-18487
2582,13938,-16520
-6311,16372,-10061
-11380,16842,-5462
-15637,15109,528
-17457,10877,6580
-16495,4100,12395
-12812,-6769,19581
-7383,-10898,18281
-721,-15114,15835
8340,-16937,8597
13439,-16281,2842
16764,-13208,-3556
17452,-8377,-9075
15749,-1431,-14318
11083,7590,-18673
3943,13162,-17105
-5016,15683,-10667
-10048,17032,-6984
-15378,15406,-28
-17469,11323,6146
-16924,5544,11380
-13934,-3262,17196
-7858,-10597,18455
-973,-14949,15922
6443,-16871,10428
12313,-16561,4248
16335,-14177,-2158
17523,-8448,-9075
15460,-1167,-14293
10935,7647,-18582
5168,12424,-17592
-3081,15741,-12660
-10106,17143,-7037
-14689,15753,-1064
-17386,11463,5923
-16825,5094,11731
-14313,-2037,16350
-8233,-10333,18566
-1167,-14788,15955
6814,-16945,10131
12663,-16504,3841
16450,-13851,-2599
17386,-8658,-8728
15518,-1460,-14058
11248,7491,-18739
4805,12610,-17415
-4813,15592,-10779
-10011,16920,-6909
-14965,15538,-573
-17378,11537,5841
-16640,4929,11711
-13398,-5020,18418
-7684,-10597,18281
-899,-14883,15782
7305,-16896,9591
12775,-16054,3279
16347,-13299,-3048
17176,-7981,-9195
15299,-829,-14470
10250,7977,-18227
3564,13088,-16652
-6620,15794,-9174
-10708,16714,-6006
-15617,14561,1056
-17180,9838,7342
-15996,3085,12911
-12403,-6760,19163
-6092,-11611,17703
606,-15415,14809
9075,-16722,7647
13843,-15840,1997
16801,-12663,-4138
17131,-6921,-10210
14664,264,-14928
9499,8967,-18466
2949,13752,-16701
-6513,16269,-9756
-11244,16941,-5697
-15984,14746,1238
-17485,10060,7425
-16425,3642,12783
-12832,-6670,19502
-6802,-11154,17956
-111,-15258,15369
8217,-16854,8637
13311,-16087,2776
16578,-12882,-3696
17044,-7330,-9714
14829,12,-14841
9784,8551,-18335
2953,13596,-16549
-6439,16124,-9685
-11145,16693,-5548
-15860,14544,1316
-17263,9895,7368
-15996,2982,13014
-12346,-6946,19292
-6150,-11574,17724
404,-15316,14912
9025,-16586,7561
13888,-15720,1832
16813,-12296,-4517
16863,-6303,-10560
14185,878,-15063
9046,9380,-18426
2066,14140,-16206
-6195,16528,-10333
-11814,16508,-4694
-16095,14177,1918
-17283,9355,7928
-15922,2660,13262
-11937,-7012,18949
-5647,-11834,17481
1249,-15518,14269
9429,-16714,7285
14243,-15555,1312
16887,-11925,-4962
16982,-6224,-10758
14185,1505,-15690
8996,9508,-18504
2103,14157,-16260
-6133,16553,-10420
-11880,16586,-4706
-16157,14289,1868
-17370,9565,7805
-15926,2532,13394
-12131,-7095,19226
-5898,-11921,17819
614,-15567,14953
9165,-16900,7735
13946,-16095,2149
16941,-12758,-4183
17345,-7082,-10263
14990,37,-15027
9817,8802,-18619
3312,13608,-16920
-6583,16104,-9521
-10894,17205,-6311
-15728,15266,462
-17638,11005,6633
-16792,4521,12271
-13645,-5618,19263
-8002,-10630,18632
-1192,-14957,16149
6806,-17073,10267
12643,-16656,4013
16479,-14148,-2331
17572,-8918,-8654
16025,-1951,-14074
11661,7346,-19007
5143,12436,-17579
-3180,15802,-12622
-9735,17122,-7387
-14858,15745,-887
-17267,12032,5235
-17085,6001,11084
-14119,-2128,16247
-8778,-9801,18579
-1918,-14499,16417
6360,-16825,10465
12284,-16578,4294
16326,-14000,-2326
17407,-8885,-8522
15683,-1711,-13972
11517,7297,-18814
5090,12581,-17671
-3658,15687,-12029
-9714,17081,-7367
-14738,15774,-1036
-17300,12172,5128
-17073,5915,11158
-14297,-2066,16363
-8773,-9768,18541
-1963,-14425,16388
6389,-16792,10403
12201,-16508,4307
16203,-14008,-2195
17345,-8897,-8448
15782,-1790,-13992
11335,7321,-18656
4912,12474,-17386
-4508,15637,-11129
-9978,16990,-7012
-14998,15320,-322
-17184,11459,5725
-16533,4933,11600
-13311,-5123,18434
-7577,-10572,18149
-767,-14895,15662
7581,-16801,9220
13117,-16013,2896
16528,-13154,-3374
17234,-7672,-9562
14936,-313,-14623
10056,8386,-18442
3568,13360,-16928
-6538,15877,-9339
-10857,16850,-5993
-15679,14887,792
-17415,10576,6839
-16368,3625,12743
-12894,-6624,19518
-6950,-11211,18161
-152,-15287,15439
8014,-17118,9104
13200,-16611,3411
16599,-13356,-3243
17349,-8035,-9314
15427,-800,-14627
10716,7887,-18603
4050,13043,-17093
-6237,15741,-9504
-10436,16867,-6431
-15411,15109,302
-17337,10832,6505
-16277,4001,12276
-12837,-6389,19226
-7033,-10997,18030
-57,-15167,15224
8353,-16660,8307
13509,-15868,2359
16656,-12746,-3910
17085,-7218,-9867
14565,243,-14808
9689,8703,-18392
2883,13633,-16516
-6282,16211,-9929
-11463,16603,-5140
-15844,14437,1407
-17308,9846,7462
-16000,2961,13039
-12251,-6855,19106
-5952,-11632,17584
853,-15382,14529
9264,-16607,7343
13983,-15654,1671
16747,-12102,-4645
17061,-6633,-10428
14305,936,-15241
9083,9281,-18364
2223,14078,-16301
-6191,16516,-10325
-11814,16582,-4768
-16194,14251,1943
-17382,9339,8043
-15980,2549,13431
-11950,-7062,19012
-5841,-11908,17749
548,-15724,15176
9149,-17040,7891
13864,-16190,2326
16974,-12824,-4150
17341,-7222,-10119
15019,0,-15019
9916,8662,-18578
3275,13583,-16858
-6554,16170,-9616
-10960,17164,-6204
-15802,15204,598
-17626,11042,6584
-16731,4368,12363
-13530,-5692,19222
-7953,-10601,18554
-981,-15019,16000
6963,-17139,10176
12758,-16570,3812
16566,-14049,-2517
17502,-8707,-8795
15910,-1658,-14252
11409,7392,-18801
4842,12639,-17481
-4302,15877,-11575
-9871,17151,-7280
-14895,15807,-912
-17353,11900,5453
-17085,5696,11389
-14173,-2202,16375
-8732,-9920,18652
-1728,-14635,16363
6422,-16792,10370
12230,-16644,4414
16306,-14066,-2240
17320,-8910,-8410
15448,-1460,-13988
11038,7491,-18529
4780,12667,-17447
-5094,15679,-10585
-10044,16995,-6951
-15109,15559,-450
-17436,11517,5919
-16970,5226,11744
-13901,-4182,18083
-8221,-10312,18533
-1460,-14738,16198
6657,-17032,10375
12474,-16570,4096
16273,-14041,-2232
17556,-8959,-8597
15939,-2054,-13885
11521,7293,-18814
5024,12502,-17526
-3984,15679,-11695
-9838,16974,-7136
-14903,15485,-582
-17193,11570,5623
-16648,5143,11505
-13406,-4636,18042
-7796,-10432,18228
-676,-14866,15542
7486,-16743,9257
12956,-16005,3049
16401,-13154,-3247
17073,-7618,-9455
14594,45,-14639
9644,8629,-18273
3209,13414,-16623
-6831,15984,-9153
-11141,16731,-5590
-15889,14561,1328
-17320,9928,7392
-16170,3159,13011
-12321,-7012,19333
-6311,-11467,17778
412,-15373,14961
8885,-16887,8002
13785,-15939,2154
16751,-12659,-4092
17135,-6950,-10185
14775,305,-15080
9656,8897,-18553
3027,13703,-16730
-6315,16314,-9999
-11149,16982,-5833
-15873,14998,875
-17498,10357,7141
-16347,3778,12569
-12898,-6509,19407
-6901,-11145,18046
-189,-15097,15286
8357,-16735,8378
13521,-15827,2306
16677,-12766,-3911
16941,-7037,-9904
14346,453,-14799
9198,9091,-18289
2425,13897,-16322
-6237,16392,-10155
-11694,16462,-4768
-15992,14161,1831
-17209,9235,7974
-15798,2446,13352
-11673,-7218,18891
-5581,-11970,17551
1905,-15526,13621
9656,-16735,7079
14367,-15551,1184
17019,-11970,-5049
17019,-6051,-10968
14206,1699,-15905
8831,9615,-18446
2153,14173,-16326
-6175,16553,-10378
-11710,16722,-5012
-16174,14470,1704
-17440,9656,7784
-16083,2792,13291
-12267,-6880,19147
-5890,-11814,17704
610,-15563,14953
9273,-16850,7577
14053,-16005,1952
16937,-12573,-4364
17246,-6872,-10374
14874,206,-15080
9487,8980,-18467
2965,13740,-16705
-6344,16318,-9974
-11240,16929,-5689
-15951,14751,1200
-17436,10374,7062
-16289,3440,12849
-12923,-6686,19609
-6822,-11343,18165
24,-15427,15403
8443,-16949,8506
13567,-16252,2685
16747,-13220,-3527
17473,-7722,-9751
15188,-354,-14834
10263,8344,-18607
3762,13332,-17094
-6360,15955,-9595
-10576,17131,-6555
-15555,15299,256
-17539,11063,6476
-16706,4500,12206
-13484,-5564,19048
-7738,-10716,18454
-734,-15122,15856
7301,-16999,9698
12960,-16487,3527
16520,-13695,-2825
17465,-8448,-9017
15452,-1006,-14446
10902,7713,-18615
4549,12820,-17369
-5519,15712,-10193
-10287,17019,-6732
-15324,15423,-99
-17407,11496,5911
-16755,4888,11867
-13538,-4846,18384
-7812,-10638,18450
-870,-15093,15963
7429,-17036,9607
12944,-16388,3444
16475,-13587,-2888
17452,-8349,-9103
15629,-1212,-14417
10811,7816,-18627
4450,12832,-17282
-5651,15811,-10160
-10110,17147,-7037
-15332,15316,16
-17403,11438,5965
-16830,4929,11901
-13666,-4987,18653
-7928,-10522,18450
-771,-14969,15740
7288,-16891,9603
12837,-16260,3423
16491,-13608,-2883
17267,-8171,-9096
14854,-544,-14310
10143,8031,-18174
3559,13183,-16742
-6447,15807,-9360
-10951,16726,-5775
-15790,14581,1209
-17292,9994,7298
-16157,3304,12853
-12428,-6793,19221
-6294,-11541,17835
470,-15435,14965
8823,-16937,8114
13728,-16157,2429
16747,-12808,-3939
17155,-7103,-10052
14973,20,-14993
9920,8633,-18553
3077,13608,-16685
-6525,16223,-9698
-11298,16838,-5540
-15889,14837,1052
-17502,10147,7355
-16256,3506,12750
-12729,-6798,19527
-6604,-11389,17993
-4,-15316,15320
8398,-16830,8432
13472,-16038,2566
16652,-12894,-3758
17205,-7334,-9871
14767,90,-14857
9636,8778,-18414
3069,13633,-16702
-6146,16260,-10114
-11298,16764,-5466
-15852,14565,1287
-17345,9891,7454
-16099,3044,13055
-12288,-6954,19242
-6105,-11562,17667
416,-15353,14937
9095,-16698,7603
13975,-15703,1728
16867,-12205,-4662
17127,-6472,-10655
14396,771,-15167
9194,9281,-18475
2347,14078,-16425
-6228,16425,-10197
-11653,16665,-5012
-16145,14400,1745
-17374,9631,7743
-16050,2883,13167
-12127,-6905,19032
-5997,-11690,17687
606,-15464,14858
9400,-16698,7298
14128,-15732,1604
16978,-12181,-4797
16999,-6331,-10668
14326,1122,-15448
9000,9438,-18438
2215,14119,-16334
-6109,16533,-10424
-11900,16640,-4740
-16215,14280,1935
-17337,9392,7945
-15881,2499,13382
-12139,-7082,19221
-5940,-11871,17811
1084,-15621,14537
9322,-16924,7602
14115,-15951,1836
17073,-12610,-4463
17283,-6752,-10531
14775,383,-15158
9631,9021,-18652
2846,13789,-16635
-6397,16384,-9987
-11137,17118,-5981
-15922,15019,903
-17646,10621,7025
-16644,3972,12672
-13191,-6241,19432
-7392,-11005,18397
-424,-15246,15670
7697,-16953,9256
13167,-16330,3163
16660,-13464,-3196
17345,-7986,-9359
15225,-614,-14611
10473,8052,-18525
3881,13220,-17101
-6381,15807,-9426
-10506,17011,-6505
-15530,15229,301
-17461,11026,6435
-16520,4236,12284
-13311,-5923,19234
-7350,-10774,18124
-536,-15188,15724
7878,-16896,9018
13150,-16112,2962
16545,-13150,-3395
17345,-7684,-9661
15142,-284,-14858
10151,8373,-18524
3485,13352,-16837
-6472,16033,-9561
-10770,17028,-6258
-15650,15023,627
-17465,10782,6683
-16495,4030,12465
-13204,-6204,19408
-7144,-11042,18186
-383,-15081,15464
8047,-16916,8869
13464,-16083,2619
16693,-13105,-3588
17292,-7548,-9744
14916,-103,-14813
9891,8526,-18417
3399,13447,-16846
-6666,15976,-9310
-10906,16801,-5895
-15687,14623,1064
-17118,9883,7235
-15947,3114,12833
-12144,-6913,19057
-5808,-11657,17465
1142,-15373,14231
9429,-16665,7236
14297,-15576,1279
16867,-11896,-4971
16726,-5787,-10939
14148,2008,-16156
8542,9817,-18359
1765,14322,-16087
-6364,16660,-10296
-12210,16483,-4273
-16264,13975,2289
-17283,8835,8448
-15687,1914,13773
-11537,-7239,18776
-5387,-12267,17654
2091,-15683,13592
9541,-16962,7421
14342,-15757,1415
17110,-12370,-4740
17110,-6435,-10675
14478,825,-15303
9207,9343,-18550
2363,14074,-16437
-6204,16483,-10279
-11760,16570,-4810
-16054,14251,1803
-17378,9487,7891
-15947,2586,13361
-11801,-7128,18929
-5704,-11970,17674
1695,-15522,13827
9545,-16751,7206
14338,-15510,1172
16916,-11880,-5036
16772,-5907,-10865
13971,2050,-16021
8431,9772,-18203
1534,14359,-15893
-6451,16574,-10123
-12403,16120,-3717
-16211,13662,2549
-17164,8423,8741
-15386,1340,14046
-10910,-7449,18359
-4356,-12705,17061
5106,-15551,10445
10098,-16755,6657
14907,-15208,301
17209,-11191,-6018
16491,-4776,-11715
13344,4648,-17992
7676,10473,-18149
804,14784,-15588
-7227,16718,-9491
-12795,16236,-3441
-16446,13406,3040
-17271,8163,9108
-15349,1105,14244
-11009,-7532,18541
-4653,-12680,17333
4657,-15815,11158
9986,-16986,7000
14911,-15584,673
17267,-11859,-5408
16945,-5593,-11352
14016,2557,-16573
8460,9970,-18430
1658,14499,-16157
-6348,16813,-10465
-12247,16751,-4504
-16380,14293,2087
-17613,9466,8147
-16149,2619,13530
-12205,-7004,19209
-6100,-11929,18029
540,-15613,15073
8980,-17065,8085
13893,-16198,2305
16879,-12923,-3956
17345,-7276,-10069
15010,41,-15051
10011,8646,-18657
3312,13690,-17002
-6765,16178,-9413
-11005,16957,-5952
-15864,14998,866
-17547,10634,6913
-16549,3906,12643
-13113,-6393,19506
-7115,-11092,18207
-445,-15258,15703
7932,-16871,8939
13332,-16095,2763
16508,-13204,-3304
17312,-7660,-9652
15019,-226,-14793
9854,8518,-18372
3196,13455,-16651
-6740,16170,-9430
-11059,16990,-5931
-15972,14738,1234
-17535,10275,7260
-16471,3679,12792
-12997,-6567,19564
-6917,-11232,18149
-169,-15324,15493
8221,-16834,8613
13373,-16198,2825
16698,-13237,-3461
17279,-7606,-9673
14858,-165,-14693
9784,8584,-18368
3250,13563,-16813
-6950,16042,-9092
-11100,16846,-5746
-15934,14557,1377
-17337,9994,7343
-16244,3333,12911
-12383,-6950,19333
-6282,-11413,17695
470,-15386,14916
9029,-16735,7706
13884,-15786,1902
16776,-12387,-4389
16772,-6282,-10490
14231,1142,-15373
8786,9524,-18310
1918,14231,-16149
-6237,16673,-10436
-12135,16475,-4340
-16244,14148,2096
-17341,9004,8337
-15877,2211,13666
-11739,-7086,18825
-5638,-12086,17724
1204,-15716,14512
9306,-16924,7618
14132,-15918,1786
17040,-12519,-4521
17201,-6550,-10651
14619,631,-15250
9450,9240,-18690
2685,13996,-16681
-6261,16471,-10210
-11463,16850,-5387
-15939,14705,1234
-17428,10060,7368
-16231,3246,12985
-12597,-6917,19514
-6496,-11471,17967
507,-15328,14821
9062,-16739,7677
13971,-15716,1745
16817,-12131,-4686
16858,-6360,-10498
14012,1390,-15402
8382,9726,-18108
1765,14322,-16087
-6253,16574,-10321
-12247,16252,-4005
-16215,13703,2512
-17250,8666,8584
-15505,1650,13855
-11092,-7346,18438
-4747,-12494,17241
4508,-15534,11026
9904,-16722,6818
14940,-15241,301
17205,-11327,-5878
16557,-4987,-11570
13360,4384,-17744
7610,10481,-18091
973,14689,-15662
-7222,16714,-9492
-12874,16120,-3246
-16421,13385,3036
-17201,8072,9129
-15155,845,14310
-10687,-7726,18413
-4281,-12746,17027
6063,-15617,9554
10283,-16904,6621
15312,-15126,-186
17312,-11096,-6216
16512,-4570,-11942
13365,5152,-18517
7639,10613,-18252
936,14841,-15777
-7136,16846,-9710
-12746,16401,-3655
-16434,13703,2731
-17424,8584,8840
-15761,1604,14157
-11232,-7445,18677
-4991,-12589,17580
3708,-15716,12008
9796,-17061,7265
14623,-15761,1138
17217,-11995,-5222
17114,-6067,-11047
14338,1563,-15901
9099,9619,-18718
2310,14185,-16495
-6179,16665,-10486
-11793,16755,-4962
-16145,14610,1535
-17523,9834,7689
-16252,2916,13336
-12387,-6954,19341
-6175,-11756,17931
486,-15576,15090
9141,-16863,7722
13921,-15815,1894
16879,-12494,-4385
17209,-6818,-10391
14784,243,-15027
9388,8934,-18322
2561,13888,-16449
-6381,16330,-9949
-11517,16623,-5106
-16021,14247,1774
-17221,9367,7854
-15823,2338,13485
-11772,-7136,18908
-5502,-12049,17551
2252,-15563,13311
9652,-16792,7140
14408,-15658,1250
17089,-12102,-4987
16904,-6084,-10820
14148,1695,-15843
8778,9586,-18364
1992,14272,-16264
-6406,16541,-10135
-11966,16520,-4554
-16112,14000,2112
-17296,8918,8378
-15745,1988,13757
-11372,-7309,18681
-5102,-12267,17369
3766,-15518,11752
9689,-16887,7198
14718,-15472,754
17023,-11743,-5280
16665,-5341,-11324
13703,3130,-16833
8056,10143,-18199
1212,14614,-15826
-6674,16764,-10090
-12639,16190,-3551
-16322,13567,2755
-17209,8217,8992
-15353,1113,14240
-10729,-7730,18459
-4380,-12758,17138
5601,-15609,10008
10126,-16854,6728
14977,-15188,211
17201,-11269,-5932
16545,-4838,-11707
13381,4768,-18149
7796,10440,-18236
944,14854,-15798
-7260,16854,-9594
-12948,16137,-3189
-16421,13501,2920
-17366,8299,9067
-15448,1167,14281
-10894,-7635,18529
-4450,-12729,17179
4896,-15691,10795
10007,-16953,6946
14784,-15481,697
17151,-11599,-5552
16805,-5568,-11237
13777,3361,-17138
8208,10019,-18227
1122,14619,-15741
-6703,16698,-9995
-12540,16161,-3621
-16314,13492,2822
-17217,8175,9042
-15287,1051,14236
-10708,-7664,18372
-4104,-12837,16941
5845,-15555,9710
10168,-16726,6558
15192,-14961,-231
17147,-10869,-6278
16376,-4364,-12012
13063,5779,-18842
7206,10741,-17947
169,15006,-15175
-8043,16677,-8634
-13129,16116,-2987
-16524,13039,3485
-17122,7660,9462
-14907,358,14549
-10209,-8097,18306
-3588,-13092,16680
6463,-15708,9245
10560,-16726,6166
15386,-14866,-520
17205,-10568,-6637
16260,-3898,-12362
12762,6468,-19230
6670,11158,-17828
-181,15258,-15077
-8522,16731,-8209
-13365,16083,-2718
-16611,12981,3630
-17337,7734,9603
-15175,507,14668
-10461,-8047,18508
-4067,-13072,17139
6113,-15790,9677
10300,-17011,6711
15246,-15390,144
17312,-11281,-6031
16718,-4908,-11810
13624,4603,-18227
8179,10390,-18569
1394,14746,-16140
-6587,16949,-10362
-12436,16582,-4146
-16421,14223,2198
-17498,9174,8324
-15967,2264,13703
-11896,-7062,18958
-5634,-12045,17679
1765,-15596,13831
9598,-16825,7227
14350,-15749,1399
17135,-12049,-5086
17040,-6166,-10874
14243,1320,-15563
8786,9636,-18422
2033,14247,-16280
-6199,16706,-10507
-11987,16623,-4636
-16145,14148,1997
-17386,9174,8212
-15798,2297,13501
-11847,-7012,18859
-5230,-12193,17423
2569,-15518,12949
9759,-16834,7075
14639,-15567,928
17151,-11941,-5210
16933,-5717,-11216
14025,2586,-16611
8588,10052,-18640
1777,14495,-16272
-6369,16710,-10341
-12156,16726,-4570
-16363,14301,2062
-17473,9504,7969
-16178,2677,13501
-12090,-6991,19081
-5902,-11851,17753
796,-15613,14817
9347,-16879,7532
14247,-15926,1679
16916,-12350,-4566
17127,-6637,-10490
14495,730,-15225
9194,9211,-18405
2470,13913,-16383
-6216,16475,-10259
-11739,16442,-4703
-15988,14037,1951
-16990,8778,8212
-15349,1794,13555
-11001,-7404,18405
-4698,-12441,17139
5016,-15501,10485
10151,-16731,6580
15027,-15241,214
17135,-11162,-5973
16483,-4818,-11665
13369,5110,-18479
7730,10494,-18224
915,14858,-15773
-7185,16768,-9583
-12733,16260,-3527
-16363,13488,2875
-17267,8266,9001
-15439,1105,14334
-10753,-7771,18524
-4409,-12750,17159
5424,-15588,10164
10147,-16978,6831
15060,-15456,396
17308,-11488,-5820
16755,-5189,-11566
13831,3745,-17576
8266,10069,-18335
1365,14639,-16004
-6591,16759,-10168
-12490,16314,-3824
-16326,13818,2508
-17337,8509,8828
-15505,1468,14037
-11063,-7429,18492
-4743,-12535,17278
4475,-15543,11068
9871,-16768,6897
14961,-15270,309
17118,-11244,-5874
16467,-4879,-11588
13261,4549,-17810
7383,10539,-17922
552,14854,-15406
-7722,16619,-8897
-13113,15934,-2821
-16438,13068,3370
-17118,7606,9512
-14862,193,14669
-10213,-8179,18392
-3729,-13072,16801
6501,-15757,9256
10605,-16689,6084
15394,-14854,-540
17213,-10514,-6699
16153,-3778,-12375
12709,6385,-19094
6591,11228,-17819
-177,15225,-15048
-8472,16698,-8226
-13530,15860,-2330
-16553,12837,3716
-17180,7309,9871
-14895,94,14801
-9994,-8464,18458
-3456,-13327,16783
6620,-15939,9319
10807,-16924,6117
15555,-14982,-573
17349,-10720,-6629
16446,-4087,-12359
13068,6158,-19226
7350,10923,-18273
598,15122,-15720
-7697,16867,-9170
-13105,16384,-3279
-16594,13591,3003
-17366,8237,9129
-15604,1262,14342
-11038,-7643,18681
-4719,-12725,17444
4277,-15728,11451
10044,-16970,6926
14808,-15456,648
17263,-11653,-5610
16941,-5630,-11311
14103,2664,-16767
8307,10069,-18376
1563,14540,-16103
-6381,16858,-10477
-12420,16504,-4084
-16368,13959,2409
-17469,9054,8415
-15835,1918,13917
-11723,-7222,18945
-5370,-12280,17650
2487,-15642,13155
9607,-16900,7293
14499,-15625,1126
17213,-12156,-5057
17094,-6228,-10866
14239,1662,-15901
8852,9594,-18446
2070,14293,-16363
-6261,16660,-10399
-12069,16619,-4550
-16368,14111,2257
-17481,9281,8200
-15976,2318,13658
-11814,-7115,18929
-5700,-11946,17646
1600,-15547,13947
9355,-16891,7536
14301,-15848,1547
17011,-12164,-4847
16830,-6088,-10742
14161,1336,-15497
8745,9664,-18409
1790,14375,-16165
-6435,16718,-10283
-12230,16421,-4191
-16302,13827,2475
-17226,8584,8642
-15609,1753,13856
-11199,-7280,18479
-4694,-12469,17163
4483,-15373,10890
9850,-16669,6819
14887,-15147,260
16974,-11145,-5829
16017,-4290,-11727
12808,5960,-18768
7020,10910,-17930
-20,15072,-15052
-8254,16702,-8448
-13431,15922,-2491
-16553,12894,3659
-17193,7412,9781
-14932,193,14739
-10077,-8382,18459
-3675,-13224,16899
6509,-15840,9331
10535,-17028,6493
15415,-15147,-268
17382,-10935,-6447
16537,-4368,-12169
13282,5721,-19003
7573,10646,-18219
833,14994,-15827
-7317,16871,-9554
-12936,16211,-3275
-16458,13624,2834
-17358,8369,8989
-15477,1336,14141
-10861,-7569,18430
-4488,-12647,17135
5197,-15538,10341
10263,-16805,6542
15109,-15147,38
17184,-11034,-6150
16429,-4500,-11929
13080,5445,-18525
7156,10795,-17951
544,14924,-15468
-7705,16673,-8968
-13096,16071,-2975
-16409,13224,3185
-17151,7709,9442
-14965,490,14475
-10172,-8142,18314
-3646,-13072,16718
6492,-15782,9290
10791,-16739,5948
15431,-14920,-511
17209,-10568,-6641
16227,-3832,-12395
12709,6476,-19185
6806,11088,-17894
-90,15114,-15024
-8419,16702,-8283
-13365,15918,-2553
-16599,12841,3758
-17172,7420,9752
-14899,210,14689
-9912,-8485,18397
-3345,-13356,16701
6674,-15860,9186
10931,-16792,5861
15683,-14738,-945
17267,-10316,-6951
16207,-3609,-12598
12861,6538,-19399
6913,11133,-18046
53,15229,-15282
-8179,16813,-8634
-13249,16219,-2970
-16644,13327,3317
-17341,7858,9483
-15299,713,14586
-10605,-7990,18595
-4158,-13105,17263
5944,-15856,9912
10345,-17160,6815
15122,-15431,309
17436,-11570,-5866
17118,-5519,-11599
14190,2792,-16982
8567,10040,-18607
1819,14491,-16310
-6105,16970,-10865
-12123,16879,-4756
-16297,14491,1806
-17564,9611,7953
-16256,2784,13472
-12469,-7041,19510
-6125,-11855,17980
536,-15534,14998
9083,-16937,7854
14012,-16145,2133
17019,-12717,-4302
17180,-6377,-10803
14614,457,-15071
8905,9631,-18536
2021,14346,-16367
-6426,16306,-9880
-11434,16854,-5420
-16314,14132,2182
-17395,9825,7570
-15939,2145,13794
-12218,-6950,19168
-6010,-11818,17828
2186,-15712,13526
9132,-17015,7883
14581,-15831,1250
16962,-12556,-4406
17094,-6199,-10895
14829,330,-15159
8889,9582,-18471
2838,13868,-16706
-6385,16380,-9995
-11302,16830,-5528
-16219,14346,1873
-17333,9165,8168
-16153,2994,13159
-12354,-6868,19222
-6034,-11723,17757
738,-15505,14767
9722,-16792,7070
14573,-15534,961
16924,-12300,-4624
16879,-6294,-10585
14272,1146,-15418
8848,9512,-18360
2054,14177,-16231
-6707,16842,-10135
-12663,16099,-3436
-16108,13843,2265
-17197,8031,9166
-15472,1476,13996
-10349,-7936,18285
-4545,-12535,17080
4743,-15526,10783
10560,-16896,6336
15373,-15031,-342
17213,-11294,-5919
16702,-5110,-11592
13492,4335,-17827
8072,10300,-18372
1122,14800,-15922
-7907,16817,-8910
-12684,16392,-3708
-16508,13765,2743
-17432,8080,9352
-15662,1637,14025
-11302,-7420,18722
-4945,-12490,17435
5263,-15860,10597
10250,-16949,6699
15081,-15361,280
17106,-11904,-5202
16830,-5783,-11047
13814,2586,-16400
8208,10052,-18260
1171,14594,-15765
-7503,16743,-9240
-12540,16297,-3757
-16318,13476,2842
-17118,7647,9471
-14866,325,14541
-10803,-7631,18434
-3427,-13195,16622
6501,-15798,9297
10333,-16797,6464
15510,-14705,-805
17242,-10390,-6852
16322,-4331,-11991
12993,5973,-18966
6488,11211,-17699
198,15023,-15221
-7957,16590,-8633
-13629,15749,-2120
-16458,12997,3461
-17201,7569,9632
-14936,288,14648
-9499,-9054,18553
-2652,-13847,16499
6468,-16248,9780
11537,-16858,5321
16050,-14862,-1188
17655,-10296,-7359
16627,-3774,-12853
13542,6249,-19791
8753,10617,-19370
1802,15081,-16883
-6389,17242,-10853
-12271,17102,-4831
-16590,14944,1646
-17980,10242,7738
-16842,3444,13398
-13348,-6802,20150
-7321,-11455,18776
-660,-15654,16314
7474,-17688,10214
13026,-17283,4257
16962,-14730,-2232
18158,-9768,-8390
16949,-2912,-14037
12886,7008,-19894
6723,11888,-18611
-198,16054,-15856
-8621,17646,-9025
-13756,17065,-3309
-17370,13971,3399
-18203,8571,9632
-16285,1249,15036
-11735,-7598,19333
-5007,-13051,18058
3811,-16207,12396
10040,-17601,7561
15196,-16396,1200
17820,-12453,-5367
17308,-5832,-11476
14115,3081,-17196
8914,10155,-19069
2140,14965,-17105
-6389,17374,-10985
-12358,17353,-4995
-16764,14788,1976
-18001,9842,8159
-16772,3003,13769
-12585,-7177,19762
-6294,-12036,18330
705,-16021,15316
9400,-17469,8069
14647,-16512,1865
17477,-12721,-4756
17613,-6579,-11034
15134,688,-15822
9702,9594,-19296
2660,14499,-17159
-6286,17143,-10857
-11715,17543,-5828
-16520,15394,1126
-18150,10601,7549
-16846,3691,13155
-13315,-6781,20096
-6979,-11640,18619
86,-15844,15758
8654,-17325,8671
14041,-16594,2553
17254,-13249,-4005
17667,-7173,-10494
14932,478,-15410
9821,9215,-19036
2813,14190,-17003
-6385,16887,-10502
-11875,17061,-5186
-16429,14594,1835
-17758,9590,8168
-16277,2347,13930
-11884,-7284,19168
-5214,-12560,17774
3361,-16075,12714
10102,-17316,7214
15184,-15856,672
17589,-11904,-5685
17271,-5572,-11699
14194,2920,-17114
8443,10399,-18842
1340,15052,-16392
-6682,17209,-10527
-12853,16863,-4010
-16825,14169,2656
-17894,8815,9079
-16141,1501,14640
-11397,-7668,19065
-4867,-13022,17889
4351,-16227,11876
10192,-17642,7450
15320,-16215,895
17886,-12337,-5549
17741,-6158,-11583
14837,1947,-16784
9141,10073,-19214
2260,14837,-17097
-6216,17374,-11158
-12205,17683,-5478
-16747,15510,1237
-18310,10605,7705
-17056,3617,13439
-13600,-6694,20294
-7449,-11595,19044
-536,-15943,16479
8060,-17807,9747
13711,-17234,3523
17353,-14305,-3048
18335,-8773,-9562
16429,-1394,-15035
11723,7783,-19506
5131,13245,-18376
-4496,16603,-12107
-10085,18166,-8081
-15349,16768,-1419
-18092,13080,5012
-18290,7062,11228
-15691,-449,16140
-10320,-9380,19700
-3366,-14474,17840
6835,-17102,10267
11550,-18022,6472
16611,-16050,-561
18504,-11471,-7033
17605,-4574,-13031
14119,5964,-20083
8258,11269,-19527
1068,15897,-16965
-7280,18005,-10725
-13373,17514,-4141
-17436,14907,2529
-18579,9524,9055
-16986,2165,14821
-12552,-7495,20047
-5803,-12973,18776
1852,-16710,14858
10003,-18162,8159
15167,-16933,1766
18195,-13241,-4954
18484,-7231,-11253
15753,391,-16144
10296,9433,-19729
3139,14643,-17782
-6459,17345,-10886
-11677,18199,-6522
-16883,15976,907
-18698,11310,7388
-17700,4191,13509
-14128,-6496,20624
-7837,-11760,19597
-391,-16260,16651
8134,-18141,10007
13913,-17551,3638
17708,-14689,-3019
18640,-8980,-9660
16541,-1179,-15362
11731,8064,-19795
4884,13699,-18583
-5502,16809,-11307
-10766,18249,-7483
-16170,16623,-453
-18500,12230,6270
-18100,5618,12482
-14788,-4364,19152
-8794,-10844,19638
-1476,-15699,17175
6930,-18112,11182
13195,-17667,4472
17415,-14953,-2462
18492,-9367,-9125
16751,-1773,-14978
12020,7746,-19766
5135,13352,-18487
-4954,16772,-11818
-10700,18129,-7429
-16058,16640,-582
-18570,12271,6299
-18013,5630,12383
-14734,-4252,18986
-8901,-10774,19675
-1600,-15654,17254
6826,-18059,11233
13125,-17700,4575
17374,-15109,-2265
18537,-9541,-8996
16772,-1876,-14896
12238,7734,-19972
5457,13154,-18611
-4191,16731,-12540
-10551,18075,-7524
-15827,16549,-722
-18368,12507,5861
-17877,5647,12230
-14647,-3782,18429
-8596,-10857,19453
-1208,-15617,16825
7387,-17886,10499
13571,-17213,3642
17349,-14198,-3151
18265,-8303,-9962
16124,-556,-15568
10869,8584,-19453
3815,14140,-17955
-6719,17015,-10296
-11306,18030,-6724
-16508,16050,458
-18554,11616,6938
-17506,4384,13122
-13967,-6294,20261
-7717,-11566,19283
-375,-16124,16499
8291,-17927,9636
14119,-17213,3094
17729,-13983,-3746
18558,-8254,-10304
16165,-499,-15666
10803,8695,-19498
3889,14136,-18025
-6711,16875,-10164
-11343,18117,-6774
-16508,16240,268
-18550,11529,7021
-17473,4455,13018
-14082,-6162,20244
-7684,-11554,19238
-412,-16075,16487
8481,-17956,9475
14231,-17151,2920
17630,-13831,-3799
18319,-7940,-10379
15840,-156,-15684
10452,9029,-19481
3213,14367,-17580
-6756,17040,-10284
-11814,17865,-6051
-16747,15547,1200
-18492,10716,7776
-17230,3551,13679
-13385,-7037,20422
-6666,-12300,18966
639,-16417,15778
9508,-17894,8386
14734,-17015,2281
17832,-13431,-4401
18236,-7321,-10915
15646,259,-15905
10184,9322,-19506
3114,14553,-17667
-6459,17308,-10849
-12135,17708,-5573
-16850,15456,1394
-18422,10456,7966
-17098,3048,14050
-13109,-7185,20294
-6331,-12445,18776
874,-16376,15502
9846,-17787,7941
14895,-16772,1877
17923,-12907,-5016
18191,-6930,-11261
15406,837,-16243
9520,9937,-19457
2400,15010,-17410
-6315,17696,-11381
-12469,17836,-5367
-17147,15336,1811
-18562,10300,8262
-17246,3069,14177
-13261,-7185,20446
-6707,-12375,19082
540,-16528,15988
9462,-18051,8589
14635,-17316,2681
17964,-13930,-4034
18513,-7858,-10655
16075,-169,-15906
10745,8984,-19729
3856,14330,-18186
-6690,17081,-10391
-11294,18195,-6901
-16524,16355,169
-18558,11628,6930
-17778,4723,13055
-14251,-5890,20141
-8089,-11327,19416
-660,-16005,16665
7821,-18092,10271
13888,-17304,3416
17551,-14466,-3085
18455,-8563,-9892
16302,-684,-15618
11323,8361,-19684
4182,13843,-18025
-6624,16842,-10218
-10927,18092,-7165
-16467,16104,363
-18475,11570,6905
-17543,4500,13043
-14025,-6274,20299
-7540,-11698,19238
-334,-16174,16508
8476,-17968,9492
14243,-17283,3040
17650,-14124,-3526
18463,-8159,-10304
16137,-528,-15609
11092,8551,-19643
4071,14037,-18108
-6727,16846,-10119
-11170,18067,-6897
-16533,16021,512
-18508,11583,6925
-17572,4413,13159
-13996,-6480,20476
-7561,-11624,19185
-358,-16128,16486
8592,-17857,9265
14206,-17032,2826
17531,-13917,-3614
18302,-8076,-10226
15807,-165,-15642
10320,8938,-19258
3118,14408,-17526
-6789,16982,-10193
-12065,17502,-5437
-16900,14982,1918
-18294,9821,8473
-16743,2437,14306
-12342,-7429,19771
-5647,-12849,18496
2107,-16636,14529
10106,-17820,7714
15283,-16660,1377
18121,-12713,-5408
17968,-6278,-11690
14973,1909,-16882
9132,10254,-19386
1798,15262,-17060
-6773,17733,-10960
-12997,17527,-4530
-17378,14866,2512
-18430,9681,8749
-16784,2219,14565
-12688,-7383,20071
-6100,-12816,18916
1340,-16648,15308
9846,-17927,8081
15101,-16912,1811
18030,-13183,-4847
18092,-6769,-11323
15274,915,-16189
9487,10011,-19498
2140,15085,-17225
-6377,17646,-11269
-12667,17659,-4992
-17056,15147,1909
-18418,9924,8494
-16953,2582,14371
-12713,-7342,20055
-5869,-12659,18528
1984,-16434,14450
10015,-17803,7788
15279,-16615,1336
18092,-12552,-5540
17688,-5849,-11839
14631,3196,-17827
8835,10568,-19403
1464,15472,-16936
-6851,17873,-11022
-13212,17320,-4108
-17267,14586,2681
-18273,9021,9252
-16574,1732,14842
-11941,-7635,19576
-5032,-13200,18232
4632,-16487,11855
10720,-17848,7128
15724,-16297,573
18211,-12040,-6171
17749,-5473,-12276
14388,4252,-18640
8398,10902,-19300
1064,15654,-16718
-7305,17861,-10556
-13307,17477,-4170
-17465,14511,2954
-18467,9087,9380
-16722,1716,15006
-12065,-7668,19733
-5341,-13303,18644
3939,-16689,12750
10176,-18191,8015
15505,-16867,1362
18302,-13092,-5210
18273,-6715,-11558
15357,1006,-16363
9949,9908,-19857
2800,14994,-17794
-6732,17589,-10857
-12135,18121,-5986
-17102,15761,1341
-18706,10902,7804
-17622,3906,13716
-13847,-6839,20686
-7441,-11809,19250
-259,-16310,16569
8617,-18154,9537
14173,-17362,3189
17758,-14235,-3523
18401,-8221,-10180
16343,-684,-15659
11100,8547,-19647
3968,14103,-18071
-6686,16978,-10292
-11253,18145,-6892
-16487,16182,305
-18525,11471,7054
-17576,4624,12952
-14058,-6220,20278
-7825,-11537,19362
-511,-16104,16615
8250,-18046,9796
14148,-17213,3065
17679,-14161,-3518
18459,-8175,-10284
16050,-288,-15762
11083,8646,-19729
3972,14148,-18120
-6583,16908,-10325
-11199,18228,-7029
-16388,16269,119
-18636,11974,6662
-17787,4978,12809
-14251,-5622,19873
-8225,-11261,19486
-845,-16013,16858
7746,-18059,10313
13987,-17287,3300
17473,-14416,-3057
18533,-8518,-10015
16215,-697,-15518
11269,8353,-19622
4054,13996,-18050
-6645,16772,-10127
-11001,18009,-7008
-16417,16054,363
-18405,11327,7078
-17155,3947,13208
-13381,-6938,20319
-6802,-11954,18756
375,-16359,15984
9425,-17815,8390
14767,-16846,2079
17894,-13237,-4657
18199,-7148,-11051
15563,499,-16062
9735,9747,-19482
2673,14804,-17477
-6463,17411,-10948
-12197,17956,-5759
-17028,15646,1382
-18587,10580,8007
-17337,3469,13868
-13501,-7041,20542
-7123,-12111,19234
37,-16483,16446
8901,-18092,9191
14371,-17312,2941
17745,-14045,-3700
18508,-8151,-10357
16104,-342,-15762
10601,8848,-19449
3667,14231,-17898
-6740,16978,-10238
-11533,17956,-6423
-16665,15588,1077
-18393,10774,7619
-17089,3386,13703
-13121,-7185,20306
-6435,-12280,18715
705,-16355,15650
9743,-17721,7978
15023,-16693,1670
17906,-12940,-4966
17960,-6760,-11200
15118,1357,-16475
9594,9949,-19543
2033,15130,-17163
-6657,17667,-11010
-12750,17490,-4740
-17143,14907,2236
-18356,9574,8782
-16797,2293,14504
-12337,-7416,19753
-5350,-13030,18380
3357,-16442,13085
10205,-17840,7635
15510,-16368,858
18162,-12296,-5866
17873,-5940,-11933
14763,2652,-17415
8815,10518,-19333
1381,15501,-16882
-6892,17815,-10923
-13274,17378,-4104
-17366,14668,2698
-18364,9083,9281
-16615,1604,15011
-11979,-7668,19647
-5176,-13224,18400
4463,-16627,12164
10415,-17989,7574
15724,-16500,776
18348,-12490,-5858
18018,-6084,-11934
14837,2751,-17588
9108,10502,-19610
1980,15332,-17312
-6678,17890,-11212
-12766,17853,-5087
-17337,15274,2063
-18595,10102,8493
-17259,2879,14380
-13026,-7309,20335
-6525,-12453,18978
647,-16665,16018
9582,-18100,8518
14771,-17184,2413
18013,-13612,-4401
18409,-7643,-10766
15980,53,-16033
10514,9235,-19749
3361,14573,-17934
-6979,17217,-10238
-11735,18034,-6299
-16784,15868,916
-18562,11088,7474
-17370,3815,13555
-13616,-6925,20541
-7288,-11921,19209
66,-16339,16273
9004,-17890,8886
14400,-17114,2714
17741,-13864,-3877
18261,-7672,-10589
15691,74,-15765
10201,9301,-19502
3040,14606,-17646
-6492,17382,-10890
-11995,17910,-5915
-16945,15456,1489
-18583,10502,8081
-17246,3341,13905
-13360,-7115,20475
-6822,-12234,19056
387,-16446,16059
9293,-17869,8576
14594,-17007,2413
17766,-13439,-4327
18319,-7594,-10725
15642,235,-15877
10213,9273,-19486
2838,14689,-17527
-6616,17275,-10659
-12135,17770,-5635
-17048,15328,1720
-18426,10254,8172
-17069,2982,14087
-13055,-7115,20170
-6191,-12511,18702
903,-16450,15547
9722,-17729,8007
15056,-16693,1637
18013,-13035,-4978
18001,-6624,-11377
15048,1460,-16508
9136,10234,-19370
1827,15196,-17023
-6633,17696,-11063
-12837,17547,-4710
-17238,14878,2360
-18389,9479,8910
-16693,2107,14586
-12346,-7499,19845
-5692,-12870,18562
2664,-16471,13807
10143,-17853,7710
15555,-16545,990
18228,-12527,-5701
17960,-6018,-11942
14899,2706,-17605
8910,10535,-19445
1699,15349,-17048
-6723,17857,-11134
-12911,17692,-4781
-17275,14973,2302
-18471,9763,8708
-16858,2264,14594
-12449,-7420,19869
-5857,-12758,18615
2611,-16487,13876
10221,-17815,7594
15427,-16640,1213
18150,-12375,-5775
17683,-5754,-11929
14462,3840,-18302
8716,10692,-19408
1192,15571,-16763
-7123,17803,-10680
-13257,17263,-4006
-17333,14503,2830
-18315,8831,9484
-16405,1212,15193
-11504,-8014,19518
-4780,-13435,18215
5383,-16524,11141
10914,-17828,6914
15934,-16149,215
18277,-11756,-6521
17617,-5053,-12564
14301,5036,-19337
8233,10960,-19193
816,15654,-16470
-7536,17807,-10271
-13637,17201,-3564
-17374,14210,3164
-18323,8514,9809
-16248,944,15304
-11199,-8237,19436
-4137,-13818,17955
6435,-16660,10225
11211,-17956,6745
16211,-16108,-103
18418,-11512,-6906
17568,-4772,-12796
14000,5853,-19853
8002,11327,-19329
858,15889,-16747
-7697,17956,-10259
-13571,17527,-3956
-17527,14639,2888
-18583,9145,9438
-16788,1699,15089
-12098,-7668,19766
-5391,-13241,18632
3473,-16759,13286
10238,-18315,8077
15402,-16953,1551
18240,-13138,-5102
18178,-6525,-11653
15588,1006,-16594
9854,9937,-19791
2689,15019,-17708
-6542,17667,-11125
-12218,17910,-5692
-17056,15687,1369
-18554,10609,7945
-17362,3481,13881
-13381,-7078,20459
-6876,-12238,19114
424,-16438,16014
9413,-17869,8456
14718,-17052,2334
17976,-13641,-4335
18286,-7400,-10886
15703,251,-15954
10407,9256,-19663
3052,14631,-17683
-6492,17320,-10828
-11979,17873,-5894
-16912,15538,1374
-18492,10510,7982
-17193,3209,13984
-13195,-7293,20488
-6558,-12490,19048
655,-16611,15956
9677,-18125,8448
14841,-17085,2244
17997,-13616,-4381
18587,-7742,-10845
16087,-20,-16067
10844,9033,-19877
3790,14375,-18165
-6831,17172,-10341
-11360,18207,-6847
-16660,16207,453
-18731,11471,7260
-17721,4554,13167
-14136,-6241,20377
-7602,-11665,19267
-371,-16178,16549
8303,-17985,9682
14025,-17283,3258
17617,-14053,-3564
18302,-8101,-10201
15658,-82,-15576
9961,9182,-19143
2904,14454,-17358
-6624,17242,-10618
-12201,17663,-5462
-17007,15081,1926
-18327,9908,8419
-16792,2475,14317
-12729,-7330,20059
-6113,-12643,18756
1546,-16561,15015
10011,-17853,7842
15085,-16764,1679
18108,-12964,-5144
18034,-6459,-11575
15138,1571,-16709
9297,10230,-19527
2008,15184,-17192
-6657,17766,-11109
-12799,17688,-4889
-17329,14961,2368
-18570,9796,8774
-16962,2454,14508
-12676,-7499,20175
-6047,-12775,18822
1666,-16603,14937
9879,-17964,8085
15151,-16850,1699
18088,-12903,-5185
18001,-6509,-11492
15130,1650,-16780
9549,10073,-19622
2211,15122,-17333
-6534,17708,-11174
-12667,17502,-4835
-17147,14944,2203
-18310,9594,8716
-16772,2281,14491
-12342,-7458,19800
-5321,-12989,18310
3889,-16392,12503
10415,-17820,7405
15712,-16297,585
18178,-12065,-6113
17663,-5354,-12309
14396,4384,-18780
8328,10910,-19238
1142,15646,-16788
-7239,17877,-10638
-13451,17246,-3795
-17300,14404,2896
-18269,8720,9549
-16339,1093,15246
-11545,-7957,19502
-4512,-13604,18116
6129,-16566,10437
10885,-17914,7029
16141,-16099,-42
18261,-11595,-6666
17366,-4603,-12763
13855,6043,-19898
7651,11438,-19089
598,15992,-16590
-8175,17836,-9661
-13917,17201,-3284
-17543,14074,3469
-18414,8452,9962
-16396,775,15621
-11232,-8394,19626
-4566,-13674,18240
5358,-16834,11476
10638,-18376,7738
15906,-16520,614
18339,-12333,-6006
17832,-5556,-12276
14812,3440,-18252
8885,10687,-19572
1654,15510,-17164
-6798,17968,-11170
-13121,17634,-4513
-17382,14982,2400
-18521,9619,8902
-16904,2285,14619
-12478,-7503,19981
-5898,-12808,18706
1901,-16615,14714
10052,-17902,7850
15365,-16792,1427
18224,-12997,-5227
18038,-6455,-11583
15163,1852,-17015
9446,10197,-19643
2244,15241,-17485
-6529,17807,-11278
-12705,17815,-5110
-17217,15295,1922
-18558,10122,8436
-17131,2833,14298
-13072,-7268,20340
-6311,-12552,18863
928,-16615,15687
9875,-17939,8064
15101,-16883,1782
18042,-13179,-4863
18405,-7148,-11257
15621,664,-16285
9941,9722,-19663
2813,14850,-17663
-6628,17523,-10895
-12102,17910,-5808
-16949,15654,1295
-18587,10708,7879
-17320,3469,13851
-13282,-7090,20372
-6600,-12296,18896
647,-16483,15836
9677,-17795,8118
14874,-16990,2116
18005,-13274,-4731
18178,-6979,-11199
15221,829,-16050
9429,9949,-19378
2264,15002,-17266
-6373,17547,-11174
-12531,17444,-4913
-17019,14829,2190
-18100,9153,8947
-16182,1617,14565
-11653,-7771,19424
-4723,-13414,18137
5589,-16561,10972
10799,-17824,7025
16000,-16108,108
18302,-11834,-6468
17432,-4776,-12656
14165,5643,-19808
7862,11273,-19135
668,15881,-16549
-7833,17873,-10040
-13645,17358,-3713
-17510,14239,3271
-18447,8641,9806
-16479,1200,15279
-11471,-8159,19630
-4752,-13546,18298
5556,-16660,11104
10712,-17993,7281
15976,-16355,379
18315,-12106,-6209
17634,-5143,-12491
14396,4747,-19143
8485,10939,-19424
1101,15724,-16825
-7181,17824,-10643
-13410,17308,-3898
-17452,14482,2970
-18339,8679,9660
-16413,1188,15225
-11554,-7944,19498
-4620,-13517,18137
5704,-16549,10845
10848,-17861,7013
16091,-15976,-115
18261,-11644,-6617
17440,-4673,-12767
13983,5828,-19811
7606,11376,-18982
433,15934,-16367
-8262,17762,-9500
-14033,17032,-2999
-17518,13761,3757
-18253,8019,10234
-16005,383,15622
-10729,-8732,19461
-3654,-14128,17782
6851,-16772,9921
11479,-17811,6332
16549,-15708,-841
18282,-11187,-7095
17320,-4100,-13220
13567,6740,-20307
7284,11756,-19040
-49,16145,-16096
-8782,17778,-8996
-14181,17036,-2855
-17584,13806,3778
-18315,7981,10334
-16071,272,15799
-10679,-8815,19494
-3753,-14128,17881
6760,-16850,10090
11368,-18013,6645
16533,-15984,-549
18459,-11475,-6984
17432,-4413,-13019
13967,6208,-20175
7783,11479,-19262
643,16050,-16693
-8043,18092,-10049
-13785,17419,-3634
-17725,14544,3181
-18500,8695,9805
-16619,1373,15246
-11855,-7981,19836
-5325,-13476,18801
4182,-16772,12590
10345,-18228,7883
15563,-16990,1427
18405,-13200,-5205
18376,-6855,-11521
15592,767,-16359
10073,9862,-19935
2833,14965,-17798
-6303,17667,-11364
-12255,18009,-5754
-16978,15807,1171
-18694,10939,7755
-17539,3741,13798
-13604,-7037,20641
-7210,-12032,19242
16,-16409,16393
9070,-18026,8956
14334,-17188,2854
17795,-13909,-3886
18529,-8072,-10457
15930,-20,-15910
10646,8963,-19609
3283,14478,-17761
-6818,17221,-10403
-11739,18022,-6283
-16867,15881,986
-18657,10993,7664
-17461,3819,13642
-13686,-6921,20607
-7181,-12049,19230
-107,-16330,16437
8819,-18079,9260
14334,-17193,2859
17795,-14066,-3729
18471,-8056,-10415
16005,-189,-15816
10555,8943,-19498
3295,14441,-17736
-6868,17151,-10283
-11884,17976,-6092
-16900,15679,1221
-18513,10819,7694
-17275,3613,13662
-13414,-6991,20405
-7033,-11946,18979
235,-16310,16075
9297,-17762,8465
14701,-16891,2190
17824,-13344,-4480
17993,-6917,-11076
15134,990,-16124
9207,10102,-19309
1843,15167,-17010
-6521,17754,-11233
-12931,17560,-4629
-17217,14858,2359
-18467,9553,8914
-16830,2235,14595
-12234,-7590,19824
-5564,-12973,18537
2541,-16582,14041
10329,-17960,7631
15481,-16656,1175
18240,-12762,-5478
17993,-6113,-11880
15064,2318,-17382
9466,10320,-19786
2231,15316,-17547
-6567,17795,-11228
-12618,17741,-5123
-17217,15427,1790
-18517,10258,8259
-17160,2941,14219
-12799,-7359,20158
-6228,-12589,18817
1171,-16495,15324
10110,-17803,7693
15266,-16640,1374
18112,-12647,-5465
17968,-6303,-11665
14920,2128,-17048
9046,10267,-19313
1716,15299,-17015
-6777,17749,-10972
-12870,17440,-4570
-17176,14586,2590
-18331,9215,9116
-16561,1633,14928
-11838,-7697,19535
-4884,-13356,18240
5110,-16528,11418
10663,-17840,7177
15914,-16256,342
18286,-11913,-6373
17494,-5073,-12421
13971,5284,-19255
8151,11088,-19239
952,15728,-16680
-7866,17721,-9855
-13802,17056,-3254
-17448,14086,3362
-18253,8266,9987
-16141,511,15630
-10861,-8575,19436
-3848,-13921,17769
6723,-16776,10053
11154,-18063,6909
16405,-16071,-334
18405,-11463,-6942
17527,-4533,-12994
14074,6076,-20150
7788,11500,-19288
726,16079,-16805
-7796,18207,-10411
-13723,17531,-3808
-17642,14718,2924
-18591,8996,9595
-16722,1683,15039
-12135,-7668,19803
-5535,-13253,18788
3007,-16768,13761
10275,-18162,7887
15510,-16908,1398
18286,-13146,-5140
18331,-6694,-11637
15464,1014,-16478
9924,9957,-19881
2660,15072,-17732
-6517,17716,-11199
-12280,18046,-5766
-17052,15662,1390
-18719,10778,7941
-17469,3564,13905
-13468,-7161,20629
-6946,-12181,19127
255,-16446,16191
9273,-17943,8670
14689,-17106,2417
17898,-13637,-4261
18504,-7717,-10787
15840,148,-15988
10477,9182,-19659
3341,14544,-17885
-6843,17188,-10345
-11710,17980,-6270
-16945,15596,1349
-18595,10725,7870
-17230,3489,13741
-13270,-7095,20365
-6562,-12370,18932
627,-16590,15963
9570,-18079,8509
14804,-17164,2360
18030,-13653,-4377
18525,-7750,-10775
15943,136,-16079
10510,9161,-19671
3411,14437,-17848
-6839,17139,-10300
-11715,18067,-6352
-16821,15819,1002
-18558,10951,7607
-17279,3588,13691
-13530,-7020,20550
-6917,-12181,19098
268,-16442,16174
9384,-17865,8481
14602,-16941,2339
17914,-13575,-4339
18199,-7379,-10820
15510,457,-15967
9924,9598,-19522
2598,14775,-17373
-6389,17514,-11125
-12416,17704,-5288
-17089,15010,2079
-18418,9821,8597
-16838,2351,14487
-12284,-7524,19808
-5713,-12882,18595
2755,-16553,13798
10263,-17910,7647
15402,-16640,1238
18183,-12540,-5643
17894,-6034,-11860
14792,2689,-17481
9070,10510,-19580
1769,15456,-17225
-6859,17894,-11035
-13084,17617,-4533
-17432,14969,2463
-18579,9615,8964
-16937,2206,14731
-12531,-7433,19964
-5948,-12874,18822
2149,-16689,14540
10060,-18013,7953
15250,-16677,1427
18059,-12903,-5156
18067,-6468,-11599
15155,1687,-16842
9108,10304,-19412
1786,15328,-17114
-6723,17824,-11101
-12948,17432,-4484
-17230,14656,2574
-18327,9174,9153
-16190,833,15357
-11698,-7845,19543
-4743,-13398,18141
5457,-16462,11005
11187,-17877,6690
16500,-15827,-673
18327,-11789,-6538
17287,-3976,-13311
14016,5783,-19799
7969,11253,-19222
742,15897,-16639
-7944,17877,-9933
-14206,17139,-2933
-17733,13831,3902
-18385,8175,10210
-16438,1101,15337
-11463,-8204,19667
-3766,-14132,17898
6777,-16945,10168
10795,-18191,7396
16120,-16549,429
18389,-11970,-6419
17807,-5288,-12519
14627,4397,-19024
8571,10931,-19502
1369,15720,-17089
-7944,18071,-10127
-13855,17481,-3626
-17452,14895,2557
-18546,9227,9319
-16524,1163,15361
-12280,-7610,19890
-5626,-13142,18768
5284,-16813,11529
10626,-18145,7519
15448,-16850,1402
18471,-12478,-5993
18282,-6674,-11608
15316,1468,-16784
9054,10650,-19704
2421,15155,-17576
-6723,18059,-11336
-13113,17815,-4702
-17221,15559,1662
-18777,10593,8184
-17238,2615,14623
-13530,-7016,20546
-7024,-12238,19262
235,-16557,16322
9846,-18055,8209
15076,-17143,2067
17989,-13872,-4117
18715,-8109,-10606
16264,-255,-16009
10333,9479,-19812
3118,14808,-17926
-6538,17448,-10910
-11991,18162,-6171
-16665,16219,446
-18702,11772,6930
-17667,4603,13064
-13810,-6868,20678
-7808,-11574,19382
4,-16396,16392
9165,-18038,8873
14095,-17353,3258
18022,-13666,-4356
18504,-8188,-10316
16297,-433,-15864
10885,8868,-19753
3848,14293,-18141
-6690,17098,-10408
-11327,18249,-6922
-16957,15943,1014
-18665,11892,6773
-17712,4706,13006
-13950,-6855,20805
-7416,-11933,19349
-140,-16343,16483
7783,-18084,10301
14470,-17267,2797
17663,-14528,-3135
18546,-8497,-10049
16405,-775,-15630
10543,9070,-19613
4116,13954,-18070
-6637,16863,-10226
-11207,18137,-6930
-16590,15959,631
-18570,11236,7334
-17382,3324,14058
-13249,-7222,20471
-6773,-12478,19251
635,-16792,16157
9528,-18364,8836
14821,-17745,2924
18290,-14581,-3709
19098,-8769,-10329
16924,-1138,-15786
12288,8002,-20290
5713,13707,-19420
-3003,17230,-14227
-10428,18607,-8179
-15807,17510,-1703
-18764,13756,5008
-19032,7371,11661
-16355,-462,16817
-10972,-9532,20504
-3687,-14920,18607
6855,-17634,10779
11591,-18913,7322
16867,-17032,165
19189,-12544,-6645
18682,-5857,-12825
15349,3460,-18809
9322,10927,-20249
1716,16017,-17733
-6831,18603,-11772
-13303,18381,-5078
-17865,15551,2314
-19065,10077,8988
-17510,2355,15155
-12985,-7441,20426
-5993,-13204,19197
2050,-17056,15006
10378,-18463,8085
15819,-17358,1539
18781,-13348,-5433
18591,-6562,-12029
15411,2211,-17622
9792,10555,-20347
2305,15749,-18054
-6624,18397,-11773
-12882,18579,-5697
-17766,16075,1691
-19239,10931,8308
-18034,3613,14421
-13934,-7210,21144
-7297,-12482,19779
301,-16966,16665
9438,-18603,9165
15056,-17824,2768
18360,-14206,-4154
18888,-7882,-11006
16335,222,-16557
10795,9462,-20257
3308,14982,-18290
-6859,17836,-10977
-12065,18480,-6415
-17407,16178,1229
-19069,10964,8105
-17741,3609,14132
-13587,-7297,20884
-6806,-12692,19498
697,-17023,16326
9739,-18533,8794
15320,-17568,2248
18562,-13950,-4612
18950,-7668,-11282
16322,255,-16577
10758,9557,-20315
3481,14986,-18467
-6917,17820,-10903
-12106,18756,-6650
-17353,16553,800
-19338,11748,7590
-18282,4368,13914
-14532,-6641,21173
-8035,-12086,20121
-511,-16809,17320
8369,-18843,10474
14313,-18405,4092
18240,-15270,-2970
19375,-9598,-9777
17580,-1835,-15745
12548,7882,-20430
5465,13806,-19271
-4529,17333,-12804
-10720,18838,-8118
-16446,17304,-858
-19140,13092,6048
-18661,6067,12594
-15299,-3489,18788
-9343,-11038,20381
-1786,-16132,17918
6979,-18636,11657
13509,-18232,4723
17910,-15419,-2491
19144,-9702,-9442
17341,-1819,-15522
12160,8109,-20269
4929,13934,-18863
-5882,17205,-11323
-11211,18781,-7570
-16656,17073,-417
-19148,12478,6670
-18541,5432,13109
-14990,-5024,20014
-8905,-11281,20186
-1212,-16310,17522
7297,-18653,11356
13851,-18232,4381
18059,-15390,-2669
19135,-9355,-9780
17349,-1720,-15629
12280,8113,-20393
4970,14008,-18978
-5490,17312,-11822
-10972,18834,-7862
-16644,17036,-392
-18995,12639,6356
-18343,5531,12812
-14936,-4512,19448
-8629,-11372,20001
-907,-16322,17229
7920,-18455,10535
14301,-17609,3308
18009,-14206,-3803
18434,-7746,-10688
15778,396,-16174
10473,9693,-20166
3102,15142,-18244
-6608,17877,-11269
-12606,18331,-5725
-17626,15947,1679
-19119,10890,8229
-17774,3328,14446
-13542,-7260,20802
-6950,-12639,19589
767,-16990,16223
10019,-18455,8436
15332,-17477,2145
18570,-13546,-5024
18950,-7371,-11579
16186,478,-16664
10168,10023,-20191
2763,15266,-18029
-6492,18211,-11719
-12383,18855,-6472
-17457,16368,1089
-19144,11178,7966
-17848,3700,14148
-14165,-7057,21222
-7334,-12416,19750
321,-16941,16620
9532,-18583,9051
15093,-17584,2491
18475,-14086,-4389
18855,-7717,-11138
16095,330,-16425
10597,9607,-20204
3155,15035,-18190
-6934,17844,-10910
-12465,18253,-5788
-17514,15712,1802
-18962,10514,8448
-17580,2986,14594
-13171,-7495,20666
-6336,-13043,19379
1769,-17114,15345
10213,-18570,8357
15592,-17440,1848
18620,-13290,-5330
18624,-6880,-11744
15699,1394,-17093
9891,10308,-20199
2338,15493,-17831
-6595,18265,-11670
-13096,18178,-5082
-17725,15596,2129
-19016,10056,8960
-17436,2470,14966
-13080,-7532,20612
-6171,-13162,19333
2285,-17073,14788
10250,-18496,8246
15790,-17300,1510
18789,-13294,-5495
18706,-6835,-11871
15613,1559,-17172
9920,10390,-20310
2310,15670,-17980
-6562,18381,-11819
-13043,18484,-5441
-17803,15889,1914
-19313,10745,8568
-17952,3300,14652
-13719,-7429,21148
-6987,-12729,19716
462,-17131,16669
9603,-18777,9174
14994,-18005,3011
18500,-14540,-3960
19379,-8596,-10783
16966,-486,-16480
11657,8757,-20414
4541,14548,-19089
-6521,17572,-11051
-11203,18999,-7796
-16801,17160,-359
-19288,12696,6592
-18628,5626,13002
-15118,-4677,19795
-8893,-11211,20104
-1373,-16384,17757
7338,-18752,11414
13934,-18137,4203
18104,-15184,-2920
19206,-9314,-9892
17267,-1493,-15774
12086,8204,-20290
4904,14016,-18920
-5614,17246,-11632
-11009,18797,-7788
-16698,16966,-268
-19078,12601,6477
-18269,5226,13043
-14784,-5498,20282
-8674,-11521,20195
-944,-16495,17439
7948,-18719,10771
14272,-18137,3865
18112,-15200,-2912
19255,-9198,-10057
17184,-1295,-15889
12197,8208,-20405
5049,14012,-19061
-5511,17349,-11838
-10956,18847,-7891
-16652,17069,-417
-19144,12535,6609
-18492,5387,13105
-15052,-5024,20076
-8613,-11471,20084
-1018,-16471,17489
7726,-18612,10886
13950,-18059,4109
18042,-14932,-3110
18975,-9054,-9921
16838,-957,-15881
11673,8415,-20088
4203,14363,-18566
-6892,17213,-10321
-11686,18352,-6666
-17180,16104,1076
-18983,11170,7813
-17704,3436,14268
-13633,-7363,20996
-6991,-12684,19675
573,-17007,16434
9759,-18607,8848
15052,-17593,2541
18496,-14111,-4385
19061,-7887,-11174
16504,8,-16512
10741,9471,-20212
3436,15002,-18438
-6818,17960,-11142
-12119,18855,-6736
-17490,16479,1011
-19230,11488,7742
-18178,4265,13913
-14449,-6661,21110
-7800,-12069,19869
-226,-16681,16907
8633,-18554,9921
14668,-17721,3053
18220,-14445,-3775
18933,-8250,-10683
15844,264,-16108
10407,9582,-19989
2978,15254,-18232
-6711,17910,-11199
-12634,18327,-5693
-17560,15815,1745
-18987,10564,8423
-17704,3168,14536
-13245,-7552,20797
-6447,-12771,19218
1332,-16949,15617
10155,-18484,8329
15580,-17308,1728
18607,-13080,-5527
18467,-6364,-12103
15349,2132,-17481
9297,10708,-20005
1802,15823,-17625
-6913,18405,-11492
-13327,18071,-4744
-17865,15196,2669
-18900,9627,9273
-17193,1959,15234
-12535,-7800,20335
-5432,-13558,18990
4430,-17011,12581
10782,-18517,7735
16289,-16883,594
18859,-12721,-6138
18327,-5704,-12623
15019,4252,-19271
8864,11129,-19993
1431,16091,-17522
-7264,18496,-11232
-13781,18051,-4270
-17989,15076,2913
-19032,9264,9768
-17226,1716,15510
-12247,-8076,20323
-5428,-13744,19172
4405,-17312,12907
10659,-18847,8188
16128,-17403,1275
18904,-13344,-5560
18954,-6859,-12095
15926,1196,-17122
10106,10279,-20385
2660,15571,-18231
-6558,18331,-11773
-12725,18620,-5895
-17774,16269,1505
-19358,11145,8213
-18055,3658,14397
-14095,-7202,21297
-7288,-12502,19790
-16,-16986,17002
9075,-18715,9640
14759,-17980,3221
18488,-14623,-3865
19156,-8555,-10601
16718,-404,-16314
11298,8984,-20282
3931,14697,-18628
-6905,17593,-10688
-11789,18768,-6979
-17205,16636,569
-19090,11661,7429
-17985,4112,13873
-14260,-6765,21025
-7660,-12131,19791
-132,-16735,16867
9190,-18401,9211
15039,-17704,2665
18463,-14235,-4228
18917,-7759,-11158
16413,115,-16528
10584,9631,-20215
3122,15130,-18252
-6711,18009,-11298
-12267,18665,-6398
-17428,16335,1093
-19201,11294,7907
-18059,4054,14005
-14082,-7049,21131
-7425,-12292,19717
148,-16842,16694
9215,-18500,9285
15035,-17741,2706
18467,-14115,-4352
18867,-7639,-11228
16161,441,-16602
10654,9627,-20281
3130,15151,-18281
-6624,17914,-11290
-12375,18488,-6113
-17465,16198,1267
-19102,11075,8027
-17844,3555,14289
-13802,-7202,21004
-6831,-12655,19486
627,-16970,16343
10172,-18438,8266
15563,-17250,1687
18612,-13406,-5206
18768,-7123,-11645
15885,895,-16780
9858,10221,-20079
2310,15555,-17865
-6484,18294,-11810
-12927,18319,-5392
-17655,15658,1997
-19111,10246,8865
-17617,2693,14924
-13154,-7528,20682
-6129,-13270,19399
2132,-17168,15036
10320,-18599,8279
15765,-17440,1675
18777,-13637,-5140
18888,-7173,-11715
15967,734,-16701
10122,10143,-20265
2730,15456,-18186
-6756,18141,-11385
-12680,18327,-5647
-17679,15617,2062
-18991,10126,8865
-17457,2524,14933
-12733,-7689,20422
-5927,-13270,19197
2895,-17073,14178
10518,-18554,8036
15897,-17209,1312
18777,-12898,-5879
18348,-6022,-12326
15200,2821,-18021
8976,11005,-19981
1522,16066,-17588
-7346,18438,-11092
-13719,17960,-4241
-17935,15109,2826
-18950,9223,9727
-17040,1542,15498
-12292,-7957,20249
-5131,-13765,18896
4780,-17151,12371
10745,-18541,7796
16335,-16875,540
18822,-12618,-6204
18232,-5552,-12680
14990,4574,-19564
8852,11265,-20117
1002,16260,-17262
-7606,18517,-10911
-13897,17931,-4034
-18022,14940,3082
-19024,9128,9896
-17176,1489,15687
-12003,-8233,20236
-5024,-13959,18983
5300,-17201,11901
10993,-18711,7718
16471,-17065,594
18983,-12717,-6266
18686,-6047,-12639
15444,3366,-18810
9417,10848,-20265
2000,15906,-17906
-6760,18558,-11798
-13261,18492,-5231
-18013,15852,2161
-19342,10560,8782
-17869,2982,14887
-13583,-7453,21036
-6765,-12907,19672
503,-17201,16698
9772,-18764,8992
15241,-17890,2649
18616,-14297,-4319
19230,-8295,-10935
16693,-152,-16541
11013,9289,-20302
3766,14808,-18574
-6930,17737,-10807
-11904,18822,-6918
-17275,16582,693
-19230,11628,7602
-18084,4219,13865
-14421,-6835,21256
-7792,-12197,19989
-181,-16867,17048
8852,-18533,9681
14779,-17803,3024
18306,-14586,-3720
19032,-8200,-10832
16491,-94,-16397
10766,9314,-20080
3304,14969,-18273
-7070,17836,-10766
-12234,18715,-6481
-17514,16343,1171
-19342,11352,7990
-18220,3910,14310
-14289,-6996,21285
-7742,-12309,20051
-346,-16957,17303
8448,-18863,10415
14470,-18261,3791
18401,-14990,-3411
19197,-9062,-10135
17122,-1056,-16066
12024,8406,-20430
4875,14251,-19126
-6191,17316,-11125
-11191,18847,-7656
-16863,17077,-214
-19189,12403,6786
-18381,5102,13279
-14796,-5601,20397
-8299,-11578,19877
-792,-16500,17292
8307,-18541,10234
14474,-17556,3082
18059,-14218,-3841
18871,-8093,-10778
16343,-16,-16327
10345,9578,-19923
3023,15072,-18095
-6703,18051,-11348
-12420,18500,-6080
-17576,15922,1654
-19107,10766,8341
-17737,3267,14470
-13682,-7218,20900
-6880,-12746,19626
750,-16933,16183
9986,-18500,8514
15378,-17535,2157
18645,-13905,-4740
18929,-7255,-11674
15926,779,-16705
10271,10147,-20418
2899,15402,-18301
-6756,18224,-11468
-12568,18603,-6035
-17659,16190,1469
-19214,10943,8271
-17989,3601,14388
-13822,-7169,20991
-7128,-12548,19676
581,-16999,16418
9697,-18492,8795
15159,-17646,2487
18488,-13563,-4925
18562,-7024,-11538
15794,812,-16606
9648,10324,-19972
2070,15662,-17732
-6769,18323,-11554
-13241,18034,-4793
-17745,15320,2425
-18929,9636,9293
-17226,2046,15180
-12486,-7783,20269
-5572,-13542,19114
4236,-17168,12932
10679,-18554,7875
16264,-17081,817
18888,-12758,-6130
18381,-5808,-12573
15031,3716,-18747
9009,11046,-20055
1402,16108,-17510
-7107,18504,-11397
-13616,17976,-4360
-17952,15052,2900
-19074,9417,9657
-17217,1732,15485
-12045,-8122,20167
-5164,-13794,18958
5049,-17139,12090
10993,-18595,7602
16549,-16867,318
18925,-12507,-6418
18475,-5676,-12799
14924,4537,-19461
8852,11182,-20034
1423,16223,-17646
-7317,18566,-11249
-13748,18187,-4439
-18133,15406,2727
-19214,9718,9496
-17518,2182,15336
-12870,-7779,20649
-5820,-13501,19321
2165,-17382,15217
10506,-18785,8279
15881,-17646,1765
18888,-13662,-5226
18979,-7222,-11757
16095,730,-16825
10362,10056,-20418
2829,15394,-18223
-6760,18100,-11340
-12597,18665,-6068
-17589,16244,1345
-19181,11017,8164
-17906,3535,14371
-13942,-7177,21119
-7222,-12560,19782
486,-17036,16550
9603,-18603,9000
15171,-17803,2632
18645,-14132,-4513
19069,-7874,-11195
16458,107,-16565
10576,9623,-20199
3225,15081,-18306
-6777,17947,-11170
-12230,18653,-6423
-17469,16252,1217
-19243,11269,7974
-17939,3675,14264
-13913,-7350,21263
-7082,-12597,19679
486,-17019,16533
9669,-18607,8938
15204,-17737,2533
18484,-14169,-4315
18983,-7829,-11154
16425,115,-16540
10857,9512,-20369
3448,15027,-18475
-6921,17869,-10948
-12263,18471,-6208
-17452,16231,1221
-19131,11083,8048
-17985,3650,14335
-13686,-7346,21032
-6991,-12709,19700
668,-16949,16281
9941,-18385,8444
15406,-17358,1952
18484,-13468,-5016
18715,-7165,-11550
15646,1097,-16743
9252,10465,-19717
1629,15732,-17361
-6987,18401,-11414
-13649,17840,-4191
-17853,14812,3041
-18871,8943,9928
-16842,1192,15650
-11867,-8328,20195
-4710,-14103,18813
6199,-17226,11027
11215,-18669,7454
16574,-16834,260
18995,-12498,-6497
18240,-5465,-12775
14705,4954,-19659
8633,11413,-20046
1159,16322,-17481
-7606,18525,-10919
-13983,17985,-4002
-18137,14944,3193
-19094,9264,9830
-17250,1592,15658
-12102,-8175,20277
-5172,-13839,19011
4871,-17263,12392
10819,-18777,7958
16273,-17106,833
18838,-12601,-6237
18277,-5614,-12663
14957,4380,-19337
8740,11207,-19947
1047,16277,-17324
-7524,18529,-11005
-13938,17832,-3894
-18034,14829,3205
-18892,8922,9970
-16858,1089,15769
-11690,-8386,20076
-4706,-14033,18739
6348,-17098,10750
11265,-18430,7165
16656,-16636,-20
18892,-11941,-6951
17919,-4570,-13349
14313,6418,-20731
7948,11884,-19832
173,16640,-16813
-8674,18451,-9777
-14581,17622,-3041
-18125,14540,3585
-18958,8361,10597
-16615,532,16083
-11240,-8868,20108
-4046,-14400,18446
6876,-17329,10453
11517,-18521,7004
17015,-16429,-586
18979,-11686,-7293
18046,-4475,-13571
14297,6443,-20740
7684,12020,-19704
-24,16784,-16760
-8856,18467,-9611
-14614,17725,-3111
-18253,14433,3820
-19012,8357,10655
-16792,631,16161
-11475,-8773,20248
-4273,-14449,18722
6583,-17461,10878
11298,-18801,7503
16797,-17040,243
19164,-12494,-6670
18595,-5556,-13039
15064,4516,-19580
8893,11319,-20212
1472,16264,-17736
-7074,18723,-11649
-13591,18546,-4955
-18129,15790,2339
-19379,10184,9195
-17807,2743,15064
-13645,-7334,20979
-6814,-12997,19811
647,-17283,16636
9722,-18793,9071
15258,-17943,2685
18698,-14301,-4397
19206,-8093,-11113
16702,-99,-16603
11042,9264,-20306
3481,15006,-18487
-6909,17861,-10952
-12094,18855,-6761
-17345,16603,742
-19272,11690,7582
-18294,4417,13877
-14317,-6810,21127
-7821,-12144,19965
-165,-16904,17069
9029,-18599,9570
14792,-17919,3127
18397,-14416,-3981
19090,-8245,-10845
16557,-82,-16475
11083,9293,-20376
3675,14944,-18619
-6859,17700,-10841
-11892,18768,-6876
-17283,16772,511
-19288,11731,7557
-18273,4521,13752
-14404,-6699,21103
-7977,-12028,20005
-222,-16825,17047
9009,-18541,9532
14821,-17692,2871
18405,-14239,-4166
19082,-8237,-10845
16590,-53,-16537
10885,9289,-20174
3423,14916,-18339
-6983,17737,-10754
-12090,18579,-6489
-17353,16161,1192
-18995,11034,7961
-17655,3333,14322
-13497,-7272,20769
-6282,-12997,19279
1485,-16974,15489
10345,-18447,8102
15831,-17209,1378
18834,-13241,-5593
18632,-6633,-11999
15353,2041,-17394
9565,10687,-20252
2000,15868,-17868
-6727,18401,-11674
-13249,18257,-5008
-17902,15518,2384
-19152,10032,9120
-17634,2462,15172
-12870,-7676,20546
-6034,-13365,19399
2281,-17292,15011
10374,-18896,8522
15823,-17518,1695
18748,-13406,-5342
18715,-6884,-11831
16017,891,-16908
10060,10250,-20310
2446,15571,-18017
-6744,18286,-11542
-13092,18174,-5082
-17770,15580,2190
-19045,9982,9063
-17399,2268,15131
-12643,-7755,20398
-5783,-13492,19275
3184,-17155,13971
10762,-18517,7755
16083,-17077,994
18826,-12787,-6039
18282,-5841,-12441
14982,3625,-18607
8877,11178,-20055
1196,16203,-17399
-7288,18537,-11249
-13864,17919,-4055
-17931,14916,3015
-19012,9042,9970
-16970,1262,15708
-11686,-8439,20125
-4644,-14082,18726
6418,-17160,10742
11211,-18562,7351
16776,-16594,-182
18937,-11921,-7016
18084,-4723,-13361
14487,6150,-20637
7998,11801,-19799
119,16590,-16709
-8621,18434,-9813
-14540,17642,-3102
-18228,14346,3882
-18979,8353,10626
-16541,292,16249
-11335,-8943,20278
-3947,-14602,18549
6793,-17490,10697
11636,-18731,7095
16999,-16883,-116
19206,-12185,-7021
18360,-5069,-13291
14796,5548,-20344
8567,11591,-20158
1068,16479,-17547
-7594,18744,-11150
-13921,18451,-4530
-18187,15481,2706
-19251,9813,9438
-17527,2062,15465
-13105,-7618,20723
-6179,-13406,19585
1955,-17300,15345
10357,-18777,8420
15765,-17642,1877
18896,-13802,-5094
19016,-7247,-11769
16174,622,-16796
10258,10085,-20343
2792,15427,-18219
-6554,18240,-11686
-12643,18574,-5931
-17638,16157,1481
-19218,10910,8308
-17997,3473,14524
-13624,-7371,20995
-6864,-12733,19597
701,-17048,16347
9858,-18537,8679
15378,-17650,2272
18640,-13781,-4859
18752,-7309,-11443
15741,845,-16586
10089,10147,-20236
2590,15543,-18133
-6600,18385,-11785
-13080,18319,-5239
-17836,15753,2083
-19234,10221,9013
-17741,2776,14965
-13406,-7433,20839
-6455,-13072,19527
928,-17201,16273
10093,-18599,8506
15481,-17572,2091
18657,-13736,-4921
18896,-7309,-11587
16178,532,-16710
10056,10147,-20203
2363,15538,-17901
-6583,18368,-11785
-13006,18393,-5387
-17729,15621,2108
-19028,10221,8807
-17551,2557,14994
-13035,-7429,20464
-5795,-13294,19089
2763,-16966,14203
10597,-18368,7771
16116,-17048,932
18789,-12696,-6093
17985,-5387,-12598
14359,5502,-19861
8212,11566,-19778
874,16388,-17262
-8192,18352,-10160
-14227,17807,-3580
-18125,14528,3597
-18946,8608,10338
-16792,635,16157
-11442,-8691,20133
-4314,-14309,18623
6748,-17292,10544
11463,-18731,7268
16978,-16640,-338
19078,-11999,-7079
18158,-4661,-13497
14524,6183,-20707
8130,11834,-19964
701,16537,-17238
-8118,18711,-10593
-14132,18071,-3939
-18170,15068,3102
-18962,9029,9933
-16986,1216,15770
-11908,-8266,20174
-4735,-14037,18772
6228,-17094,10866
11265,-18529,7264
16809,-16537,-272
18867,-11706,-7161
17679,-4228,-13451
14070,6748,-20818
7577,12073,-19650
-103,16698,-16595
-9165,18290,-9125
-14845,17386,-2541
-18273,13975,4298
-18851,7849,11002
-16104,-391,16495
-10411,-9644,20055
-3229,-15006,18235
6880,-17733,10853
12350,-18480,6130
17333,-16128,-1205
19078,-11038,-8040
17906,-3712,-14194
13769,7144,-20913
7123,12436,-19559
-453,16945,-16492
-9372,18438,-9066
-14949,17597,-2648
-18434,14206,4228
-19012,8109,10903
-16570,119,16451
-11121,-9223,20344
-3795,-14845,18640
6983,-17626,10643
11739,-18731,6992
17065,-16792,-273
19148,-11851,-7297
18216,-4677,-13539
14594,6171,-20765
8171,11830,-20001
622,16549,-17171
-8250,18632,-10382
-14346,18018,-3672
-18228,14957,3271
-19111,8988,10123
-17077,1225,15852
-12185,-8229,20414
-5057,-14008,19065
5275,-17378,12103
11030,-18756,7726
16570,-17246,676
19135,-12944,-6191
18673,-5960,-12713
15394,3353,-18747
9301,11030,-20331
1794,16075,-17869
-6909,18616,-11707
-13402,18471,-5069
-18030,15724,2306
-19317,10164,9153
-17700,2586,15114
-13224,-7598,20822
-6331,-13245,19576
1307,-17246,15939
10304,-18678,8374
15741,-17634,1893
18851,-13690,-5161
18962,-7194,-11768
16141,771,-16912
10225,10106,-20331
2817,15485,-18302
-6674,18249,-11575
-12791,18459,-5668
-17745,15926,1819
-19156,10551,8605
-17754,2965,14789
-13389,-7482,20871
-6294,-13158,19452
1216,-17250,16034
10469,-18657,8188
15761,-17444,1683
18797,-13563,-5234
18999,-7255,-11744
16153,812,-16965
10172,10126,-20298
2718,15431,-18149
-6616,18261,-11645
-12680,18500,-5820
-17613,16075,1538
-19185,10753,8432
-17828,2982,14846
-13501,-7565,21066
-6538,-13014,19552
1419,-17085,15666
10234,-18587,8353
15650,-17477,1827
18789,-13451,-5338
18550,-6703,-11847
15303,2367,-17670
9429,10659,-20088
1802,15926,-17728
-7099,18430,-11331
-13641,18001,-4360
-17960,15023,2937
-19057,9252,9805
-17077,1365,15712
-12016,-8204,20220
-4917,-13975,18892
5296,-17246,11950
10989,-18785,7796
16500,-17110,610
18900,-12585,-6315
18475,-5717,-12758
14986,4108,-19094
8650,11385,-20035
1105,16355,-17460
-7627,18657,-11030
-14124,18009,-3885
-18150,15064,3086
-19041,8926,10115
-17188,1402,15786
-12073,-8237,20310
-5201,-13897,19098
5247,-17242,11995
10890,-18657,7767
16396,-16995,599
18958,-12865,-6093
18244,-5506,-12738
14916,4632,-19548
8596,11446,-20042
870,16434,-17304
-7920,18566,-10646
-14198,17832,-3634
-18026,14775,3251
-18987,8753,10234
-16788,668,16120
-11339,-8728,20067
-4356,-14235,18591
6781,-17312,10531
11566,-18579,7013
16949,-16545,-404
19020,-11781,-7239
18141,-4537,-13604
14458,6406,-20864
7849,11958,-19807
350,16660,-17010
-8654,18529,-9875
-14437,17877,-3440
-18203,14693,3510
-19032,8600,10432
-16920,928,15992
-11603,-8542,20145
-4232,-14429,18661
6818,-17287,10469
11484,-18566,7082
17077,-16487,-590
19003,-11723,-7280
17968,-4405,-13563
14256,6624,-20880
7433,12152,-19585
-12,16710,-16698
-9083,18438,-9355
-14726,17778,-3052
-18286,14371,3915
-18950,8225,10725
-16607,235,16372
-11240,-9046,20286
-3881,-14660,18541
7037,-17518,10481
11830,-18711,6881
17131,-16665,-466
19239,-11888,-7351
18187,-4516,-13671
14647,6199,-20846
8134,11867,-20001
697,16627,-17324
-8097,18752,-10655
-14235,18257,-4022
-18286,15188,3098
-19305,9343,9962
-17457,1749,15708
-12399,-8035,20434
-5511,-13802,19313
4376,-17358,12982
10745,-18859,8114
16322,-17316,994
18991,-13117,-5874
18711,-6385,-12326
15398,2536,-17934
9598,10741,-20339
1984,15992,-17976
-6826,18607,-11781
-13534,18298,-4764
-18100,15477,2623
-19239,9974,9265
-17708,2305,15403
-13006,-7680,20686
-5952,-13521,19473
2186,-17481,15295
10502,-18942,8440
15819,-17832,2013
19036,-14000,-5036
19531,-7981,-11550
17019,70,-17089
11430,9380,-20810
4211,15023,-19234
-6331,18224,-11893
-11116,19944,-8828
-16784,17894,-1110
-19482,13666,5816
-19197,5919,13278
-16013,-3357,19370
-10766,-10300,21066
-2986,-15798,18784
6686,-18892,12206
13216,-19086,5870
17729,-17139,-590
19746,-11413,-8333
18562,-4405,-14157
14573,6781,-21354
7511,12762,-20273
536,17110,-17646
-8567,19082,-10515
-15299,18306,-3007
-18632,14986,3646
-19470,8229,11241
-17226,631,16595
-11797,-8852,20649
-3502,-15270,18772
7165,-18158,10993
12280,-19210,6930
17411,-17193,-218
19432,-12230,-7202
18504,-4162,-14342
15175,6026,-21201
8460,12020,-20480
111,17333,-17444
-8064,19197,-11133
-15006,18426,-3420
-18636,15514,3122
-19614,9376,10238
-17312,688,16624
-12020,-8790,20810
-5313,-14260,19573
6480,-17840,11360
11104,-19226,8122
16780,-17733,953
19742,-12779,-6963
18946,-5416,-13530
15415,4995,-20410
9153,11599,-20752
2050,16351,-18401
-6901,19036,-12135
-14144,18748,-4604
-18253,16190,2063
-19750,10725,9025
-17919,1951,15968
-13546,-7767,21313
-5395,-14086,19481
2132,-17539,15407
10720,-19107,8387
16883,-17494,611
19300,-13484,-5816
19131,-6591,-12540
15340,4582,-19922
9627,10972,-20599
1980,16252,-18232
-7016,18962,-11946
-14425,18455,-4030
-18393,15782,2611
-19581,9301,10280
-17902,2112,15790
-12911,-8080,20991
-5560,-14099,19659
6241,-17766,11525
11030,-19197,8167
16615,-17638,1023
19618,-12754,-6864
19082,-6303,-12779
15728,3040,-18768
9516,11092,-20608
1777,16434,-18211
-7218,19008,-11790
-13983,18645,-4662
-18430,15741,2689
-19692,9784,9908
-17886,1831,16055
-12907,-8101,21008
-5044,-14660,19704
3155,-18046,14891
10646,-19932,9286
16879,-18430,1551
19857,-14297,-5560
20043,-7796,-12247
17737,-400,-17337
12230,9186,-21416
5152,14994,-20146
-6538,18669,-12131
-11508,20224,-8716
-16978,18698,-1720
-20031,14553,5478
-20200,7317,12883
-17283,-858,18141
-11401,-10440,21841
-3947,-16021,19968
7049,-18942,11893
12164,-20295,8131
17848,-18480,632
20389,-13777,-6612
19936,-6604,-13332
16850,2363,-19213
10659,11083,-21742
2838,16768,-19606
-6802,19647,-12845
-13501,19750,-6249
-18789,17436,1353
-20554,12032,8522
-19338,4050,15288
-15155,-7350,22505
-8200,-12948,21148
-305,-17931,18236
9091,-19952,10861
15373,-19164,3791
19383,-15691,-3692
20394,-9417,-10977
17980,-845,-17135
12053,9169,-21222
4277,15406,-19683
-6971,18653,-11682
-12210,20138,-7928
-18009,18075,-66
-20414,13129,7285
-19775,5651,14124
-16186,-5156,21342
-9499,-11995,21494
-1522,-17333,18855
7495,-19923,12428
14577,-19420,4843
19127,-16557,-2570
20451,-10329,-10122
18409,-1901,-16508
13154,8299,-21453
5927,14577,-20504
-4599,18409,-13810
-11434,20018,-8584
-17370,18381,-1011
-20113,13707,6406
-19808,6439,13369
-16211,-3687,19898
-9582,-11616,21198
-1386,-17102,18488
7515,-19663,12148
14829,-18983,4154
18966,-15464,-3502
19725,-8819,-10906
17601,-466,-17135
11855,9376,-21231
3939,15604,-19543
-7074,18752,-11678
-12589,19841,-7252
-18220,17597,623
-20385,12408,7977
-19259,4653,14606
-15361,-6884,22245
-8460,-12709,21169
-569,-17803,18372
8757,-19911,11154
15287,-19267,3980
19399,-15877,-3522
20435,-9640,-10795
17993,-1064,-16929
12667,8790,-21457
5053,15027,-20080
-6282,18430,-12148
-11731,20014,-8283
-17844,17947,-103
-20253,13253,7000
-19523,5511,14012
-15802,-5531,21333
-8943,-12181,21124
-952,-17428,18380
8530,-19754,11224
15138,-19008,3870
19148,-15609,-3539
20142,-9194,-10948
17721,-606,-17115
12012,9149,-21161
4125,15448,-19573
-7012,18529,-11517
-12474,19602,-7128
-18298,17164,1134
-20204,11946,8258
-18847,3881,14966
-14627,-7478,22105
-7210,-13360,20570
622,-17976,17354
10155,-19564,9409
16120,-18513,2393
19597,-14730,-4867
20031,-8052,-11979
16978,651,-17629
10844,10477,-21321
2899,16198,-19097
-7008,19148,-12140
-13455,19408,-5953
-18682,16718,1964
-20175,11137,9038
-18591,2899,15692
-14157,-7730,21887
-6905,-13649,20554
1410,-18075,16665
10840,-19564,8724
16557,-18352,1795
19849,-14260,-5589
19845,-7255,-12590
16677,1373,-18050
10151,11137,-21288
2252,16636,-18888
-6954,19511,-12557
-13872,19589,-5717
-18933,16788,2145
-20356,11154,9202
-18867,3238,15629
-14371,-7713,22084
-7227,-13637,20864
672,-18257,17585
10271,-19820,9549
16132,-18946,2814
19742,-15068,-4674
20262,-8443,-11819
17617,4,-17621
11937,9763,-21700
4224,15724,-19948
-7033,18756,-11723
-12127,20163,-8036
-18026,18051,-25
-20422,13183,7239
-19655,5539,14116
-15996,-5684,21680
-9112,-12139,21251
-1060,-17457,18517
8324,-19833,11509
15048,-19164,4116
19218,-15885,-3333
20377,-9664,-10713
18282,-1365,-16917
12717,8707,-21424
4863,14986,-19849
-6323,18327,-12004
-11822,19952,-8130
-17716,17985,-269
-20175,12857,7318
-19259,5073,14186
-15394,-6397,21791
-8588,-12564,21152
-284,-17675,17959
9025,-19812,10787
15435,-19045,3610
19317,-15691,-3626
20270,-9367,-10903
17861,-796,-17065
12168,9186,-21354
4587,15287,-19874
-7095,18438,-11343
-12069,19828,-7759
-18046,17510,536
-20224,12370,7854
-19300,4620,14680
-15056,-7111,22167
-8122,-12816,20938
-103,-17820,17923
9417,-19692,10275
15650,-18876,3226
19408,-15196,-4212
20117,-8679,-11438
17572,-342,-17230
11694,9549,-21243
3605,15732,-19337
-7086,18826,-11740
-12738,19655,-6917
-18381,17122,1259
-20200,11611,8589
-18855,3671,15184
-14507,-7544,22051
-7425,-13266,20691
585,-18046,17461
10225,-19602,9377
16128,-18661,2533
19643,-14701,-4942
20002,-7932,-12070
17061,598,-17659
11071,10329,-21400
3221,16194,-19415
-6901,19222,-12321
-13327,19696,-6369
-18595,17032,1563
-20381,11677,8704
-19024,3770,15254
-14701,-7524,22225
-7474,-13274,20748
495,-17968,17473
10023,-19630,9607
16000,-18678,2678
19478,-14916,-4562
20064,-8258,-11806
17205,321,-17526
11022,10209,-21231
3234,16128,-19362
-6855,19164,-12309
-13158,19523,-6365
-18640,16792,1848
-20208,11195,9013
-18818,3271,15547
-14144,-7804,21948
-6818,-13657,20475
1266,-18079,16813
10824,-19544,8720
16528,-18492,1964
19775,-14078,-5697
19816,-7235,-12581
16648,1658,-18306
10291,11009,-21300
2211,16603,-18814
-7074,19449,-12375
-14012,19276,-5264
-18805,16483,2322
-20138,10560,9578
-18397,2363,16034
-13740,-7907,21647
-6150,-14148,20298
2833,-18117,15284
11195,-19577,8382
17036,-18220,1184
19907,-13744,-6163
19564,-6451,-13113
16046,3749,-19795
9603,11537,-21140
1435,16982,-18417
-7726,19597,-11871
-14503,19135,-4632
-19061,15988,3073
-20220,9904,10316
-18438,2017,16421
-13195,-8237,21432
-5886,-14495,20381
3869,-18381,14512
11104,-19923,8819
16949,-18574,1625
20035,-14206,-5829
19977,-7194,-12783
16953,1278,-18231
10923,10741,-21664
2945,16500,-19445
-6979,19358,-12379
-13266,19866,-6600
-18731,17399,1332
-20484,11979,8505
-19366,4232,15134
-15155,-7260,22415
-8196,-12931,21127
-259,-17972,18231
9425,-19816,10391
15571,-19032,3461
19445,-15390,-4055
20365,-9083,-11282
17857,-470,-17387
12177,9227,-21404
4298,15456,-19754
-7177,18645,-11468
-12358,19944,-7586
-18092,17642,450
-20295,12486,7809
-19218,4677,14541
-15254,-6888,22142
-8122,-12799,20921
-136,-17807,17943
9438,-19672,10234
15691,-18896,3205
19548,-15233,-4315
20257,-8596,-11661
17560,-90,-17470
11735,9759,-21494
4125,15757,-19882
-7037,18900,-11863
-12379,20158,-7779
-18249,18051,198
-20493,13076,7417
-19684,5548,14136
-15996,-5626,21622
-9339,-11991,21330
-1105,-17514,18619
7994,-19919,11925
14944,-19329,4385
19160,-16083,-3077
20249,-9454,-10795
18216,-1315,-16901
12647,8745,-21392
4954,15015,-19969
-6459,18430,-11971
-11884,19853,-7969
-17894,17840,54
-20142,12573,7569
-19102,4743,14359
-15233,-6736,21969
-8299,-12577,20876
-210,-17725,17935
9363,-19643,10280
15728,-18793,3065
19474,-15048,-4426
20101,-8526,-11575
17271,210,-17481
11409,9895,-21304
3724,15848,-19572
-6872,18884,-12012
-13002,19647,-6645
-18393,17180,1213
-20303,11842,8461
-19012,3819,15193
-14685,-7478,22163
-7453,-13377,20830
734,-18055,17321
10126,-19721,9595
16066,-18822,2756
19602,-15027,-4575
20270,-8505,-11765
17605,-49,-17556
11673,9759,-21432
3823,15786,-19609
-7177,18781,-11604
-12593,19729,-7136
-18414,17205,1209
-20266,11929,8337
-18979,3828,15151
-14614,-7486,22100
-7136,-13389,20525
738,-18038,17300
10250,-19548,9298
16186,-18550,2364
19651,-14482,-5169
19841,-7602,-12239
16780,936,-17716
10366,10828,-21194
2338,16549,-18887
-6983,19395,-12412
-13967,19243,-5276
-18793,16524,2269
-20154,10588,9566
-18451,2446,16005
-13690,-7862,21552
-6344,-14000,20344
2565,-18092,15527
11030,-19527,8497
16887,-18228,1341
19849,-13839,-6010
19527,-6546,-12981
16062,3168,-19230
9458,11578,-21036
1493,17044,-18537
-7635,19556,-11921
-14635,19032,-4397
-19020,15868,3152
-20134,9669,10465
-18112,1476,16636
-12882,-8460,21342
-5391,-14647,20038
5713,-18178,12465
11521,-19750,8229
17461,-18001,540
20097,-13162,-6935
19527,-5993,-13534
16009,4661,-20670
9623,11710,-21333
1749,17122,-18871
-7305,19833,-12528
-14260,19503,-5243
-19090,16726,2364
-20406,10799,9607
-18851,2776,16075
-14099,-7899,21998
-6826,-13876,20702
1122,-18315,17193
10708,-19787,9079
16368,-18723,2355
19754,-14548,-5206
20245,-8175,-12070
17312,437,-17749
11339,10139,-21478
3308,16137,-19445
-6868,19177,-12309
-13076,19824,-6748
-18599,17193,1406
-20389,11917,8472
-19107,3848,15259
-15060,-7334,22394
-7755,-13270,21025
152,-18018,17866
9838,-19709,9871
15840,-18871,3031
19519,-15411,-4108
20233,-8740,-11493
17609,-235,-17374
11583,9735,-21318
3984,15736,-19720
-7161,18715,-11554
-12721,19857,-7136
-18525,17374,1151
-20406,11970,8436
-19263,4224,15039
-15118,-7301,22419
-8064,-12981,21045
-185,-17890,18075
9260,-19857,10597
15559,-19053,3494
19387,-15588,-3799
20097,-8943,-11154
17877,-622,-17255
12069,9244,-21313
3997,15613,-19610
-6946,18715,-11769
-12581,19767,-7186
-18302,17337,965
-20237,12045,8192
-18933,4005,14928
-14845,-7227,22072
-7540,-13092,20632
532,-17890,17358
10089,-19325,9236
16153,-18496,2343
19589,-14408,-5181
19556,-7128,-12428
16269,1872,-18141
10023,11182,-21205
1885,16809,-18694
-7169,19614,-12445
-14124,19288,-5164
-18979,16302,2677
-20270,10506,9764
-18500,2437,16063
-13620,-8014,21634
-6245,-14078,20323
2343,-18145,15802
10960,-19729,8769
16838,-18418,1580
19915,-13893,-6022
19866,-7000,-12866
16570,2190,-18760
10234,11088,-21322
2235,16755,-18990
-7074,19519,-12445
-13847,19527,-5680
-18913,16739,2174
-20319,11096,9223
-18818,2965,15853
-14214,-7701,21915
-6727,-13794,20521
1258,-18112,16854
10729,-19606,8877
16702,-18401,1699
19849,-14136,-5713
19709,-7016,-12693
16446,1963,-18409
9937,11182,-21119
1827,16772,-18599
-7222,19494,-12272
-14198,19164,-4966
-18826,16252,2574
-20097,10139,9958
-18244,1934,16310
-13171,-8270,21441
-5758,-14445,20203
4681,-18166,13485
11389,-19734,8345
17188,-18141,953
20084,-13567,-6517
19618,-6278,-13340
16091,3535,-19626
9615,11574,-21189
1579,17019,-18598
-7429,19639,-12210
-14520,19135,-4615
-18970,15996,2974
-20212,10015,10197
-18277,1815,16462
-12907,-8386,21293
-5515,-14594,20109
5230,-18216,12986
11550,-19725,8175
17510,-17931,421
20113,-13274,-6839
19362,-5651,-13711
15798,4999,-20797
9330,11904,-21234
1258,17234,-18492
-7874,19734,-11860
-14672,19234,-4562
-19177,16211,2966
-20389,10184,10205
-18504,2004,16500
-13459,-8188,21647
-6063,-14454,20517
2895,-18438,15543
11100,-20022,8922
16863,-18752,1889
20047,-14499,-5548
20373,-7854,-12519
17349,651,-18000
11319,10362,-21681
3411,16194,-19605
-6661,19292,-12631
-12721,20183,-7462
-18426,17811,615
-20468,12589,7879
-19437,4640,14797
-15650,-6699,22349
-8604,-12717,21321
-552,-17782,18334
8782,-19927,11145
15365,-19284,3919
19428,-16038,-3390
20468,-9528,-10940
18030,-928,-17102
12515,8910,-21425
4987,15089,-20076
-6422,18426,-12004
-11838,20014,-8176
-18001,17964,37
-20241,12791,7450
-19470,5102,14368
-15530,-6389,21919
-8712,-12428,21140
-536,-17766,18302
8683,-19973,11290
15295,-19296,4001
19399,-15811,-3588
20381,-9557,-10824
18257,-1241,-17016
12742,8765,-21507
5057,15068,-20125
-6529,18529,-12000
-11826,20043,-8217
-17857,18104,-247
-20373,13018,7355
-19507,5436,14071
-15720,-5927,21647
-8926,-12358,21284
-796,-17589,18385
8472,-19783,11311
15048,-19173,4125
19247,-15802,-3445
20212,-9409,-10803
17630,-655,-16975
11917,9211,-21128
4026,15530,-19556
-6967,18640,-11673
-12750,19618,-6868
-18381,17007,1374
-20200,11541,8659
-18859,3452,15407
-14437,-7660,22097
-7045,-13513,20558
721,-18129,17408
10456,-19684,9228
16351,-18595,2244
19635,-14639,-4996
20146,-7965,-12181
17226,420,-17646
10861,10395,-21256
3040,16306,-19346
-7057,19230,-12173
-13336,19696,-6360
-18657,17056,1601
-20398,11562,8836
-18995,3526,15469
-14532,-7565,22097
-7194,-13538,20732
614,-18191,17577
10345,-19622,9277
16190,-18768,2578
19738,-14664,-5074
20076,-7932,-12144
17094,594,-17688
10745,10522,-21267
2953,16256,-19209
-6913,19239,-12326
-13620,19461,-5841
-18673,16825,1848
-20257,11005,9252
-18711,3069,15642
-14058,-7722,21780
-6859,-13715,20574
1815,-18170,16355
10848,-19597,8749
16817,-18343,1526
19894,-14177,-5717
19717,-6868,-12849
16491,1843,-18334
10036,11187,-21223
1753,16867,-18620
-7247,19573,-12326
-14297,19239,-4942
-18929,16182,2747
-20249,10225,10024
-18401,2033,16368
-13245,-8184,21429
-5647,-14433,20080
4780,-18100,13320
11286,-19688,8402
17337,-17960,623
19923,-13261,-6662
19296,-5799,-13497
15873,4842,-20715
9099,11987,-21086
1155,17283,-18438
-8270,19676,-11406
-14907,19111,-4204
-19214,16009,3205
-20303,9730,10573
-18376,1625,16751
-13105,-8373,21478
-5886,-14606,20492
3135,-18525,15390
11133,-20220,9087
16825,-18711,1886
20068,-14524,-5544
20290,-7779,-12511
17345,684,-18029
10980,10584,-21564
3036,16343,-19379
-6851,19395,-12544
-13134,20043,-6909
-18599,17514,1085
-20534,12226,8308
-19383,4475,14908
-15472,-6917,22389
-8283,-12890,21173
-288,-17832,18120
9339,-19767,10428
15596,-19111,3515
19556,-15732,-3824
20328,-8971,-11357
17518,-160,-17358
11826,9541,-21367
4145,15732,-19877
-7090,18810,-11720
-12453,20039,-7586
-18381,17609,772
-20319,12317,8002
-19404,4735,14669
-15324,-6987,22311
-8101,-12861,20962
-90,-17840,17930
9442,-19816,10374
15807,-18995,3188
19585,-15431,-4154
20303,-8839,-11464
17716,-206,-17510
11875,9627,-21502
4129,15683,-19812
-7082,18851,-11769
-12379,20051,-7672
-18244,17898,346
-20406,12799,7607
-19387,4863,14524
-15662,-6488,22150
-8679,-12544,21223
-676,-17716,18392
8984,-19705,10721
15411,-19061,3650
19465,-15505,-3960
20262,-8922,-11340
17626,-342,-17284
12078,9376,-21454
3988,15604,-19592
-6909,18711,-11802
-12593,19750,-7157
-18298,17382,916
-20229,12106,8123
-19003,4079,14924
-14726,-7503,22229
-7305,-13340,20645
717,-17985,17268
10419,-19569,9150
16335,-18599,2264
19672,-14515,-5157
19977,-7676,-12301
16974,783,-17757
10791,10584,-21375
2598,16491,-19089
-6892,19395,-12503
-13670,19548,-5878
-18830,16788,2042
-20398,11298,9100
-18843,3126,15717
-14313,-7858,22171
-6793,-13893,20686
825,-18224,17399
10560,-19800,9240
16384,-18748,2364
19899,-14676,-5223
20125,-7874,-12251
17164,589,-17753
10840,10514,-21354
2920,16297,-19217
-6987,19234,-12247
-13451,19461,-6010
-18752,16747,2005
-20262,10976,9286
-18360,2495,15865
-13831,-7812,21643
-6369,-14049,20418
2883,-18211,15328
11108,-19672,8564
17077,-18236,1159
20018,-13872,-6146
19618,-6525,-13093
16198,2652,-18850
9735,11492,-21227
1637,17085,-18722
-7515,19717,-12202
-14520,19230,-4710
-19078,16104,2974
-20266,10164,10102
-18360,1864,16496
-13212,-8204,21416
-5717,-14515,20232
4739,-18265,13526
11339,-19874,8535
17308,-18203,895
20072,-13670,-6402
19635,-6282,-13353
16198,3770,-19968
9801,11562,-21363
1794,17048,-18842
-7363,19746,-12383
-14326,19313,-4987
-19086,16500,2586
-20398,10473,9925
-18665,2487,16178
-13831,-7990,21821
-6294,-14227,20521
2479,-18319,15840
11162,-19861,8699
16887,-18550,1663
20006,-14276,-5730
20101,-7354,-12747
17056,1109,-18165
10737,10778,-21515
2660,16491,-19151
-6810,19556,-12746
-13513,19866,-6353
-18847,17139,1708
-20480,11665,8815
-19181,3630,15551
-14977,-7462,22439
-7693,-13402,21095
218,-18133,17915
9986,-19894,9908
15955,-19123,3168
19668,-15477,-4191
20427,-8996,-11431
17861,-350,-17511
12045,9499,-21544
4483,15596,-20079
-7210,18768,-11558
-12267,20084,-7817
-18257,17923,334
-20455,12709,7746
-19614,5135,14479
-15724,-6397,22121
-8790,-12535,21325
-622,-17733,18355
8600,-19874,11274
15233,-19288,4055
19366,-15802,-3564
20274,-9289,-10985
17898,-750,-17148
12222,9198,-21420
4529,15365,-19894
-7078,18640,-11562
-12445,19956,-7511
-18207,17865,342
-20530,12507,8023
-19511,4937,14574
-15592,-6583,22175
-8720,-12560,21280
-660,-17787,18447
8621,-19870,11249
15237,-19284,4047
19354,-15992,-3362
20369,-9611,-10758
18104,-1097,-17007
12383,9009,-21392
4830,15258,-20088
-6934,18537,-11603
-12144,20055,-7911
-18067,17737,330
-20315,12622,7693
-19263,4731,14532
-15435,-6670,22105
-8394,-12622,21016
-107,-17754,17861
9400,-19618,10218
15646,-18834,3188
19408,-15188,-4220
20167,-8522,-11645
17312,86,-17398
11347,9945,-21292
3328,16116,-19444
-7016,19078,-12062
-13266,19643,-6377
-18628,17188,1440
-20352,11595,8757
-18954,3642,15312
-14652,-7507,22159
-7346,-13451,20797
742,-18092,17350
10258,-19692,9434
16434,-18678,2244
19812,-14808,-5004
20241,-7920,-12321
17147,635,-17782
10976,10539,-21515
3015,16285,-19300
-6950,19296,-12346
-13360,19680,-6320
-18702,17122,1580
-20299,11578,8721
-18925,3535,15390
-14775,-7536,22311
-7375,-13418,20793
800,-18092,17292
10518,-19515,8997
16524,-18616,2092
19828,-14367,-5461
19812,-7247,-12565
16619,1526,-18145
10155,11067,-21222
2165,16722,-18887
-7140,19589,-12449
-14058,19383,-5325
-18892,16471,2421
-20303,10560,9743
-18698,2446,16252
-13629,-7990,21619
-6187,-14214,20401
2569,-18236,15667
11059,-19762,8703
16970,-18521,1551
19944,-14194,-5750
19804,-6983,-12821
16726,1971,-18697
10399,11034,-21433
2404,16681,-19085
-6954,19560,-12606
-13946,19276,-5330
-18880,16504,2376
-20303,10551,9752
-18508,2268,16240
-13501,-8093,21594
-5882,-14272,20154
3993,-18133,14140
11364,-19762,8398
17098,-18203,1105
20018,-13645,-6373
19758,-6410,-13348
16318,3510,-19828
9652,11578,-21230
1575,17069,-18644
-7396,19824,-12428
-14478,19412,-4934
-19127,16330,2797
-20369,10349,10020
-18715,2376,16339
-13740,-8047,21787
-6298,-14297,20595
2545,-18372,15827
10890,-19936,9046
16842,-18814,1972
20064,-14672,-5392
20220,-7742,-12478
17275,680,-17955
11116,10576,-21692
3316,16310,-19626
-7037,19292,-12255
-12981,19985,-7004
-18562,17551,1011
-20488,12263,8225
-19412,4384,15028
-15101,-7354,22455
-8138,-13006,21144
16,-18018,18002
9499,-19795,10296
15819,-19127,3308
19569,-15373,-4196
20224,-8658,-11566
17535,-49,-17486
11616,9796,-21412
3790,15860,-19650
-7140,18871,-11731
-12754,19767,-7013
-18409,17250,1159
-20233,11896,8337
-18983,3815,15168
-14775,-7408,22183
-7264,-13455,20719
569,-18088,17519
10489,-19692,9203
16343,-18818,2475
19779,-14854,-4925
20154,-8093,-12061
17386,363,-17749
11364,10242,-21606
3481,16104,-19585
-6880,19140,-12260
-12985,19783,-6798
-18467,17333,1134
-20352,11851,8501
-19107,3836,15271
-14829,-7519,22348
-7375,-13377,20752
503,-18001,17498
10300,-19635,9335
16203,-18636,2433
19713,-14627,-5086
20101,-8052,-12049
16801,820,-17621
10758,10481,-21239
2516,16479,-18995
-6975,19309,-12334
-13954,19119,-5165
-18768,16355,2413
-20241,10357,9884
-18430,2112,16318
-13092,-8311,21403
-5704,-14458,20162
4471,-18253,13782
11438,-19787,8349
17250,-18162,912
20080,-13657,-6423
19618,-6311,-13307
15984,3873,-19857
9306,11789,-21095
1439,17193,-18632
-7915,19725,-11810
-14817,19144,-4327
-19119,16042,3077
-20237,9846,10391
-18191,1464,16727
-13059,-8369,21428
-5618,-14643,20261
4599,-18418,13819
11413,-19899,8486
17316,-18343,1027
20072,-13802,-6270
19622,-6286,-13336
16380,3597,-19977
9623,11611,-21234
1650,17061,-18711
-7544,19696,-12152
-14454,19309,-4855
-18987,16178,2809
-20257,9986,10271
-18335,1798,16537
-12890,-8357,21247
-5482,-14598,20080
5271,-18178,12907
11661,-19680,8019
17626,-17853,227
20059,-13043,-7016
19193,-5148,-14045
15505,5997,-21502
8839,12144,-20983
742,17514,-18256
-8386,19564,-11178
-15093,18987,-3894
-19189,15654,3535
-20233,9537,10696
-17993,1113,16880
-12309,-8802,21111
-4529,-15163,19692
6814,-18356,11542
12168,-19709,7541
17774,-17593,-181
20117,-12614,-7503
19177,-4760,-14417
15328,6579,-21907
8270,12560,-20830
181,17671,-17852
-9326,19635,-10309
-15497,18917,-3420
-19321,15419,3902
-20187,8749,11438
-17795,466,17329
-12185,-9248,21433
-4438,-15456,19894
6905,-18587,11682
12032,-20125,8093
17844,-18240,396
20344,-13352,-6992
19643,-5927,-13716
16025,4723,-20748
9710,11834,-21544
1839,17271,-19110
-7387,19911,-12524
-14363,19610,-5247
-19189,16693,2496
-20550,10844,9706
-19016,2904,16112
-14227,-7821,22048
-6880,-13769,20649
928,-18211,17283
10621,-19824,9203
16545,-18975,2430
19894,-14705,-5189
20018,-7565,-12453
17135,783,-17918
10923,10588,-21511
3052,16359,-19411
-6979,19457,-12478
-13418,19684,-6266
-18715,17143,1572
-20389,11471,8918
-19115,3745,15370
-14619,-7499,22118
-7404,-13439,20843
783,-18137,17354
10370,-19630,9260
16355,-18933,2578
19816,-14916,-4900
20142,-8052,-12090
17201,594,-17795
11199,10390,-21589
3279,16273,-19552
-6901,19309,-12408
-13175,19841,-6666
-18640,17242,1398
-20431,11904,8527
-19276,4030,15246
-14895,-7507,22402
-7800,-13158,20958
165,-18001,17836
9941,-19709,9768
16132,-18913,2781
19701,-14916,-4785
20241,-8291,-11950
17358,280,-17638
11380,9986,-21366
3432,16038,-19470
-7000,19032,-12032
-13022,19593,-6571
-18463,16937,1526
-20216,11191,9025
-18442,2858,15584
-13344,-8010,21354
-5927,-14223,20150
3184,-18261,15077
11257,-19800,8543
17226,-18232,1006
20039,-13736,-6303
19800,-6649,-13151
16368,3180,-19548
9776,11611,-21387
1856,16995,-18851
-7218,19754,-12536
-14256,19585,-5329
-19127,16570,2557
-20373,10803,9570
-18665,2487,16178
-14066,-7862,21928
-6715,-14000,20715
1707,-18273,16566
10791,-19812,9021
16759,-18583,1824
19940,-14536,-5404
19890,-7243,-12647
16776,1216,-17992
10329,10984,-21313
2190,16788,-18978
-7099,19597,-12498
-13987,19449,-5462
-18867,16322,2545
-20191,10444,9747
-18463,2120,16343
-13158,-8208,21366
-5610,-14524,20134
4908,-18121,13213
11360,-19738,8378
17531,-17947,416
19960,-13183,-6777
19251,-5506,-13745
15505,5684,-21189
8947,12144,-21091
713,17477,-18190
-8654,19548,-10894
-15089,18962,-3873
-19239,15596,3643
-20158,9128,11030
-17770,759,17011
-12086,-9145,21231
-4467,-15312,19779
7012,-18356,11344
12259,-19655,7396
17861,-17593,-268
20163,-12383,-7780
19284,-4921,-14363
15386,6538,-21924
8274,12581,-20855
103,17601,-17704
-9240,19597,-10357
-15530,18727,-3197
-19317,15142,4175
-19969,7907,12062
-17461,210,17251
-11669,-9631,21300
-3906,-15691,19597
7177,-19036,11859
13377,-19498,6121
18228,-17498,-730
20290,-12185,-8105
18937,-3625,-15312
14577,7441,-22018
7462,13360,-20822
478,17787,-18265
-8943,19775,-10832
-15939,19003,-3064
-19643,15258,4385
-20381,8856,11525
-17770,206,17564
-12057,-9438,21495
-5247,-14982,20229
5457,-18508,13051
12144,-20191,8047
17894,-18096,202
20229,-13699,-6530
19676,-6261,-13415
15947,5164,-21111
9198,12172,-21370
1918,17044,-18962
-8035,19824,-11789
-14359,19333,-4974
-19032,16566,2466
-20344,10514,9830
-18517,2211,16306
-13633,-8043,21676
-5214,-14911,20125
3720,-18183,14463
11525,-19940,8415
17617,-18071,454
20204,-13278,-6926
19474,-5610,-13864
16293,3407,-19700
9673,11587,-21260
1852,17028,-18880
-8435,19713,-11278
-14627,19230,-4603
-19284,15798,3486
-20348,10052,10296
-18067,1056,17011
-13307,-8159,21466
-5090,-15019,20109
4162,-18277,14115
11772,-19828,8056
17712,-17956,244
20158,-13088,-7070
19692,-6476,-13216
16302,3209,-19511
8914,12255,-21169
1658,17127,-18785
-8641,19651,-11010
-15283,19028,-3745
-19284,15708,3576
-20282,10011,10271
-18343,1835,16508
-13002,-8332,21334
-5577,-14565,20142
4917,-18224,13307
11954,-19758,7804
17432,-17947,515
20101,-13278,-6823
19408,-5601,-13807
15027,6921,-21948
8683,12243,-20926
713,17448,-18161
-9710,19465,-9755
-15159,19024,-3865
-19317,15567,3750
-20212,9264,10948
-17770,684,17086
-12342,-8984,21326
-3836,-15633,19469
7128,-18739,11611
12156,-19808,7652
18401,-17349,-1052
20303,-12832,-7471
19329,-5077,-14252
15526,6191,-21717
8575,12403,-20978
-181,17906,-17725
-9619,19676,-10057
-15691,18925,-3234
-19461,15241,4220
-20249,8922,11327
-17531,165,17366
-11781,-9574,21355
-3844,-15687,19531
7297,-18595,11298
12552,-19696,7144
18269,-17172,-1097
20097,-11855,-8242
18777,-3720,-15057
14528,7458,-21986
7499,13208,-20707
-738,17964,-17226
-10205,19445,-9240
-16281,18607,-2326
-19643,14713,4930
-19940,7717,12223
-16990,-705,17695
-10799,-10539,21338
-3027,-16240,19267
6996,-19140,12144
13480,-19333,5853
18525,-16805,-1720
20154,-11034,-9120
18826,-3324,-15502
14181,7763,-21944
6637,13674,-20311
-1386,18022,-16636
-10654,19556,-8902
-16586,18447,-1861
-19795,14157,5638
-19754,7111,12643
-16640,-1493,18133
-10386,-10951,21337
-2301,-16570,18871
6954,-19346,12392
13893,-19350,5457
18731,-16656,-2075
20130,-10696,-9434
18558,-2615,-15943
13550,8080,-21630
6397,14029,-20426
-2429,18224,-15795
-10890,19742,-8852
-16714,18645,-1931
-19890,14449,5441
-20138,7635,12503
-17147,-853,18000
-11104,-10465,21569
-3217,-16223,19440
6901,-19251,12350
12944,-20031,7087
18442,-17683,-759
20356,-12284,-8072
19362,-4434,-14928
15361,6934,-22295
8291,12812,-21103
565,17881,-18446
-8815,19944,-11129
-15213,19267,-4054
-19399,16054,3345
-20414,9631,10783
-18187,1163,17024
-12717,-8745,21462
-5242,-14986,20228
6138,-18343,12205
11723,-19919,8196
17766,-18071,305
20200,-13365,-6835
19498,-5634,-13864
15811,5247,-21058
9087,12123,-21210
1072,17395,-18467
-8155,19713,-11558
-15023,19074,-4051
-19148,15939,3209
-20274,9417,10857
-17985,899,17086
-12337,-8963,21300
-4801,-15217,20018
6851,-18624,11773
12102,-20072,7970
17935,-18145,210
20460,-13365,-7095
19870,-6121,-13749
16396,4281,-20677
9879,11607,-21486
1876,17135,-19011
-7136,19853,-12717
-14235,19490,-5255
-19107,16648,2459
-20604,10811,9793
-18847,2487,16360
-13530,-8229,21759
-5944,-14466,20410
2994,-18298,15304
11244,-19804,8560
17205,-18409,1204
20014,-13855,-6159
19688,-6604,-13084
16083,3625,-19708
9306,11719,-21025
1216,17127,-18343
-8010,19692,-11682
-14928,19078,-4150
-19193,15703,3490
-20097,9116,10981
-17663,598,17065
-12342,-9046,21388
-4562,-15237,19799
6876,-18447,11571
12247,-19775,7528
17881,-17754,-127
20134,-12622,-7512
19173,-4669,-14504
15208,6740,-21948
8134,12812,-20946
-33,17766,-17733
-9561,19713,-10152
-15633,19049,-3416
-19482,15241,4241
-20299,9000,11299
-17791,482,17309
-12094,-9347,21441
-4446,-15460,19906
7095,-18529,11434
12094,-19886,7792
17989,-17655,-334
20134,-12552,-7582
19036,-4582,-14454
15122,6864,-21986
8278,12676,-20954
-181,17745,-17564
-9565,19453,-9888
-15864,18768,-2904
-19490,15093,4397
-20047,8386,11661
-17205,-297,17502
-11195,-10098,21293
-3291,-16025,19316
7152,-18896,11744
13121,-19474,6353
18364,-16784,-1580
20150,-11310,-8840
18834,-3300,-15534
14235,7664,-21899
6703,13600,-20303
-994,18079,-17085
-10609,19581,-8972
-16483,18517,-2034
-19696,14293,5403
-19882,7491,12391
-16739,-1130,17869
-10654,-10667,21321
-2343,-16479,18822
6868,-19366,12498
14004,-19259,5255
18657,-16549,-2108
20138,-10729,-9409
18455,-2516,-15939
13464,8068,-21532
6096,14144,-20240
-3003,18174,-15171
-11104,19713,-8609
-16974,18381,-1407
-19907,13888,6019
-19783,6670,13113
-16553,-2409,18962
-10110,-11269,21379
-2239,-16714,18953
6711,-19647,12936
13711,-19874,6163
18649,-17052,-1597
20220,-11343,-8877
19049,-3411,-15638
14561,7577,-22138
7222,13542,-20764
-618,18150,-17532
-10287,19791,-9504
-16194,19008,-2814
-19746,15204,4542
-20233,8493,11740
-17572,20,17552
-11950,-9673,21623
-4071,-15687,19758
7078,-18624,11546
12300,-19948,7648
18207,-17725,-482
20307,-12498,-7809
19168,-4500,-14668
15448,6690,-22138
8497,12696,-21193
235,17869,-18104
-9037,19874,-10837
-15411,19131,-3720
-19358,15864,3494
-20455,9487,10968
-18141,1064,17077
-12395,-8951,21346
-4747,-15163,19910
6492,-18455,11963
11859,-19998,8139
17927,-17993,66
20270,-12882,-7388
19552,-5321,-14231
15947,5795,-21742
9116,12263,-21379
1031,17531,-18562
-8237,19853,-11616
-14920,19267,-4347
-19255,16211,3044
-20443,9941,10502
-18579,1802,16777
-12997,-8497,21494
-5403,-14755,20158
5044,-18273,13229
11636,-19919,8283
17634,-18121,487
20253,-13340,-6913
19540,-5700,-13840
15856,5073,-20929
9153,12007,-21160
759,17349,-18108
-8266,19651,-11385
-15039,19028,-3989
-19259,15658,3601
-19762,8567,11195
-16986,8,16978
-11451,-9751,21202
-3613,-15840,19453
7144,-18888,11744
13002,-19639,6637
18397,-17205,-1192
20224,-11756,-8468
18876,-3770,-15106
14627,7610,-22237
7462,13266,-20728
-552,18013,-17461
-10230,19635,-9405
-16066,18822,-2756
-19602,14874,4728
-20117,8027,12090
-17151,-523,17674
-11269,-10221,21490
-3300,-16104,19404
7115,-19041,11926
13047,-19688,6641
18525,-17114,-1411
20204,-11739,-8465
18909,-3786,-15123
14660,7400,-22060
7598,13253,-20851
-577,18009,-17432
-10143,19490,-9347
-16116,18797,-2681
-19647,14936,4711
-20072,8039,12033
-17040,-643,17683
-10910,-10349,21259
-2986,-16264,19250
7152,-19131,11979
13352,-19317,5965
18397,-16586,-1811
20101,-10885,-9216
18822,-3056,-15766
13822,7837,-21659
6393,13855,-20248
-2854,18100,-15246
-10927,19721,-8794
-16863,18290,-1427
-19870,13901,5969
-19762,6793,12969
-16380,-2437,18817
-10201,-11178,21379
-2157,-16714,18871
7008,-19490,12482
14037,-19288,5251
18838,-16504,-2334
20134,-10452,-9682
18517,-2413,-16104
13517,8097,-21614
5989,14284,-20273
-3139,18166,-15027
-11116,19626,-8510
-17007,18290,-1283
-19932,13674,6258
-19754,6657,13097
-16310,-2990,19300
-9817,-11413,21230
-1732,-16941,18673
7243,-19626,12383
14280,-19371,5091
18929,-16347,-2582
20204,-10428,-9776
18607,-2404,-16203
13690,7977,-21667
6100,14227,-20327
-2689,18372,-15683
-10943,19932,-8989
-16842,18690,-1848
-20047,14524,5523
-20146,7577,12569
-17151,-829,17980
-11319,-10428,21747
-3399,-16269,19668
6991,-19210,12219
12911,-20101,7190
18467,-17828,-639
20468,-12688,-7780
19416,-4863,-14553
15646,6418,-22064
8782,12606,-21388
804,17704,-18508
-8456,19998,-11542
-15085,19387,-4302
-19358,16161,3197
-20538,9846,10692
-18484,1509,16975
-12981,-8584,21565
-5581,-14812,20393
4966,-18372,13406
11451,-19915,8464
17518,-18339,821
20237,-13732,-6505
19866,-6340,-13526
16293,4038,-20331
9669,11702,-21371
1489,17259,-18748
-7660,19870,-12210
-14841,19239,-4398
-19267,16145,3122
-20472,9966,10506
-18587,1790,16797
-13138,-8415,21553
-5544,-14722,20266
4595,-18430,13835
11430,-19977,8547
17490,-18364,874
20220,-13798,-6422
19841,-6385,-13456
16380,3460,-19840
9697,11706,-21403
1588,17176,-18764
-7561,19861,-12300
-14676,19371,-4695
-19090,16351,2739
-20282,10052,10230
-18356,1769,16587
-13245,-8188,21433
-5428,-14668,20096
5234,-18133,12899
11653,-19779,8126
17576,-17964,388
20055,-12936,-7119
19189,-4991,-14198
15221,6492,-21713
8052,12733,-20785
140,17754,-17894
-9380,19696,-10316
-15724,18909,-3185
-19437,15398,4039
-20229,8839,11390
-17848,486,17362
-12098,-9421,21519
-4360,-15468,19828
7148,-18591,11443
12313,-19849,7536
18137,-17642,-495
20266,-12441,-7825
19193,-4529,-14664
15262,6855,-22117
8311,12775,-21086
57,17828,-17885
-9231,19684,-10453
-15584,19065,-3481
-19453,15588,3865
-20245,8868,11377
-17795,511,17284
-12053,-9293,21346
-4137,-15555,19692
7152,-18550,11398
12556,-19742,7186
18187,-17300,-887
20158,-11987,-8171
19123,-4178,-14945
15019,7148,-22167
7453,13101,-20554
-412,17886,-17474
-10155,19602,-9447
-16141,18628,-2487
-19585,14701,4884
-19911,7775,12136
-16879,-783,17662
-10708,-10580,21288
-2602,-16425,19027
6930,-19239,12309
13666,-19366,5700
18649,-16623,-2026
20163,-10828,-9335
18517,-2549,-15968
13579,7981,-21560
6212,14037,-20249
-2640,18104,-15464
-11017,19569,-8552
-16904,18273,-1369
-19849,13761,6088
-19709,6641,13068
-16124,-3580,19704
-9714,-11467,21181
-1625,-16916,18541
7482,-19606,12124
14466,-19156,4690
18863,-16091,-2772
20191,-9999,-10192
18240,-1612,-16628
13006,8377,-21383
5535,14660,-20195
-3922,18422,-14500
-11195,20101,-8906
-17094,18570,-1476
-20158,14338,5820
-20014,7189,12825
-16916,-1377,18293
-10737,-10857,21594
-2891,-16500,19391
6884,-19470,12586
13360,-19816,6456
18711,-17353,-1358
20526,-12007,-8519
19197,-4046,-15151
15171,7235,-22406
8126,13138,-21264
-86,17985,-17899
-9334,19833,-10499
-15621,19164,-3543
-19527,15724,3803
-20480,9273,11207
-18137,820,17317
-12193,-9198,21391
-4690,-15328,20018
6843,-18488,11645
12115,-19965,7850
17943,-17861,-82
20348,-12944,-7404
19581,-5325,-14256
15712,6175,-21887
8790,12391,-21181
594,17675,-18269
-8728,19734,-11006
-15353,18983,-3630
-19383,15835,3548
-20344,9277,11067
-17848,610,17238
-12094,-9227,21321
-4393,-15522,19915
7086,-18657,11571
12251,-19923,7672
18166,-17762,-404
20402,-12857,-7545
19498,-5193,-14305
15621,6183,-21804
8641,12449,-21090
759,17622,-18381
-8670,19800,-11130
-15270,19185,-3915
-19366,15930,3436
-20237,9310,10927
-17741,594,17147
-12358,-9070,21428
-4541,-15361,19902
7008,-18603,11595
12177,-19940,7763
18121,-17725,-396
20183,-12490,-7693
19218,-4686,-14532
15138,6859,-21997
7920,12837,-20757
-181,17766,-17585
-9730,19494,-9764
-16017,18768,-2751
-19536,14668,4868
-19927,7911,12016
-16854,-763,17617
-10725,-10584,21309
-3007,-16277,19284
6822,-19350,12528
13530,-19490,5960
18624,-16900,-1724
20183,-11079,-9104
18669,-2982,-15687
14152,7779,-21931
6917,13723,-20640
-1117,18174,-17057
-10712,19680,-8968
-16603,18777,-2174
-19894,14713,5181
-20146,7746,12400
-17135,-783,17918
-10964,-10506,21470
-3048,-16302,19350
7033,-19193,12160
13171,-19511,6340
18484,-16838,-1646
20200,-11368,-8832
18925,-3407,-15518
14247,7796,-22043
6501,13872,-20373
-1744,18100,-16356
-10729,19688,-8959
-16788,18360,-1572
-19800,14136,5664
-19729,6826,12903
-16458,-2194,18652
-10155,-11170,21325
-1918,-16809,18727
7214,-19465,12251
14305,-19098,4793
18760,-16359,-2401
20146,-10110,-10036
18228,-1819,-16409
13121,8245,-21366
5622,14548,-20170
-4921,18166,-13245
-11298,19853,-8555
-17312,18178,-866
-20047,13451,6596
-19639,6352,13287
-16153,-3823,19976
-9755,-11512,21267
-1654,-17032,18686
7396,-19779,12383
14487,-19383,4896
18966,-16339,-2627
20154,-10147,-10007
18554,-2194,-16360
13476,8225,-21701
5989,14342,-20331
-3444,18290,-14846
-11067,19890,-8823
-17036,18488,-1452
-20084,14119,5965
-19878,6921,12957
-16627,-2248,18875
-10415,-11116,21531
-2301,-16797,19098
6987,-19585,12598
13855,-19577,5722
18847,-16871,-1976
20398,-11269,-9129
18863,-3064,-15799
14528,7660,-22188
7177,13752,-20929
-783,18203,-17420
-10271,19866,-9595
-16211,18979,-2768
-19808,15266,4542
-20480,8542,11938
-17795,45,17750
-11801,-9772,21573
-4120,-15741,19861
7070,-18826,11756
12387,-20163,7776
18174,-17919,-255
20464,-12907,-7557
19651,-5209,-14442
15823,6129,-21952
9004,12346,-21350
804,17737,-18541
-8448,19923,-11475
-15138,19255,-4117
-19395,16087,3308
-20472,9681,10791
-18339,1303,17036
-12911,-8716,21627
-5222,-14953,20175
5874,-18467,12593
11863,-19989,8126
17803,-18145,342
20315,-13129,-7186
19626,-5478,-14148
15778,5597,-21375
8938,12350,-21288
907,17655,-18562
-8233,19952,-11719
-14965,19527,-4562
-19346,16339,3007
-20468,10110,10358
-18566,1963,16603
-13377,-8254,21631
-5816,-14623,20439
4401,-18335,13934
11550,-19944,8394
17518,-18335,817
20303,-13513,-6790
19610,-5799,-13811
15943,4719,-20662
9145,12102,-21247
1097,17432,-18529
-8175,19779,-11604
-15019,19226,-4207
-19267,15934,3333
-20348,9553,10795
-18046,1035,17011
-12313,-8926,21239
-4483,-15299,19782
7045,-18471,11426
12317,-19849,7532
18117,-17655,-462
20229,-12325,-7904
19144,-4459,-14685
15208,6954,-22162
8316,12754,-21070
-24,17828,-17804
-9380,19672,-10292
-15625,19053,-3428
-19540,15402,4138
-20377,8881,11496
-17741,264,17477
-11859,-9669,21528
-4034,-15786,19820
7206,-18777,11571
12560,-19977,7417
18224,-17696,-528
20394,-12573,-7821
19511,-4954,-14557
15712,6360,-22072
8518,12548,-21066
350,17712,-18062
-9079,19795,-10716
-15419,19181,-3762
-19404,15411,3993
-20196,8745,11451
-17296,-45,17341
-11533,-9891,21424
-3531,-15967,19498
6983,-18942,11959
12936,-19771,6835
18471,-17188,-1283
20278,-11669,-8609
19012,-3720,-15292
14610,7486,-22096
7412,13422,-20834
-660,18088,-17428
-10296,19721,-9425
-16392,18810,-2418
-19779,14990,4789
-20204,8200,12004
-17345,-416,17761
-11413,-10089,21502
-3423,-16000,19423
7029,-19032,12003
12931,-19812,6881
18372,-17300,-1072
20196,-11727,-8469
18975,-3733,-15242
14709,7631,-22340
7132,13534,-20666
-853,18108,-17255
-10366,19655,-9289
-16359,18744,-2385
-19791,14619,5172
-19882,7544,12338
-16879,-928,17807
-10869,-10601,21470
-2829,-16438,19267
6847,-19395,12548
13583,-19498,5915
18706,-16883,-1823
20352,-11092,-9260
18731,-2879,-15852
14223,7821,-22044
6963,13860,-20823
-1150,18277,-17127
-10506,19944,-9438
-16533,18880,-2347
-19861,14944,4917
-20406,8291,12115
-17551,-284,17835
-11479,-10118,21597
-3836,-16017,19853
7231,-19049,11818
12680,-20171,7491
18306,-17914,-392
20493,-12775,-7718
19610,-5040,-14570
15778,6232,-22010
8971,12403,-21374
800,17671,-18471
-8464,19932,-11468
-15254,19247,-3993
-19399,16042,3357
-20460,9644,10816
-18220,1084,17136
-12692,-8819,21511
-5028,-15171,20199
6253,-18430,12177
11756,-19977,8221
17886,-18059,173
20282,-13138,-7144
19470,-5374,-14096
15571,6030,-21601
8555,12515,-21070
482,17617,-18099
-9050,19729,-10679
-15435,19218,-3783
-19564,15617,3947
-20365,9120,11245
-17828,462,17366
-12432,-9165,21597
-4508,-15448,19956
6958,-18653,11695
12069,-20035,7966
18018,-18067,49
20361,-13154,-7207
19457,-5160,-14297
15835,5931,-21766
8806,12383,-21189
688,17568,-18256
-8695,19853,-11158
-15423,19189,-3766
-19371,15621,3750
-20332,9396,10936
-17828,688,17140
-12078,-9186,21264
-4314,-15419,19733
7099,-18570,11471
12416,-19696,7280
18137,-17271,-866
20047,-11768,-8279
18665,-3572,-15093
14338,7519,-21857
7004,13633,-20637
-862,18108,-17246
-10531,19548,-9017
-16508,18715,-2207
-19787,14623,5164
-19985,7569,12416
-16916,-862,17778
-10778,-10749,21527
-2755,-16471,19226
7218,-19379,12161
13608,-19441,5833
18640,-16702,-1938
20295,-10848,-9447
18933,-3015,-15918
14086,7821,-21907
6546,13954,-20500
-2004,18216,-16212
-10659,20039,-9380
-16652,18888,-2236
-19874,14763,5111
-20134,7726,12408
-17176,-627,17803
-11199,-10349,21548
-3229,-16203,19432
7082,-19230,12148
13360,-19626,6266
18517,-17081,-1436
20245,-11294,-8951
18781,-3168,-15613
14070,7804,-21874
6616,13868,-20484
-1662,18092,-16430
-10984,19626,-8642
-16722,18471,-1749
-19890,14107,5783
-19808,6963,12845
-16495,-2310,18805
-10073,-11248,21321
-2074,-16788,18862
7074,-19527,12453
14095,-19420,5325
18855,-16495,-2360
20245,-10555,-9690
18587,-2404,-16183
13794,7994,-21788
5989,14276,-20265
-3015,18240,-15225
-11096,19771,-8675
-17122,18327,-1205
-20035,14012,6023
-19680,6529,13151
-16376,-2924,19300
-9904,-11455,21359
-1922,-16916,18838
7194,-19721,12527
14284,-19131,4847
18962,-16368,-2594
20266,-10176,-10090
18343,-1852,-16491
13311,8245,-21556
5931,14445,-20376
-4186,18319,-14133
-11125,20035,-8910
-17089,18566,-1477
-20105,14276,5829
-20167,7247,12920
-16887,-1555,18442
-10576,-10968,21544
-2668,-16656,19324
6872,-19692,12820
13587,-19882,6295
18834,-17411,-1423
20633,-11921,-8712
19441,-4100,-15341
15258,7198,-22456
8192,13022,-21214
24,18063,-18087
-9326,19874,-10548
-15563,19239,-3676
-19622,15786,3836
-20480,9339,11141
-18022,651,17371
-12375,-9240,21615
-4681,-15386,20067
6802,-18599,11797
12090,-20121,8031
18067,-18046,-21
20398,-12903,-7495
19655,-5333,-14322
15774,6113,-21887
8720,12482,-21202
614,17671,-18285
-8703,19841,-11138
-15398,19305,-3907
-19494,15897,3597
-20315,9194,11121
-17692,466,17226
-12185,-9301,21486
-4442,-15580,20022
6996,-18669,11673
12251,-20084,7833
18108,-17857,-251
20439,-12952,-7487
19453,-4912,-14541
15670,6311,-21981
8794,12511,-21305
606,17791,-18397
-8683,19886,-11203
-15365,19263,-3898
-19461,15782,3679
-20517,9549,10968
-18154,961,17193
-12436,-9103,21539
-4665,-15332,19997
6851,-18558,11707
11979,-19989,8010
17923,-17919,-4
20253,-12622,-7631
19160,-4661,-14499
15089,6892,-21981
7973,12816,-20789
-292,17782,-17490
-9999,19412,-9413
-16157,18735,-2578
-19725,14821,4904
-20039,7701,12338
-17094,-688,17782
-10840,-10654,21494
-2866,-16479,19345
7053,-19412,12359
13546,-19651,6105
18640,-17089,-1551
20410,-11562,-8848
19243,-3745,-15498
14817,7470,-22287
7202,13563,-20765
-701,18191,-17490
-10197,19923,-9726
-16203,19057,-2854
-19783,15064,4719
-20348,8369,11979
-17411,-317,17728
-11607,-10011,21618
-3597,-16025,19622
7367,-18954,11587
12923,-19808,6885
18397,-17407,-990
20278,-11715,-8563
18925,-3547,-15378
14181,7767,-21948
7037,13645,-20682
-849,18092,-17243
-10720,19630,-8910
-16706,18599,-1893
-19828,14429,5399
-19824,7181,12643
-16718,-1662,18380
-10419,-10832,21251
-2074,-16743,18817
7049,-19490,12441
14173,-19313,5140
18843,-16417,-2426
20167,-10230,-9937
18492,-2120,-16372
13352,8192,-21544
5482,14606,-20088
-4743,18216,-13473
-11471,19861,-8390
-17300,18261,-961
-20121,13554,6567
-19548,6105,13443
-16219,-4050,20269
-9631,-11628,21259
-1485,-17118,18603
7433,-19725,12292
14602,-19131,4529
19003,-16141,-2862
20191,-9957,-10234
18158,-1493,-16665
12927,8423,-21350
5374,14796,-20170
-5775,18298,-12523
-11781,19857,-8076
-17535,18018,-483
-20196,13270,6926
-19564,5721,13843
-15992,-5164,21156
-9215,-12028,21243
-1353,-17362,18715
7779,-19907,12128
14581,-19676,5095
19127,-16520,-2607
20526,-10572,-9954
18863,-2392,-16471
13868,8056,-21924
6513,14181,-20694
-2363,18422,-16059
-10865,19965,-9100
-16850,18838,-1988
-20109,14746,5363
-20348,7887,12461
-17279,-614,17893
-11319,-10411,21730
-3407,-16269,19676
7033,-19255,12222
13035,-19857,6822
18480,-17584,-896
20480,-12094,-8386
19325,-4248,-15077
15060,7342,-22402
7767,13216,-20983
-424,17993,-17569
-10011,19750,-9739
-16033,19152,-3119
-19816,15229,4587
-20274,8481,11793
-17370,-210,17580
-11587,-9875,21462
-3704,-15934,19638
7346,-18933,11587
12870,-19833,6963
18430,-17382,-1048
20365,-11818,-8547
19086,-3654,-15432
14664,7697,-22361
7297,13571,-20868
-647,18162,-17515
-10209,19833,-9624
-16198,19016,-2818
-19754,15101,4653
-20311,8468,11843
-17514,-94,17608
-11467,-9994,21461
-3683,-16025,19708
7441,-19041,11600
13026,-19837,6811
18599,-17131,-1468
20340,-11591,-8749
18991,-3419,-15572
14499,7618,-22117
7387,13484,-20871
-688,18071,-17383
-10362,19614,-9252
-16231,18937,-2706
-19758,14986,4772
-20125,8019,12106
-17048,-742,17790
-10923,-10506,21429
-2829,-16479,19308
7214,-19461,12247
13781,-19474,5693
18731,-16627,-2104
20319,-10840,-9479
18830,-2875,-15955
13979,7862,-21841
6278,14091,-20369
-2462,18232,-15770
-10807,19833,-9026
-16916,18525,-1609
-20006,14210,5796
-19948,6942,13006
-16632,-2285,18917
-10415,-11137,21552
-2145,-16863,19008
7000,-19626,12626
14070,-19597,5527
18876,-16838,-2038
20406,-11145,-9261
18863,-3073,-15790
14025,7874,-21899
6682,13905,-20587
-1918,18096,-16178
-10791,19742,-8951
-16879,18521,-1642
-19944,14049,5895
-19701,6604,13097
-16281,-3295,19576
-9850,-11422,21272
-1584,-16999,18583
7326,-19734,12408
14433,-19226,4793
18962,-16256,-2706
20208,-10093,-10115
18459,-1909,-16550
13171,8295,-21466
5325,14701,-20026
-5750,18282,-12532
-11455,19989,-8534
-17609,18055,-446
-20200,13398,6802
-19536,5927,13609
-15967,-4776,20743
-9446,-11826,21272
-1369,-17180,18549
7606,-19771,12165
14680,-19094,4414
19049,-16219,-2830
20241,-9834,-10407
18100,-1443,-16657
12944,8530,-21474
5090,15002,-20092
-5981,18261,-12280
-11640,19960,-8320
-17634,17993,-359
-20200,13385,6815
-19593,5758,13835
-15930,-5119,21049
-9273,-12061,21334
-1192,-17382,18574
7965,-19812,11847
14895,-19222,4327
19206,-16033,-3173
20455,-9928,-10527
18566,-1765,-16801
13158,8336,-21494
5779,14647,-20426
-4207,18475,-14268
-11116,20171,-9055
-17151,18760,-1609
-20208,14487,5721
-20196,7342,12854
-17061,-1274,18335
-10956,-10873,21829
-2862,-16702,19564
7099,-19577,12478
13439,-20072,6633
18830,-17502,-1328
20620,-12131,-8489
19457,-4269,-15188
15241,7239,-22480
8060,13055,-21115
-103,18059,-17956
-9652,19849,-10197
-15951,19259,-3308
-19746,15580,4166
-20410,8835,11575
-17527,-12,17539
-12028,-9545,21573
-4021,-15819,19840
7095,-18896,11801
12490,-19960,7470
18207,-17688,-519
20373,-12581,-7792
19321,-4364,-14957
15147,7198,-22345
7693,13171,-20864
-251,18034,-17783
-9941,19857,-9916
-16368,19069,-2701
-19853,15270,4583
-20509,8588,11921
-17770,57,17713
-12139,-9681,21820
-4554,-15629,20183
6843,-18834,11991
12086,-20427,8341
18079,-18306,227
20394,-13175,-7219
19676,-5597,-14079
16000,5494,-21494
9182,12259,-21441
903,17745,-18648
-8328,19944,-11616
-15225,19371,-4146
-19428,16025,3403
-20464,9706,10758
-18195,1208,16987
-12663,-8844,21507
-4859,-15217,20076
6855,-18504,11649
12168,-19866,7698
18026,-17457,-569
20171,-12214,-7957
19243,-4244,-14999
15010,7243,-22253
7416,13245,-20661
-606,18075,-17469
-10225,19816,-9591
-16227,18950,-2723
-19795,14936,4859
-19977,7004,12973
-16805,-2000,18805
-10502,-11063,21565
-2136,-16879,19015
7103,-19622,12519
13546,-19680,6134
18764,-17048,-1716
20435,-11467,-8968
19003,-3184,-15819
13707,8126,-21833
7222,13690,-20912
-672,18339,-17667
-10935,20010,-9075
-16306,19140,-2834
-20026,14454,5572
-20121,7441,12680
-17011,-1097,18108
-11339,-10126,21465
-2586,-16710,19296
6938,-19267,12329
13270,-19705,6435
18826,-16549,-2277
20088,-10238,-9850
18818,-3056,-15762
13158,8320,-21478
6113,14103,-20216
-2825,18216,-15391
-11207,19734,-8527
-17201,18294,-1093
-20183,12993,7190
-19503,5420,14083
-15604,-6088,21692
-8910,-12292,21202
-1637,-17147,18784
8386,-19800,11414
14557,-19234,4677
18950,-16314,-2636
20220,-10069,-10151
18315,-1790,-16525
12251,9042,-21293
4500,15303,-19803
-5630,18236,-12606
-11616,19899,-8283
-18038,17543,495
-20253,12486,7767
-19280,4669,14611
-15794,-5412,21206
-8930,-12189,21119
-288,-17729,18017
9260,-19614,10354
15563,-19003,3440
19478,-15241,-4237
20365,-9615,-10750
18084,-1035,-17049
12634,8778,-21412
4954,15109,-20063
-6468,18525,-12057
-11781,20031,-8250
-17820,18211,-391
-20505,12894,7611
-19696,5816,13880
-16186,-4455,20641
-9784,-11805,21589
-1876,-17300,19176
8006,-20200,12194
14796,-19560,4764
19102,-16933,-2169
20583,-10984,-9599
19210,-3060,-16150
13451,8291,-21742
6855,14004,-20859
-1410,18352,-16942
-10551,19989,-9438
-16640,19045,-2405
-19973,15097,4876
-20311,8113,12198
-16858,-1786,18644
-10696,-11026,21722
-3522,-16281,19803
7111,-19255,12144
13101,-19969,6868
18607,-17498,-1109
20612,-11393,-9219
19399,-4149,-15250
15180,7293,-22473
7911,13167,-21078
-193,18096,-17903
-10531,19878,-9347
-16603,18991,-2388
-19977,14998,4979
-20377,8175,12202
-17378,-503,17881
-11253,-10456,21709
-3209,-16434,19643
7082,-19474,12392
13468,-19882,6414
18748,-17205,-1543
20542,-11781,-8761
19214,-3762,-15452
14899,7573,-22472
7750,13381,-21131
-528,18269,-17741
-10065,19779,-9714
-16190,19152,-2962
-19837,15394,4443
-20410,8311,12099
-17457,-247,17704
-11422,-10131,21553
-3267,-16347,19614
7111,-19247,12136
13299,-19630,6331
18517,-17023,-1494
20286,-11463,-8823
19144,-3419,-15725
14322,7717,-22039
6439,13901,-20340
-2178,18071,-15893
-11013,19808,-8795
-17127,18372,-1245
-20088,13769,6319
-19767,6389,13378
-16306,-3910,20216
-9941,-11595,21536
-1592,-17234,18826
7383,-19849,12466
14515,-19333,4818
19098,-16541,-2557
20410,-10461,-9949
18508,-2033,-16475
13505,8229,-21734
5927,14544,-20471
-4549,18376,-13827
-11380,19965,-8585
-17444,18513,-1069
-20332,13728,6604
-19969,6529,13440
-16566,-3650,20216
-10089,-11434,21523
-1955,-17061,19016
7152,-19861,12709
14111,-19651,5540
18909,-16669,-2240
20262,-10609,-9653
18715,-2392,-16323
13645,8142,-21787
5812,14495,-20307
-4100,18339,-14239
-11306,19927,-8621
-17395,18310,-915
-20158,13752,6406
-19593,6092,13501
-16112,-4261,20373
-9570,-11818,21388
-1328,-17308,18636
7614,-19804,12190
14788,-19181,4393
19164,-16025,-3139
20299,-9644,-10655
18133,-1241,-16892
12663,8794,-21457
5102,15081,-20183
-6113,18343,-12230
-11748,20084,-8336
-17708,18112,-404
-20295,13464,6831
-19618,5737,13881
-16161,-4941,21102
-9372,-11908,21280
-1208,-17395,18603
8064,-19824,11760
14969,-19111,4142
19210,-15930,-3280
20356,-9718,-10638
18158,-1167,-16991
12630,8798,-21428
4917,15109,-20026
-6554,18475,-11921
-11880,20014,-8134
-18022,17857,165
-20348,13030,7318
-19544,5280,14264
-15976,-5795,21771
-9091,-12276,21367
-1105,-17630,18735
7932,-20068,12136
14866,-19498,4632
19317,-16545,-2772
20633,-10283,-10350
18896,-2145,-16751
13484,8349,-21833
6138,14503,-20641
-3159,18496,-15337
-11013,20290,-9277
-17114,19160,-2046
-20319,14845,5474
-20460,7755,12705
-17440,-651,18091
-11649,-10287,21936
-3700,-16236,19936
7198,-19259,12061
12841,-20249,7408
18558,-17914,-644
20715,-12783,-7932
19680,-4888,-14792
15732,6670,-22402
8687,12828,-21515
429,18022,-18451
-8980,20043,-11063
-15654,19523,-3869
-19680,16033,3647
-20732,9570,11162
-18389,1134,17255
-12762,-8885,21647
-5049,-15332,20381
6402,-18607,12205
11966,-20315,8349
18096,-18183,87
20394,-13204,-7190
19531,-5189,-14342
15782,6298,-22080
8992,12535,-21527
750,17861,-18611
-8666,20051,-11385
-15373,19498,-4125
-19602,16285,3317
-20670,9673,10997
-18607,1431,17176
-13167,-8658,21825
-5395,-15138,20533
5684,-18616,12932
11851,-20130,8279
17778,-18348,570
20513,-13431,-7082
19948,-5820,-14128
16277,5086,-21363
9260,12185,-21445
775,17597,-18372
-8320,19956,-11636
-15134,19354,-4220
-19453,15930,3523
-20282,9046,11236
-17428,132,17296
-11892,-9491,21383
-3733,-15930,19663
7425,-19020,11595
13204,-19841,6637
18595,-17304,-1291
20427,-11665,-8762
19115,-3605,-15510
14631,7623,-22254
7433,13513,-20946
-552,18290,-17738
-10370,19841,-9471
-16471,18987,-2516
-19915,15023,4892
-20328,8118,12210
-17337,-552,17889
-11286,-10370,21656
-3163,-16376,19539
6950,-19383,12433
13323,-19993,6670
18785,-17263,-1522
20385,-11463,-8922
19284,-3679,-15605
14697,7585,-22282
7330,13567,-20897
-775,18257,-17482
-10522,19882,-9360
-16599,19049,-2450
-20187,14845,5342
-20402,7948,12454
-17485,-684,18169
-11401,-10510,21911
-4166,-16264,20430
7169,-19354,12185
12478,-20472,7994
18364,-18442,78
20835,-13464,-7371
19824,-5498,-14326
16273,5391,-21664
9759,12234,-21993
1394,17791,-19185
-7812,20414,-12602
-14973,20006,-5033
-19597,16900,2697
-21082,11050,10032
-19507,2986,16521
-14722,-7911,22633
-7441,-13987,21428
585,-18715,18130
10386,-20369,9983
16520,-19639,3119
20163,-15728,-4435
21029,-9178,-11851
18319,-330,-17989
12300,9681,-21981
4459,16066,-20525
-7198,19185,-11987
-12408,20653,-8245
-18558,18480,78
-20971,13558,7413
-20154,5556,14598
-16413,-5663,22076
-9425,-12494,21919
-1291,-18001,19292
8060,-20653,12593
15171,-20084,4913
19849,-17028,-2821
21202,-10799,-10403
19507,-2483,-17024
14338,8237,-22575
6760,14631,-21391
-1617,18946,-17329
-10782,20781,-9999
-16999,19965,-2966
-20612,15972,4640
-21157,9000,12157
-18418,181,18237
-12618,-9784,22402
-4727,-16141,20868
7041,-19486,12445
12519,-20967,8448
18595,-18892,297
21198,-14045,-7153
20542,-6142,-14400
17098,4195,-21293
10102,12115,-22217
1810,17840,-19650
-7590,20658,-13068
-15130,20200,-5070
-19820,16924,2896
-21157,10481,10676
-19144,1794,17350
-13554,-8637,22191
-5944,-15246,21190
4636,-19045,14409
11677,-20781,9104
18075,-19119,1044
20893,-14404,-6489
20336,-6430,-13906
16681,3836,-20517
10131,11995,-22126
1662,17836,-19498
-7957,20538,-12581
-15390,19948,-4558
-19973,16916,3057
-21169,10122,11047
-19239,1777,17462
-13732,-8650,22382
-6006,-15180,21186
4587,-18999,14412
11566,-20703,9137
17894,-19069,1175
20893,-14161,-6732
20493,-6723,-13770
17110,3357,-20467
9953,12106,-22059
1315,17877,-19192
-8031,20645,-12614
-15340,20026,-4686
-19820,16644,3176
-21115,10213,10902
-18781,1377,17404
-13121,-8897,22018
-5259,-15456,20715
6369,-18810,12441
12152,-20526,8374
18414,-18253,-161
20662,-12758,-7904
19247,-4017,-15230
14804,7618,-22422
7643,13761,-21404
-610,18612,-18002
-10700,20262,-9562
-16698,19449,-2751
-20406,15126,5280
-20732,8076,12656
-17679,-754,18433
-11446,-10720,22166
-3147,-16792,19939
7169,-19894,12725
13777,-20394,6617
19185,-17634,-1551
20913,-11616,-9297
19639,-3477,-16162
14833,7841,-22674
7132,14103,-21235
-895,18789,-17894
-10832,20398,-9566
-17056,19346,-2290
-20443,15274,5169
-20575,7837,12738
-17411,-895,18306
-10976,-11013,21989
-2780,-17056,19836
7062,-20113,13051
14317,-19890,5573
19259,-16970,-2289
20748,-10931,-9817
18995,-2178,-16817
13872,8340,-22212
6022,14763,-20785
-4669,18715,-14046
-11756,20414,-8658
-17952,18645,-693
-20641,13798,6843
-20105,6026,14079
-16376,-4954,21330
-9425,-12317,21742
-1196,-17840,19036
8217,-20344,12127
15291,-19680,4389
19614,-16541,-3073
20967,-10126,-10841
18909,-1505,-17404
13315,8699,-22014
5544,15237,-20781
-5568,18917,-13349
-11826,20625,-8799
-18112,18805,-693
-20897,14062,6835
-20315,6406,13909
-16702,-4240,20942
-9990,-11966,21956
-1744,-17626,19370
7528,-20550,13022
14817,-19998,5181
19569,-17003,-2566
20934,-10634,-10300
19239,-2260,-16979
13905,8361,-22266
6039,14932,-20971
-4178,18838,-14660
-11574,20600,-9026
-17741,19222,-1481
-20740,14577,6163
-20571,7086,13485
-17242,-2541,19783
-10828,-11352,22180
-2561,-17308,19869
7090,-20299,13209
14309,-20241,5932
19465,-17506,-1959
21206,-11574,-9632
19729,-3353,-16376
15043,7833,-22876
7363,14214,-21577
-792,18847,-18055
-10551,20587,-10036
-16759,19828,-3069
-20427,15831,4596
-21107,8926,12181
-18211,-61,18272
-12280,-10040,22320
-4137,-16396,20533
7268,-19408,12140
12981,-20637,7656
18900,-18249,-651
21066,-12837,-8229
20035,-4698,-15337
15852,7070,-22922
8608,13162,-21770
45,18447,-18492
-9537,20410,-10873
-16178,19886,-3708
-20204,16203,4001
-21041,9252,11789
-18339,284,18055
-12366,-9850,22216
-4030,-16454,20484
7346,-19511,12165
12993,-20616,7623
18855,-18335,-520
21124,-13051,-8073
20216,-5127,-15089
16240,6459,-22699
8922,12874,-21796
523,18368,-18891
-9021,20559,-11538
-15844,19923,-4079
-20097,16277,3820
-21074,9495,11579
-18315,437,17878
-12453,-9631,22084
-4277,-16186,20463
7177,-19313,12136
12791,-20542,7751
18764,-18244,-520
20930,-12886,-8044
19713,-4356,-15357
15439,7313,-22752
7977,13451,-21428
-173,18447,-18274
-10217,20101,-9884
-16677,19478,-2801
-20286,15365,4921
-20686,8130,12556
-17622,-701,18323
-11335,-10696,22031
-3143,-16834,19977
7020,-19985,12965
13822,-20286,6464
19234,-17490,-1744
20843,-11694,-9149
19515,-3337,-16178
14755,7870,-22625
6880,14330,-21210
-1600,18756,-17156
-11125,20455,-9330
-17316,19329,-2013
-20658,14874,5784
-20653,7656,12997
-17391,-1122,18513
-11104,-11141,22245
-2916,-17036,19952
7103,-20018,12915
13971,-20154,6183
19197,-17378,-1819
20926,-11455,-9471
19272,-2908,-16364
14433,7965,-22398
6274,14627,-20901
-3630,18649,-15019
-11306,20410,-9104
-17770,18805,-1035
-20649,14124,6525
-20286,6484,13802
-16714,-3935,20649
-9920,-11933,21853
-1769,-17556,19325
7635,-20348,12713
14940,-19878,4938
19531,-16698,-2833
20955,-10485,-10470
19168,-2091,-17077
13600,8481,-22081
5890,15048,-20938
-4892,18917,-14025
-11574,20583,-9009
-17840,18896,-1056
-20752,14280,6472
-20311,6575,13736
-16871,-3151,20022
-10069,-11863,21932
-1720,-17646,19366
7767,-20418,12651
15015,-19820,4805
19614,-16640,-2974
20823,-10230,-10593
18748,-1522,-17226
12985,8839,-21824
5049,15460,-20509
-6505,18884,-12379
-12045,20517,-8472
-18286,18624,-338
-20785,13443,7342
-20064,5630,14434
-16281,-5667,21948
-9524,-12403,21927
-1084,-17968,19052
8175,-20427,12252
15266,-19993,4727
19828,-16809,-3019
21107,-10382,-10725
19107,-1835,-17272
13550,8596,-22146
5890,15064,-20954
-4455,18958,-14503
-11500,20798,-9298
-17778,19263,-1485
-20818,14647,6171
-20773,7441,13332
-17494,-1480,18974
-11166,-11253,22419
-2821,-17193,20014
7243,-20241,12998
14045,-20356,6311
19416,-17572,-1844
21087,-11710,-9377
19692,-3444,-16248
15035,7713,-22748
7387,14049,-21436
-829,18772,-17943
-10828,20365,-9537
-16982,19564,-2582
-20567,15324,5243
-20843,8250,12593
-17679,-693,18372
-11649,-10576,22225
-3089,-16883,19972
7379,-19903,12524
13789,-20171,6382
19115,-17386,-1729
20913,-11632,-9281
19684,-3283,-16401
14718,7973,-22691
6802,14404,-21206
-1575,18826,-17251
-10931,20641,-9710
-17094,19498,-2404
-20542,15332,5210
-20905,8307,12598
-17729,-635,18364
-11768,-10522,22290
-3349,-16718,20067
7008,-19837,12829
13756,-20274,6518
19131,-17721,-1410
20938,-11900,-9038
19387,-3192,-16195
14412,7936,-22348
6913,14301,-21214
-1340,18715,-17375
-11092,20282,-9190
-17349,19107,-1758
-20410,14528,5882
-20319,7045,13274
-16788,-2607,19395
-10225,-11694,21919
-1617,-17523,19140
7511,-20352,12841
14961,-19870,4909
19523,-16566,-2957
20818,-10085,-10733
18834,-1687,-17147
13290,8691,-21981
5242,15378,-20620
-6080,18871,-12791
-12028,20538,-8510
-18079,18653,-574
-20773,13563,7210
-20039,5696,14343
-16223,-5816,22039
-9211,-12478,21689
-907,-18034,18941
8608,-20414,11806
15543,-19791,4248
19890,-16450,-3440
20926,-9887,-11039
18793,-1394,-17399
13187,8885,-22072
5601,15316,-20917
-5445,18884,-13439
-11859,20616,-8757
-17952,18735,-783
-20740,13806,6934
-20142,6006,14136
-16487,-4822,21309
-9611,-12276,21887
-1027,-17848,18875
8266,-20311,12045
15435,-19701,4266
19688,-16376,-3312
20818,-9817,-11001
18508,-1080,-17428
12787,8980,-21767
4743,15621,-20364
-6880,18929,-12049
-12436,20422,-7986
-18467,18335,132
-20810,13039,7771
-19915,5049,14866
-15947,-6476,22423
-8815,-12936,21751
-523,-18244,18767
9095,-20336,11241
15774,-19630,3856
19886,-16170,-3716
20827,-9429,-11398
18290,-701,-17589
12255,9504,-21759
4240,16050,-20290
-7041,19098,-12057
-12758,20402,-7644
-18694,17960,734
-20843,12556,8287
-19742,4368,15374
-15650,-7210,22860
-8369,-13224,21593
-94,-18360,18454
9706,-20253,10547
16099,-19672,3573
20138,-15984,-4154
20889,-9186,-11703
18385,-548,-17837
12436,9549,-21985
4455,16033,-20488
-7090,19255,-12165
-12498,20744,-8246
-18682,18599,83
-21062,13488,7574
-20418,5861,14557
-16677,-4950,21627
-10102,-12172,22274
-1860,-17840,19700
7247,-20773,13526
14734,-20295,5561
19614,-17374,-2240
21066,-11319,-9747
19581,-2883,-16698
14540,7994,-22534
6987,14445,-21432
-1856,18871,-17015
-11005,20559,-9554
-17353,19511,-2158
-20707,15266,5441
-20901,7907,12994
-17716,-886,18602
-11401,-10943,22344
-3147,-17036,20183
7222,-20076,12854
13839,-20282,6443
19197,-17617,-1580
20975,-11880,-9095
19960,-3832,-16128
15163,7643,-22806
7218,13950,-21168
-1018,18748,-17730
-10778,20460,-9682
-17234,19362,-2128
-20616,15068,5548
-20802,7734,13068
-17617,-932,18549
-11430,-10914,22344
-2998,-17011,20009
7128,-20113,12985
13785,-20394,6609
19222,-17799,-1423
21070,-12032,-9038
19754,-3605,-16149
15035,7684,-22719
7561,13897,-21458
-792,18735,-17943
-10791,20385,-9594
-17106,19445,-2339
-20521,15126,5395
-20711,8052,12659
-17584,-874,18458
-11215,-10869,22084
-2627,-17023,19650
7202,-20002,12800
14202,-19969,5767
19247,-17073,-2174
20513,-10423,-10090
18884,-1992,-16892
13373,8551,-21924
5506,15200,-20706
-5956,18958,-13002
-11847,20633,-8786
-18178,18731,-553
-20959,13959,7000
-20257,6076,14181
-16698,-4248,20946
-10184,-12016,22200
-2107,-17626,19733
7231,-20563,13332
14722,-20055,5333
19503,-17193,-2310
20983,-10964,-10019
19234,-2466,-16768
14111,8233,-22344
6364,14792,-21156
-3588,18880,-15292
-11442,20546,-9104
-17626,19131,-1505
-20703,14619,6084
-20460,7070,13390
-17003,-2396,19399
-10423,-11649,22072
-1967,-17564,19531
7437,-20365,12928
14924,-19795,4871
19531,-16784,-2747
20876,-10423,-10453
18822,-1711,-17111
13105,8699,-21804
5304,15287,-20591
-6534,18876,-12342
-12139,20414,-8275
-18389,18261,128
-20732,13167,7565
-19911,5106,14805
-15951,-6579,22530
-8555,-13006,21561
-367,-18203,18570
9293,-20216,10923
15873,-19556,3683
20006,-15992,-4014
20835,-9223,-11612
18183,-453,-17730
12329,9594,-21923
4166,16013,-20179
-7074,19222,-12148
-12812,20344,-7532
-18678,18092,586
-20810,12552,8258
-19721,4442,15279
-15629,-7231,22860
-8295,-13175,21470
-45,-18339,18384
9999,-20150,10151
16330,-19507,3177
20154,-15617,-4537
20707,-8613,-12094
17840,189,-18029
11558,10362,-21920
3432,16533,-19965
-6979,19696,-12717
-13311,20439,-7128
-18991,17886,1105
-20971,12469,8502
-19915,4479,15436
-15724,-7260,22984
-8551,-13228,21779
-449,-18438,18887
9198,-20546,11348
15889,-19911,4022
19960,-16475,-3485
21124,-9838,-11286
18847,-1175,-17672
13360,8910,-22270
5589,15505,-21094
-5230,19061,-13831
-11752,20769,-9017
-18063,19234,-1171
-20909,14441,6468
-20571,6789,13782
-17143,-2776,19919
-10543,-11682,22225
-2112,-17556,19668
7264,-20493,13229
14656,-20105,5449
19523,-16970,-2553
21029,-10848,-10181
19453,-2607,-16846
13979,8254,-22233
6402,14689,-21091
-3176,18801,-15625
-11364,20571,-9207
-17683,19098,-1415
-20670,14379,6291
-20373,6645,13728
-16842,-3782,20624
-10217,-11884,22101
-1608,-17745,19353
7565,-20439,12874
15006,-20018,5012
19581,-16986,-2595
21004,-10654,-10350
19177,-2178,-16999
13798,8427,-22225
6158,14845,-21003
-3943,18851,-14908
-11475,20521,-9046
-17947,18801,-854
-20703,13983,6720
-20249,6199,14050
-16524,-4888,21412
-9842,-12148,21990
-1406,-17820,19226
7821,-20488,12667
15064,-19890,4826
19647,-16747,-2900
20856,-10164,-10692
19082,-1761,-17321
13319,8674,-21993
5469,15184,-20653
-6022,18768,-12746
-11974,20571,-8597
-18348,18372,-24
-20757,13340,7417
-19927,5222,14705
-16079,-6397,22476
-9042,-12787,21829
-643,-18199,18842
8848,-20418,11570
15633,-19676,4043
19882,-16413,-3469
20934,-9780,-11154
18492,-915,-17577
12927,9066,-21993
4954,15687,-20641
-6666,19065,-12399
-12313,20674,-8361
-18508,18368,140
-20913,13435,7478
-20229,5684,14545
-16351,-5713,22064
-9413,-12449,21862
-1068,-17960,19028
8596,-20323,11727
15505,-19705,4200
19742,-16429,-3313
20950,-9990,-10960
18504,-990,-17514
12688,9178,-21866
4591,15790,-20381
-6979,19065,-12086
-12441,20439,-7998
-18546,18199,347
-20790,12894,7896
-19820,4739,15081
-15910,-6818,22728
-8406,-13134,21540
-292,-18257,18549
9578,-20097,10519
16128,-19560,3432
20043,-15889,-4154
20843,-9079,-11764
17890,-8,-17882
11859,10027,-21886
3687,16335,-20022
-7338,19437,-12099
-13109,20340,-7231
-18871,17861,1010
-20868,12428,8440
-19585,4017,15568
-15472,-7363,22835
-7734,-13542,21276
338,-18418,18080
10205,-20154,9949
16566,-19387,2821
20208,-15382,-4826
20542,-8225,-12317
17716,396,-18112
11347,10555,-21902
2858,16838,-19696
-7090,19915,-12825
-13699,20224,-6525
-19201,17345,1856
-20942,11665,9277
-19523,3370,16153
-14982,-7808,22790
-7375,-14008,21383
622,-18686,18064
10489,-20356,9867
16681,-19688,3007
20348,-15728,-4620
20926,-8815,-12111
18137,-53,-18084
12218,9933,-22151
4310,16359,-20669
-7181,19391,-12210
-12639,20752,-8113
-18834,18583,251
-21078,13406,7672
-20257,5465,14792
-16450,-5948,22398
-9491,-12515,22006
-1163,-18030,19193
8151,-20571,12420
15369,-19907,4538
19725,-16689,-3036
21054,-10230,-10824
19053,-1707,-17346
13224,8761,-21985
5556,15307,-20863
-5737,18900,-13163
-11875,20719,-8844
-18273,18690,-417
-20810,13761,7049
-20171,5857,14314
-16586,-5131,21717
-9281,-12511,21792
-1122,-17935,19057
8443,-20439,11996
15683,-19750,4067
19890,-16495,-3395
21041,-9875,-11166
18612,-1035,-17577
13002,9141,-22143
5445,15559,-21004
-5832,19206,-13374
-11855,20922,-9067
-18100,19181,-1081
-20922,14458,6464
-20662,6913,13749
-17226,-2899,20125
-10576,-11566,22142
-2178,-17556,19734
7132,-20468,13336
14647,-20212,5565
19593,-17230,-2363
20967,-10766,-10201
19239,-2281,-16958
14148,8307,-22455
6162,14833,-20995
-3683,18876,-15193
-11628,20460,-8832
-17824,19016,-1192
-20719,14107,6612
-20134,6216,13918
-16487,-4640,21127
-9821,-12061,21882
-1266,-17836,19102
8179,-20340,12161
15402,-19816,4414
19808,-16438,-3370
20818,-9763,-11055
18376,-895,-17481
12771,9202,-21973
4789,15761,-20550
-6798,19057,-12259
-12498,20505,-8007
-18496,18302,194
-20851,13030,7821
-19981,4974,15007
-15967,-6690,22657
-8897,-12890,21787
-556,-18261,18817
9116,-20394,11278
15893,-19779,3886
19936,-16248,-3688
21058,-9813,-11245
18756,-1043,-17713
12828,9169,-21997
5007,15662,-20669
-6641,18979,-12338
-12090,20575,-8485
-18533,18360,173
-20868,13167,7701
-19977,5077,14900
-15906,-6620,22526
-8394,-12993,21387
-334,-18236,18570
9664,-20245,10581
16104,-19560,3456
20010,-15885,-4125
20818,-8872,-11946
17927,-107,-17820
11847,10065,-21912
3547,16454,-20001
-7173,19486,-12313
-13187,20340,-7153
-19061,17663,1398
-20831,12102,8729
-19622,3997,15625
-15229,-7565,22794
-7837,-13604,21441
486,-18467,17981
10436,-20196,9760
16623,-19465,2842
20286,-15373,-4913
20600,-8192,-12408
17490,668,-18158
11067,10836,-21903
3036,16863,-19899
-6930,20014,-13084
-13851,20088,-6237
-19140,17254,1886
-20880,11442,9438
-19486,3122,16364
-14421,-7944,22365
-6901,-14268,21169
2008,-18636,16628
11001,-20332,9331
17263,-19160,1897
20501,-14779,-5722
20521,-7507,-13014
17428,1076,-18504
11182,10997,-22179
3060,17085,-20145
-7033,20072,-13039
-13740,20348,-6608
-19230,17824,1406
-21103,12160,8943
-19861,3988,15873
-15571,-7519,23090
-8052,-13633,21685
132,-18678,18546
9999,-20620,10621
16335,-19940,3605
20344,-16335,-4009
21379,-9776,-11603
19300,-1398,-17902
13620,8889,-22509
6006,15369,-21375
-3564,19325,-15761
-10869,21689,-10820
-17345,20187,-2842
-20856,16025,4831
-21450,8943,12507
-18587,103,18484
-12919,-9871,22790
-4760,-16376,21136
6785,-19676,12891
12317,-21334,9017
18620,-19593,973
21433,-14821,-6612
21169,-7243,-13926
17766,1918,-19684
11372,11430,-22802
3287,17514,-20801
-7156,20653,-13497
-13987,21078,-7091
-19729,18513,1216
-21755,12973,8782
-20757,4735,16022
-16545,-7086,23631
-9252,-13208,22460
-1035,-18723,19758
8357,-21173,12816
15642,-20806,5164
20319,-17626,-2693
21693,-11112,-10581
19800,-2289,-17511
14326,8588,-22914
6303,15307,-21610
-3658,19416,-15758
-11715,21239,-9524
-18203,19659,-1456
-21276,14986,6290
-20901,7008,13893
-17506,-2821,20327
-10844,-11756,22600
-2235,-17873,20108
7420,-20897,13477
14994,-20414,5420
19985,-17448,-2537
21441,-10894,-10547
19197,-1736,-17461
13901,8658,-22559
5878,15522,-21400
-5028,19416,-14388
-11818,21264,-9446
-18364,19490,-1126
-21297,14866,6431
-21095,7041,14054
-17589,-2908,20497
-10762,-11847,22609
-2054,-17947,20001
7478,-20988,13510
15072,-20596,5524
20006,-17634,-2372
21664,-11335,-10329
19861,-2557,-17304
14610,8427,-23037
6814,14982,-21796
-2693,19362,-16669
-11442,21070,-9628
-17947,19808,-1861
-21190,15501,5689
-21157,7763,13394
-17906,-1258,19164
-11409,-11331,22740
-2701,-17663,20364
7260,-20802,13542
14672,-20559,5887
19890,-17597,-2293
21520,-11492,-10028
19630,-2421,-17209
13946,8674,-22620
6055,15274,-21329
-4884,19197,-14313
-11933,21041,-9108
-18447,19247,-800
-21280,14371,6909
-20732,6323,14409
-17015,-4978,21993
-10139,-12469,22608
-1410,-18368,19778
8014,-21033,13019
15563,-20443,4880
20253,-17164,-3089
21557,-10663,-10894
19482,-1856,-17626
13678,8839,-22517
5676,15609,-21285
-5704,19309,-13605
-12193,21120,-8927
-18678,19008,-330
-21202,13843,7359
-20662,5849,14813
-16772,-5783,22555
-9413,-12799,22212
-928,-18418,19346
8926,-20843,11917
15992,-20299,4307
20398,-16702,-3696
21404,-9809,-11595
18830,-734,-18096
13117,9392,-22509
4987,16240,-21227
-7066,19556,-12490
-12725,21132,-8407
-18983,19065,-82
-21520,13905,7615
-20711,5709,15002
-17003,-5457,22460
-10023,-12655,22678
-1480,-18467,19947
7944,-21243,13299
15435,-20691,5256
20187,-17539,-2648
21858,-11335,-10523
20262,-2817,-17445
14907,8274,-23181
6963,14973,-21936
-1538,19486,-17948
-10989,21524,-10535
-17424,20538,-3114
-21351,15584,5767
-21445,8027,13418
-18088,-1093,19181
-11789,-11236,23025
-3894,-17073,20967
7453,-20196,12743
13492,-21198,7706
19890,-18277,-1613
21755,-12276,-9479
20402,-3613,-16789
16273,7350,-23623
8749,13637,-22386
-552,19156,-18604
-10749,20872,-10123
-17353,20290,-2937
-20983,15955,5028
-21470,9273,12197
-18632,82,18550
-11793,-10972,22765
-4038,-16929,20967
7392,-20171,12779
13542,-21260,7718
19787,-18409,-1378
21610,-13167,-8443
20653,-4851,-15802
15943,7763,-23706
8064,14119,-22183
424,18896,-19320
-9520,21066,-11546
-16557,20517,-3960
-20740,16731,4009
-21565,9590,11975
-18991,618,18373
-12655,-9966,22621
-3716,-17205,20921
7280,-20323,13043
13835,-20823,6988
19428,-18339,-1089
21433,-13228,-8205
20323,-4521,-15802
15155,8064,-23219
6938,14676,-21614
-680,19012,-18332
-10786,20839,-10053
-17490,19824,-2334
-21231,14701,6530
-21186,7874,13312
-17787,-1427,19214
-11228,-11418,22646
-2569,-17646,20215
7173,-20781,13608
15167,-20542,5375
19998,-17407,-2591
21685,-11182,-10503
19775,-2409,-17366
15085,8064,-23149
6088,15464,-21552
-2215,19251,-17036
-11471,21029,-9558
-17931,19742,-1811
-21363,14553,6810
-21087,7499,13588
-17778,-1930,19708
-11174,-11603,22777
-1728,-18286,20014
7387,-20843,13456
14841,-20554,5713
20146,-17193,-2953
21582,-11504,-10078
19420,-1678,-17742
14379,8526,-22905
5498,15670,-21168
-4030,19239,-15209
-11814,21012,-9198
-18191,19449,-1258
-21309,13996,7313
-20579,5684,14895
-17246,-4026,21272
-9405,-12861,22266
-1753,-18063,19816
8010,-20864,12854
16330,-20249,3919
20237,-17073,-3164
21499,-10329,-11170
19255,-1476,-17779
12535,9801,-22336
5469,15749,-21218
-7491,19680,-12189
-12837,21111,-8274
-19119,18517,-301
-21375,13026,8349
-20406,4760,15646
-16223,-7189,23412
-8699,-13455,22154
45,-18818,18773
10118,-20761,10643
16722,-20101,3379
20592,-16104,-4488
21173,-8778,-12395
18195,218,-18413
12057,10473,-22530
3658,16986,-20644
-7420,20233,-12813
-13827,20818,-6991
-19569,18232,1337
-21569,12399,9170
-20307,3968,16339
-15765,-7808,23573
-8258,-14029,22287
-74,-19098,19172
9747,-21313,11566
16264,-20707,4443
20587,-16999,-3588
21763,-10333,-11430
19606,-1534,-18072
13695,9070,-22765
5605,15906,-21511
-5758,19663,-13905
-12078,21565,-9487
-18669,19635,-966
-21532,14883,6649
-21268,7128,14140
-17832,-2532,20364
-11071,-11818,22889
-2475,-17873,20348
7268,-21062,13794
14858,-20744,5886
20047,-17980,-2067
21730,-11826,-9904
19808,-2631,-17177
14606,8241,-22847
6963,14957,-21920
-2285,19408,-17123
-11475,21140,-9665
-17993,19977,-1984
-21227,15279,5948
-21301,7821,13480
-17865,-1357,19222
-11253,-11463,22716
-2470,-17803,20273
7222,-20938,13716
14837,-20818,5981
19960,-17778,-2182
21623,-11323,-10300
20163,-2908,-17255
14771,8274,-23045
6826,14977,-21803
-1860,19470,-17610
-11389,21169,-9780
-17824,20076,-2252
-21313,15555,5758
-21231,7833,13398
-18150,-994,19144
-11484,-11372,22856
-2982,-17613,20595
7136,-20872,13736
14548,-20790,6242
19837,-17993,-1844
21664,-11805,-9859
20097,-3011,-17086
15122,8113,-23235
7185,14751,-21936
-1914,19300,-17386
-11356,20971,-9615
-17939,19643,-1704
-21140,15180,5960
-20926,7152,13774
-17382,-3135,20517
-10324,-12111,22435
-1703,-18125,19828
8085,-20917,12832
15526,-20431,4905
20121,-17114,-3007
21507,-10366,-11141
19375,-1604,-17771
13517,9029,-22546
5601,15736,-21337
-6274,19453,-13179
-12177,21280,-9103
-18781,19243,-462
-21474,14243,7231
-20926,6228,14698
-17044,-4793,21837
-9978,-12663,22641
-1468,-18348,19816
7928,-21078,13150
15518,-20468,4950
20249,-17205,-3044
21565,-10580,-10985
19428,-1736,-17692
13596,8967,-22563
5329,15827,-21156
-6418,19358,-12940
-12424,21095,-8671
-18739,19086,-347
-21330,13711,7619
-20480,5354,15126
-16652,-6377,23029
-9252,-13022,22274
-495,-18616,19111
9194,-20744,11550
16347,-20253,3906
20530,-16425,-4105
21338,-9297,-12041
18616,-379,-18237
12354,10056,-22410
4034,16681,-20715
-7363,19919,-12556
-13286,21066,-7780
-19305,18352,953
-21478,12717,8761
-20493,4640,15853
-16033,-7416,23449
-8435,-13707,22142
28,-18904,18876
10143,-20835,10692
16821,-20224,3403
20715,-16182,-4533
21450,-9277,-12173
18570,-24,-18546
12659,10060,-22719
4558,16537,-21095
-7313,19787,-12474
-13026,21054,-8028
-19206,18888,318
-21561,13204,8357
-20678,5131,15547
-16355,-6909,23264
-8971,-13385,22356
-400,-18843,19243
9565,-21033,11468
16351,-20299,3948
20542,-16636,-3906
21681,-9982,-11699
19181,-1027,-18154
13311,9281,-22592
5148,16132,-21280
-6587,19552,-12965
-12412,21458,-9046
-18888,19375,-487
-21553,14202,7351
-21033,6261,14772
-17329,-4780,22109
-10349,-12474,22823
-1699,-18409,20108
7672,-21219,13547
15357,-20827,5470
20237,-17795,-2442
21763,-11475,-10288
20018,-2677,-17341
14722,8365,-23087
6958,15006,-21964
-2186,19457,-17271
-11418,21173,-9755
-18059,19952,-1893
-21239,15464,5775
-21408,7845,13563
-18034,-1084,19118
-11492,-11380,22872
-2945,-17597,20542
7288,-20785,13497
14371,-20934,6563
19791,-18178,-1613
21664,-12045,-9619
20328,-3514,-16814
15163,8142,-23305
7305,14610,-21915
-1419,19338,-17919
-11372,21157,-9785
-17836,20138,-2302
-21355,15654,5701
-21466,8068,13398
-18269,-841,19110
-11867,-11046,22913
-3506,-17382,20888
7235,-20629,13394
13930,-21029,7099
19614,-18488,-1126
21722,-12589,-9133
20406,-3898,-16508
15798,7726,-23524
7676,14359,-22035
-622,19259,-18637
-10935,21078,-10143
-17477,20014,-2537
-21120,15745,5375
-21412,8344,13068
-18323,-647,18970
-11644,-11067,22711
-3036,-17448,20484
7429,-20579,13150
14293,-20860,6567
19713,-17964,-1749
21631,-11917,-9714
20105,-3081,-17024
14817,8196,-23013
6868,14866,-21734
-2895,19333,-16438
-11649,21049,-9400
-18013,19754,-1741
-21301,15006,6295
-21091,7288,13803
-17704,-2351,20055
-10993,-11781,22774
-2458,-17898,20356
7239,-20963,13724
14887,-20752,5865
20010,-17745,-2265
21693,-11471,-10222
20014,-2726,-17288
14775,8336,-23111
6732,14982,-21714
-2763,19391,-16628
-11492,21095,-9603
-18055,19932,-1877
-21252,15452,5800
-21095,7425,13670
-17778,-1864,19642
-11253,-11521,22774
-2186,-17894,20080
7441,-20917,13476
15213,-20427,5214
20072,-17444,-2628
21466,-10712,-10754
19556,-2021,-17535
13641,8868,-22509
5803,15609,-21412
-5758,19338,-13580
-12102,21293,-9191
-18649,19168,-519
-21400,14251,7149
-20839,6265,14574
-17180,-4731,21911
-10184,-12449,22633
-1518,-18405,19923
7882,-21161,13279
15481,-20542,5061
20266,-17452,-2814
21639,-10956,-10683
19606,-2099,-17507
14144,8563,-22707
6290,15398,-21688
-4747,19247,-14500
-11908,21103,-9195
-18409,19490,-1081
-21355,14474,6881
-20823,6228,14595
-17188,-4644,21832
-10192,-12416,22608
-1336,-18323,19659
8221,-21058,12837
15852,-20344,4492
20220,-17056,-3164
21540,-10159,-11381
19404,-1563,-17841
13464,9079,-22543
5449,15885,-21334
-6364,19544,-13180
-12247,21507,-9260
-18789,19482,-693
-21561,14544,7017
-21153,6653,14500
-17675,-4005,21680
-10745,-12177,22922
-2132,-18199,20331
7346,-21214,13868
14949,-21066,6117
20125,-18092,-2033
21912,-12040,-9872
20369,-3279,-17090
15547,8093,-23640
7738,14590,-22328
-565,19494,-18929
-10679,21256,-10577
-17193,20620,-3427
-21066,16504,4562
-21808,9367,12441
-18958,156,18802
-12705,-10098,22803
-4306,-16875,21181
7404,-20097,12693
13245,-21342,8097
19420,-18785,-635
21631,-13138,-8493
20641,-4636,-16005
16566,7181,-23747
8617,13666,-22283
-28,18983,-18955
-10077,20975,-10898
-16986,20476,-3490
-20967,16384,4583
-21388,8910,12478
-18343,-288,18631
-12329,-10473,22802
-3844,-17180,21024
7507,-20348,12841
13843,-21223,7380
19647,-18673,-974
21841,-12973,-8868
20637,-4607,-16030
16409,7288,-23697
8728,13740,-22468
202,19024,-19226
-9900,21058,-11158
-16747,20455,-3708
-20893,16743,4150
-21709,9429,12280
-18797,231,18566
-12507,-10151,22658
-4009,-16957,20966
7462,-20130,12668
13451,-21107,7656
19412,-18517,-895
21615,-13014,-8601
20534,-4269,-16265
15819,7701,-23520
7924,14058,-21982
-701,19086,-18385
-10857,20831,-9974
-17679,19932,-2253
-21111,15361,5750
-21148,7763,13385
-17820,-1600,19420
-11203,-11558,22761
-2615,-17824,20439
7342,-20955,13613
14730,-20633,5903
19903,-17729,-2174
21652,-11562,-10090
19981,-2776,-17205
14388,8448,-22836
6323,15270,-21593
-4376,19263,-14887
-11958,21214,-9256
-18496,19614,-1118
-21408,14779,6629
-21025,6670,14355
-17485,-3518,21003
-10832,-12069,22901
-2219,-18125,20344
7326,-21103,13777
14936,-20740,5804
20101,-17782,-2319
21705,-11578,-10127
19915,-2545,-17370
14421,8476,-22897
6439,15184,-21623
-3625,19342,-15717
-11925,21161,-9236
-18339,19536,-1197
-21272,14763,6509
-21029,6909,14120
-17448,-3638,21086
-10432,-12177,22609
-1947,-18100,20047
7915,-21021,13106
15431,-20587,5156
20208,-17333,-2875
21619,-10671,-10948
19515,-1724,-17791
13678,8868,-22546
5898,15650,-21548
-5407,19362,-13955
-12111,21235,-9124
-18599,19412,-813
-21359,14317,7042
-20864,6286,14578
-17118,-4570,21688
-10023,-12544,22567
-1278,-18389,19667
8382,-21016,12634
15906,-20385,4479
20295,-16842,-3453
21511,-10168,-11343
19119,-1216,-17903
13204,9252,-22456
4954,16194,-21148
-6958,19614,-12656
-12626,21227,-8601
-19131,18838,293
-21553,13740,7813
-20728,5379,15349
-17003,-6220,23223
-9578,-13010,22588
-1043,-18694,19737
8423,-21243,12820
15708,-21004,5296
20476,-17815,-2661
21775,-10927,-10848
19973,-2388,-17585
14383,8493,-22876
6802,15262,-22064
-2611,19651,-17040
-11541,21379,-9838
-18042,20274,-2232
-21404,15637,5767
-21668,8291,13377
-18451,-680,19131
-11966,-11017,22983
-3522,-17378,20900
7247,-20616,13369
13959,-21186,7227
19779,-18579,-1200
21738,-12502,-9236
20575,-4046,-16529
15943,7833,-23776
7920,14280,-22200
-404,19325,-18921
-10654,21107,-10453
-17242,20521,-3279
-21107,16491,4616
-21573,9021,12552
-18830,103,18727
-12507,-10271,22778
-4298,-16937,21235
7408,-20196,12788
13472,-21247,7775
19597,-18636,-961
21788,-12948,-8840
20612,-4438,-16174
16186,7552,-23738
8542,13942,-22484
-99,19173,-19074
-10114,21144,-11030
-16821,20563,-3742
-20975,16801,4174
-21895,9735,12160
-19234,668,18566
-12804,-9879,22683
-4743,-16627,21370
7272,-19899,12627
12997,-21433,8436
19193,-18999,-194
21693,-13410,-8283
20909,-5354,-15555
16751,6653,-23404
8905,13344,-22249
466,18847,-19313
-9726,20827,-11101
-16854,20319,-3465
-20790,16252,4538
-21231,8559,12672
-17778,-837,18615
-11484,-11112,22596
-3097,-17584,20681
7317,-20798,13481
14429,-20856,6427
19919,-18042,-1877
21726,-12065,-9661
20299,-3361,-16938
15138,8179,-23317
7354,14668,-22022
-1031,19333,-18302
-11178,21148,-9970
-17667,20389,-2722
-21227,16116,5111
-21429,8349,13080
-18385,-709,19094
-12020,-10956,22976
-3551,-17353,20904
7445,-20563,13118
14095,-21041,6946
19795,-18368,-1427
21767,-12391,-9376
20546,-3968,-16578
15749,7759,-23508
7602,14317,-21919
-742,19222,-18480
-10960,21008,-10048
-17424,20245,-2821
-21066,15873,5193
-21367,8311,13056
-18100,-878,18978
-11616,-11162,22778
-2998,-17539,20537
7140,-20781,13641
14668,-20686,6018
19878,-17791,-2087
21553,-11422,-10131
19824,-2475,-17349
14499,8406,-22905
6331,15295,-21626
-4166,19329,-15163
-11653,21161,-9508
-18360,19717,-1357
-21367,14738,6629
-21054,6785,14269
-17428,-3526,20954
-10704,-12177,22881
-1963,-18253,20216
7420,-21301,13881
15213,-20901,5688
20233,-18042,-2191
22015,-11904,-10111
20757,-3551,-17206
15790,7948,-23738
7977,14433,-22410
-396,19494,-19098
-10131,21594,-11463
-16867,20971,-4104
-21070,17048,4022
-22035,9970,12065
-19325,688,18637
-13620,-9541,23161
-5502,-16467,21969
6129,-19960,13831
12214,-22060,9846
18847,-20328,1481
21990,-15765,-6225
21924,-8039,-13885
18764,783,-19547
12366,11141,-23507
4087,17556,-21643
-7425,20823,-13398
-13521,22035,-8514
-19956,19647,309
-22303,14202,8101
-21751,6084,15667
-17758,-5275,23033
-10819,-12754,23573
-2219,-18793,21012
7321,-21895,14574
15081,-21887,6806
20451,-19036,-1415
22435,-12870,-9565
21355,-4339,-17016
16673,7709,-24382
8555,14367,-22922
-103,19705,-19602
-10291,21697,-11406
-17221,21330,-4109
-21532,17498,4034
-22382,10172,12210
-19804,936,18868
-13802,-9664,23466
-5482,-16669,22151
6517,-20142,13625
12614,-22002,9388
19272,-19989,717
22171,-14812,-7359
21425,-6080,-15345
17485,5284,-22769
10304,13043,-23347
1460,19078,-20538
-8307,21920,-13613
-16240,21379,-5139
-21070,18022,3048
-22473,11050,11423
-20406,2066,18340
-14569,-8897,23466
-6620,-15860,22480
3968,-20084,16116
12115,-21978,9863
18859,-20270,1411
22085,-15349,-6736
21874,-7354,-14520
18273,2652,-20925
11121,12346,-23467
2037,18727,-20764
-7565,21813,-14248
-15683,21346,-5663
-20856,18137,2719
-22460,11710,10750
-20369,2281,18088
-14482,-8881,23363
-6439,-15893,22332
4343,-19981,15638
12218,-21833,9615
19144,-19965,821
21916,-14730,-7186
21582,-6447,-15135
17436,5065,-22501
9982,13138,-23120
1101,19074,-20175
-8922,21631,-12709
-16516,21198,-4682
-21136,17782,3354
-22291,10452,11839
-19985,1431,18554
-14095,-9256,23351
-5853,-16306,22159
5964,-20072,14108
12573,-21891,9318
19230,-19911,681
22023,-14627,-7396
21474,-6175,-15299
17580,5374,-22954
9883,13195,-23078
1155,19086,-20241
-8984,21615,-12631
-16681,21173,-4492
-21260,17415,3845
-22349,10568,11781
-19734,1179,18555
-13703,-9520,23223
-5189,-16677,21866
6835,-20130,13295
13035,-21887,8852
19515,-19437,-78
22039,-14045,-7994
21210,-5263,-15947
16982,6876,-23858
9157,13769,-22926
152,19342,-19494
-10201,21379,-11178
-17160,21054,-3894
-21425,16986,4439
-22184,9603,12581
-19329,317,19012
-12985,-10271,23256
-4450,-17246,21696
7474,-20563,13089
13756,-21643,7887
19804,-19036,-768
22180,-13212,-8968
21313,-4875,-16438
16706,7445,-24151
8485,14169,-22654
-218,19498,-19280
-10411,21466,-11055
-17461,20831,-3370
-21433,16747,4686
-22039,9161,12878
-18921,-235,19156
-12692,-10650,23342
-3745,-17510,21255
7623,-20835,13212
14280,-21433,7153
20220,-18719,-1501
22196,-12560,-9636
20988,-3927,-17061
15877,8023,-23900
7924,14759,-22683
-779,19804,-19025
-11141,21652,-10511
-17844,20926,-3082
-21668,16582,5086
-22196,9145,13051
-19317,-53,19370
-12775,-10646,23421
-4273,-17329,21602
7416,-20814,13398
13455,-22242,8787
19787,-19709,-78
22213,-14177,-8036
21627,-5721,-15906
17572,6039,-23611
10032,13365,-23397
1299,19218,-20517
-8369,22015,-13646
-16231,21454,-5223
-21144,18187,2957
-22386,11121,11265
-20517,2190,18327
-14639,-8782,23421
-6468,-16017,22485
4199,-20051,15852
12094,-21978,9884
19041,-20270,1229
22093,-15402,-6691
21763,-7095,-14668
18038,3324,-21362
10956,12482,-23438
1963,18744,-20707
-7664,21841,-14177
-15906,21330,-5424
-20922,18162,2760
-22435,11302,11133
-20505,2293,18212
-14759,-8881,23640
-6439,-16046,22485
4409,-20163,15754
12177,-22101,9924
18942,-20484,1542
22163,-15625,-6538
22130,-7812,-14318
18793,1254,-20047
11966,11731,-23697
3077,18376,-21453
-7375,21540,-14165
-14779,21648,-6869
-20559,18987,1572
-22650,12865,9785
-21140,3638,17502
-15897,-8295,24192
-7557,-15085,22642
792,-19936,19144
11401,-21751,10350
18038,-20946,2908
21821,-16256,-5565
22101,-8538,-13563
18727,726,-19453
11834,11500,-23334
2891,18203,-21094
-7243,21516,-14273
-15345,21433,-6088
-20736,18162,2574
-22196,11248,10948
-19915,1905,18010
-14454,-8943,23397
-6179,-16062,22241
4805,-20080,15275
12474,-21866,9392
19041,-20031,990
22002,-14883,-7119
21569,-6620,-14949
17782,4595,-22377
10390,12927,-23317
1266,19057,-20323
-8431,21808,-13377
-16500,21235,-4735
-21136,17778,3358
-22402,10716,11686
-20113,1480,18633
-14074,-9211,23285
-5886,-16322,22208
5795,-20068,14273
12507,-21986,9479
19375,-19725,350
22006,-14416,-7590
21408,-5836,-15572
17325,5977,-23302
9763,13377,-23140
804,19189,-19993
-9343,21466,-12123
-16949,21000,-4051
-21363,17238,4125
-22192,9895,12297
-19416,622,18794
-13150,-10048,23198
-4549,-17048,21597
7594,-20443,12849
13583,-21722,8139
19882,-19016,-866
22204,-13216,-8988
21264,-4884,-16380
16780,7429,-24209
8596,14074,-22670
-239,19540,-19301
-10485,21470,-10985
-17473,20967,-3494
-21466,16632,4834
-21994,9054,12940
-19057,-177,19234
-12527,-10770,23297
-3551,-17754,21305
7627,-20876,13249
14400,-21425,7025
20080,-18715,-1365
22176,-12465,-9711
20724,-3498,-17226
15543,8155,-23698
7639,14862,-22501
-1237,19680,-18443
-11640,21503,-9863
-18211,20592,-2381
-21714,15856,5858
-21899,8085,13814
-18451,-1340,19791
-11793,-11665,23458
-2961,-18121,21082
7297,-21487,14190
14631,-21833,7202
20311,-18871,-1440
22258,-12688,-9570
21190,-4087,-17103
16281,7924,-24205
8184,14577,-22761
-350,19713,-19363
-10824,21606,-10782
-17622,21140,-3518
-21660,16995,4665
-22324,9590,12734
-19424,288,19136
-13253,-10205,23458
-4892,-17073,21965
7445,-20418,12973
13319,-21928,8609
19771,-19573,-198
22221,-14091,-8130
21384,-5275,-16109
17271,6670,-23941
9491,13641,-23132
614,19366,-19980
-9367,21747,-12380
-16809,21301,-4492
-21334,17593,3741
-22386,10481,11905
-20006,1241,18765
-13752,-9541,23293
-5560,-16586,22146
6546,-20179,13633
12779,-22072,9293
19453,-19861,408
22233,-14482,-7751
21775,-6249,-15526
17572,5296,-22868
10403,13117,-23520
1344,19156,-20500
-8316,21862,-13546
-16145,21318,-5173
-21103,18150,2953
-22534,11339,11195
-20554,2235,18319
-14697,-8914,23611
-6439,-16005,22444
3993,-20101,16108
12329,-21936,9607
19057,-20200,1143
22072,-14878,-7194
21775,-6567,-15208
17626,4723,-22349
10044,13006,-23050
1324,18925,-20249
-8666,21606,-12940
-16417,21186,-4769
-21173,17556,3617
-22002,10027,11975
-19272,622,18650
-13208,-9949,23157
-4855,-16990,21845
7433,-20369,12936
13488,-21784,8296
19688,-19383,-305
22176,-13509,-8667
21219,-4863,-16356
16698,7338,-24036
8691,14049,-22740
-41,19560,-19519
-10399,21561,-11162
-17539,20979,-3440
-21511,16685,4826
-22250,9301,12949
-19119,-94,19213
-12676,-10766,23442
-4083,-17498,21581
7569,-20752,13183
13818,-21808,7990
19956,-19041,-915
22279,-13369,-8910
21202,-4545,-16657
16599,7515,-24114
8666,14111,-22777
-115,19515,-19400
-10345,21396,-11051
-17440,21033,-3593
-21528,16656,4872
-22015,9042,12973
-18937,-342,19279
-12362,-10960,23322
-3460,-17708,21168
7569,-21103,13534
14656,-21243,6587
20179,-18298,-1881
22200,-12172,-10028
20773,-3419,-17354
15460,8332,-23792
7111,15151,-22262
-2095,19845,-17750
-11496,21788,-10292
-18286,20604,-2318
-21780,15823,5957
-21879,8023,13856
-18570,-1229,19799
-11834,-11620,23454
-2953,-18104,21057
7338,-21375,14037
15023,-21355,6332
20344,-18533,-1811
22266,-12073,-10193
20501,-3048,-17453
15200,8349,-23549
7053,15353,-22406
-2239,19841,-17602
-11772,21594,-9822
-18492,20328,-1836
-21714,15382,6332
-21709,7392,14317
-18096,-2829,20925
-11191,-12115,23306
-2153,-18595,20748
7631,-21718,14087
15580,-21301,5721
20728,-18170,-2558
22336,-11764,-10572
20600,-2767,-17833
15213,8448,-23661
6983,15452,-22435
-1786,20072,-18286
-11690,21920,-10230
-18409,20757,-2348
-21953,16161,5792
-22052,8361,13691
-18975,-680,19655
-12568,-11174,23742
-3993,-17749,21742
7515,-21115,13600
13761,-22122,8361
20031,-19734,-297
22497,-14227,-8270
21606,-5572,-16034
17613,6278,-23891
10052,13414,-23466
1175,19329,-20504
-8625,21978,-13353
-16541,21466,-4925
-21260,18022,3238
-22654,11220,11434
-20546,2128,18418
-14796,-8786,23582
-6657,-15967,22624
3663,-20142,16479
12115,-21998,9883
18797,-20493,1696
22056,-15683,-6373
22171,-7651,-14520
18343,2483,-20826
10976,12399,-23375
2017,18785,-20802
-7812,21825,-14013
-15996,21417,-5421
-21037,18228,2809
-22613,11669,10944
-20612,2446,18166
-15126,-8687,23813
-6950,-15658,22608
2165,-20154,17989
11958,-21986,10028
18690,-20781,2091
22081,-15934,-6147
22204,-8097,-14107
18669,1307,-19976
11570,11999,-23569
2611,18492,-21103
-7387,21767,-14380
-15390,21643,-6253
-20781,18488,2293
-22361,11830,10531
-20191,2297,17894
-15089,-8509,23598
-6505,-15819,22324
4145,-19956,15811
12098,-21928,9830
19078,-19923,845
21965,-14751,-7214
21487,-6166,-15321
17481,5341,-22822
9768,13294,-23062
1047,19222,-20269
-9079,21639,-12560
-16681,21421,-4740
-21227,17580,3647
-22378,10494,11884
-19890,1233,18657
-13674,-9541,23215
-5424,-16706,22130
6686,-20220,13534
12886,-22035,9149
19515,-19754,239
22147,-14173,-7974
21454,-5544,-15910
17320,6463,-23783
9755,13435,-23190
816,19317,-20133
-9301,21685,-12384
-16784,21276,-4492
-21318,17609,3709
-22349,10316,12033
-19861,1101,18760
-13678,-9574,23252
-5119,-16850,21969
7062,-20270,13208
12997,-21903,8906
19552,-19305,-247
22110,-13822,-8288
21487,-5461,-16026
17036,6930,-23966
8658,13983,-22641
-214,19445,-19231
-10527,21441,-10914
-17523,20926,-3403
-21396,16710,4686
-22048,8926,13122
-18925,-358,19283
-12581,-10840,23421
-3370,-17745,21115
7573,-20988,13415
14313,-21544,7231
20113,-18896,-1217
22250,-12820,-9430
20967,-3844,-17123
15889,8068,-23957
7845,14759,-22604
-924,19717,-18793
-11166,21437,-10271
-18108,20587,-2479
-21606,15864,5742
-21800,8134,13666
-18459,-1171,19630
-11545,-11644,23189
-2644,-18244,20888
7470,-21450,13980
15328,-21280,5952
20620,-18207,-2413
22246,-11636,-10610
20406,-2574,-17832
14895,8666,-23561
6538,15658,-22196
-2545,20113,-17568
-11805,22015,-10210
-18537,20653,-2116
-21957,16013,5944
-22056,8291,13765
-18789,-891,19680
-12189,-11422,23611
-3646,-18009,21655
7412,-21326,13914
14227,-21949,7722
20220,-19292,-928
22551,-13624,-8927
21483,-4867,-16616
17098,7243,-24341
9450,13930,-23380
577,19523,-20100
-9413,21850,-12437
-16825,21450,-4625
-21412,17667,3745
-22514,10593,11921
-20084,1287,18797
-13761,-9553,23314
-5676,-16586,22262
6414,-20290,13876
12783,-22052,9269
19366,-19927,561
22279,-14742,-7537
21945,-6430,-15515
17803,4962,-22765
10374,13010,-23384
1324,19082,-20406
-8250,21846,-13596
-16417,21359,-4942
-21214,17968,3246
-22448,10885,11563
-20035,1468,18567
-14041,-9281,23322
-5729,-16549,22278
6018,-20220,14202
12783,-22093,9310
19350,-20039,689
22275,-14920,-7355
21903,-6538,-15365
17993,4516,-22509
10580,12808,-23388
1596,18942,-20538
-8179,21858,-13679
-16223,21540,-5317
-21136,18121,3015
-22427,11211,11216
-20097,1736,18361
-14474,-8976,23450
-6162,-16273,22435
4830,-20158,15328
12445,-22015,9570
19160,-19969,809
22023,-14870,-7153
21577,-6294,-15283
17498,5123,-22621
9673,13270,-22943
660,19168,-19828
-9466,21445,-11979
-17085,21124,-4039
-21326,16990,4336
-22122,9487,12635
-19193,119,19074
-12931,-10423,23354
-4257,-17403,21660
7639,-20757,13118
13868,-21780,7912
20014,-19160,-854
22279,-13497,-8782
21161,-4595,-16566
16681,7573,-24254
8790,14148,-22938
-70,19655,-19585
-10477,21565,-11088
-17485,21136,-3651
-21635,16920,4715
-22192,9359,12833
-19173,-45,19218
-12960,-10547,23507
-3943,-17609,21552
7606,-20806,13200
13901,-21660,7759
20018,-18921,-1097
22188,-13026,-9162
21272,-4508,-16764
16335,7792,-24127
7763,14693,-22456
-651,19676,-19025
-11083,21573,-10490
-18096,20732,-2636
-21681,16174,5507
-21709,7169,14540
-18129,-3044,21173
-11038,-12325,23363
-2046,-18550,20596
7346,-21371,14025
15118,-21256,6138
20847,-18042,-2805
22291,-11244,-11047
19989,-1864,-18125
15101,8497,-23598
6884,15547,-22431
-2644,19969,-17325
-11900,21726,-9826
-18620,20493,-1873
-22011,14821,7190
-21846,7614,14232
-17820,-4199,22019
-11636,-11830,23466
-1852,-18777,20629
7305,-21627,14322
15134,-21495,6361
20513,-18504,-2009
22192,-12024,-10168
20398,-2260,-18138
15390,8390,-23780
6294,16013,-22307
-2145,19985,-17840
-12366,21936,-9570
-18496,20550,-2054
-22064,15151,6913
-21920,7858,14062
-18566,-1579,20145
-11830,-11768,23598
-2937,-18310,21247
7635,-21862,14227
15637,-21454,5817
20381,-18880,-1501
22468,-12733,-9735
21124,-3861,-17263
15497,8316,-23813
8349,14693,-23042
-367,19841,-19474
-11339,21953,-10614
-17580,21313,-3733
-21714,17345,4369
-22555,9862,12693
-19758,664,19094
-12808,-10770,23578
-4364,-17642,22006
6925,-20505,13580
12977,-22237,9260
19952,-19507,-445
22324,-14610,-7714
22019,-6501,-15518
17457,6608,-24065
10568,12985,-23553
693,19519,-20212
-8229,21945,-13716
-16306,21565,-5259
-21503,17824,3679
-22646,11314,11332
-20662,2272,18390
-14755,-8848,23603
-5647,-16784,22431
5824,-20501,14677
12152,-22303,10151
18954,-21078,2124
22464,-16417,-6047
22798,-8782,-14016
19564,416,-19980
13220,10964,-24184
5515,17551,-23066
-6319,21095,-14776
-12502,23062,-10560
-19465,21062,-1597
-22864,15501,7363
-22411,6781,15630
-19148,-1761,20909
-12577,-11789,24366
-3700,-18603,22303
7449,-21891,14442
15378,-22332,6954
20699,-20204,-495
23281,-13682,-9599
22093,-4665,-17428
18055,6430,-24485
9367,14359,-23726
544,19985,-20529
-9867,22361,-12494
-17469,22188,-4719
-22056,18183,3873
-23104,10869,12235
-20579,1365,19214
-14280,-9656,23936
-5964,-17023,22987
5564,-20872,15308
12783,-22803,10020
19816,-20724,908
22778,-15402,-7376
22345,-6793,-15552
18587,4290,-22877
11500,12787,-24287
2281,19437,-21718
-7734,22629,-14895
-16050,22270,-6220
-21474,19383,2091
-23397,12820,10577
-21804,3564,18240
-16632,-8266,24898
-8287,-15394,23681
676,-20546,19870
11434,-22431,10997
18414,-21796,3382
22448,-17304,-5144
23067,-9454,-13613
20014,12,-20026
13051,11096,-24147
3939,18261,-22200
-7631,21722,-14091
-14602,22477,-7875
-20748,19668,1080
-22968,13237,9731
-21466,3733,17733
-16471,-8138,24609
-8163,-15336,23499
820,-20455,19635
11550,-22374,10824
18715,-21615,2900
22572,-16945,-5627
22724,-8592,-14132
19399,750,-20149
12700,11611,-24311
3576,18645,-22221
-7445,22068,-14623
-14936,22501,-7565
-21062,19573,1489
-23248,13534,9714
-21932,4199,17733
-16986,-8138,25124
-8464,-15002,23466
482,-20381,19899
11170,-22295,11125
18257,-21837,3580
22308,-16999,-5309
22765,-9120,-13645
19795,181,-19976
12750,11368,-24118
3790,18451,-22241
-7565,21912,-14347
-15114,22250,-7136
-20988,19321,1667
-23013,12886,10127
-21392,3432,17960
-15963,-8542,24505
-7482,-15716,23198
1447,-20596,19149
12007,-22398,10391
19003,-21214,2211
22580,-16438,-6142
22662,-8229,-14433
19135,1159,-20294
12375,11966,-24341
3122,18859,-21981
-7396,22361,-14965
-15538,22312,-6774
-21194,19507,1687
-23335,13138,10197
-21973,3976,17997
-16735,-8163,24898
-8443,-15188,23631
457,-20600,20143
11079,-22530,11451
18121,-22225,4104
22365,-17799,-4566
23256,-10308,-12948
20348,-598,-19750
13839,10341,-24180
5057,17725,-22782
-7709,21272,-13563
-13752,22831,-9079
-20563,20163,400
-23124,14425,8699
-22349,5577,16772
-17787,-7004,24791
-9417,-14284,23701
-701,-20043,20744
9916,-22456,12540
17609,-22019,4410
22163,-17923,-4240
23042,-10308,-12734
20080,-503,-19577
13224,10729,-23953
4409,17997,-22406
-7631,21483,-13852
-14260,22638,-8378
-20761,19923,838
-23289,14223,9066
-22217,5110,17107
-17733,-7420,25153
-9681,-14297,23978
-651,-20130,20781
9660,-22567,12907
17531,-22176,4645
22122,-18261,-3861
23029,-10489,-12540
20480,-1064,-19416
13860,10126,-23986
4801,17766,-22567
-7643,21210,-13567
-13860,22790,-8930
-20480,19985,495
-23013,14132,8881
-22167,5176,16991
-17481,-7375,24856
-9231,-14507,23738
-202,-20064,20266
10601,-22262,11661
18088,-21780,3692
22200,-17300,-4900
22666,-9182,-13484
19333,507,-19840
12890,11372,-24262
3419,18591,-22010
-7680,21924,-14244
-15142,22200,-7058
-21120,19325,1795
-23145,12894,10251
-21536,3370,18166
-16339,-8410,24749
-7573,-15642,23215
1101,-20497,19396
11933,-22349,10416
18958,-21243,2285
22551,-16401,-6150
22691,-8142,-14549
19416,957,-20373
11999,12115,-24114
2858,18937,-21795
-7218,22415,-15197
-15448,22497,-7049
-21103,19449,1654
-23157,12931,10226
-21652,3588,18064
-16347,-8357,24704
-7911,-15505,23416
928,-20427,19499
11875,-22225,10350
18694,-21338,2644
22448,-16500,-5948
22613,-8035,-14578
18760,2264,-21024
11752,12288,-24040
2458,19135,-21593
-7804,22308,-14504
-16149,22011,-5862
-21499,18896,2603
-23100,12049,11051
-21330,2734,18596
-15559,-8712,24271
-6958,-16120,23078
2574,-20629,18055
12148,-22617,10469
19210,-21177,1967
22501,-16116,-6385
22658,-7920,-14738
19003,1914,-20917
11743,12461,-24204
2437,19102,-21539
-7734,22407,-14673
-16231,22147,-5916
-21433,18958,2475
-23112,12131,10981
-21148,2722,18426
-15415,-8732,24147
-6930,-16231,23161
3246,-20645,17399
12428,-22489,10061
19577,-20686,1109
22745,-15534,-7211
22456,-7024,-15432
18550,3823,-22373
11236,12985,-24221
1947,19445,-21392
-7957,22584,-14627
-16335,22209,-5874
-21549,19028,2521
-23285,12313,10972
-21511,3019,18492
-15976,-8670,24646
-7511,-16000,23511
1617,-20790,19173
11933,-22761,10828
19016,-21792,2776
22675,-17023,-5652
23194,-9227,-13967
20068,239,-20307
13348,11092,-24440
4525,18228,-22753
-7618,21623,-14005
-14029,22811,-8782
-20583,20274,309
-23298,14470,8828
-22435,5341,17094
-17795,-7152,24947
-9623,-14227,23850
-688,-20224,20912
9714,-22646,12932
17580,-22229,4649
22180,-18381,-3799
23289,-10807,-12482
20596,-1245,-19351
14280,9821,-24101
5539,17395,-22934
-6954,21016,-14062
-13200,22959,-9759
-20241,20625,-384
-23083,15010,8073
-22295,5692,16603
-18001,-6719,24720
-9982,-14111,24093
-858,-20059,20917
9367,-22675,13308
17386,-22386,5000
22118,-18537,-3581
23277,-11063,-12214
20930,-1695,-19235
14817,9499,-24316
6298,16982,-23280
-5374,21054,-15680
-12754,23054,-10300
-19903,20860,-957
-22926,15728,7198
-22877,7037,15840
-18913,-3984,22897
-11244,-12997,24241
-1951,-19552,21503
8208,-22712,14504
16776,-22188,5412
21759,-18723,-3036
22988,-11112,-11876
20340,-1324,-19016
14297,9726,-24023
5424,17440,-22864
-7165,20909,-13744
-13616,22600,-8984
-20361,20315,46
-23067,14392,8675
-22303,5379,16924
-17844,-7049,24893
-9516,-14301,23817
-523,-20047,20570
10011,-22497,12486
17659,-22134,4475
22138,-18046,-4092
23227,-10593,-12634
20658,-1080,-19578
14025,10114,-24139
5354,17601,-22955
-7202,21202,-14000
-13459,23005,-9546
-20476,20336,140
-23067,14854,8213
-22559,5985,16574
-18232,-6352,24584
-10048,-14000,24048
-775,-19927,20702
9330,-22456,13126
17428,-22237,4809
22044,-18195,-3849
23108,-10687,-12421
20142,-829,-19313
13752,10230,-23982
5073,17733,-22806
-7676,21169,-13493
-13938,22629,-8691
-20600,19903,697
-23001,13822,9179
-21982,4537,17445
-17085,-7948,25033
-8547,-14854,23401
206,-20307,20101
11154,-22320,11166
18566,-21718,3152
22386,-16834,-5552
22803,-8860,-13943
19812,309,-20121
12725,11558,-24283
3510,18558,-22068
-7618,22006,-14388
-15093,22477,-7384
-20950,19663,1287
-23170,13290,9880
-21825,4195,17630
-16702,-8179,24881
-8349,-15213,23562
841,-20455,19614
11422,-22308,10886
18698,-21441,2743
22374,-16603,-5771
22584,-8278,-14306
19300,1084,-20384
12069,12086,-24155
2664,19032,-21696
-7532,22423,-14891
-16095,22089,-5994
-21342,19119,2223
-23194,12292,10902
-21384,2800,18584
-15852,-8699,24551
-7301,-16033,23334
1757,-20695,18938
11851,-22815,10964
18987,-21714,2727
22592,-16850,-5742
23153,-9103,-14050
19993,321,-20314
13010,11389,-24399
3753,18591,-22344
-7693,21924,-14231
-14586,22708,-8122
-20860,20125,735
-23368,14173,9195
-22460,5218,17242
-17782,-7321,25103
-9590,-14342,23932
-862,-20167,21029
9714,-22650,12936
17576,-22295,4719
22138,-18409,-3729
23215,-10659,-12556
20579,-1089,-19490
14227,9957,-24184
5506,17551,-23057
-7049,21165,-14116
-13344,23025,-9681
-20328,20563,-235
-23133,15180,7953
-22679,6389,16290
-18385,-5552,23937
-10663,-13538,24201
-1150,-19857,21007
8761,-22732,13971
17382,-22176,4794
21932,-18640,-3292
23219,-10923,-12296
20798,-1485,-19313
14223,9924,-24147
5622,17391,-23013
-6715,21041,-14326
-13043,23145,-10102
-20109,20707,-598
-23029,15411,7618
-22716,6670,16046
-18756,-4599,23355
-10976,-13294,24270
-1843,-19610,21453
8307,-22782,14475
17011,-22303,5292
21846,-18715,-3131
23186,-11294,-11892
20917,-1843,-19074
14850,9334,-24184
6261,17065,-23326
-5346,20983,-15637
-12870,22811,-9941
-19940,20847,-907
-22988,15299,7689
-22654,6637,16017
-18438,-5259,23697
-10737,-13517,24254
-1171,-19721,20892
9116,-22572,13456
17221,-22287,5066
22019,-18269,-3750
23265,-11005,-12260
20926,-1559,-19367
14553,9656,-24209
5820,17201,-23021
-6344,20983,-14639
-12923,23062,-10139
-20080,20740,-660
-23001,15262,7739
-22757,6521,16236
-18574,-5259,23833
-10654,-13596,24250
-1229,-19742,20971
8740,-22658,13918
17193,-22254,5061
21953,-18690,-3263
23194,-10865,-12329
20546,-1340,-19206
14297,9751,-24048
5713,17362,-23075
-6868,20938,-14070
-13158,22881,-9723
-20365,20431,-66
-23046,14742,8304
-22435,5643,16792
-17803,-6921,24724
-9776,-14148,23924
-627,-20022,20649
9792,-22485,12693
17861,-22044,4183
22060,-17782,-4278
22860,-9825,-13035
20146,-404,-19742
13356,10708,-24064
4302,18141,-22443
-7664,21577,-13913
-14520,22662,-8142
-20719,20026,693
-23194,13839,9355
-22209,4871,17338
-17436,-7651,25087
-9161,-14598,23759
-272,-20241,20513
10415,-22374,11959
18129,-21879,3750
22225,-17580,-4645
22959,-9825,-13134
19841,-33,-19808
13369,10906,-24275
3939,18335,-22274
-7590,21697,-14107
-14557,22497,-7940
-20798,19800,998
-23133,13488,9645
-21957,4364,17593
-16759,-8295,25054
-8386,-15204,23590
746,-20484,19738
11467,-22411,10944
18558,-21784,3226
22547,-17007,-5540
23190,-9326,-13864
20031,148,-20179
13096,11228,-24324
4281,18389,-22670
-7569,21668,-14099
-14004,23025,-9021
-20604,20583,21
-23392,14833,8559
-22625,5812,16813
-18294,-6534,24828
-10073,-14058,24131
-1142,-20109,21251
9066,-22910,13844
17213,-22514,5301
22151,-19003,-3148
23491,-11599,-11892
21239,-2219,-19020
15225,9264,-24489
6789,16784,-23573
-4067,21012,-16945
-12556,22963,-10407
-19729,21289,-1560
-23050,16108,6942
-22864,7309,15555
-18942,-3353,22295
-11694,-12923,24617
-2202,-19540,21742
7796,-22745,14949
16277,-22559,6282
21705,-19399,-2306
23401,-12428,-10973
21454,-2747,-18707
15427,9108,-24535
6765,16574,-23339
-3279,21074,-17795
-12556,23029,-10473
-19725,21214,-1489
-23071,16145,6926
-23128,7887,15241
-19606,-1881,21487
-12490,-12218,24708
-3411,-19074,22485
7738,-22518,14780
15345,-22893,7548
21247,-20010,-1237
23524,-13670,-9854
22147,-4158,-17989
16978,8179,-25157
8695,15386,-24081
-482,20785,-20303
-11517,22592,-11075
-18735,22213,-3478
-22695,17584,5111
-23339,9648,13691
-20303,66,20237
-13534,-11022,24556
-4306,-18393,22699
8002,-21808,13806
14969,-22658,7689
21004,-19833,-1171
23178,-13051,-10127
21676,-3469,-18207
16190,8687,-24877
7181,16141,-23322
-2116,20893,-18777
-12028,22914,-10886
-19313,21528,-2215
-22823,16586,6237
-23166,8155,15011
-19548,-1485,21033
-12333,-12234,24567
-2722,-19160,21882
7503,-22629,15126
15972,-22576,6604
21569,-19531,-2038
23586,-12766,-10820
21656,-3188,-18468
16207,8658,-24865
7874,15967,-23841
-940,20839,-19899
-11958,22679,-10721
-19164,21652,-2488
-22790,16681,6109
-23042,8369,14673
-19630,-1303,20933
-12234,-12193,24427
-2446,-19247,21693
7643,-22720,15077
16339,-22460,6121
21532,-19272,-2260
23157,-11966,-11191
21313,-2594,-18719
15415,9033,-24448
6657,16648,-23305
-3840,20959,-17119
-12589,22877,-10288
-19672,20992,-1320
-22939,15683,7256
-22815,6888,15927
-18781,-4438,23219
-11063,-13158,24221
-1909,-19556,21465
8101,-22753,14652
16710,-22279,5569
21821,-18909,-2912
23322,-11727,-11595
20930,-1909,-19021
15072,9231,-24303
6546,16949,-23495
-5181,20897,-15716
-12828,23029,-10201
-19969,20736,-767
-23009,15353,7656
-22770,6624,16146
-18521,-4966,23487
-10758,-13447,24205
-1295,-19725,21020
8732,-22679,13947
17201,-22332,5131
21986,-18467,-3519
23277,-11009,-12268
20724,-1348,-19376
14441,9805,-24246
5713,17490,-23203
-6831,21124,-14293
-13179,23108,-9929
-20270,20769,-499
-23149,15526,7623
-22914,6781,16133
-18929,-4669,23598
-10947,-13426,24373
-2041,-19758,21799
8014,-23083,15069
16611,-22625,6014
21870,-19449,-2421
23628,-12568,-11060
21825,-3040,-18785
16009,8864,-24873
7647,16157,-23804
-1365,21012,-19647
-11842,22885,-11043
-19082,22015,-2933
-22852,17292,5560
-23166,8728,14438
-19911,-664,20575
-12997,-11677,24674
-3617,-18900,22517
7713,-22279,14566
15299,-22860,7561
21289,-20113,-1176
23570,-13678,-9892
22171,-4129,-18042
17036,8266,-25302
8728,15221,-23949
-367,20682,-20315
-11248,22559,-11311
-18537,22188,-3651
-22679,17683,4996
-23372,9590,13782
-20464,37,20427
-13604,-11133,24737
-4442,-18607,23049
7862,-21965,14103
14425,-23359,8934
21029,-20905,-124
23797,-15398,-8399
23186,-6542,-16644
19218,4764,-23982
12465,12837,-25302
3510,19701,-23211
-7755,22963,-15208
-15670,23174,-7504
-21652,20530,1122
-24011,14111,9900
-22786,4657,18129
-17865,-7928,25793
-9557,-15163,24720
-424,-20823,21247
10357,-23120,12763
18001,-22992,4991
22790,-18913,-3877
23916,-11360,-12556
21854,-2062,-19792
15472,9516,-24988
6612,17337,-23949
-4422,21544,-17122
-12733,23714,-10981
-20105,21891,-1786
-23582,16788,6794
-23784,8142,15642
-20125,-1947,22072
-12601,-12577,25178
-3275,-19531,22806
7792,-23038,15246
15844,-23364,7520
21817,-20637,-1180
24143,-14095,-10048
22728,-4430,-18298
17820,8052,-25872
9479,15340,-24819
132,21058,-21190
-10729,23331,-12602
-18451,23116,-4665
-23067,18962,4105
-24139,11083,13056
-21730,1505,20225
-15217,-9891,25108
-6294,-17737,24031
5585,-21709,16124
13195,-23854,10659
20517,-21738,1221
23512,-15571,-7941
23112,-6406,-16706
18975,5552,-24527
10708,14128,-24836
1435,20385,-21820
-8955,23516,-14561
-17688,23108,-5420
-22741,19102,3639
-23883,11306,12577
-21561,1596,19965
-15130,-9891,25021
-6410,-17721,24131
5362,-21738,16376
13290,-23727,10437
20600,-21499,899
23776,-16046,-7730
23566,-6975,-16591
19399,4479,-23878
11558,13554,-25112
1988,20146,-22134
-8324,23483,-15159
-17518,23025,-5507
-22543,19560,2983
-24077,11937,12140
-21821,2161,19660
-15538,-9619,25157
-6666,-17395,24061
5255,-21619,16364
13179,-23628,10449
20369,-21565,1196
23607,-15980,-7627
23541,-6930,-16611
19148,4500,-23648
10968,13884,-24852
1501,20377,-21878
-8905,23380,-14475
-17947,22922,-4975
-22712,19094,3618
-24094,11356,12738
-21524,1534,19990
-15233,-9875,25108
-6171,-17745,23916
5143,-21862,16719
13191,-23743,10552
20505,-21763,1258
23904,-16330,-7574
23867,-7656,-16211
19676,3403,-23079
11884,13377,-25261
2396,20105,-22501
-7796,23661,-15865
-16747,23574,-6827
-22456,20352,2104
-24345,13340,11005
-22737,3683,19054
-17510,-8423,25933
-9000,-15893,24893
181,-21445,21264
11356,-23491,12135
19028,-23087,4059
23397,-18546,-4851
24283,-10428,-13855
21243,-453,-20790
14235,10972,-25207
5119,18719,-23838
-7775,22233,-14458
-14301,24061,-9760
-21235,21487,-252
-24201,15501,8700
-23652,6265,17387
-19069,-6323,25392
-10601,-14454,25055
-1204,-20736,21940
9545,-23595,14050
18273,-23182,4909
23001,-19041,-3960
24189,-11042,-13147
21384,-1056,-20328
15163,10188,-25351
6146,18178,-24324
-6212,21957,-15745
-13492,24040,-10548
-20827,21982,-1155
-24131,16475,7656
-24003,7507,16496
-19894,-3403,23297
-12057,-13488,25545
-2268,-20220,22488
8270,-23669,15399
17428,-23318,5890
22633,-19965,-2668
24242,-12251,-11991
22382,-2755,-19627
15881,9549,-25430
6616,17547,-24163
-4793,21780,-16987
-13129,23958,-10829
-20649,21681,-1032
-23892,16124,7768
-23570,6802,16768
-19177,-5300,24477
-10898,-14091,24989
-1551,-20534,22085
9165,-23570,14405
18055,-23215,5160
22930,-19234,-3696
24180,-11368,-12812
21388,-1249,-20139
14874,10164,-25038
5841,18178,-24019
-7016,21862,-14846
-13872,23887,-10015
-21157,21330,-173
-24081,15481,8600
-23425,5944,17481
-18735,-6802,25537
-10180,-14635,24815
-804,-20860,21664
10065,-23541,13476
18521,-23161,4640
23013,-18810,-4203
23941,-10671,-13270
21330,-862,-20468
14660,10518,-25178
5374,18376,-23750
-7668,22064,-14396
-14528,23788,-9260
-21280,21082,198
-24077,14800,9277
-22963,5110,17853
-17923,-7961,25884
-9281,-15369,24650
90,-21120,21030
11401,-23153,11752
19090,-22539,3449
23281,-17778,-5503
23879,-9273,-14606
20501,408,-20909
13249,11929,-25178
3456,19449,-22905
-7730,22996,-15266
-15939,23335,-7396
-21924,20501,1423
-24238,13707,10531
-22840,4211,18629
-17411,-8369,25780
-8328,-16075,24403
693,-21371,20678
12032,-23223,11191
19383,-22394,3011
23359,-17415,-5944
23929,-8984,-14945
20361,866,-21227
12733,12387,-25120
3205,19573,-22778
-7680,23289,-15609
-16462,23157,-6695
-22242,19993,2249
-24127,12733,11394
-22110,2792,19318
-16050,-9260,25310
-7284,-17011,24295
2532,-21771,19239
12766,-23636,10870
20059,-22196,2137
23788,-17205,-6583
24007,-8423,-15584
20286,1163,-21449
12878,12581,-25459
3370,19696,-23066
-7664,23331,-15667
-15708,23854,-8146
-21945,21095,850
-24424,14652,9772
-23017,4690,18327
-18360,-7808,26168
-9776,-15279,25055
-680,-21120,21800
10320,-23648,13328
18508,-23339,4831
23149,-19148,-4001
24337,-11319,-13018
21742,-1315,-20427
14973,10304,-25277
5964,18170,-24134
-6744,22006,-15262
-13682,24118,-10436
-20930,21701,-771
-24139,15906,8233
-23776,6641,17135
-19486,-5193,24679
-11364,-14020,25384
-1930,-20447,22377
8596,-23859,15263
17617,-23508,5891
22815,-19795,-3020
24296,-11983,-12313
22027,-2211,-19816
15716,9570,-25286
6839,17650,-24489
-5201,21866,-16665
-13418,23904,-10486
-20757,22023,-1266
-24164,16409,7755
-23962,7342,16620
-19919,-3671,23590
-12148,-13447,25595
-2462,-20274,22736
8027,-23830,15803
16986,-23735,6749
22576,-20237,-2339
24382,-13051,-11331
22757,-3407,-19350
17015,9025,-26040
7829,16920,-24749
-1893,21837,-19944
-12552,23830,-11278
-20031,22407,-2376
-23793,17242,6551
-24073,8283,15790
-20047,-2013,22060
-12098,-13138,25236
-2425,-20076,22501
8122,-23669,15547
17320,-23277,5957
22662,-19581,-3081
24052,-11591,-12461
21247,-1373,-19874
14784,10184,-24968
6088,18170,-24258
-6608,21953,-15345
-13748,24015,-10267
-20905,21635,-730
-24069,15716,8353
-23751,6699,17052
-19201,-5775,24976
-10840,-14202,25042
-1377,-20608,21985
9256,-23673,14417
18034,-23318,5284
22980,-19008,-3972
24118,-11154,-12964
21689,-1307,-20382
14779,10320,-25099
5671,18339,-24010
-7400,22052,-14652
-14173,24044,-9871
-21219,21256,-37
-24102,15126,8976
-23306,5791,17515
-18731,-7012,25743
-9966,-14907,24873
-511,-20979,21490
10291,-23384,13093
18607,-22930,4323
23100,-18447,-4653
24052,-10139,-13913
20880,-206,-20674
14099,11121,-25220
4351,18933,-23284
-7924,22563,-14639
-15625,23491,-7866
-21862,20620,1242
-24217,13860,10357
-22757,4153,18604
-17432,-8538,25970
-8542,-16058,24600
697,-21388,20691
11793,-23496,11703
19214,-22864,3650
23392,-18001,-5391
24304,-9920,-14384
21037,-45,-20992
13666,11603,-25269
4244,19148,-23392
-7854,22671,-14817
-15295,23706,-8411
-21792,20988,804
-24267,14326,9941
-23021,4735,18286
-17890,-8080,25970
-9033,-15584,24617
-119,-21190,21309
11302,-23351,12049
19127,-22765,3638
23343,-18220,-5123
24279,-9829,-14450
20719,222,-20941
13686,11640,-25326
4240,19173,-23413
-7953,22827,-14874
-15266,23805,-8539
-21813,21120,693
-24362,14812,9550
-23199,4978,18221
-18513,-7689,26202
-9871,-15217,25088
-577,-21054,21631
10382,-23656,13274
18624,-23339,4715
23223,-19160,-4063
24444,-11195,-13249
21775,-1303,-20472
15039,10254,-25293
6208,18096,-24304
-5775,22101,-16326
-13348,24288,-10940
-20781,22056,-1275
-24073,16520,7553
-24077,7462,16615
-19890,-3489,23379
-12024,-13542,25566
-2409,-20352,22761
8118,-23904,15786
17419,-23586,6167
22720,-20163,-2557
24403,-12568,-11835
22510,-2949,-19561
16644,9046,-25690
7837,17023,-24860
-1534,21936,-20402
-12738,23685,-10947
-20138,22646,-2508
-23941,17527,6414
-24304,8625,15679
-20744,-1047,21791
-12886,-12762,25648
-3184,-19890,23074
7812,-23677,15865
16561,-23739,7178
22332,-20666,-1666
24543,-13839,-10704
23219,-4331,-18888
17939,8501,-26440
8823,16161,-24984
-511,21615,-21104
-11809,23632,-11823
-19527,23062,-3535
-23636,18364,5272
-24527,9702,14825
-21128,-214,21342
-14016,-11653,25669
-4331,-19300,23631
8052,-22770,14718
15365,-23941,8576
21821,-21252,-569
24395,-14520,-9875
22551,-4042,-18509
17316,8526,-25842
8679,16306,-24985
-895,21693,-20798
-12069,23508,-11439
-19738,22572,-2834
-23710,17589,6121
-24217,8654,15563
-20431,-1212,21643
-12874,-12593,25467
-3217,-19845,23062
7742,-23623,15881
16619,-23739,7120
22374,-20575,-1799
24366,-13488,-10878
22728,-3580,-19148
17246,8856,-26102
8130,16599,-24729
-948,21821,-20873
-12366,23694,-11328
-19919,22477,-2558
-23747,17795,5952
-24180,8732,15448
-20439,-1155,21594
-13022,-12482,25504
-3287,-19779,23066
7709,-23603,15894
16660,-23496,6836
22468,-20241,-2227
24308,-12989,-11319
22308,-3015,-19293
16318,9132,-25450
7334,17271,-24605
-3064,21879,-18815
-13035,23793,-10758
-20414,21883,-1469
-23945,16590,7355
-23986,7623,16363
-19783,-3386,23169
-11690,-13641,25331
-2112,-20348,22460
8171,-23863,15692
17415,-23475,6060
22712,-19816,-2896
24523,-12593,-11930
22514,-2776,-19738
16306,9297,-25603
7400,17312,-24712
-3213,21932,-18719
-12903,23883,-10980
-20447,22044,-1597
-23937,17044,6893
-24131,7973,16158
-20006,-2334,22340
-12028,-13286,25314
-2644,-20092,22736
8258,-23764,15506
17209,-23413,6204
22658,-19812,-2846
24164,-12106,-12058
21961,-2277,-19684
15353,9788,-25141
6501,17696,-24197
-6183,21841,-15658
-13744,23920,-10176
-20893,21829,-936
-24172,16066,8106
-23566,6410,17156
-19375,-5680,25055
-11232,-14053,25285
-1967,-20554,22521
8340,-24011,15671
17564,-23628,6064
22848,-20158,-2690
24374,-12251,-12123
22506,-2743,-19763
16244,9442,-25686
7577,17213,-24790
-2355,22097,-19742
-12626,24110,-11484
-20138,22732,-2594
-23991,17729,6262
-24547,9194,15353
-20971,-622,21593
-13752,-11974,25726
-4191,-19399,23590
8056,-23005,14949
15662,-24077,8415
22031,-21223,-808
24626,-14730,-9896
23120,-4677,-18443
18385,8035,-26420
9446,15732,-25178
-16,21487,-21471
-11310,23545,-12235
-19008,23364,-4356
-23578,18777,4801
-24527,10300,14227
-21470,482,20988
-14693,-10993,25686
-4867,-18966,23833
8023,-22506,14483
15126,-24036,8910
21730,-21301,-429
24572,-15138,-9434
23698,-5577,-18121
18211,8307,-26518
9825,15279,-25104
647,21231,-21878
-11339,23863,-12524
-18480,23887,-5407
-23372,19404,3968
-24556,10419,14137
-22089,1447,20642
-14701,-10918,25619
-6216,-18273,24489
6439,-22110,15671
14742,-24238,9496
21181,-22093,912
24440,-16058,-8382
23277,-5234,-18043
18855,6311,-25166
10782,14602,-25384
1435,20856,-22291
-10795,23632,-12837
-18933,23265,-4332
-23285,19234,4051
-24337,10947,13390
-21256,226,21030
-14746,-10555,25301
-5090,-18739,23829
7606,-22287,14681
14635,-24156,9521
21594,-21507,-87
24226,-14738,-9488
22897,-4125,-18772
18253,7899,-26152
9553,15547,-25100
99,21379,-21478
-12127,23644,-11517
-19115,23166,-4051
-23512,18752,4760
-24432,9293,15139
-21392,297,21095
-13624,-12098,25722
-4863,-18995,23858
8047,-22452,14405
16013,-23801,7788
22118,-20946,-1172
24576,-14066,-10510
23339,-5102,-18237
17799,8534,-26333
9801,15423,-25224
-532,21676,-21144
-10898,23545,-12647
-19593,22786,-3193
-23479,18587,4892
-24626,10448,14178
-21153,132,21021
-14037,-11463,25500
-4475,-19111,23586
7887,-23405,15518
16429,-23776,7347
21936,-21004,-932
24523,-13517,-11006
23289,-4822,-18467
17205,8753,-25958
8225,16669,-24894
-235,21478,-21243
-12585,23574,-10989
-19960,22563,-2603
-23842,17799,6043
-24366,8992,15374
-21247,45,21202
-13055,-12581,25636
-4215,-19317,23532
8035,-22918,14883
15683,-23797,8114
22460,-20554,-1906
24424,-13315,-11109
22798,-3576,-19222
16714,9070,-25784
7722,16995,-24717
-2136,21850,-19714
-12762,23714,-10952
-20158,22481,-3135
-24003,17176,6827
-24234,8980,15254
-19932,-3003,22935
-12234,-13270,25504
-3333,-19729,23062
8010,-23879,15869
16372,-23875,7503
22724,-20389,-2335
24477,-13719,-10758
22815,-3250,-19565
16623,9095,-25718
7693,17081,-24774
-1369,22134,-20765
-12556,24011,-11455
-20158,22728,-2570
-23970,17873,6097
-24671,9409,15262
-21041,-548,21589
-14099,-11842,25941
-4533,-19428,23961
7932,-22984,15052
15340,-24345,9005
21866,-21697,-169
24684,-15250,-9434
23467,-5292,-18175
18785,7416,-26201
10382,15208,-25590
924,21326,-22250
-10275,23859,-13584
-18616,23623,-5007
-23566,19424,4142
-24696,11253,13443
-21990,1237,20753
-15287,-10378,25665
-5919,-18414,24333
6736,-22068,15332
14025,-24358,10333
21214,-22015,801
24420,-16145,-8275
24114,-6847,-17267
19824,5156,-24980
11100,14400,-25500
1596,20909,-22505
-9145,24106,-14961
-18290,23817,-5527
-23376,19614,3762
-24807,11880,12927
-22539,2145,20394
-16227,-9652,25879
-7198,-17708,24906
3279,-22233,18954
13002,-24354,11352
20509,-22827,2318
24308,-17613,-6695
24428,-8410,-16018
20307,2074,-22381
12606,13154,-25760
2937,20245,-23182
-8031,24114,-16083
-17419,23830,-6411
-22935,20328,2607
-24514,12581,11933
-22786,3023,19763
-16483,-9322,25805
-7165,-17506,24671
2800,-22110,19310
13109,-24151,11042
20670,-22353,1683
24069,-16500,-7569
23784,-7024,-16760
19606,4422,-24028
11298,14247,-25545
1753,20794,-22547
-8662,24209,-15547
-18154,23599,-5445
-23211,19828,3383
-24609,11950,12659
-22547,2376,20171
-15901,-9693,25594
-7099,-17729,24828
4050,-22126,18076
13356,-24139,10783
20794,-22390,1596
24444,-16854,-7590
24156,-7375,-16781
20022,3931,-23953
11809,13868,-25677
2351,20530,-22881
-8097,24288,-16191
-17729,23706,-5977
-23034,20084,2950
-24679,12441,12238
-22633,2664,19969
-16240,-9623,25863
-7181,-17601,24782
4417,-22081,17664
13443,-24209,10766
20893,-22031,1138
24283,-16223,-8060
23813,-6752,-17061
19395,5288,-24683
10522,14726,-25248
1080,20950,-22030
-9702,23801,-14099
-18603,23413,-4810
-23355,19267,4088
-24663,11055,13608
-21821,1060,20761
-14998,-10609,25607
-5663,-18645,24308
6942,-22279,15337
13983,-24407,10424
21239,-22006,767
24428,-16017,-8411
23718,-6224,-17494
19090,6232,-25322
10428,14850,-25278
1027,20988,-22015
-9978,23755,-13777
-18599,23463,-4864
-23500,19111,4389
-24440,10502,13938
-21297,482,20815
-14643,-10877,25520
-5057,-18913,23970
7907,-22452,14545
15155,-24246,9091
21817,-21289,-528
24448,-14664,-9784
23331,-5007,-18324
18257,8023,-26280
9367,15782,-25149
-66,21565,-21499
-11286,23768,-12482
-19102,23430,-4328
-23623,18822,4801
-24766,10782,13984
-21747,746,21001
-14982,-10758,25740
-5754,-18711,24465
7090,-22398,15308
14177,-24585,10408
21400,-22114,714
24597,-16260,-8337
23999,-6550,-17449
19684,5346,-25030
11521,14272,-25793
2120,20818,-22938
-8464,24255,-15791
-17696,23953,-6257
-23215,20521,2694
-24774,12717,12057
-22881,3003,19878
-16809,-9235,26044
-7507,-17490,24997
2413,-22204,19791
13146,-24098,10952
20381,-22708,2327
24234,-17287,-6947
24609,-8415,-16194
20600,1435,-22035
12659,13047,-25706
3077,20105,-23182
-7651,24085,-16434
-16974,23982,-7008
-22782,20592,2190
-24688,13208,11480
-22963,3275,19688
-16764,-9079,25843
-7676,-17320,24996
2124,-22217,20093
12907,-24127,11220
20402,-22798,2396
24283,-17716,-6567
24778,-9021,-15757
20732,1122,-21854
13315,12630,-25945
3625,19940,-23565
-7816,23768,-15952
-16586,24172,-7586
-22708,20930,1778
-24684,13480,11204
-23100,3704,19396
-17193,-9004,26197
-7977,-17032,25009
969,-22027,21058
12597,-23883,11286
20105,-22881,2776
24044,-17655,-6389
24391,-8563,-15828
20629,1258,-21887
12837,12919,-25756
3023,20142,-23165
-7755,24032,-16277
-17283,23830,-6547
-22827,20534,2293
-24733,13158,11575
-22774,3126,19648
-17028,-8976,26004
-8060,-17056,25116
1080,-22147,21067
12688,-23929,11241
20167,-22963,2796
24209,-17956,-6253
24547,-8740,-15807
20839,936,-21775
13105,12762,-25867
3271,20031,-23302
-7730,23999,-16269
-17085,23821,-6736
-22629,20823,1806
-24642,13299,11343
-23034,3498,19536
-17160,-9091,26251
-8142,-17015,25157
1571,-22159,20588
12783,-23982,11199
20270,-22666,2396
24106,-17700,-6406
24671,-8707,-15964
20686,1167,-21853
12907,12956,-25863
2982,20051,-23033
-7672,23982,-16310
-17271,23714,-6443
-22728,20608,2120
-24787,12948,11839
-22819,3023,19796
-16240,-9475,25715
-7148,-17580,24728
2780,-22262,19482
13261,-24048,10787
20637,-22534,1897
24374,-17036,-7338
24399,-7812,-16587
20274,2858,-23132
12222,13406,-25628
2602,20315,-22917
-8002,24176,-16174
-17452,23892,-6440
-22976,20443,2533
-24572,12651,11921
-22551,2751,19800
-16603,-9281,25884
-7425,-17506,24931
2961,-22077,19116
13220,-24106,10886
20616,-22386,1770
24259,-16685,-7574
23929,-7082,-16847
19540,4752,-24292
11042,14408,-25450
1670,20790,-22460
-9380,23986,-14606
-18269,23574,-5305
-23376,19387,3989
-24783,11665,13118
-22213,1645,20568
-15633,-10048,25681
-7057,-18038,25095
3836,-22452,18616
13253,-24519,11266
20715,-22683,1968
24391,-17444,-6947
24415,-7899,-16516
20497,2499,-22996
12684,13270,-25954
3254,20266,-23520
-7829,24197,-16368
-16945,24114,-7169
-22836,21186,1650
-24956,14045,10911
-23446,4199,19247
-18195,-8559,26754
-9099,-16330,25429
132,-21916,21784
11760,-23838,12078
19490,-23401,3911
23941,-18777,-5164
25104,-10390,-14714
21701,-185,-21516
14247,11574,-25821
4599,19338,-23937
-7899,23137,-15238
-15604,24531,-8927
-22155,21689,466
-24791,14994,9797
-23817,5271,18546
-19065,-7651,26716
-9858,-15741,25599
-457,-21549,22006
11050,-23850,12800
19173,-23677,4504
23834,-19135,-4699
25051,-10663,-14388
21767,-536,-21231
15093,10951,-26044
5651,18892,-24543
-6967,22716,-15749
-14210,24968,-10758
-21536,22617,-1081
-24807,16442,8365
-24613,7152,17461
-20266,-4665,24931
-12024,-14136,26160
-2409,-20889,23298
7771,-24803,17032
17374,-24816,7442
23095,-21433,-1662
25216,-14218,-10998
24090,-4793,-19297
18805,8291,-27096
10007,16013,-26020
808,21874,-22682
-10498,24444,-13946
-18954,24358,-5404
-24073,19998,4075
-25364,11661,13703
-22761,1749,21012
-16157,-10159,26316
-6925,-18459,25384
4587,-22724,18137
13492,-25117,11625
21165,-23277,2112
25063,-18154,-6909
25331,-8885,-16446
21458,1047,-22505
13938,12729,-26667
4092,20381,-24473
-7854,24069,-16215
-16190,25137,-8947
-22679,22431,248
-25517,15769,9748
-24733,6092,18641
-19960,-6950,26910
-11149,-15382,26531
-1592,-21643,23235
9392,-24873,15481
18583,-24696,6113
23982,-20773,-3209
25682,-12771,-12911
23648,-2833,-20815
16945,9611,-26556
7837,18075,-25912
-2194,22992,-20798
-13146,24964,-11818
-20983,23599,-2616
-25001,18550,6451
-25480,9190,16290
-21223,-1208,22431
-13703,-12973,26676
-4009,-20455,24464
8266,-24354,16088
16896,-24952,8056
23182,-22011,-1171
25587,-14734,-10853
24131,-4488,-19643
18496,8707,-27203
9442,16764,-26206
-342,22551,-22209
-12065,24535,-12470
-19960,24387,-4427
-24741,19639,5102
-25632,10543,15089
-22151,202,21949
-15043,-11574,26617
-5143,-19754,24897
8200,-23376,15176
15732,-25393,9661
22522,-22448,-74
25513,-15769,-9744
24448,-5700,-18748
19391,7697,-27088
10159,16054,-26213
495,22167,-22662
-11368,24428,-13060
-19688,24333,-4645
-24457,19441,5016
-25773,10687,15086
-22130,127,22003
-14759,-11830,26589
-5024,-19841,24865
8155,-23595,15440
15786,-25335,9549
22708,-22464,-244
25496,-15613,-9883
24630,-5721,-18909
19581,7536,-27117
10758,15852,-26610
1150,22089,-23239
-10341,24882,-14541
-19218,24795,-5577
-24461,20488,3973
-25834,12065,13769
-23335,1967,21368
-16611,-10188,26799
-6979,-18706,25685
4768,-23194,18426
13959,-25484,11525
21544,-23392,1848
25323,-17774,-7549
25410,-8278,-17132
21388,2578,-23966
12366,14231,-26597
2734,21186,-23920
-8101,25257,-17156
-18232,24820,-6588
-23846,21252,2594
-25768,13233,12535
-23846,3106,20740
-17465,-9504,26969
-8006,-17993,25999
1947,-23042,21095
13278,-25092,11814
21012,-23875,2863
25257,-18426,-6831
25570,-8988,-16582
21454,1274,-22728
13530,13332,-26862
3741,20769,-24510
-7957,24857,-16900
-17432,25137,-7705
-23578,21973,1605
-25723,14289,11434
-24440,4434,20006
-18607,-8897,27504
-9223,-17094,26317
288,-22745,22457
12259,-24811,12552
20245,-24572,4327
24762,-19354,-5408
25636,-9949,-15687
22237,156,-22393
14198,12498,-26696
4413,20290,-24703
-8184,24341,-16157
-16669,25290,-8621
-23306,22068,1238
-25641,14619,11022
-24391,4756,19635
-18805,-8608,27413
-9367,-16941,26308
622,-22691,22069
12568,-24469,11901
20418,-24213,3795
24844,-19003,-5841
25550,-9471,-16079
21458,1027,-22485
13831,13051,-26882
3580,20732,-24312
-7965,24853,-16888
-17568,24882,-7314
-23529,21850,1679
-25777,14053,11724
-24263,4166,20097
-18467,-8918,27385
-8922,-17259,26181
800,-22827,22027
12573,-24778,12205
20451,-24197,3746
24882,-19371,-5511
25929,-10159,-15770
22077,268,-22345
14346,12403,-26749
4417,20315,-24732
-8221,24238,-16017
-16846,25179,-8333
-23186,22225,961
-25690,14759,10931
-24358,4545,19813
-18574,-8724,27298
-9252,-17036,26288
643,-22708,22065
12779,-24663,11884
20526,-24184,3658
25005,-18987,-6018
25707,-9768,-15939
21648,837,-22485
13967,12890,-26857
3819,20526,-24345
-7713,24708,-16995
-17287,25009,-7722
-23471,21945,1526
-25723,14404,11319
-24341,4455,19886
-18529,-8712,27241
-9198,-17209,26407
589,-22757,22168
12568,-24708,12140
20439,-24230,3791
24943,-19263,-5680
25715,-9784,-15931
22011,400,-22411
14140,12564,-26704
4145,20361,-24506
-7903,24420,-16517
-16842,25199,-8357
-23343,21916,1427
-25723,14528,11195
-24288,4422,19866
-18459,-8811,27270
-9186,-17118,26304
643,-22741,22098
12919,-24543,11624
20620,-24028,3408
25030,-18847,-6183
25702,-9557,-16145
21887,701,-22588
14190,12779,-26969
4137,20534,-24671
-8155,24444,-16289
-16850,25298,-8448
-23355,22539,816
-25962,15332,10630
-24787,5300,19487
-19494,-8225,27719
-10312,-16413,26725
-499,-22514,23013
11009,-25030,14021
19523,-25030,5507
24655,-20567,-4088
26226,-12003,-14223
23586,-1893,-21693
16582,10428,-27010
6814,19028,-25842
-4702,23413,-18711
-13666,26268,-12602
-21689,24044,-2355
-25471,18455,7016
-25962,8856,17106
-21804,-1406,23210
-13744,-13484,27228
-3844,-20963,24807
8142,-24989,16847
17415,-25443,8028
23706,-22398,-1308
26218,-14973,-11245
24556,-4591,-19965
18942,8666,-27608
9858,16974,-26832
0,22877,-22877
-12003,24981,-12978
-20125,25042,-4917
-25154,20068,5086
-26148,10708,15440
-22819,445,22374
-15522,-11677,27199
-5391,-20064,25455
7841,-23817,15976
15625,-26214,10589
22831,-23376,545
25942,-16764,-9178
25438,-6826,-18612
20979,5717,-26696
11752,15312,-27064
2355,21920,-24275
-9025,25645,-16620
-18983,25282,-6299
-24585,21297,3288
-26395,12725,13670
-23689,2343,21346
-17061,-10052,27113
-7544,-18744,26288
3691,-23479,19788
14095,-25950,11855
21841,-24011,2170
25764,-18310,-7454
25748,-8283,-17465
21850,2582,-24432
13105,14260,-27365
3357,21421,-24778
-8155,25665,-17510
-18199,25393,-7194
-24259,21887,2372
-26379,13913,12466
-24832,3997,20835
-18220,-9281,27501
-8679,-17952,26631
928,-23409,22481
13282,-25397,12115
21087,-24704,3617
25550,-19424,-6126
26494,-10296,-16198
22683,309,-22992
14944,12568,-27512
4710,20608,-25318
-8171,24646,-16475
-16813,25872,-9059
-23496,23050,446
-26449,16050,10399
-25311,5634,19677
-20113,-7915,28028
-10609,-16516,27125
-808,-22860,23668
11100,-25381,14281
19894,-25476,5582
25088,-20728,-4360
26519,-11529,-14990
23021,-833,-22188
15827,11446,-27273
5659,19903,-25562
-7676,23834,-16158
-15708,26210,-10502
-23005,23446,-441
-26090,16429,9661
-25245,6142,19103
-20587,-7140,27727
-11253,-16112,27365
-1419,-22530,23949
10168,-25608,15440
19457,-25661,6204
24844,-21198,-3646
26647,-12280,-14367
23739,-2000,-21739
16801,10481,-27282
6963,19197,-26160
-5531,23677,-18146
-14598,26581,-11983
-22427,23698,-1271
-25991,17613,8378
-25731,7536,18195
-21305,-4632,25937
-12379,-15122,27501
-2413,-22048,24461
9009,-25806,16797
19028,-25410,6382
24642,-21532,-3110
26552,-12882,-13670
23727,-2178,-21549
17048,10230,-27278
7123,19201,-26324
-5329,23582,-18253
-14614,26433,-11819
-22456,23978,-1522
-26156,18059,8097
-26193,8233,17960
-21817,-3201,25018
-13360,-14478,27838
-3349,-21676,25025
7874,-25995,18121
17857,-25900,8043
24127,-22914,-1213
26647,-15159,-11488
25554,-5255,-20299
19878,8501,-28379
9978,17296,-27274
276,23223,-23499
-11653,25562,-13909
-20113,26136,-6023
-25401,20930,4471
-26911,11875,15036
-23879,1452,22427
-16718,-10885,27603
-6855,-19564,26419
5783,-23867,18084
14788,-26837,12049
22666,-24296,1630
26383,-17774,-8609
26235,-7928,-18307
21565,4455,-26020
12985,14973,-27958
2945,22039,-24984
-8402,26181,-17779
-18616,25971,-7355
-24857,22452,2405
-26977,14194,12783
-25088,3823,21265
-18063,-9677,27740
-8835,-18339,27174
1113,-23896,22783
13756,-26169,12413
21623,-24972,3349
25975,-19078,-6897
26408,-9194,-17214
22720,973,-23693
14421,13575,-27996
4512,21260,-25772
-8118,25414,-17296
-17089,26391,-9302
-23937,23562,375
-26940,16335,10605
-25933,5981,19952
-20641,-7891,28532
-11158,-16677,27835
-1064,-23079,24143
10873,-25830,14957
20163,-26020,5857
25484,-21120,-4364
27022,-11859,-15163
23710,-1134,-22576
16537,11224,-27761
6641,20006,-26647
-6991,23970,-16979
-15481,27047,-11566
-23211,23883,-672
-26606,17333,9273
-26284,7268,19016
-21305,-5758,27063
-11974,-15823,27797
-2169,-22609,24778
9471,-26218,16747
19404,-26094,6690
25162,-21837,-3325
27253,-13389,-13864
24774,-2838,-21936
17642,10201,-27843
7862,19127,-26989
-3489,24106,-20617
-14280,26886,-12606
-22341,24642,-2301
-26395,18876,7519
-26750,9009,17741
-22378,-2054,24432
-13645,-14495,28140
-3696,-21862,25558
8179,-26329,18150
18376,-25913,7537
24799,-23067,-1732
27163,-14557,-12606
25422,-4096,-21326
18768,9541,-28309
9046,18178,-27224
-1014,23978,-22964
-13521,26115,-12594
-21610,25348,-3738
-26123,19791,6332
-26276,8963,17313
-22427,-1419,23846
-14140,-14157,28297
-4013,-21619,25632
8485,-26041,17556
18500,-25942,7442
24770,-22811,-1959
27047,-14346,-12701
25339,-4063,-21276
18356,9689,-28045
9000,18393,-27393
-1126,24098,-22972
-13674,26383,-12709
-21742,25170,-3428
-26156,19804,6352
-27093,10271,16822
-22848,-816,23664
-15085,-13323,28408
-4772,-21318,26090
8340,-25579,17239
17560,-26321,8761
24308,-23458,-850
27093,-15444,-11649
25645,-5032,-20613
19771,8910,-28681
10106,17638,-27744
-165,23714,-23549
-12816,25768,-12952
-21025,25867,-4842
-26111,20394,5717
-27113,10741,16372
-23442,78,23364
-15811,-12606,28417
-5403,-20864,26267
8258,-24708,16450
16689,-26845,10156
23875,-23941,66
26981,-16834,-10147
26540,-6855,-19685
21615,6670,-28285
11442,16487,-27929
1596,23046,-24642
-9850,26527,-16677
-19725,26783,-7058
-25566,22233,3333
-27600,13443,14157
-25088,2937,22151
-18067,-10085,28152
-8637,-19065,27702
1959,-24461,22502
14058,-26985,12927
22122,-25500,3378
26631,-19960,-6671
27002,-9768,-17234
23232,829,-24061
14936,13616,-28552
4875,21540,-26415
-8311,25682,-17371
-17461,26800,-9339
-24564,24019,545
-27406,16347,11059
-26437,6006,20431
-20682,-8254,28936
-11034,-17106,28140
-862,-23603,24465
11191,-26445,15254
20369,-26738,6369
25851,-21648,-4203
27550,-12329,-15221
24618,-1716,-22902
17147,11149,-28296
7210,20047,-27257
-5589,24543,-18954
-15163,27831,-12668
-23252,24828,-1576
-27060,18554,8506
-27167,8522,18645
-22765,-3089,25854
-13893,-14874,28767
-4129,-22279,26408
8109,-26787,18678
18517,-26631,8114
25014,-23850,-1164
27810,-15637,-12173
26082,-5156,-20926
20365,8802,-29167
10675,17708,-28383
528,24073,-24601
-12350,26383,-14033
-20975,26779,-5804
-26338,21412,4926
-27798,11979,15819
-24618,1241,23377
-16879,-11805,28684
-6513,-20546,27059
7214,-24663,17449
15683,-27860,12177
23681,-24989,1308
27332,-18162,-9170
27398,-8163,-19235
22662,4335,-26997
13216,15650,-28866
3089,22782,-25871
-8472,27319,-18847
-19276,26989,-7713
-25628,23500,2128
-28239,15196,13043
-26346,4471,21875
-19494,-9607,29101
-9928,-18434,28362
119,-24593,24474
13488,-26643,13155
21615,-26738,5123
26717,-20983,-5734
27946,-11121,-16825
23991,-24,-23967
16054,12874,-28928
5841,21289,-27130
-8419,25294,-16875
-16726,27868,-11142
-24523,25166,-643
-27645,17217,10428
-26973,6826,20147
-22143,-6810,28953
-12168,-16731,28899
-1893,-23491,25384
10139,-27373,17234
20455,-27002,6547
26049,-22374,-3675
28004,-12779,-15225
25018,-1930,-23088
17048,11471,-28519
7198,20381,-27579
-5783,24869,-19086
-15423,28215,-12792
-23491,25282,-1791
-27480,18777,8703
-27740,8815,18925
-23038,-2875,25913
-13992,-15262,29254
-4063,-22720,26783
8415,-27266,18851
18822,-27105,8283
25529,-24325,-1204
28285,-15522,-12763
26457,-4962,-21495
20431,9211,-29642
10531,18286,-28817
-70,24572,-24502
-13319,26730,-13411
-21656,26973,-5317
-26994,21169,5825
-28004,11108,16896
-24172,-12,24184
-16236,-13220,29456
-5296,-21623,26919
8563,-25768,17205
17659,-27517,9858
25018,-24523,-495
28165,-16784,-11381
27167,-6336,-20831
21326,8064,-29390
11154,17593,-28747
1051,24131,-25182
-11269,27336,-16067
-20641,27864,-7223
-26470,22448,4022
-28342,12931,15411
-25583,2310,23273
-18232,-10923,29155
-8171,-20158,28329
3217,-25269,22052
14990,-28297,13307
23145,-26057,2912
27715,-20249,-7466
28248,-10015,-18233
23768,1130,-24898
15213,14408,-29621
5226,22233,-27459
-8555,26560,-18005
-17902,27810,-9908
-25426,25113,313
-28342,16648,11694
-27187,6183,21004
-21511,-8514,30025
-11314,-17725,29039
-1138,-24337,25475
11471,-27493,16022
21153,-27769,6616
26635,-22270,-4365
28380,-12527,-15853
25401,-1596,-23805
17663,11545,-29208
7507,20612,-28119
-5069,25393,-20324
-15559,28792,-13233
-23937,25542,-1605
-27951,19115,8836
-28091,8769,19322
-23306,-3955,27261
-13521,-15939,29460
-3366,-23372,26738
8831,-28087,19256
19762,-27505,7743
26239,-24118,-2121
28788,-15081,-13707
26577,-4269,-22308
20163,9689,-29852
10395,18884,-29279
-259,25154,-24895
-13802,27278,-13476
-22085,27414,-5329
-27423,21718,5705
-28842,11884,16958
-25075,424,24651
-16710,-12956,29666
-6001,-21714,27715
8307,-25616,17309
16863,-28557,11694
24968,-25674,706
28623,-18026,-10597
27893,-7524,-20369
22357,6892,-29249
12003,17246,-29249
1769,24304,-26073
-11046,27707,-16661
-20963,28025,-7062
-26874,22666,4208
-28714,12791,15923
-25822,2013,23809
-17968,-11488,29456
-8109,-20579,28688
3271,-25818,22547
15522,-28796,13274
23702,-26169,2467
28297,-19729,-8568
28334,-9388,-18946
23615,2252,-25867
14165,15596,-29761
3869,23178,-27047
-8555,28276,-19721
-19668,27633,-7965
-26296,24387,1909
-28953,15085,13868
-26494,3993,22501
-19762,-9829,29591
-10366,-19272,29638
404,-25504,25100
14256,-27625,13369
22539,-27270,4731
27674,-21367,-6307
28957,-11463,-17494
25117,-115,-25002
16322,13587,-29909
5704,22081,-27785
-8761,26136,-17375
-17535,28578,-11043
-25599,25669,-70
-28697,17172,11525
-27711,6534,21177
-21994,-8155,30149
-11768,-17716,29484
-1287,-24741,26028
11789,-27860,16071
21470,-28243,6773
27138,-22695,-4443
28875,-12601,-16274
25768,-1773,-23995
18273,11545,-29818
8085,20839,-28924
-4512,25719,-21207
-15728,29238,-13510
-24329,26119,-1790
-28441,19531,8910
-28800,9202,19598
-23772,-3234,27006
-13963,-15976,29939
-3481,-23607,27088
8835,-28499,19664
19956,-27885,7929
26424,-24172,-2252
29077,-14866,-14211
27258,-4219,-23039
19375,10444,-29819
9021,19874,-28895
-1320,25847,-24527
-15378,28507,-13129
-23475,26688,-3213
-28334,20649,7685
-28936,10201,18735
-24601,-981,25582
-15959,-14524,30483
-5560,-22712,28272
8670,-26919,18249
18009,-28879,10870
25826,-26156,330
29097,-17506,-11591
28025,-6777,-21248
22192,7965,-30157
12606,17556,-30162
2165,24795,-26960
-10131,28965,-18834
-20884,28602,-7718
-27080,23821,3259
-29431,14223,15208
-27076,3440,23636
-19432,-10749,30181
-9714,-20047,29761
919,-25979,25060
14994,-28639,13645
23302,-27340,4038
28351,-21181,-7170
29056,-10700,-18356
25166,486,-25652
16607,14165,-30772
5758,22650,-28408
-8943,26775,-17832
-17886,29118,-11232
-25876,26626,-750
-29365,18174,11191
-28569,7524,21045
-23335,-6703,30038
-13063,-17271,30334
-2574,-24597,27171
9702,-29394,19692
20864,-28887,8023
27183,-24308,-2875
29964,-15072,-14892
27406,-3910,-23496
20385,10469,-30854
10654,19762,-30416
-115,26127,-26012
-13884,28512,-14628
-22493,28586,-6093
-28375,23166,5209
-29914,12878,17036
-26701,1596,25105
-18447,-12152,30599
-8031,-21388,29419
4269,-26482,22213
15716,-30368,14652
24622,-27117,2495
29176,-20901,-8275
30001,-10646,-19355
25302,928,-26230
15955,15002,-30957
5601,23240,-28841
-9132,27579,-18447
-18653,29167,-10514
-26610,26948,-338
-29964,17766,12198
-28301,6377,21924
-22716,-8575,31291
-12391,-18286,30677
-1662,-25438,27100
11273,-29543,18270
21610,-29621,8011
27773,-24032,-3741
30256,-14557,-15699
27641,-3308,-24333
20031,10972,-31003
10085,20414,-30499
-750,26705,-25955
-14841,29155,-14314
-23372,28796,-5424
-29068,23108,5960
-30025,11801,18224
-25822,140,25682
-18034,-13459,31493
-7326,-22411,29737
6810,-26758,19948
17168,-30888,13720
25843,-27295,1452
29803,-19292,-10511
29613,-8584,-21029
23908,5156,-29064
13992,17081,-31073
3522,24890,-28412
-9380,30050,-20670
-20835,29361,-8526
-27398,25051,2347
-30735,16157,14578
-28512,4628,23884
-20893,-10390,31283
-11075,-19853,30928
177,-26569,26392
14878,-28747,13869
23458,-28899,5441
29126,-22836,-6290
30145,-12057,-18088
26391,-408,-25983
18121,13509,-31630
6868,22749,-29617
-8047,26895,-18848
-17457,30921,-13464
-26255,27740,-1485
-30376,18566,11810
-29704,8621,21083
-24906,-4479,29385
-14577,-16941,31518
-2611,-25500,28111
9289,-30261,20972
21507,-29856,8349
27608,-25554,-2054
31048,-16553,-14495
28417,-3778,-24639
19721,11327,-31048
9780,20979,-30759
-482,26705,-26223
-15596,30388,-14792
-23578,28870,-5292
-29518,22947,6571
-30454,11698,18756
-26078,-148,26226
-17597,-14322,31919
-5271,-24114,29385
9033,-28908,19875
19585,-29477,9892
27377,-27418,41
30364,-18682,-11682
29159,-6682,-22477
23314,8534,-31848
14190,17539,-31729
3716,25377,-29093
-9537,30735,-21198
-21099,29708,-8609
-28227,24411,3816
-31077,16116,14961
-28957,4628,24329
-20992,-10584,31576
-11624,-20059,31683
-259,-26961,27220
14346,-29320,14974
23339,-30145,6806
29349,-23718,-5631
30805,-12131,-18674
26857,-280,-26577
18348,13901,-32249
6835,23067,-29902
-5395,27571,-22176
-16632,31820,-15188
-26734,28314,-1580
-30578,19725,10853
-30817,10164,20653
-25822,-1881,27703
-15984,-16186,32170
-4244,-25199,29443
9520,-29254,19734
19672,-30104,10432
27674,-27699,25
31498,-17535,-13963
29745,-7070,-22675
24201,8006,-32207
13014,19259,-32273
2334,26074,-28408
-12424,30203,-17779
-21895,31040,-9145
-28479,25220,3259
-31779,16211,15568
-29712,4908,24804
-21606,-10679,32285
-10551,-21115,31666
-495,-27340,27835
15526,-30075,14549
24354,-29774,5420
29811,-24700,-5111
31527,-13905,-17622
28458,-2252,-26206
20076,12408,-32484
8786,22225,-31011
-6179,27843,-21664
-16380,31952,-15572
-26470,28759,-2289
-30739,22452,8287
-31853,11760,20093
-26235,-2161,28396
-16062,-16574,32636
-5399,-25051,30450
9301,-28639,19338
18768,-31242,12474
27740,-28916,1176
31420,-19474,-11946
29815,-6628,-23187
24098,8753,-32851
13707,19028,-32735
2008,26610,-28618
-11207,31552,-20345
-22481,31902,-9421
-29085,25455,3630
-31935,15435,16500
-29431,3720,25711
-21429,-11108,32537
-11805,-20922,32727
-581,-27926,28507
15035,-29988,14953
24300,-30883,6583
30789,-24494,-6295
31564,-13063,-18501
27847,-849,-26998
19164,13752,-32916
7656,23281,-30937
-6859,28355,-21496
-17568,33173,-15605
-27113,29143,-2030
-31106,20542,10564
-31704,10044,21660
-26536,-3093,29629
-16038,-16953,32991
-5201,-25591,30792
9961,-31053,21092
20802,-30372,9570
28734,-28074,-660
32711,-18537,-14174
30157,-5973,-24184
23331,9912,-33243
13587,19816,-33403
1509,27394,-28903
-13257,30690,-17433
-23524,32505,-8981
-30318,25641,4677
-31911,14569,17342
-29592,3064,26528
-20893,-12073,32966
-9883,-22138,32021
1113,-28561,27448
16297,-31894,15597
25612,-29749,4137
31634,-23735,-7899
32624,-12709,-19915
27814,-33,-27781
18405,15052,-33457
6996,24387,-31383
-8687,29077,-20390
-18826,32575,-13749
-28177,29547,-1370
-31816,19606,12210
-30822,7915,22907
-26020,-7165,33185
-14507,-18805,33312
-2206,-26688,28894
10762,-32698,21936
22984,-31741,8757
29551,-25752,-3799
32769,-15922,-16847
30174,-3865,-26309
21099,11748,-32847
11401,21606,-33007
136,28916,-29052
-15840,30747,-14907
-25055,31209,-6154
-31816,25080,6736
-32558,13204,19354
-28272,816,27456
-20146,-13967,34113
-8753,-23817,32570
5313,-29093,23780
17399,-34287,16888
27146,-29984,2838
31523,-21379,-10144
32925,-11248,-21677
27951,1274,-29225
17250,16557,-33807
6839,25290,-32129
-9013,30042,-21029
-19152,33107,-13955
-28776,30442,-1666
-32472,20328,12144
-31568,8699,22869
-27142,-5548,32690
-16467,-17960,34427
-4611,-26532,31143
10044,-32327,22283
21297,-31684,10387
29390,-28837,-553
33961,-19709,-14252
31527,-7268,-24259
25603,8555,-34158
15802,19144,-34946
3704,27423,-31127
-10403,33363,-22960
-22386,32711,-10325
-29770,27674,2096
-34262,18863,15399
-32373,6637,25736
-24564,-10122,34686
-14194,-20257,34451
-3040,-28062,31102
10762,-33763,23001
22770,-34018,11248
29832,-27505,-2327
34320,-19131,-15189
33424,-7470,-25954
25488,9504,-34992
14280,20002,-34282
3559,28070,-31629
-10213,34464,-24251
-22902,33684,-10782
-29728,27373,2355
-34757,19090,15667
-33697,7111,26586
-24135,-10613,34748
-13930,-20398,34328
-3918,-28788,32706
10914,-34068,23154
23302,-34365,11063
30553,-27691,-2862
34200,-17927,-16273
32513,-5816,-26697
23991,11129,-35120
13501,21285,-34786
1670,29027,-30697
-13959,32682,-18723
-25125,34786,-9661
-32525,27414,5111
-32752,13950,18802
-30347,2355,27992
-23714,-12032,35746
-12028,-22852,34880
548,-29869,29321
16194,-33259,17065
26045,-32179,6134
33536,-27266,-6270
35223,-15378,-19845
29415,-1534,-27881
21041,13670,-34711
11847,24036,-35883
-3143,30987,-27844
-16999,35442,-18443
-27258,31964,-4706
-32880,24646,8234
-35644,14540,21104
-30793,825,29968
-20724,-14788,35512
-9050,-24861,33911
2961,-31552,28591
17795,-36572,18777
27501,-30908,3407
32901,-23788,-9113
36621,-14594,-22027
31378,-565,-30813
19494,15489,-34983
7783,24849,-32632
-6026,31750,-25724
-17737,36333,-18596
-28747,33202,-4455
-33078,23611,9467
-35248,13393,21855
-32162,635,31527
-21656,-15221,36877
-7243,-25129,32372
2866,-31275,28409
17919,-36889,18970
27662,-31081,3419
33193,-24296,-8897
37273,-15287,-21986
32257,-1282,-30975
19457,15060,-34517
7796,24712,-32508
-2112,32232,-30120
-16731,36642,-19911
-26721,30954,-4233
-32513,24807,7706
-37384,16149,21235
-32187,1839,30348
-19643,-14227,33870
-9108,-23772,32880
86,-32393,32307
16764,-34505,17741
26140,-31246,5106
34080,-27550,-6530
37087,-16681,-20406
30248,-1885,-28363
20394,13538,-33932
13959,23062,-37021
3040,32146,-35186
-15324,32690,-17366
-25273,33082,-7809
-33721,28813,4908
-35565,17366,18199
-31729,4665,27064
-24795,-11055,35850
-19012,-19540,38552
-5709,-28734,34443
9570,-33094,23524
21276,-33738,12462
29766,-31044,1278
35318,-22877,-12441
34023,-11112,-22911
29588,556,-30144
23310,13872,-37182
14198,23343,-37541
754,29572,-30326
-13373,33231,-19858
-24679,36762,-12083
-31787,29341,2446
-33420,18475,14945
-34188,9231,24957
-31494,-2965,34459
-21689,-14499,36188
-10362,-22823,33185
-1175,-29506,30681
12944,-33396,20452
23359,-33919,10560
30789,-29634,-1155
34909,-21887,-13022
34650,-11739,-22911
30822,-804,-30018
26313,9376,-35689
16252,19523,-35775
5370,26420,-31790
-8790,31011,-22221
-17671,33305,-15634
-27031,34212,-7181
-32843,28041,4802
-34245,18302,15943
-34621,10114,24507
-32236,775,31461
-25088,-10960,36048
-15015,-19548,34563
-6657,-26325,32982
5655,-31362,25707
15237,-35788,20551
24886,-34575,9689
30735,-29031,-1704
35268,-23050,-12218
36865,-15345,-21520
33635,-5073,-28562
27596,7297,-34893
22402,13492,-35894
15728,20856,-36584
5869,27414,-33283
-8105,31267,-23162
-17069,32397,-15328
-25550,33977,-8427
-32674,30240,2434
-34262,21466,12796
-34241,13356,20885
-34868,6686,28182
-31494,-1670,33164
-22555,-11793,34348
-16500,-18133,34633
-11764,-25141,36905
-742,-30999,31741
12321,-31106,18785
20472,-35883,15411
28788,-34419,5631
32018,-27183,-4835
35046,-20959,-14087
37038,-15695,-21343
34959,-7944,-27015
29493,210,-29703
25641,9132,-34773
21808,15914,-37722
13645,23207,-36852
895,27484,-28379
-9343,32797,-23454
-18240,35631,-17391
-26152,33429,-7277
-30974,29192,1782
-35413,25146,10267
-36555,18207,18348
-35227,12313,22914
-32859,5395,27464
-30483,-1889,32372
-25756,-10027,35783
-18265,-17044,35309
-11125,-23289,34414
-3551,-29134,32685
7387,-33441,26054
16545,-35392,18847
23607,-33338,9731
29419,-32595,3176
34056,-29654,-4402
35223,-23318,-11905
35380,-18042,-17338
35330,-12193,-23137
33874,-5519,-28355
29819,3118,-32937
22869,11310,-34179
19457,17164,-36621
15320,24316,-39636
4277,29683,-33960
-8241,30619,-22378
-15056,35487,-20431
-22770,38758,-15988
-28297,33255,-4958
-30776,27847,2929
-35578,26037,9541
-37265,21879,15386
-34876,14247,20629
-32319,7095,25224
-32674,1831,30843
-29415,-6616,36031
-20798,-13414,34212
-13488,-19354,32842
-11550,-25542,37092
-2508,-32232,34740
7940,-32583,24643
14998,-35008,20010
21198,-36060,14862
27068,-34897,7829
31069,-30941,-128
33924,-26952,-6972
36044,-22002,-14042
35842,-16128,-19714
34122,-9306,-24816
31762,-2586,-29176
28941,6868,-35809
25278,11603,-36881
18356,17869,-36225
9318,23207,-32525
3044,28124,-31168
-6748,34031,-27283
-14392,33693,-19301
-20332,33940,-13608
-26218,36089,-9871
-31585,33631,-2046
-32909,27060,5849
-34773,21932,12841
-36704,17890,18814
-36489,12078,24411
-32513,4723,27790
-28322,-1852,30174
-26296,-9570,35866
-24737,-14850,39587
-15749,-21054,36803
-3531,-24597,28128
169,-28796,28627
5622,-35425,29803
14218,-35178,20960
20418,-32674,12256
25533,-34683,9150
31803,-35083,3280
32987,-28619,-4368
34056,-22629,-11427
36118,-18719,-17399
37471,-14680,-22791
34163,-7462,-26701
28351,66,-28417
27291,7470,-34761
26989,12469,-39458
18909,18562,-37471
5548,22468,-28016
1216,25900,-27116
-1914,34951,-33037
-10036,34229,-24193
-17551,31453,-13902
-21887,34051,-12164
-29840,39752,-9912
-32591,32373,218
-30896,23813,7083
-35140,21916,13224
-40041,20163,19878
-35982,11999,23983
-27798,3267,24531
-29279,-453,29732
-35776,-4809,40585
-27831,-10287,38118
-17329,-15703,33032
5230,-19296,14066
-14256,-27588,41844
-8402,-35128,43530
5894,-28545,22651
11034,-33255,22221
14825,-39348,24523
21780,-38473,16693
25265,-30401,5136
29101,-29510,409
36506,-31956,-4550
36242,-25059,-11183
32909,-16912,-15997
34575,-14148,-20427
38626,-12069,-26557
34988,-5622,-29366
26701,1200,-27901
25892,6715,-32607
31985,8955,-40940
27307,14470,-41777
6892,19329,-26221
107,21111,-21218
11541,32707,-44248
-1967,30789,-28822
-9772,31774,-22002
-13954,34732,-20778
-18983,39257,-20274
-25393,37285,-11892
-27192,29411,-2219
-31279,28714,2565
-36729,29200,7529
-36205,23145,13060
-33775,17745,16030
-34736,14763,19973
-38296,13245,25051
-36993,8976,28017
-29064,2326,26738
-27513,-655,28168
-34472,-2706,37178
-33053,-5082,38135
-19857,-10667,30524
-13422,-14210,27632
-26441,-16054,42495
-32995,-21627,54622
-3151,-21738,24889
1336,-22411,21075
-8126,-35091,43217
1439,-29658,28219
6781,-33185,26404
10498,-34856,24358
15365,-35652,20287
19824,-35817,15993
23813,-35611,11798
26874,-34419,7545
29807,-32859,3052
32005,-30962,-1043
33301,-29221,-4080
34031,-27229,-6802
34839,-25381,-9458
35289,-23768,-11521
35871,-22192,-13679
36040,-20398,-15642
35813,-18579,-17234
35887,-17576,-18311
36489,-17506,-18983
36572,-17127,-19445
35479,-16285,-19194
35149,-16104,-19045
36502,-17316,-19186
37512,-18253,-19259
35437,-17234,-18203
33523,-15736,-17787
35850,-17184,-18666
39080,-19795,-19285
36452,-18261,-18191
31803,-15138,-16665
34299,-16743,-17556
41019,-21689,-19330
38086,-19940,-18146
29778,-13872,-15906
31890,-15052,-16838
43242,-23372,-19870
41175,-22171,-19004
27819,-12449,-15370
28396,-12498,-15898
45383,-24840,-20543
44665,-24877,-19788
25488,-11100,-14388
24490,-9747,-14743
48406,-27183,-21223
48130,-27439,-20691
22489,-8951,-13538
21103,-7210,-13893
52437,-30141,-22296
49450,-28338,-21112
18958,-6443,-12515
20389,-6476,-13913
57663,-34394,-23269
47425,-27031,-20394
14866,-3720,-11146
22501,-7907,-14594
63207,-39076,-24131
42021,-23314,-18707
11430,-1452,-9978
28417,-12403,-16014
65855,-41184,-24671
34645,-18187,-16458
10093,-796,-9297
37417,-19189,-18228
64374,-40598,-23776
27088,-13113,-13975
10551,-358,-10193
47206,-27006,-20200
59639,-37578,-22061
20752,-8514,-12238
13921,-2619,-11302
55559,-34060,-21499
52775,-32492,-20283
15679,-4801,-10878
18414,-5651,-12763
62176,-39880,-22296
45684,-26301,-19383
12342,-2396,-9946
24972,-10498,-14474
65286,-42499,-22787
38032,-21421,-16611
10382,-1002,-9380
32653,-16335,-16318
65674,-42446,-23228
30558,-16141,-14417
9982,-247,-9735
42194,-23755,-18439
62444,-40792,-21652
23739,-11013,-12726
11950,-1373,-10577
51158,-31053,-20105
56735,-36213,-20522
18100,-6752,-11348
15485,-3807,-11678
59214,-37966,-21248
49376,-30599,-18777
13451,-3291,-10160
21668,-8481,-13187
64741,-42718,-22023
41336,-23817,-17519
10704,-1171,-9533
29403,-13987,-15416
66099,-43828,-22271
33297,-18253,-15044
9796,-247,-9549
38828,-21252,-17576
63962,-42380,-21582
26136,-12936,-13200
11129,-895,-10234
47771,-28553,-19218
59028,-38502,-20526
20233,-8361,-11872
14305,-2957,-11348
56190,-35850,-20340
52432,-33321,-19111
14961,-4607,-10354
19247,-7037,-12210
62852,-41497,-21355
44533,-26692,-17841
11723,-2054,-9669
25781,-11438,-14343
65917,-44022,-21895
36720,-21082,-15638
10073,-800,-9273
34439,-18042,-16397
65294,-43267,-22027
29271,-15394,-13877
10106,-441,-9665
43687,-25430,-18257
61817,-41027,-20790
22530,-10320,-12210
12337,-1666,-10671
52800,-32946,-19854
55592,-35945,-19647
17250,-6249,-11001
16582,-4727,-11855
60225,-39237,-20988
48043,-29469,-18574
13117,-3085,-10032
22592,-9000,-13592
64779,-43093,-21686
40185,-23669,-16516
10774,-1258,-9516
30331,-14924,-15407
65880,-44005,-21875
32826,-18055,-14771
9928,-371,-9557
39249,-21800,-17449
63793,-42487,-21306
25814,-12853,-12961
11017,-891,-10126
48411,-29295,-19116
58678,-38432,-20246
19948,-8328,-11620
14140,-2916,-11224
56553,-36147,-20406
51748,-32789,-18959
14990,-4545,-10445
19548,-6921,-12627
63087,-41753,-21334
44096,-26329,-17767
11673,-2000,-9673
26437,-11979,-14458
65723,-43993,-21730
36229,-20637,-15592
10110,-717,-9393
34980,-18546,-16434
65150,-43353,-21797
28825,-15130,-13695
10312,-478,-9834
44149,-25876,-18273
61367,-40639,-20728
22283,-10060,-12223
12486,-1720,-10766
53472,-33573,-19899
54660,-35120,-19540
16743,-5869,-10874
17242,-5148,-12094
60736,-39699,-21037
47322,-28953,-18369
12936,-2937,-9999
23124,-9417,-13707
65001,-43316,-21685
39752,-23306,-16446
10634,-1262,-9372
31139,-15505,-15634
65756,-43857,-21899
32026,-17490,-14536
9961,-387,-9574
40156,-22609,-17547
63401,-42256,-21145
25092,-12337,-12755
11352,-1080,-10272
49421,-30133,-19288
57873,-37818,-20055
19144,-7680,-11464
14491,-3304,-11187
57886,-37512,-20374
50824,-32278,-18546
14115,-3976,-10139
20402,-7920,-12482
64251,-42970,-21281
42689,-25018,-17671
10951,-1621,-9330
27806,-13080,-14726
66482,-44863,-21619
34637,-19610,-15027
9561,-490,-9071
36960,-20262,-16698
64919,-43205,-21714
26614,-13633,-12981
10296,-424,-9872
47639,-28928,-18711
59626,-39579,-20047
20200,-8542,-11658
14210,-3093,-11117
56252,-36184,-20068
52379,-33552,-18827
15056,-4694,-10362
19181,-6925,-12256
62832,-41798,-21034
44607,-26890,-17717
11772,-2227,-9545
25793,-11587,-14206
65983,-44504,-21479
36708,-21235,-15473
10044,-878,-9166
34381,-18257,-16124
65401,-43956,-21445
29213,-15555,-13658
9999,-338,-9661
43758,-25727,-18031
61701,-41188,-20513
22431,-10349,-12082
12123,-1612,-10511
53212,-33515,-19697
55295,-35974,-19321
16797,-5985,-10812
16755,-4809,-11946
60687,-39921,-20766
47800,-29506,-18294
12775,-2961,-9814
22770,-9277,-13493
65162,-43811,-21351
39719,-23533,-16186
10419,-1274,-9145
31032,-15576,-15456
65971,-44055,-21916
31737,-17473,-14264
9854,-338,-9516
40544,-23087,-17457
63322,-42532,-20790
24655,-12131,-12524
11277,-1051,-10226
49937,-30859,-19078
57696,-38016,-19680
18793,-7536,-11257
15184,-3778,-11406
58203,-37830,-20373
50395,-31960,-18435
14066,-3931,-10135
20686,-7845,-12841
64114,-42875,-21239
42491,-25496,-16995
11022,-1505,-9517
27955,-13241,-14714
66247,-44768,-21479
34509,-19445,-15064
9689,-325,-9364
37252,-20476,-16776
64704,-43621,-21083
27022,-13975,-13047
10518,-577,-9941
46604,-28120,-18484
59994,-39901,-20093
20938,-9145,-11793
13418,-2528,-10890
55180,-35268,-19912
53373,-34353,-19020
15691,-5106,-10585
18360,-6270,-12090
61932,-41006,-20926
45804,-27864,-17940
12197,-2450,-9747
24807,-10898,-13909
65678,-44220,-21458
37764,-22011,-15753
10205,-1031,-9174
33383,-17440,-15943
65525,-43927,-21598
30067,-16215,-13852
9900,-309,-9591
42949,-25009,-17940
62254,-41666,-20588
23079,-10947,-12132
11958,-1468,-10490
51950,-32571,-19379
56211,-36658,-19553
17481,-6517,-10964
16017,-4323,-11694
59874,-39270,-20604
48670,-30500,-18170
13134,-3192,-9942
22167,-8934,-13233
64878,-43555,-21323
40705,-24279,-16426
10617,-1348,-9269
30067,-14825,-15242
66045,-44380,-21665
32995,-18372,-14623
9776,-317,-9459
39022,-21928,-17094
64143,-43254,-20889
25467,-12808,-12659
11088,-961,-10127
48642,-29720,-18922
58678,-38766,-19912
19602,-8142,-11460
14528,-3275,-11253
57184,-36935,-20249
51381,-32777,-18604
14689,-4413,-10276
19808,-7206,-12602
63384,-42244,-21140
43708,-26148,-17560
11438,-1876,-9562
26878,-12383,-14495
65979,-44537,-21442
35689,-20439,-15250
9941,-594,-9347
35532,-19164,-16368
65154,-43646,-21508
28004,-14503,-13501
10048,-317,-9731
45742,-27324,-18418
60728,-40400,-20328
21231,-9421,-11810
13175,-2371,-10804
54850,-34934,-19916
53707,-34641,-19066
15881,-5300,-10581
18108,-6084,-12024
61858,-40994,-20864
45787,-27918,-17869
12164,-2516,-9648
24667,-10725,-13942
65670,-44191,-21479
37809,-22048,-15761
10155,-1080,-9075
33202,-17296,-15906
65678,-44030,-21648
30277,-16330,-13947
9871,-231,-9640
42792,-24902,-17890
62159,-41530,-20629
23285,-11013,-12272
11859,-1443,-10416
51991,-32529,-19462
56174,-36741,-19433
17457,-6484,-10973
16149,-4401,-11748
60027,-39356,-20671
48489,-30384,-18105
13035,-3069,-9966
22402,-9095,-13307
65096,-43650,-21446
40420,-24118,-16302
10638,-1489,-9149
30318,-15093,-15225
66033,-44430,-21603
32711,-18137,-14574
9685,-317,-9368
39492,-22237,-17255
63830,-42961,-20869
25352,-12680,-12672
10914,-779,-10135
49219,-30228,-18991
58290,-38511,-19779
19210,-7874,-11336
14722,-3399,-11323
57457,-37166,-20291
51051,-32550,-18501
14491,-4162,-10329
20204,-7680,-12524
63500,-42322,-21178
43267,-26292,-16975
11286,-1736,-9550
26928,-12461,-14467
66111,-44591,-21520
35318,-20175,-15143
9908,-627,-9281
36130,-19581,-16549
65051,-43803,-21248
27839,-14392,-13447
10283,-470,-9813
45725,-27262,-18463
60662,-40350,-20312
21384,-9532,-11852
13076,-2260,-10816
54367,-34559,-19808
53992,-34881,-19111
16128,-5494,-10634
17828,-5882,-11946
61668,-40816,-20852
46270,-28235,-18035
12313,-2615,-9698
24283,-10428,-13855
65529,-44083,-21446
38016,-22221,-15795
10209,-1023,-9186
32995,-17164,-15831
65661,-43960,-21701
30269,-16335,-13934
9805,-280,-9525
42681,-24820,-17861
62386,-41769,-20617
22926,-10836,-12090
11875,-1447,-10428
52531,-32909,-19622
55856,-36452,-19404
17242,-6364,-10878
16281,-4611,-11670
60171,-39554,-20617
48320,-30137,-18183
13022,-3089,-9933
22254,-8852,-13402
64952,-43543,-21409
40309,-23982,-16327
10630,-1427,-9203
30516,-15241,-15275
66053,-44409,-21644
32505,-18055,-14450
9735,-264,-9471
39554,-22295,-17259
63661,-42751,-20910
25554,-12762,-12792
10692,-705,-9987
49005,-30009,-18996
58401,-38552,-19849
19309,-7915,-11394
14680,-3394,-11286
57370,-37108,-20262
51166,-32653,-18513
14606,-4310,-10296
19923,-7425,-12498
63578,-42396,-21182
43440,-25810,-17630
11265,-1740,-9525
27101,-12527,-14574
66222,-44702,-21520
35161,-20051,-15110
9846,-713,-9133
36349,-19775,-16574
65117,-43836,-21281
27517,-14338,-13179
10254,-429,-9825
46352,-27864,-18488
60352,-40066,-20286
20917,-9132,-11785
13398,-2532,-10866
55250,-35326,-19924
53002,-34138,-18864
15679,-5119,-10560
18422,-6237,-12185
62118,-41245,-20873
45544,-27674,-17870
12061,-2351,-9710
24836,-10939,-13897
65764,-44211,-21553
37723,-21978,-15745
10085,-1043,-9042
33408,-17494,-15914
65616,-43923,-21693
29840,-16038,-13802
9751,-193,-9558
43279,-25306,-17973
62048,-41538,-20510
22869,-10692,-12177
11999,-1518,-10481
52511,-32991,-19520
56005,-36531,-19474
17226,-6377,-10849
16306,-4628,-11678
60443,-39727,-20716
48056,-30046,-18010
12857,-2953,-9904
22625,-9240,-13385
65142,-43786,-21356
40090,-23784,-16306
10349,-1328,-9021
30867,-15448,-15419
65888,-44096,-21792
31931,-17671,-14260
9784,-301,-9483
40210,-22807,-17403
63545,-42706,-20839
25129,-12424,-12705
10951,-858,-10093
49731,-30619,-19112
58026,-38238,-19788
18917,-7623,-11294
14829,-3510,-11319
58088,-37669,-20419
50341,-31952,-18389
14206,-4021,-10185
20554,-7742,-12812
64032,-42763,-21269
42722,-25236,-17486
11121,-1629,-9492
27765,-13096,-14669
66321,-44682,-21639
34810,-19746,-15064
9681,-358,-9323
37013,-20204,-16809
64816,-43679,-21137
27134,-14045,-13089
10382,-544,-9838
46600,-28070,-18530
60196,-39942,-20254
20963,-9215,-11748
13245,-2409,-10836
55015,-35186,-19829
53224,-34196,-19028
15741,-5218,-10523
18211,-6022,-12189
62044,-41118,-20926
45791,-27843,-17948
12036,-2388,-9648
24737,-10753,-13984
65727,-44265,-21462
37764,-22081,-15683
9982,-990,-8992
33391,-17502,-15889
65682,-43650,-22032
29642,-15877,-13765
9928,-276,-9652
43320,-25331,-17989
62163,-41625,-20538
22666,-10593,-12073
11958,-1493,-10465
52878,-33334,-19544
55683,-36283,-19400
16924,-6162,-10762
16462,-4611,-11851
60761,-39971,-20790
47907,-29955,-17952
12700,-2813,-9887
22695,-9388,-13307
65360,-43906,-21454
39657,-23483,-16174
10333,-1377,-8956
31552,-15976,-15576
65929,-44071,-21858
31453,-17242,-14211
9640,-214,-9426
41283,-23640,-17643
63116,-42359,-20757
24172,-11748,-12424
11356,-1084,-10272
50919,-31560,-19359
57217,-37533,-19684
18216,-7115,-11101
15423,-3877,-11546
59424,-39199,-20225
49326,-31345,-17981
13101,-3361,-9740
21685,-9042,-12643
65278,-44207,-21071
40965,-24007,-16958
10188,-1097,-9091
29596,-14664,-14932
66688,-44884,-21804
32170,-18013,-14157
9256,0,-9256
40750,-23388,-17362
63822,-43300,-20522
24370,-12185,-12185
10980,-928,-10052
50386,-31378,-19008
57688,-38234,-19454
18372,-7359,-11013
15093,-3724,-11369
58884,-38667,-20217
49739,-31667,-18072
13464,-3592,-9872
21351,-8703,-12648
64993,-43960,-21033
41493,-24580,-16913
10444,-1233,-9211
28978,-14157,-14821
66445,-45111,-21334
33074,-18636,-14438
9433,-152,-9281
39175,-22163,-17012
64139,-43489,-20650
25484,-12894,-12590
10852,-891,-9961
48922,-30219,-18703
58822,-39212,-19610
19346,-8089,-11257
14466,-3328,-11138
57473,-37500,-19973
51112,-32851,-18261
14359,-4232,-10127
20068,-7771,-12297
63900,-43036,-20864
43131,-25830,-17301
11112,-1711,-9401
27315,-12857,-14458
66420,-45263,-21157
34926,-20076,-14850
9545,-598,-8947
36873,-20394,-16479
64977,-43815,-21162
27022,-14049,-12973
10089,-342,-9747
47103,-28677,-18426
60258,-40313,-19945
20241,-8794,-11447
13653,-2730,-10923
56211,-36498,-19713
52086,-33631,-18455
14903,-4657,-10246
19272,-7123,-12149
63248,-42495,-20753
44137,-26585,-17552
11347,-1967,-9380
26239,-12090,-14149
66165,-44917,-21248
35990,-20942,-15048
9821,-841,-8980
35400,-19234,-16166
65352,-43984,-21368
28017,-14850,-13167
9887,-288,-9599
45535,-27410,-18125
61186,-41027,-20159
21132,-9590,-11542
12762,-2074,-10688
54784,-35173,-19611
53724,-34942,-18782
15844,-5374,-10470
17935,-6109,-11826
62114,-41443,-20671
45927,-27971,-17956
11974,-2475,-9499
24560,-10786,-13774
65901,-44727,-21174
37879,-22312,-15567
9945,-952,-8993
33123,-17419,-15704
65764,-44253,-21511
29931,-16302,-13629
9561,-94,-9467
43246,-25459,-17787
62238,-42050,-20188
22464,-10683,-11781
12028,-1633,-10395
52907,-33577,-19330
55679,-36555,-19124
16813,-6138,-10675
16549,-4846,-11703
60988,-40532,-20456
47462,-29704,-17758
12428,-2759,-9669
23161,-9854,-13307
65781,-44550,-21231
39113,-23269,-15844
10155,-1163,-8992
31820,-16467,-15353
65896,-44244,-21652
30838,-17011,-13827
9578,-189,-9389
41893,-24362,-17531
63058,-42669,-20389
23632,-11591,-12041
11504,-1266,-10238
51409,-32302,-19107
56854,-37582,-19272
17704,-6818,-10886
15778,-4182,-11596
59969,-39608,-20361
48720,-30871,-17849
13030,-3225,-9805
21965,-8943,-13022
65253,-44174,-21079
40610,-24246,-16364
10407,-1287,-9120
30075,-15023,-15052
47511,-28978,-18533
32447,-18240,-14207
20352,-8823,-11529
39661,-22646,-17015
63747,-43201,-20546
25418,-12750,-12668
10733,-779,-9954
49388,-30525,-18863
62885,-42128,-20757
19127,-7948,-11179
11496,-2074,-9422
25438,-11446,-13992
65979,-44776,-21203
36481,-21280,-15201
20323,-7862,-12461
63929,-42999,-20930
65430,-43984,-21446
10960,-1563,-9397
27662,-13187,-14475
44690,-26730,-17960
34617,-19775,-14842
21540,-9924,-11616
12325,-1802,-10523
64977,-43675,-21302
54569,-35635,-18934
10106,-379,-9727
17547,-5729,-11818
59800,-39996,-19804
20274,-8798,-11476
13674,-2846,-10828
56190,-36427,-19763
52305,-33754,-18551
15118,-4834,-10284
18913,-6694,-12219
32533,-16929,-15604
44653,-27014,-17639
11504,-2021,-9483
25781,-11710,-14071
66160,-44950,-21210
36502,-21198,-15304
23067,-11116,-11951
34843,-18777,-16066
65414,-44026,-21388
28602,-15258,-13344
9796,-264,-9532
44900,-26783,-18117
61450,-41328,-20122
21520,-9871,-11649
12717,-2961,-9756
54450,-34794,-19656
54441,-35578,-18863
40016,-23549,-16467
17605,-5742,-11863
30793,-15534,-15259
46224,-28004,-18220
31626,-17630,-13996
9520,-152,-9368
40849,-23623,-17226
63504,-42994,-20510
9941,-1101,-8840
11220,-1089,-10131
65814,-44154,-21660
57349,-38007,-19342
9722,-214,-9508
43428,-25641,-17787
62291,-41976,-20315
22448,-10646,-11802
13323,-3452,-9871
53249,-33812,-19437
64993,-43943,-21050
16706,-6022,-10684
10395,-1134,-9261
61256,-40664,-20592
47313,-29460,-17853
12321,-2681,-9640
23194,-9706,-13488
39612,-22526,-17086
38968,-23182,-15786
25199,-12700,-12499
31977,-16512,-15465
49359,-30562,-18797
58228,-38770,-19458
9693,-255,-9438
41654,-24168,-17486
57783,-37822,-19961
23656,-11599,-12057
14194,-4153,-10041
51414,-32323,-19091
64189,-43258,-20931
42788,-25471,-17317
10766,-1493,-9273
27740,-13224,-14516
66523,-45193,-21330
34159,-19478,-14681
9483,-495,-8988
37653,-20934,-16719
64820,-43770,-21050
26152,-13447,-12705
10329,-499,-9830
48233,-29588,-18645
59235,-39579,-19656
19738,-8402,-11336
14008,-3052,-10956
56817,-36914,-19903
51698,-33367,-18331
14697,-4504,-10193
19408,-7255,-12153
63442,-42590,-20852
43997,-26507,-17490
11257,-1889,-9368
26400,-12164,-14236
66235,-45032,-21203
35677,-20633,-15044
9693,-693,-9000
35784,-19536,-16248
65302,-44005,-21297
27670,-14528,-13142
9908,-317,-9591
46171,-27827,-18344
60819,-40854,-19965
20748,-9289,-11459
13010,-2268,-10742
55369,-35706,-19663
52985,-34311,-18674
15415,-5049,-10366
18541,-6534,-12007
62823,-42046,-20777
44974,-27200,-17774
11545,-2087,-9458
25476,-11500,-13976
66206,-44896,-21310
36510,-21297,-15213
9801,-915,-8886
34959,-18876,-16083
65538,-44298,-21240
28433,-15072,-13361
9669,-132,-9537
45292,-27113,-18179
61408,-41270,-20138
21136,-9615,-11521
12548,-1951,-10597
55105,-35400,-19705
53715,-34996,-18719
15576,-5152,-10424
18277,-6521,-11756
62332,-41670,-20662
45680,-27893,-17787
11937,-2338,-9599
24655,-10844,-13811
66024,-44752,-21272
37343,-21874,-15469
9834,-1031,-8803
33895,-17972,-15923
65727,-44290,-21437
29390,-15831,-13559
9636,-206,-9430
43910,-25991,-17919
61974,-41728,-20246
22134,-10353,-11781
11974,-1542,-10432
53497,-34051,-19446
55332,-36229,-19103
16479,-5886,-10593
16743,-5020,-11723
61309,-40730,-20579
47165,-29052,-18113
12276,-2726,-9550
23368,-9842,-13526
65661,-44467,-21194
38787,-23087,-15700
10077,-1299,-8778
32278,-16776,-15502
65905,-44145,-21760
30335,-16561,-13774
9722,-268,-9454
42516,-24939,-17577
62712,-42326,-20386
22955,-11063,-11892
11665,-1353,-10312
52482,-33165,-19317
56091,-36902,-19189
17044,-6331,-10713
16211,-4533,-11678
60588,-40161,-20427
48031,-30244,-17787
12672,-2957,-9715
22592,-9392,-13200
65389,-44129,-21260
39810,-23875,-15935
10271,-1365,-8906
31024,-15741,-15283
66152,-44475,-21677
31717,-17692,-14025
9532,-255,-9277
40548,-23314,-17234
63764,-43131,-20633
24345,-12210,-12135
11141,-1035,-10106
50518,-31506,-19012
57552,-38131,-19421
18253,-7276,-10977
15192,-3832,-11360
59082,-38820,-20262
49549,-31506,-18043
13336,-3469,-9867
21516,-8844,-12672
64981,-43956,-21025
41171,-24568,-16603
10370,-1270,-9100
29370,-14462,-14908
66379,-44801,-21578
32777,-18463,-14314
9425,-156,-9269
39426,-22407,-17019
64119,-43494,-20625
25150,-12733,-12417
10840,-841,-9999
49223,-30467,-18756
58414,-38812,-19602
19119,-7882,-11237
14524,-3366,-11158
57840,-37764,-20076
50828,-32583,-18245
13992,-3997,-9995
20455,-8179,-12276
64279,-43320,-20959
42495,-25261,-17234
10840,-1542,-9298
27901,-13315,-14586
66503,-45317,-21186
34122,-19366,-14756
9293,-371,-8922
38036,-21206,-16830
64783,-43692,-21091
25938,-13282,-12656
10357,-515,-9842
48423,-29737,-18686
58979,-39257,-19722
19573,-8311,-11262
14202,-3147,-11055
57024,-37120,-19904
51628,-33210,-18418
14425,-4318,-10107
19870,-7689,-12181
63859,-42957,-20902
43345,-25888,-17457
11059,-1773,-9286
27159,-12725,-14434
66424,-45181,-21243
35046,-20101,-14945
9388,-548,-8840
36617,-20113,-16504
65096,-43659,-21437
26940,-13975,-12965
9999,-342,-9657
47297,-28825,-18472
60010,-40107,-19903
20113,-8670,-11443
13748,-2833,-10915
56364,-36584,-19780
52214,-33721,-18493
14817,-4615,-10202
19185,-7103,-12082
63302,-42578,-20724
44137,-26474,-17663
11253,-1918,-9335
26210,-12065,-14145
66317,-45061,-21256
35730,-20744,-14986
9590,-655,-8935
35751,-19494,-16257
65269,-43679,-21590
27637,-14520,-13117
9916,-284,-9632
46076,-27823,-18253
61070,-40899,-20171
20439,-9128,-11311
12911,-2140,-10771
56112,-36250,-19862
52721,-34171,-18550
14903,-4719,-10184
19041,-7169,-11872
62935,-42219,-20716
44591,-26989,-17602
11380,-2004,-9376
25756,-11702,-14054
66218,-44908,-21310
36056,-20950,-15106
9689,-767,-8922
35227,-19090,-16137
65595,-44137,-21458
28256,-14973,-13283
9714,-206,-9508
45523,-27286,-18237
61285,-41056,-20229
21058,-9475,-11583
12544,-1955,-10589
55262,-35536,-19726
53744,-34922,-18822
15398,-5065,-10333
18343,-6686,-11657
62737,-42029,-20708
45123,-27262,-17861
11706,-2314,-9392
25108,-11187,-13921
66103,-44871,-21232
37191,-21767,-15424
9776,-961,-8815
34159,-18211,-15948
65670,-43832,-21838
28883,-15501,-13382
9730,-218,-9512
44479,-26544,-17935
61846,-41625,-20221
21507,-9953,-11554
12214,-1699,-10515
54384,-34810,-19574
54553,-35640,-18913
15765,-5354,-10411
17725,-5952,-11773
62052,-41357,-20695
46228,-28210,-18018
12090,-2503,-9587
24267,-10572,-13695
65863,-44657,-21206
38193,-22489,-15704
9941,-1146,-8795
32967,-17283,-15684
65892,-44244,-21648
29844,-16198,-13646
9553,-111,-9442
43494,-25645,-17849
62304,-41967,-20337
22390,-10626,-11764
11867,-1551,-10316
53435,-33948,-19487
55510,-36539,-18971
16516,-5902,-10614
16594,-4884,-11710
61441,-40849,-20592
47124,-29291,-17833
12218,-2598,-9620
23347,-9982,-13365
65711,-44422,-21289
38593,-22877,-15716
9999,-1117,-8882
32331,-16850,-15481
65958,-44092,-21866
30195,-16467,-13728
9405,-74,-9331
43015,-25212,-17803
62580,-42198,-20382
22695,-10840,-11855
11772,-1431,-10341
52899,-33478,-19421
55889,-36778,-19111
16698,-6100,-10598
16384,-4710,-11674
61235,-40684,-20551
47371,-29526,-17845
12230,-2681,-9549
23174,-9920,-13254
65888,-44599,-21289
38766,-23021,-15745
9978,-1344,-8634
32439,-16883,-15556
66024,-44294,-21730
30335,-16619,-13716
9545,-136,-9409
42508,-24857,-17651
62675,-42231,-20444
23104,-11162,-11942
11446,-1237,-10209
52325,-33082,-19243
56273,-37034,-19239
17036,-6331,-10705
16236,-4587,-11649
60819,-40284,-20535
47969,-30162,-17807
12436,-2842,-9594
22864,-9891,-12973
65909,-44706,-21203
39463,-23273,-16190
10044,-1134,-8910
31622,-16252,-15370
66132,-44104,-22028
30805,-17015,-13790
9636,-247,-9389
41551,-24172,-17379
63207,-42776,-20431
23619,-11554,-12065
11306,-1175,-10131
51583,-32439,-19144
56710,-37426,-19284
17584,-6806,-10778
15741,-4207,-11534
59965,-39521,-20444
48769,-30842,-17927
12923,-3143,-9780
22072,-9120,-12952
65315,-44215,-21100
40676,-24255,-16421
10263,-1365,-8898
30203,-15114,-15089
66259,-44352,-21907
32170,-18075,-14095
9471,-127,-9344
40115,-22947,-17168
63789,-43283,-20506
24877,-12453,-12424
10910,-948,-9962
49809,-30982,-18827
58179,-38684,-19495
18645,-7647,-10998
14808,-3555,-11253
58455,-38325,-20130
50098,-31972,-18126
13736,-3832,-9904
21025,-8580,-12445
64696,-43687,-21009
41918,-24778,-17140
10366,-1237,-9129
28759,-13913,-14846
66606,-45304,-21302
33226,-18748,-14478
9273,-284,-8989
39220,-22229,-16991
64498,-43795,-20703
25026,-12787,-12239
10869,-919,-9950
49396,-30607,-18789
58381,-38775,-19606
18793,-7734,-11059
14647,-3469,-11178
58372,-38230,-20142
50217,-31981,-18236
13703,-3778,-9925
20983,-8476,-12507
64597,-43601,-20996
41992,-24795,-17197
10481,-1241,-9240
28606,-13897,-14709
66837,-45436,-21401
33156,-18744,-14412
9198,-301,-8897
39179,-22246,-16933
64626,-43898,-20728
24943,-12672,-12271
10865,-833,-10032
49784,-30925,-18859
58113,-38655,-19458
18793,-7693,-11100
14586,-3436,-11150
58306,-38267,-20039
50242,-32059,-18183
13789,-3807,-9982
20847,-8394,-12453
64531,-43547,-20984
42248,-25162,-17086
10572,-1291,-9281
28223,-13649,-14574
66684,-45333,-21351
33577,-18995,-14582
9289,-478,-8811
38770,-21858,-16912
64593,-43428,-21165
24981,-12630,-12351
10362,-507,-9855
50127,-31110,-19017
57906,-38445,-19461
18541,-7519,-11022
14936,-3658,-11278
58575,-38420,-20155
50131,-32010,-18121
13690,-3770,-9920
20889,-8410,-12479
64803,-43749,-21054
41852,-24564,-17288
10357,-1241,-9116
28722,-13954,-14768
66779,-45387,-21392
33214,-18727,-14487
9186,-330,-8856
39096,-22077,-17019
64634,-43852,-20782
25034,-12795,-12239
10852,-895,-9957
49495,-30698,-18797
58311,-38700,-19611
18937,-7746,-11191
14569,-3448,-11121
58075,-37987,-20088
50655,-32430,-18225
13909,-3922,-9987
20579,-8221,-12358
64506,-43527,-20979
42293,-24931,-17362
10683,-1509,-9174
28103,-13530,-14573
66746,-45391,-21355
33849,-19148,-14701
9339,-474,-8865
38152,-21309,-16843
64741,-43716,-21025
25839,-13274,-12565
10258,-490,-9768
48774,-30038,-18736
58905,-39253,-19652
19457,-8151,-11306
14280,-3254,-11026
57477,-37450,-20027
51249,-32909,-18340
14268,-4228,-10040
19985,-7779,-12206
64077,-43106,-20971
43089,-25438,-17651
10840,-1625,-9215
27225,-12857,-14368
66672,-45412,-21260
34938,-20088,-14850
9442,-639,-8803
36671,-20233,-16438
65117,-43489,-21628
26791,-13893,-12898
9974,-226,-9748
47635,-29031,-18604
60121,-40206,-19915
19742,-8497,-11245
13798,-2838,-10960
56974,-37075,-19899
51550,-33115,-18435
14478,-4380,-10098
19775,-7717,-12058
63908,-42986,-20922
43465,-25843,-17622
10902,-1683,-9219
27105,-12758,-14347
66693,-45309,-21384
34765,-19960,-14805
9405,-618,-8787
37207,-20711,-16496
65100,-43770,-21330
26428,-13699,-12729
10023,-350,-9673
47924,-29324,-18600
59614,-39777,-19837
19870,-8493,-11377
13843,-2990,-10853
56830,-36894,-19936
51818,-33350,-18468
14569,-4455,-10114
19474,-7383,-12091
63665,-42689,-20976
43799,-26152,-17647
11088,-1806,-9282
26437,-12251,-14186
66470,-45148,-21322
35219,-20299,-14920
9479,-655,-8824
36440,-19973,-16467
65224,-43572,-21652
26973,-13954,-13019
9751,-193,-9558
47470,-28932,-18538
60150,-40210,-19940
19866,-8526,-11340
13860,-2953,-10907
56727,-36885,-19842
51884,-33416,-18468
14561,-4430,-10131
19585,-7569,-12016
63657,-42796,-20861
43654,-25933,-17721
11005,-1728,-9277
26783,-12449,-14334
66457,-45197,-21260
35165,-20175,-14990
9405,-651,-8754
36646,-20171,-16475
65228,-43786,-21442
27080,-14115,-12965
9792,-259,-9533
47194,-28705,-18489
60336,-40420,-19916
20220,-8852,-11368
13439,-2681,-10758
56161,-36366,-19795
52399,-33787,-18612
14796,-4595,-10201
19230,-7264,-11966
63434,-42623,-20811
44063,-26226,-17837
11170,-1868,-9302
26416,-12177,-14239
66486,-45181,-21305
35565,-20530,-15035
9508,-858,-8650
36184,-19800,-16384
65294,-43667,-21627
27332,-14297,-13035
9792,-276,-9516
46542,-28165,-18377
60814,-40713,-20101
20336,-9004,-11332
13039,-2347,-10692
56343,-36460,-19883
52387,-33878,-18509
14693,-4545,-10148
19263,-7387,-11876
63624,-42730,-20894
44046,-26156,-17890
11075,-1914,-9161
26383,-12135,-14248
66396,-44999,-21397
35598,-20579,-15019
9421,-713,-8708
36081,-19688,-16393
65232,-43481,-21751
27159,-14161,-12998
9735,-218,-9517
47095,-28701,-18394
60418,-40420,-19998
20084,-8802,-11282
13538,-2644,-10894
56376,-36564,-19812
52168,-33676,-18492
14705,-4521,-10184
19325,-7359,-11966
63549,-42706,-20843
43960,-26177,-17783
11083,-1852,-9231
26449,-12243,-14206
66309,-44970,-21339
35388,-20336,-15052
9532,-647,-8885
36234,-19882,-16352
65278,-43663,-21615
27117,-14152,-12965
9780,-276,-9504
47124,-28590,-18534
60373,-40297,-20076
20130,-8761,-11369
13587,-2743,-10844
56343,-36605,-19738
52222,-33618,-18604
14792,-4566,-10226
19391,-7404,-11987
63421,-42598,-20823
43997,-26169,-17828
11232,-1914,-9318
26486,-12222,-14264
66453,-45123,-21330
35718,-20662,-15056
9537,-767,-8770
35701,-19445,-16256
65476,-43708,-21768
27720,-14565,-13155
9776,-231,-9545
46121,-27777,-18344
61083,-40957,-20126
20455,-9099,-11356
12894,-2186,-10708
56025,-36229,-19796
52857,-34270,-18587
15039,-4789,-10250
18772,-6921,-11851
63228,-42396,-20832
44620,-26639,-17981
11372,-1992,-9380
25752,-11739,-14013
66387,-44999,-21388
36225,-21148,-15077
9640,-944,-8696
35326,-19164,-16162
65496,-44005,-21491
28083,-14833,-13250
9763,-226,-9537
45667,-27579,-18088
61314,-41052,-20262
20691,-9318,-11373
12812,-2149,-10663
55695,-35846,-19849
53187,-34476,-18711
15279,-4912,-10367
18579,-6855,-11724
62972,-42174,-20798
44785,-26721,-18064
11438,-2091,-9347
25690,-11682,-14008
66305,-44970,-21335
36093,-21004,-15089
9574,-866,-8708
35281,-19082,-16199
65525,-43881,-21644
27963,-14808,-13155
9755,-255,-9500
45738,-27550,-18188
61404,-41196,-20208
20682,-9372,-11310
12692,-2091,-10601
55617,-35821,-19796
53468,-34695,-18773
15192,-4871,-10321
18508,-6785,-11723
63157,-42310,-20847
44855,-26697,-18158
11401,-2120,-9281
25711,-11669,-14042
66367,-45012,-21355
36407,-21206,-15201
9578,-940,-8638
35235,-19061,-16174
65484,-43819,-21665
27934,-14854,-13080
9706,-222,-9484
45684,-27447,-18237
61380,-41151,-20229
20587,-9293,-11294
12614,-1967,-10647
55926,-36052,-19874
53299,-34534,-18765
14949,-4723,-10226
18954,-7222,-11732
63302,-42454,-20848
44533,-26738,-17795
11360,-2004,-9356
25880,-11735,-14145
66400,-45024,-21376
36036,-20926,-15110
9413,-812,-8601
35706,-19437,-16269
65414,-43687,-21727
27447,-14470,-12977
9702,-210,-9492
46596,-28177,-18419
60720,-40643,-20077
20435,-9021,-11414
13179,-2425,-10754
55902,-36159,-19743
52655,-34014,-18641
15048,-4780,-10268
18884,-7041,-11843
63096,-42347,-20749
44550,-26519,-18031
11306,-2029,-9277
25896,-11842,-14054
66371,-45020,-21351
36069,-20876,-15193
9512,-845,-8667
35607,-19292,-16315
65463,-43819,-21644
27810,-14668,-13142
9776,-272,-9504
45911,-27616,-18295
61239,-41056,-20183
20633,-9260,-11373
12762,-2099,-10663
55848,-35974,-19874
53220,-34427,-18793
14998,-4793,-10205
18929,-7247,-11682
63129,-42277,-20852
44566,-26989,-17577
11298,-2017,-9281
25839,-11727,-14112
66288,-44880,-21408
36114,-20988,-15126
9590,-771,-8819
35293,-19094,-16199
65488,-43712,-21776
27794,-14635,-13159
9829,-284,-9545
45841,-27600,-18241
61157,-40965,-20192
20703,-9268,-11435
12936,-2239,-10697
55753,-36011,-19742
52915,-34307,-18608
15180,-4879,-10301
18579,-6736,-11843
63050,-42215,-20835
44818,-26775,-18043
11455,-2091,-9364
25723,-11715,-14008
66433,-45078,-21355
36407,-21181,-15226
9664,-907,-8757
35091,-19020,-16071
65587,-43778,-21809
27909,-14755,-13154
9631,-173,-9458
45713,-27472,-18241
61136,-41006,-20130
20752,-9326,-11426
12659,-2029,-10630
55534,-35776,-19758
53422,-34567,-18855
15155,-4912,-10243
18632,-6958,-11674
62910,-42169,-20741
44888,-27076,-17812
11508,-2120,-9388
25537,-11504,-14033
66412,-45086,-21326
36526,-21223,-15303
9603,-820,-8783
35004,-18917,-16087
65595,-43951,-21644
28062,-14850,-13212
9751,-189,-9562
45523,-27357,-18166
61248,-41163,-20085
20938,-9504,-11434
12478,-1909,-10569
55539,-35697,-19842
53678,-34893,-18785
15345,-5069,-10276
18471,-6814,-11657
62563,-41802,-20761
45214,-27526,-17688
11719,-2239,-9480
24993,-11195,-13798
66193,-44743,-21450
37001,-21643,-15358
9697,-985,-8712
34336,-18368,-15968
65723,-44125,-21598
28780,-15386,-13394
9582,-160,-9422
44715,-26659,-18056
61875,-41666,-20209
21404,-9883,-11521
12251,-1736,-10515
54796,-35120,-19676
54495,-35532,-18963
15625,-5214,-10411
17873,-6113,-11760
62448,-41749,-20699
45816,-27654,-18162
11797,-2380,-9417
24634,-10873,-13761
66185,-44809,-21376
37327,-21907,-15420
9796,-1043,-8753
33973,-18100,-15873
65802,-44199,-21603
29151,-15646,-13505
9516,-107,-9409
44409,-26387,-18022
61945,-41633,-20312
21755,-10065,-11690
12069,-1645,-10424
54388,-34773,-19615
54829,-35833,-18996
15815,-5387,-10428
17411,-5610,-11801
62357,-41588,-20769
46142,-27918,-18224
11797,-2442,-9355
24329,-10588,-13741
66020,-44607,-21413
37496,-22039,-15457
9813,-1138,-8675
33837,-17976,-15861
65868,-44170,-21698
29151,-15728,-13423
9442,-94,-9348
44368,-26358,-18010
61936,-41658,-20278
21813,-10168,-11645
12078,-1637,-10441
54462,-34827,-19635
54928,-35957,-18971
15897,-5424,-10473
17226,-5383,-11843
62238,-41580,-20658
46257,-28025,-18232
11706,-2355,-9351
24118,-10349,-13769
66074,-44616,-21458
37653,-22134,-15519
9792,-1134,-8658
33639,-17787,-15852
65921,-44265,-21656
29473,-15885,-13588
9355,-12,-9343
44112,-26090,-18022
62196,-41893,-20303
21813,-10267,-11546
12040,-1654,-10386
54256,-34670,-19586
54936,-35899,-19037
15827,-5453,-10374
17395,-5577,-11818
62419,-41670,-20749
46030,-27885,-18145
11611,-2215,-9396
24321,-10621,-13700
66132,-44690,-21442
37265,-21817,-15448
9656,-948,-8708
34105,-18191,-15914
65789,-43890,-21899
28743,-15411,-13332
9574,-165,-9409
44715,-26593,-18122
61916,-41625,-20291
21330,-9867,-11463
12181,-1744,-10437
55039,-35305,-19734
54297,-35388,-18909
15419,-5148,-10271
17935,-6154,-11781
62980,-42120,-20860
45288,-26779,-18509
11566,-2194,-9372
25298,-11393,-13905
66268,-44941,-21327
36630,-21342,-15288
9508,-932,-8576
34872,-18793,-16079
65612,-43840,-21772
28161,-14998,-13163
9574,-156,-9418
45606,-27373,-18233
61359,-41241,-20118
20835,-9417,-11418
12531,-2041,-10490
55526,-35759,-19767
53480,-34703,-18777
15200,-4950,-10250
18529,-6921,-11608
62959,-42198,-20761
44995,-26965,-18030
11372,-2050,-9322
25385,-11475,-13910
66317,-44847,-21470
36337,-21148,-15189
9528,-750,-8778
34938,-18855,-16083
65558,-43659,-21899
27992,-14899,-13093
9594,-210,-9384
45705,-27509,-18196
61252,-41060,-20192
20740,-9326,-11414
12700,-2070,-10630
55506,-35660,-19846
53439,-34666,-18773
15336,-5003,-10333
18434,-6765,-11669
62811,-41984,-20827
45152,-27138,-18014
11529,-2124,-9405
25162,-11248,-13914
66400,-44962,-21438
36658,-21342,-15316
9619,-915,-8704
34777,-18739,-16038
65752,-43902,-21850
28342,-15101,-13241
9417,-16,-9401
45614,-27348,-18266
61330,-41126,-20204
21016,-9491,-11525
12564,-2021,-10543
55468,-35706,-19762
53270,-34551,-18719
15283,-5020,-10263
18471,-6785,-11686
62947,-42095,-20852
44900,-26767,-18133
11368,-2062,-9306
25554,-11496,-14058
66449,-45003,-21446
36390,-21190,-15200
9458,-804,-8654
35041,-18904,-16137
65628,-43630,-21998
27930,-14771,-13159
9549,-111,-9438
46158,-27868,-18290
61136,-40998,-20138
20352,-9091,-11261
12861,-2153,-10708
56248,-36328,-19920
52552,-34035,-18517
14821,-4653,-10168
19016,-7276,-11740
63549,-42693,-20856
44199,-26169,-18030
11166,-1918,-9248
26379,-12201,-14178
66528,-45106,-21422
35619,-20546,-15073
9429,-730,-8699
36242,-19903,-16339
65286,-43527,-21759
27344,-14322,-13022
9776,-231,-9545
46843,-28446,-18397
60522,-40548,-19974
20216,-8815,-11401
13233,-2487,-10746
56318,-36547,-19771
52003,-33457,-18546
14746,-4582,-10164
19148,-7103,-12045
63479,-42615,-20864
44277,-26428,-17849
11116,-1843,-9273
26152,-12049,-14103
66523,-45131,-21392
35701,-20629,-15072
9438,-792,-8646
35961,-19676,-16285
65397,-43560,-21837
27291,-14317,-12974
9801,-247,-9554
46773,-28367,-18406
60637,-40651,-19986
20352,-8959,-11393
13204,-2532,-10672
56244,-36415,-19829
52234,-33660,-18574
14891,-4706,-10185
19024,-7128,-11896
63273,-42400,-20873
44426,-26705,-17721
11236,-1897,-9339
25773,-11715,-14058
66503,-45073,-21430
35891,-20851,-15040
9541,-820,-8721
35772,-19515,-16257
65422,-43700,-21722
27575,-14441,-13134
9747,-292,-9455
46134,-27831,-18303
61004,-40858,-20146
20620,-9223,-11397
12721,-2140,-10581
55831,-36019,-19812
53018,-34278,-18740
15048,-4842,-10206
18822,-7086,-11736
63240,-42330,-20910
44739,-26808,-17931
11352,-2128,-9224
25657,-11640,-14017
66367,-44941,-21426
36374,-21074,-15300
9574,-919,-8655
35272,-19032,-16240
65500,-43588,-21912
27889,-14779,-13110
9718,-206,-9512
45841,-27616,-18225
61322,-41113,-20209
20505,-9256,-11249
12684,-2095,-10589
55968,-36122,-19846
53183,-34443,-18740
14874,-4702,-10172
19028,-7293,-11735
63434,-42578,-20856
44430,-26449,-17981
11232,-1971,-9261
26012,-11847,-14165
66528,-45131,-21397
35895,-20790,-15105
9466,-759,-8707
35734,-19490,-16244
65463,-43667,-21796
27464,-14433,-13031
9702,-181,-9521
46554,-28202,-18352
60773,-40722,-20051
20171,-8922,-11249
13068,-2289,-10779
56364,-36465,-19899
52416,-33808,-18608
14767,-4607,-10160
19078,-7173,-11905
63520,-42611,-20909
44294,-26189,-18105
11137,-1914,-9223
26309,-12210,-14099
66573,-45201,-21372
35652,-20587,-15065
9388,-783,-8605
36036,-19696,-16340
65410,-43675,-21735
27258,-14218,-13040
9582,-82,-9500
46979,-28528,-18451
60645,-40569,-20076
19948,-8703,-11245
13414,-2615,-10799
56681,-36737,-19944
51999,-33433,-18566
14602,-4483,-10119
19449,-7581,-11868
63727,-42871,-20856
43799,-26111,-17688
10964,-1798,-9166
26593,-12346,-14247
66754,-45354,-21400
35178,-20191,-14987
9289,-651,-8638
37005,-20493,-16512
65220,-43539,-21681
26420,-13608,-12812
9714,-189,-9525
48312,-29543,-18769
59763,-39884,-19879
19540,-8266,-11274
14033,-3126,-10907
57527,-37450,-20077
51228,-32872,-18356
14144,-4141,-10003
20072,-7825,-12247
64350,-43275,-21075
42928,-25158,-17770
10704,-1534,-9170
27699,-13233,-14466
66750,-45350,-21400
34377,-19655,-14722
9355,-556,-8799
37356,-20761,-16595
65187,-43535,-21652
26206,-13525,-12681
10007,-367,-9640
48369,-29700,-18669
59511,-39628,-19883
19366,-8237,-11129
14293,-3225,-11068
57494,-37516,-19978
51133,-32773,-18360
14058,-4042,-10016
20295,-8101,-12194
64358,-43407,-20951
42669,-25319,-17350
10650,-1497,-9153
27629,-13171,-14458
66866,-45420,-21446
34175,-19449,-14726
9235,-577,-8658
38069,-21334,-16735
64857,-43452,-21405
25575,-13030,-12545
10267,-470,-9797
49236,-30467,-18769
58620,-38993,-19627
19065,-7878,-11187
14416,-3403,-11013
58236,-38049,-20187
50514,-32269,-18245
13806,-3906,-9900
20550,-8151,-12399
64708,-43700,-21008
42285,-24894,-17391
10506,-1390,-9116
28161,-13550,-14611
66808,-45412,-21396
33812,-19177,-14635
9198,-585,-8613
38300,-21499,-16801
64840,-43593,-21247
25471,-13010,-12461
10440,-639,-9801
49293,-30417,-18876
58690,-39034,-19656
19078,-7882,-11196
14577,-3522,-11055
58018,-37958,-20060
50778,-32463,-18315
13843,-3844,-9999
20521,-8291,-12230
64630,-43588,-21042
42306,-24861,-17445
10440,-1340,-9100
28165,-13501,-14664
66870,-45432,-21438
33655,-19065,-14590
9153,-457,-8696
38589,-21763,-16826
64750,-43584,-21166
25298,-12886,-12412
10423,-610,-9813
49479,-30566,-18913
58430,-38911,-19519
18999,-7833,-11166
14557,-3399,-11158
58224,-38152,-20072
50382,-32195,-18187
13789,-3861,-9928
20658,-8237,-12421
64552,-43456,-21096
42438,-25084,-17354
10663,-1497,-9166
28045,-13501,-14544
66767,-45403,-21364
61594,-41287,-20307
20959,-9590,-11369
37842,-21140,-16702
64964,-43576,-21388
53637,-34810,-18827
10168,-437,-9731
18393,-6777,-11616
58966,-39220,-19746
19255,-8031,-11224
11578,-2219,-9359
57651,-37611,-20040
66206,-44855,-21351
14066,-4100,-9966
9561,-919,-8642
64453,-43403,-21050
42677,-25240,-17437
10605,-1394,-9211
9462,-90,-9372
45573,-27385,-18188
61421,-41241,-20180
9285,-511,-8774
12350,-1839,-10511
55860,-36003,-19857
53493,-34687,-18806
10147,-420,-9727
49429,-30595,-18834
63186,-42355,-20831
18867,-7767,-11100
14515,-3382,-11133
25702,-11710,-13992
66367,-44979,-21388
13645,-3807,-9838
20823,-8435,-12388
35503,-19300,-16203
65542,-43741,-21801
10568,-1386,-9182
9739,-251,-9488
66891,-45370,-21521
33812,-19123,-14689
9136,-301,-8835
38535,-21722,-16813
64861,-43960,-20901
25533,-13096,-12437
15188,-4879,-10309
18471,-6773,-11698
62951,-42145,-20806
19210,-7969,-11241
14412,-3341,-11071
25348,-11405,-13943
50787,-32447,-18340
13983,-4063,-9920
20427,-8105,-12322
64556,-43597,-20959
42479,-24989,-17490
28087,-14957,-13130
28029,-13451,-14578
45750,-27464,-18286
61400,-41159,-20241
9161,-424,-8737
12585,-1975,-10610
55728,-35920,-19808
53394,-34662,-18732
10291,-528,-9763
49310,-30454,-18856
58649,-39080,-19569
19057,-7936,-11121
14495,-3390,-11105
25542,-11570,-13972
66379,-44904,-21475
13855,-3955,-9900
9541,-903,-8638
35128,-18987,-16141
65665,-43708,-21957
27823,-14713,-13110
28239,-13633,-14606
66858,-45337,-21521
33565,-18991,-14574
9108,-408,-8700
12577,-2070,-10507
64849,-43568,-21281
25183,-12841,-12342
14821,-4694,-10127
19045,-7338,-11707
63211,-42339,-20872
44397,-26725,-17672
11269,-1975,-9294
25876,-11805,-14071
66449,-45003,-21446
36015,-20851,-15164
9367,-841,-8526
35751,-19449,-16302
65418,-43572,-21846
27377,-14326,-13051
9656,-210,-9446
46827,-28355,-18472
60695,-40631,-20064
20064,-8802,-11262
13171,-2417,-10754
56512,-36625,-19887
52366,-33787,-18579
14623,-4459,-10164
19358,-7503,-11855
63615,-42685,-20930
43881,-26284,-17597
11079,-1786,-9293
26214,-12020,-14194
66375,-44970,-21405
35611,-20488,-15123
9413,-680,-8733
36064,-19783,-16281
65467,-43700,-21767
27167,-14227,-12940
9697,-177,-9520
46987,-28495,-18492
60748,-40664,-20084
19998,-8773,-11225
13282,-2462,-10820
56595,-36675,-19920
52065,-33610,-18455
14664,-4587,-10077
19309,-7420,-11889
63562,-42611,-20951
44030,-26358,-17672
11100,-1893,-9207
26321,-12177,-14144
66676,-45284,-21392
35516,-20493,-15023
9388,-816,-8572
36427,-20055,-16372
65451,-43848,-21603
26952,-14074,-12878
9821,-288,-9533
47111,-28685,-18426
60480,-40437,-20043
20076,-8765,-11311
13167,-2479,-10688
56520,-36564,-19956
52185,-33610,-18575
14722,-4578,-10144
19267,-7441,-11826
63500,-42582,-20918
44125,-26350,-17775
11133,-1901,-9232
26313,-12164,-14149
66631,-45267,-21364
35706,-20649,-15057
9475,-775,-8700
36151,-19791,-16360
65257,-43547,-21710
27183,-14198,-12985
9776,-235,-9541
47062,-28652,-18410
60489,-40470,-20019
20039,-8753,-11286
13439,-2648,-10791
56566,-36700,-19866
52086,-33528,-18558
14672,-4549,-10123
19317,-7350,-11967
63562,-42660,-20902
44063,-26292,-17771
11133,-1876,-9257
26218,-12139,-14079
66519,-45115,-21404
35574,-20559,-15015
9400,-742,-8658
36052,-19754,-16298
65426,-43720,-21706
27113,-14132,-12981
9565,-136,-9429
47119,-28532,-18587
60691,-40561,-20130
19816,-8604,-11212
13360,-2648,-10712
56768,-36807,-19961
51826,-33272,-18554
14586,-4438,-10148
19523,-7577,-11946
63834,-42966,-20868
43568,-25744,-17824
10840,-1625,-9215
26845,-12610,-14235
66754,-45317,-21437
34889,-20026,-14863
9277,-647,-8630
37050,-20439,-16611
65166,-43465,-21701
26507,-13653,-12854
9809,-243,-9566
48052,-29353,-18699
59804,-39925,-19879
19701,-8410,-11291
14053,-3147,-10906
57180,-37199,-19981
51488,-33094,-18394
14194,-4145,-10049
19969,-8043,-11926
64098,-43060,-21038
43213,-25690,-17523
10799,-1629,-9170
26928,-12639,-14289
66816,-45292,-21524
34744,-19927,-14817
9339,-680,-8659
37199,-20567,-16632
65146,-43547,-21599
26404,-13645,-12759
9805,-210,-9595
48175,-29502,-18673
59800,-39884,-19916
19519,-8258,-11261
14198,-3229,-10969
57370,-37351,-20019
51430,-33028,-18402
14284,-4285,-9999
19948,-7812,-12136
64073,-43135,-20938
43135,-25591,-17544
10692,-1530,-9162
27307,-12903,-14404
66573,-45148,-21425
34452,-19684,-14768
9273,-470,-8803
37331,-20732,-16599
65071,-43630,-21441
26305,-13542,-12763
9957,-313,-9644
48328,-29617,-18711
59565,-39715,-19850
19428,-8200,-11228
14293,-3300,-10993
57432,-37442,-19990
51244,-32872,-18372
14041,-4145,-9896
20241,-8085,-12156
64205,-43209,-20996
42813,-25517,-17296
10646,-1398,-9248
27427,-12956,-14471
66779,-45276,-21503
33985,-19313,-14672
9244,-404,-8840
38115,-21392,-16723
64944,-43617,-21327
25529,-13084,-12445
10275,-482,-9793
49351,-30446,-18905
58702,-39067,-19635
18995,-7878,-11117
14668,-3572,-11096
58150,-38044,-20106
50655,-32323,-18332
13765,-3873,-9892
20691,-8377,-12314
64799,-43762,-21037
42037,-24626,-17411
10390,-1262,-9128
28557,-13822,-14735
66804,-45395,-21409
33148,-18665,-14483
9033,-354,-8679
39307,-22353,-16954
64585,-43597,-20988
24717,-12535,-12182
10654,-787,-9867
50300,-31193,-19107
57960,-38436,-19524
18319,-7354,-10965
15035,-3803,-11232
59169,-38828,-20341
49776,-31721,-18055
13426,-3601,-9825
21021,-8485,-12536
65166,-44022,-21144
41435,-24172,-17263
10168,-1138,-9030
29254,-14396,-14858
66688,-45243,-21445
32740,-18372,-14368
9120,-206,-8914
39967,-22831,-17136
64230,-43465,-20765
24572,-12354,-12218
10844,-911,-9933
50411,-31465,-18946
57783,-38251,-19532
18187,-7255,-10932
15015,-3782,-11233
59268,-38989,-20279
49553,-31490,-18063
13059,-3345,-9714
21648,-9194,-12454
65344,-44170,-21174
40961,-24003,-16958
10098,-1126,-8972
29761,-14804,-14957
66738,-44966,-21772
32212,-18009,-14203
9070,8,-9078
40528,-23157,-17371
63908,-43254,-20654
24428,-12255,-12173
10774,-858,-9916
50613,-31531,-19082
57766,-38238,-19528
18137,-7214,-10923
15246,-3914,-11332
59309,-39121,-20188
49417,-31370,-18047
13059,-3279,-9780
21813,-9297,-12516
65443,-44314,-21129
40771,-23970,-16801
10060,-1027,-9033
29733,-14784,-14949
66746,-44991,-21755
32179,-18034,-14145
9108,-90,-9018
40639,-23364,-17275
63921,-43213,-20708
24147,-12036,-12111
10997,-973,-10024
50869,-31787,-19082
57428,-37978,-19450
18059,-7119,-10940
15167,-3848,-11319
59433,-39166,-20267
49293,-31271,-18022
13088,-3341,-9747
21788,-9227,-12561
65269,-44104,-21165
40911,-24329,-16582
10122,-1216,-8906
29753,-14726,-15027
66573,-44834,-21739
32418,-18211,-14207
9240,-103,-9137
39971,-22869,-17102
64185,-43452,-20733
24506,-12375,-12131
10832,-911,-9921
50589,-31585,-19004
57630,-38205,-19425
18174,-7189,-10985
15097,-3840,-11257
59367,-39113,-20254
49541,-31486,-18055
13109,-3390,-9719
21676,-9178,-12498
65368,-44253,-21115
40849,-23760,-17089
10056,-957,-9099
29881,-14932,-14949
66742,-44974,-21768
32034,-17811,-14223
9095,-82,-9013
40750,-23463,-17287
64065,-43403,-20662
23982,-11970,-12012
11137,-1155,-9982
51170,-32034,-19136
57312,-37950,-19362
17848,-7029,-10819
15460,-4042,-11418
59635,-39331,-20304
49104,-31135,-17969
12956,-3295,-9661
21693,-8984,-12709
65418,-44302,-21116
40808,-23962,-16846
10069,-1076,-8993
29832,-14821,-15011
66647,-44987,-21660
32047,-17968,-14079
9083,-33,-9050
40680,-23359,-17321
63834,-43230,-20604
24077,-11995,-12082
10927,-981,-9946
51195,-32071,-19124
57213,-37813,-19400
17758,-6921,-10837
15406,-4092,-11314
59804,-39459,-20345
49066,-31143,-17923
12870,-3159,-9711
22064,-9429,-12635
65690,-44463,-21227
40284,-23760,-16524
10007,-1159,-8848
30401,-15320,-15081
66660,-44834,-21826
31642,-17613,-14029
9116,-20,-9096
41118,-23669,-17449
63652,-43098,-20554
23937,-11859,-12078
11013,-1014,-9999
51632,-32356,-19276
57073,-37714,-19359
17547,-6703,-10844
15588,-4174,-11414
60216,-39855,-20361
48592,-30685,-17907
12630,-3044,-9586
22209,-9396,-12813
65888,-44616,-21272
40123,-23392,-16731
9924,-1101,-8823
30855,-15691,-15164
66449,-44327,-22122
31304,-17399,-13905
9186,-37,-9149
41390,-23925,-17465
63525,-42978,-20547
23632,-11624,-12008
11083,-1105,-9978
51583,-32335,-19248
57164,-37818,-19346
17457,-6699,-10758
15774,-4310,-11464
60336,-39938,-20398
48497,-30677,-17820
12655,-2916,-9739
22419,-9739,-12680
65983,-44731,-21252
39905,-23306,-16599
9813,-1109,-8704
31213,-15901,-15312
66420,-44182,-22238
30892,-17102,-13790
9240,-41,-9199
42042,-24519,-17523
63170,-42570,-20600
23368,-11401,-11967
11203,-1072,-10131
52020,-32736,-19284
56702,-37360,-19342
17411,-6562,-10849
15827,-4356,-11471
60439,-39963,-20476
48444,-30619,-17825
12535,-2994,-9541
22456,-9549,-12907
65736,-44570,-21166
40012,-23487,-16525
9871,-1101,-8770
30991,-15757,-15234
66292,-44034,-22258
31176,-17246,-13930
9314,-156,-9158
41311,-23854,-17457
63747,-43164,-20583
23508,-11624,-11884
11277,-1212,-10065
51785,-32579,-19206
56772,-37479,-19293
17312,-6558,-10754
15703,-4211,-11492
60340,-39901,-20439
48435,-30504,-17931
12474,-2850,-9624
22621,-9813,-12808
65929,-44690,-21239
39847,-23397,-16450
9933,-1249,-8684
31292,-15963,-15329
66239,-44174,-22065
31106,-17184,-13922
9359,-86,-9273
41749,-24259,-17490
63413,-42858,-20555
23380,-11533,-11847
11306,-1221,-10085
52008,-32777,-19231
56648,-37331,-19317
17320,-6542,-10778
15802,-4380,-11422
60493,-39991,-20502
48279,-30492,-17787
12436,-2858,-9578
22625,-9685,-12940
65764,-44562,-21202
39942,-23372,-16570
9842,-1080,-8762
31086,-15765,-15321
66330,-44125,-22205
31143,-17341,-13802
9301,-144,-9157
41489,-24003,-17486
63504,-42883,-20621
23615,-11599,-12016
11059,-1039,-10020
51793,-32558,-19235
56871,-37446,-19425
17366,-6616,-10750
15736,-4310,-11426
60398,-39868,-20530
48411,-30545,-17866
12531,-2932,-9599
22539,-9677,-12862
65868,-44644,-21224
39917,-23355,-16562
9920,-1093,-8827
31057,-15815,-15242
66429,-44352,-22077
31312,-17415,-13897
9347,-82,-9265
41361,-23900,-17461
63508,-42920,-20588
23809,-11727,-12082
11108,-1134,-9974
51244,-32117,-19127
57316,-37826,-19490
17700,-6868,-10832
15654,-4290,-11364
60022,-39624,-20398
48757,-30867,-17890
12799,-3077,-9722
22163,-9363,-12800
65727,-44496,-21231
40326,-23722,-16604
9953,-1122,-8831
30368,-15266,-15102
66589,-44611,-21978
31680,-17593,-14087
9165,-24,-9141
41076,-23533,-17543
63739,-43093,-20646
23974,-11904,-12070
11059,-1018,-10041
51112,-32022,-19090
57420,-37929,-19491
17947,-7082,-10865
15316,-3976,-11340
59602,-39253,-20349
49248,-31222,-18026
13018,-3254,-9764
21759,-9087,-12672
65451,-44286,-21165
40796,-23826,-16970
10003,-1006,-8997
29811,-14817,-14994
66878,-45276,-21602
32055,-17824,-14231
8996,-86,-8910
40870,-23549,-17321
63921,-43217,-20704
23941,-11913,-12028
10910,-957,-9953
51249,-32043,-19206
57246,-37813,-19433
17791,-6963,-10828
15423,-4071,-11352
59878,-39480,-20398
48906,-31044,-17862
12919,-3155,-9764
21887,-9083,-12804
65616,-44347,-21269
40528,-23640,-16888
9949,-1006,-8943
30426,-15316,-15110
66499,-44405,-22094
31560,-17568,-13992
9281,-28,-9253
41171,-23788,-17383
63516,-42858,-20658
23999,-11818,-12181
10972,-940,-10032
51401,-32203,-19198
57234,-37830,-19404
17729,-6892,-10837
15501,-4162,-11339
59989,-39529,-20460
48873,-30970,-17903
12799,-3126,-9673
21953,-9149,-12804
65591,-44352,-21239
40495,-23826,-16669
10019,-1183,-8836
30302,-15155,-15147
66433,-44541,-21892
32010,-17836,-14174
9211,-37,-9174
40767,-23405,-17362
63780,-43192,-20588
24168,-12073,-12095
10960,-1010,-9950
50873,-31746,-19127
57391,-37925,-19466
18075,-7177,-10898
15246,-4005,-11241
59453,-39125,-20328
49405,-31387,-18018
13026,-3341,-9685
21672,-9087,-12585
65414,-44228,-21186
40821,-23999,-16822
9994,-1027,-8967
29803,-14784,-15019
66742,-44983,-21759
32051,-17828,-14223
9033,20,-9053
40750,-23430,-17320
63842,-43254,-20588
24230,-12078,-12152
10980,-1056,-9924
50778,-31597,-19181
57622,-38139,-19483
18125,-7202,-10923
15274,-3972,-11302
59284,-39043,-20241
49500,-31424,-18076
13216,-3382,-9834
21544,-9037,-12507
65265,-44108,-21157
41200,-24193,-17007
10139,-1076,-9063
29403,-14581,-14822
66924,-45214,-21710
32364,-18187,-14177
9095,-259,-8836
40123,-22943,-17180
64366,-43621,-20745
24180,-12251,-11929
11038,-1056,-9982
50741,-31770,-18971
57597,-38082,-19515
17985,-7090,-10895
15328,-4046,-11282
59569,-39162,-20407
49351,-31350,-18001
13006,-3353,-9653
21582,-8988,-12594
65480,-44228,-21252
40907,-23842,-17065
9961,-1051,-8910
29807,-14866,-14941
66655,-44946,-21709
32047,-17910,-14137
9066,-20,-9046
40854,-23454,-17400
63912,-43209,-20703
24019,-11950,-12069
10943,-1002,-9941
51046,-31939,-19107
57378,-37896,-19482
17943,-7090,-10853
15204,-3955,-11249
59606,-39204,-20402
49203,-31185,-18018
12841,-3192,-9649
21953,-9396,-12557
65727,-44517,-21210
40536,-23570,-16966
9937,-928,-9009
30042,-15048,-14994
66825,-44805,-22020
31486,-17432,-14054
9058,20,-9078
41530,-24028,-17502
63731,-43069,-20662
23582,-11636,-11946
11088,-1072,-10016
51744,-32476,-19268
56846,-37537,-19309
17502,-6699,-10803
15778,-4335,-11443
60451,-39987,-20464
48369,-30558,-17811
12531,-2916,-9615
22534,-9669,-12865
65892,-44719,-21173
39806,-23289,-16517
9792,-1150,-8642
31193,-15955,-15238
66437,-44116,-22321
31061,-17296,-13765
9326,-82,-9244
41600,-24123,-17477
63459,-42834,-20625
23702,-11665,-12037
11079,-1105,-9974
51702,-32459,-19243
57003,-37624,-19379
17514,-6732,-10782
15736,-4306,-11430
60278,-39868,-20410
48617,-30690,-17927
12606,-2941,-9665
22407,-9598,-12809
65814,-44529,-21285
40029,-23661,-16368
9990,-1167,-8823
30640,-15510,-15130
66420,-44352,-22068
31560,-17556,-14004
9322,-132,-9190
40821,-23524,-17297
63970,-43205,-20765
23933,-11950,-11983
11145,-1084,-10061
50980,-31952,-19028
57444,-37966,-19478
17906,-7012,-10894
15274,-3964,-11310
59527,-39171,-20356
49467,-31337,-18130
13088,-3328,-9760
21726,-9165,-12561
65443,-44240,-21203
40874,-23941,-16933
9999,-1056,-8943
29724,-14825,-14899
66882,-45024,-21858
32092,-17972,-14120
8918,20,-8938
40907,-23496,-17411
63937,-43242,-20695
24098,-12003,-12095
11038,-1084,-9954
51059,-31972,-19087
57395,-37896,-19499
17956,-7074,-10882
15349,-4026,-11323
59754,-39393,-20361
49174,-31230,-17944
12927,-3246,-9681
21784,-9169,-12615
65533,-44385,-21148
40722,-23908,-16814
10073,-1142,-8931
29906,-14953,-14953
66577,-44607,-21970
32043,-17840,-14203
9169,-61,-9108
40503,-23260,-17243
64189,-43428,-20761
24366,-12292,-12074
10890,-1018,-9872
50510,-31515,-18995
57766,-38209,-19557
18125,-7198,-10927
15192,-3951,-11241
59387,-39039,-20348
49479,-31469,-18010
13117,-3324,-9793
21590,-9066,-12524
65566,-44372,-21194
40804,-23520,-17284
10027,-1035,-8992
29951,-14944,-15007
66816,-45115,-21701
31923,-17803,-14120
9083,-144,-8939
40643,-23335,-17308
64119,-43444,-20675
23896,-11979,-11917
11112,-1064,-10048
51108,-31960,-19148
57461,-37921,-19540
17881,-7053,-10828
15262,-3993,-11269
59816,-39364,-20452
49215,-31168,-18047
12808,-3130,-9678
21916,-9392,-12524
65839,-44537,-21302
40552,-23619,-16933
9846,-994,-8852
30120,-15118,-15002
66936,-44884,-22052
31490,-17523,-13967
8984,66,-9050
41868,-24222,-17646
63648,-43019,-20629
23359,-11550,-11809
11166,-1134,-10032
52016,-32793,-19223
56755,-37413,-19342
17296,-6587,-10709
15757,-4302,-11455
60691,-40132,-20559
48295,-30413,-17882
12391,-2842,-9549
22567,-9772,-12795
66169,-44842,-21327
39740,-22939,-16801
9615,-837,-8778
31127,-15901,-15226
66635,-44298,-22337
30694,-16887,-13807
9103,20,-9123
42277,-24634,-17643
63355,-42714,-20641
22951,-11211,-11740
11277,-1204,-10073
52771,-33305,-19466
56331,-37108,-19223
16830,-6253,-10577
16211,-4698,-11513
61281,-40656,-20625
47631,-29935,-17696
11991,-2487,-9504
23182,-10188,-12994
66470,-45032,-21438
38878,-22778,-16100
9615,-1249,-8366
32447,-16900,-15547
66280,-43811,-22469
29931,-16380,-13551
9285,-49,-9236
43172,-25397,-17775
62926,-42334,-20592
22246,-10667,-11579
11624,-1427,-10197
53571,-33981,-19590
55757,-36588,-19169
16281,-5828,-10453
16636,-4962,-11674
61941,-41200,-20741
46909,-28998,-17911
11760,-2384,-9376
23669,-10419,-13250
66292,-44842,-21450
38238,-22559,-15679
9603,-1208,-8395
33272,-17502,-15770
65983,-43766,-22217
29510,-16038,-13472
9289,-28,-9261
43931,-25950,-17981
62510,-42116,-20394
21804,-10316,-11488
11888,-1522,-10366
54190,-34542,-19648
55270,-36209,-19061
15819,-5478,-10341
17052,-5346,-11706
62477,-41761,-20716
46187,-28025,-18162
11488,-2223,-9265
24180,-10630,-13550
66552,-44954,-21598
37219,-21866,-15353
9442,-1134,-8308
34320,-18265,-16055
66012,-43918,-22094
28635,-15365,-13270
9252,45,-9297
45280,-27076,-18204
61842,-41472,-20370
20884,-9520,-11364
12106,-1650,-10456
55737,-35751,-19986
54111,-35173,-18938
14998,-4801,-10197
18244,-6451,-11793
63603,-42603,-21000
44937,-26416,-18521
11248,-2066,-9182
25513,-11570,-13943
66552,-45024,-21528
36151,-20963,-15188
9351,-845,-8506
35417,-19197,-16220
65632,-43588,-22044
27616,-14577,-13039
9528,-99,-9429
46365,-28021,-18344
61223,-40965,-20258
20113,-8938,-11175
12865,-2285,-10580
56681,-36646,-20035
52672,-34027,-18645
14610,-4500,-10110
19156,-7519,-11637
63694,-42660,-21034
44092,-26127,-17965
10956,-1848,-9108
26177,-12045,-14132
66643,-45102,-21541
35594,-20600,-14994
9252,-829,-8423
36060,-19663,-16397
65500,-43605,-21895
27159,-14218,-12941
9400,-24,-9376
47124,-28635,-18489
60827,-40693,-20134
19688,-8641,-11047
13096,-2421,-10675
56995,-36943,-20052
51983,-33441,-18542
14305,-4360,-9945
19573,-7771,-11802
64020,-42982,-21038
43572,-25723,-17849
10803,-1670,-9133
26866,-12568,-14298
66837,-45325,-21512
34901,-20043,-14858
9227,-655,-8572
37009,-20505,-16504
65393,-43560,-21833
26433,-13653,-12780
9541,-90,-9451
48204,-29481,-18723
60105,-40132,-19973
19111,-8134,-10977
13979,-3089,-10890
58034,-37834,-20200
50910,-32538,-18372
13785,-3951,-9834
20546,-8361,-12185
64453,-43382,-21071
42565,-25290,-17275
10444,-1353,-9091
27571,-13076,-14495
66985,-45399,-21586
34262,-19445,-14817
9062,-453,-8609
37793,-21054,-16739
65104,-43345,-21759
25826,-13200,-12626
9763,-255,-9508
49153,-30211,-18942
59123,-39344,-19779
18888,-7821,-11067
14507,-3481,-11026
58385,-38222,-20163
50502,-32269,-18233
13530,-3733,-9797
20798,-8530,-12268
64865,-43778,-21087
42108,-24861,-17247
10258,-1237,-9021
28074,-13546,-14528
66998,-45441,-21557
33540,-18925,-14615
8992,-462,-8530
38853,-21961,-16892
64977,-43605,-21372
24882,-12672,-12210
10312,-618,-9694
50089,-31081,-19008
58150,-38663,-19487
18504,-7519,-10985
14577,-3547,-11030
58818,-38523,-20295
50061,-31923,-18138
13356,-3572,-9784
21206,-8910,-12296
65067,-43885,-21182
41720,-24502,-17218
10159,-1142,-9017
28660,-13963,-14697
67056,-45465,-21591
33033,-18566,-14467
8901,-247,-8654
39760,-22629,-17131
64618,-43692,-20926
24514,-12523,-11991
10510,-688,-9822
50622,-31519,-19103
58005,-38457,-19548
18183,-7313,-10870
15006,-3819,-11187
59272,-39055,-20217
49438,-31374,-18064
13109,-3382,-9727
21417,-8930,-12487
65509,-44314,-21195
41208,-24065,-17143
10023,-1023,-9000
29312,-14499,-14813
67010,-45354,-21656
32476,-18178,-14298
8938,-181,-8757
40185,-22939,-17246
64601,-43675,-20926
24242,-12284,-11958
10762,-849,-9913
50626,-31556,-19070
57886,-38370,-19516
18108,-7247,-10861
14957,-3749,-11208
59490,-39076,-20414
49429,-31374,-18055
13010,-3320,-9690
21478,-9017,-12461
65682,-44356,-21326
40833,-23401,-17432
9850,-961,-8889
29935,-14957,-14978
66878,-44950,-21928
31820,-17696,-14124
8848,24,-8872
40994,-23562,-17432
63991,-43250,-20741
23747,-11818,-11929
10927,-932,-9995
51546,-32282,-19264
57189,-37863,-19326
17671,-6835,-10836
15505,-4178,-11327
60068,-39624,-20444
48753,-30822,-17931
12667,-3007,-9660
22254,-9664,-12590
66107,-44805,-21302
40090,-23112,-16978
9631,-796,-8835
30747,-15613,-15134
66738,-44413,-22325
30879,-17139,-13740
9070,94,-9164
42066,-24424,-17642
63644,-42957,-20687
23161,-11442,-11719
11257,-1179,-10078
52383,-33045,-19338
56669,-37306,-19363
17077,-6430,-10647
15741,-4356,-11385
60930,-40268,-20662
48002,-30207,-17795
12156,-2697,-9459
22786,-9908,-12878
66272,-44908,-21364
39336,-22840,-16496
9615,-1084,-8531
31935,-16599,-15336
66317,-43774,-22543
30182,-16594,-13588
9273,-28,-9245
42768,-25001,-17767
63306,-42772,-20534
22588,-10997,-11591
11426,-1229,-10197
53332,-33858,-19474
55827,-36766,-19061
16524,-5964,-10560
16297,-4735,-11562
61788,-41085,-20703
47128,-29440,-17688
11698,-2293,-9405
23714,-10621,-13093
66647,-45214,-21433
38255,-22452,-15803
9471,-1303,-8168
33437,-17634,-15803
66061,-43795,-22266
29114,-15741,-13373
9334,-53,-9281
44438,-26408,-18030
62489,-42087,-20402
21239,-9978,-11261
11809,-1538,-10271
55184,-35334,-19850
54503,-35545,-18958
15299,-5040,-10259
17799,-6088,-11711
63314,-42363,-20951
45379,-27225,-18154
11298,-2054,-9244
24750,-11034,-13716
66445,-44851,-21594
36753,-21491,-15262
9466,-948,-8518
34654,-18587,-16067
65872,-43584,-22288
28260,-15064,-13196
9334,-33,-9301
45589,-27385,-18204
61776,-41452,-20324
20736,-9417,-11319
12238,-1769,-10469
55823,-35871,-19952
53744,-34876,-18868
15006,-4805,-10201
18397,-6694,-11703
63541,-42532,-21009
44801,-26160,-18641
11203,-2103,-9100
25752,-11776,-13976
66643,-45119,-21524
36126,-21000,-15126
9306,-820,-8486
35413,-19197,-16216
65781,-43465,-22316
27493,-14487,-13006
9532,-119,-9413
46468,-28054,-18414
61239,-41006,-20233
20055,-8996,-11059
12783,-2231,-10552
56421,-36485,-19936
52973,-34183,-18790
14779,-4706,-10073
18917,-7293,-11624
63475,-42586,-20889
44578,-26441,-18137
11088,-1918,-9170
25690,-11653,-14037
66738,-45094,-21644
35920,-20785,-15135
9330,-882,-8448
35813,-19511,-16302
65620,-43729,-21891
27439,-14425,-13014
9429,-66,-9363
46554,-28107,-18447
61297,-41031,-20266
19861,-8860,-11001
12725,-2153,-10572
56859,-36819,-20040
52581,-33895,-18686
14322,-4314,-10008
19610,-8019,-11591
64081,-42974,-21107
43659,-25839,-17820
10791,-1703,-9088
26581,-12370,-14211
66878,-45346,-21532
35091,-20121,-14970
9087,-688,-8399
36799,-20303,-16496
65406,-43337,-22069
26556,-13785,-12771
9570,-152,-9418
47973,-29287,-18686
60233,-40210,-20023
19449,-8328,-11121
13591,-2846,-10745
57667,-37537,-20130
51030,-32616,-18414
13983,-4153,-9830
19952,-7775,-12177
64399,-43390,-21009
43073,-25104,-17969
10630,-1559,-9071
27410,-13026,-14384
67080,-45527,-21553
34452,-19635,-14817
8971,-622,-8349
37607,-21025,-16582
65212,-43106,-22106
25678,-13105,-12573
9557,-99,-9458
49553,-30599,-18954
59284,-39451,-19833
18405,-7544,-10861
14623,-3638,-10985
59061,-38717,-20344
49784,-31704,-18080
13154,-3506,-9648
21326,-8938,-12388
65401,-44236,-21165
41353,-23896,-17457
9920,-1051,-8869
29262,-14470,-14792
67117,-45342,-21775
32179,-17980,-14199
8860,-140,-8720
40697,-23368,-17329
64539,-43605,-20934
23648,-11933,-11715
10861,-919,-9942
51645,-32401,-19244
57176,-37801,-19375
17481,-6777,-10704
15534,-4125,-11409
60513,-39963,-20550
48340,-30454,-17886
12408,-2854,-9554
22423,-9718,-12705
66255,-44830,-21425
39703,-22757,-16946
9479,-833,-8646
31271,-16005,-15266
66639,-44314,-22325
30714,-16966,-13748
8914,132,-9046
42491,-24675,-17816
63417,-42834,-20583
22778,-11145,-11633
11211,-1122,-10089
52795,-33334,-19461
56322,-37174,-19148
16722,-6187,-10535
16112,-4607,-11505
61479,-40821,-20658
47416,-29724,-17692
11892,-2499,-9393
23347,-10378,-12969
39991,-22869,-17122
64688,-43386,-21302
9339,-1018,-8321
33144,-17386,-15758
51727,-32360,-19367
57160,-37826,-19334
17514,-6810,-10704
44319,-26305,-18014
62452,-42000,-20452
21544,-10102,-11442
12527,-2957,-9570
54837,-35029,-19808
66243,-44925,-21318
15481,-5148,-10333
9586,-672,-8914
62992,-42079,-20913
45560,-27406,-18154
11191,-1975,-9216
8860,165,-9025
66610,-44970,-21640
63269,-42689,-20580
22699,-11046,-11653
11310,-1266,-10044
65901,-43770,-22131
56302,-37104,-19198
9405,-103,-9302
45659,-27361,-18298
61623,-41328,-20295
20567,-9392,-11175
12012,-2557,-9455
55959,-35994,-19965
66466,-45024,-21442
14928,-4780,-10148
18488,-6859,-11629
63607,-42693,-20914
66321,-43671,-22650
11088,-1980,-9108
25686,-11653,-14033
66647,-45139,-21508
36011,-20913,-15098
9322,-895,-8427
35578,-19346,-16232
65657,-43576,-22081
55704,-36580,-19124
9372,-16,-9356
16545,-4846,-11699
61998,-41163,-20835
46954,-29266,-17688
11644,-2244,-9400
23817,-10692,-13125
52461,-33820,-18641
37978,-22382,-15596
9532,-1340,-8192
63813,-42805,-21008
43795,-25958,-17837
29262,-15844,-13418
26346,-12197,-14149
44364,-26272,-18092
62324,-42033,-20291
9153,-759,-8394
36625,-20138,-16487
54767,-34959,-19808
26560,-13802,-12758
15617,-5341,-10276
17337,-5605,-11732
60324,-40371,-19953
19416,-8361,-11055
13546,-2788,-10758
57473,-37380,-20093
51290,-32826,-18464
36922,-21565,-15357
9433,-837,-8596
34369,-18385,-15984
42904,-24989,-17915
28235,-15081,-13154
27534,-13113,-14421
45519,-27344,-18175
34138,-19354,-14784
8992,-581,-8411
38086,-21375,-16711
56207,-36155,-20052
25438,-12919,-12519
9751,-264,-9487
49665,-30685,-18980
58971,-39171,-19800
18772,-7722,-11050
11116,-2000,-9116
58414,-38218,-20196
50481,-32199,-18282
36081,-20946,-15135
9273,-771,-8502
35314,-19140,-16174
65810,-43522,-22288
27691,-14722,-12969
9169,37,-9206
46286,-27856,-18430
61780,-41439,-20341
20076,-9124,-10952
12185,-1839,-10346
56908,-36724,-20184
52965,-34200,-18765
14223,-4318,-9905
19177,-7507,-11670
64543,-43386,-21157
43630,-25075,-18555
10527,-1592,-8935
26824,-12581,-14243
67130,-45453,-21677
34674,-19849,-14825
8872,-717,-8155
37426,-20864,-16562
65385,-42957,-22428
25467,-12960,-12507
9293,16,-9309
49916,-30780,-19136
59412,-39554,-19858
18059,-7412,-10647
14507,-3460,-11047
59552,-39125,-20427
49533,-31428,-18105
12643,-3139,-9504
21751,-9594,-12157
66024,-44673,-21351
40573,-23157,-17416
9603,-787,-8816
29914,-14953,-14961
67278,-45321,-21957
31308,-17345,-13963
8563,-20,-8543
42223,-24519,-17704
64135,-43341,-20794
22501,-11133,-11368
10972,-1084,-9888
53550,-33816,-19734
56331,-36984,-19347
16021,-5775,-10246
16326,-4764,-11562
63050,-42108,-20942
46208,-28726,-17482
10654,-1773,-8881
24568,-11657,-12911
67996,-46183,-21813
36522,-20002,-16520
8456,-701,-7755
36258,-19705,-16553
66169,-42363,-23806
25921,-13360,-12561
8563,519,-9082
49825,-30298,-19527
59787,-39245,-20542
17663,-7123,-10540
14408,-3201,-11207
59981,-38820,-21161
49099,-30442,-18657
12441,-2895,-9546
22122,-9623,-12499
66606,-44389,-22217
40165,-21887,-18278
9169,-482,-8687
30673,-15208,-15465
67423,-44401,-23022
30252,-16264,-13988
8353,292,-8645
43906,-25306,-18600
63558,-42211,-21347
21276,-10056,-11220
11430,-1204,-10226
55064,-34505,-20559
55328,-35532,-19796
15147,-4884,-10263
17353,-5370,-11983
63978,-42141,-21837
44946,-26482,-18464
10452,-1406,-9046
25513,-11690,-13823
67600,-44995,-22605
35310,-20018,-15292
8716,-944,-7772
37195,-20241,-16954
65612,-41992,-23620
25657,-12853,-12804
9046,243,-9289
49953,-30219,-19734
59717,-39055,-20662
17597,-7008,-10589
14371,-3217,-11154
60501,-39237,-21264
48827,-30273,-18554
12181,-2722,-9459
22448,-10023,-12425
66767,-44583,-22184
39798,-21726,-18072
9066,-482,-8584
31073,-15464,-15609
67348,-44281,-23067
30005,-16157,-13848
8283,321,-8604
44269,-25641,-18628
63463,-42091,-21372
20773,-9710,-11063
11512,-1287,-10225
56302,-35392,-20910
54219,-34744,-19475
14515,-4434,-10081
18191,-6257,-11934
64725,-42702,-22023
44005,-25096,-18909
10098,-1204,-8894
26119,-11818,-14301
67530,-44785,-22745
34307,-19280,-15027
8674,-858,-7816
38296,-21016,-17280
65451,-41831,-23620
24886,-12313,-12573
9574,-37,-9537
50943,-31069,-19874
58872,-38449,-20423
17568,-6859,-10709
14878,-3605,-11273
60484,-39241,-21243
48629,-30149,-18480
12115,-2648,-9467
22452,-9986,-12466
66866,-44628,-22238
39612,-21643,-17969
8947,-495,-8452
31403,-15757,-15646
67435,-44116,-23319
29444,-15646,-13798
8188,433,-8621
45383,-26449,-18934
62860,-41547,-21313
20468,-9471,-10997
11752,-1394,-10358
56430,-35594,-20836
54186,-34654,-19532
14462,-4413,-10049
18249,-6311,-11938
64692,-42730,-21962
44042,-25492,-18550
10089,-1183,-8906
26119,-11855,-14264
67320,-44607,-22713
34563,-19424,-15139
8633,-721,-7912
37665,-20526,-17139
65674,-41967,-23707
25191,-12564,-12627
9273,103,-9376
50840,-30933,-19907
59268,-38754,-20514
17296,-6756,-10540
14788,-3489,-11299
60942,-39604,-21338
48406,-29984,-18422
11847,-2470,-9377
23095,-10593,-12502
67315,-44979,-22336
38915,-21070,-17845
8864,-412,-8452
32533,-16574,-15959
66965,-43267,-23698
28990,-15427,-13563
8410,515,-8925
45387,-26449,-18938
62687,-41501,-21186
20460,-9326,-11134
11682,-1410,-10272
56788,-35912,-20876
53905,-34332,-19573
14243,-4244,-9999
18653,-6694,-11959
65121,-43114,-22007
43473,-24667,-18806
9928,-1093,-8835
26709,-12144,-14565
67625,-44801,-22824
33866,-18892,-14974
8493,-721,-7772
38973,-21544,-17429
65278,-41848,-23430
24160,-11950,-12210
9623,-70,-9553
51958,-31832,-20126
58232,-37945,-20287
17007,-6344,-10663
15600,-4166,-11434
61532,-40090,-21442
47788,-29448,-18340
11488,-2206,-9282
23475,-10848,-12627
67555,-45012,-22543
38317,-20827,-17490
8588,-511,-8077
33371,-17180,-16191
66709,-42813,-23896
28050,-14664,-13386
8452,499,-8951
46624,-27501,-19123
62093,-40981,-21112
19383,-8633,-10750
12255,-1856,-10399
57952,-36881,-21071
52445,-33049,-19396
13563,-3729,-9834
19816,-7915,-11901
65517,-43518,-21999
42586,-23322,-19264
9871,-1122,-8749
28107,-13237,-14870
67666,-44921,-22745
32884,-18141,-14743
8349,-412,-7937
40449,-22662,-17787
64923,-41778,-23145
22992,-11187,-11805
10085,-342,-9743
53563,-33226,-20337
56442,-36580,-19862
16211,-5713,-10498
16289,-4632,-11657
62790,-41146,-21644
46435,-28384,-18051
10910,-1852,-9058
24428,-11281,-13147
67683,-44929,-22754
37219,-20682,-16537
8703,-816,-7887
34868,-18339,-16529
66453,-42248,-24205
27278,-14198,-13080
8674,445,-9119
47610,-28309,-19301
61495,-40495,-21000
18805,-8118,-10687
12911,-2491,-10420
58744,-37562,-21182
51249,-32208,-19041
13002,-3320,-9682
20971,-9132,-11839
66041,-43865,-22176
41530,-22695,-18835
9367,-721,-8646
29122,-14049,-15073
67749,-45053,-22696
31519,-17275,-14244
8283,-132,-8151
42033,-23941,-18092
64515,-42223,-22292
22118,-10650,-11468
10704,-717,-9987
54375,-33792,-20583
55798,-36077,-19721
15798,-5374,-10424
16838,-5057,-11781
63186,-41501,-21685
45964,-27777,-18187
10716,-1716,-9000
24725,-11364,-13361
67720,-45201,-22519
36638,-20592,-16046
8679,-1093,-7586
35932,-19119,-16813
66074,-42169,-23905
26721,-13707,-13014
8877,350,-9227
48448,-28990,-19458
61099,-40255,-20844
18315,-7746,-10569
13410,-2788,-10622
59268,-38205,-21063
50415,-31576,-18839
12655,-3031,-9624
21351,-9384,-11967
66325,-44112,-22213
40903,-22143,-18760
9293,-680,-8613
29893,-14697,-15196
67678,-44665,-23013
31081,-16863,-14218
8270,-20,-8250
42858,-24523,-18335
64213,-42442,-21771
21648,-10378,-11270
11137,-1023,-10114
55077,-34472,-20605
55270,-35615,-19655
15274,-4999,-10275
17052,-5131,-11921
63764,-41963,-21801
45300,-26952,-18348
10403,-1522,-8881
25306,-11591,-13715
67687,-45106,-22581
36048,-20439,-15609
8670,-1060,-7610
36465,-19597,-16868
65896,-41819,-24077
25971,-13204,-12767
8868,383,-9251
49409,-29786,-19623
59994,-39282,-20712
18005,-7346,-10659
13847,-2850,-10997
59862,-38581,-21281
49768,-31073,-18695
12412,-2862,-9550
21858,-9768,-12090
66577,-44426,-22151
40268,-21664,-18604
9079,-482,-8597
30384,-14936,-15448
67744,-44937,-22807
30331,-16458,-13873
8241,177,-8418
43584,-25187,-18397
64015,-42466,-21549
21256,-10073,-11183
11083,-990,-10093
55621,-34918,-20703
54957,-35421,-19536
14977,-4793,-10184
17432,-5424,-12008
64242,-42285,-21957
44673,-26032,-18641
10312,-1295,-9017
25781,-11797,-13984
67691,-45003,-22688
34963,-19696,-15267
8592,-895,-7697
37690,-20596,-17094
65616,-41687,-23929
25084,-12606,-12478
9120,226,-9346
50754,-30793,-19961
59350,-38795,-20555
17296,-6785,-10511
14507,-3320,-11187
60794,-39352,-21442
48720,-30190,-18530
12028,-2615,-9413
22757,-10308,-12449
67093,-44785,-22308
39381,-21186,-18195
8872,-375,-8497
31964,-16190,-15774
67225,-43539,-23686
29419,-15736,-13683
8266,486,-8752
45160,-26342,-18818
63137,-41860,-21277
20266,-9334,-10932
11673,-1373,-10300
57172,-36176,-20996
53608,-33796,-19812
14025,-4112,-9913
18962,-7045,-11917
65117,-43077,-22040
43473,-24481,-18992
10065,-1225,-8840
26697,-12201,-14496
67658,-44921,-22737
33858,-18867,-14991
8468,-763,-7705
39171,-21685,-17486
65377,-42017,-23360
24032,-11822,-12210
9475,16,-9491
52181,-31985,-20196
58129,-37785,-20344
16986,-6290,-10696
15460,-4054,-11406
61371,-39946,-21425
47977,-29559,-18418
11599,-2285,-9314
23265,-10683,-12582
67348,-44760,-22588
38638,-21272,-17366
8794,-561,-8233
32896,-16863,-16033
66903,-43081,-23822
28512,-15076,-13436
8390,556,-8946
46150,-27121,-19029
62316,-41159,-21157
19775,-8885,-10890
11925,-1480,-10445
57869,-36696,-21173
52787,-33070,-19717
13703,-3898,-9805
19507,-7598,-11909
65558,-43469,-22089
42970,-23619,-19351
9776,-1023,-8753
27571,-12944,-14627
67699,-44941,-22758
32793,-18096,-14697
8328,-462,-7866
40462,-22741,-17721
65026,-42009,-23017
23178,-11352,-11826
9949,-255,-9694
53043,-32707,-20336
57168,-37050,-20118
16487,-5890,-10597
16157,-4591,-11566
62365,-40812,-21553
46847,-28763,-18084
11009,-1889,-9120
24230,-11302,-12928
67740,-44921,-22819
37364,-20794,-16570
8707,-717,-7990
34522,-18100,-16422
66515,-42297,-24218
27418,-14289,-13129
8571,478,-9049
47594,-28268,-19326
61549,-40573,-20976
18863,-8208,-10655
12824,-2437,-10387
58331,-37228,-21103
51661,-32599,-19062
13435,-3671,-9764
20311,-8584,-11727
65620,-43584,-22036
42326,-23281,-19045
9697,-952,-8745
28243,-13340,-14903
67736,-44970,-22766
32368,-17820,-14548
8266,-453,-7813
41377,-23549,-17828
64721,-42499,-22222
22794,-11125,-11669
10395,-577,-9818
53472,-33086,-20386
56689,-36687,-20002
16236,-5733,-10503
16260,-4603,-11657
62588,-40961,-21627
46765,-28635,-18130
11067,-1918,-9149
24250,-11166,-13084
67654,-45139,-22515
37413,-20901,-16512
8757,-853,-7904
34456,-18079,-16377
66519,-42285,-24234
27687,-14520,-13167
8753,350,-9103
46703,-27592,-19111
62122,-40944,-21178
19461,-8670,-10791
12251,-1831,-10420
57906,-36865,-21041
52486,-33198,-19288
13546,-3729,-9817
19791,-7878,-11913
65698,-43580,-22118
42739,-23380,-19359
9714,-998,-8716
27835,-13076,-14759
67848,-45078,-22770
32855,-18129,-14726
8266,-486,-7780
40573,-22807,-17766
64968,-42330,-22638
23298,-11397,-11901
9974,-280,-9694
52841,-32533,-20308
57250,-37182,-20068
16772,-6105,-10667
15885,-4343,-11542
61734,-40293,-21441
47569,-29271,-18298
11446,-2157,-9289
23632,-10786,-12846
67464,-44855,-22609
38242,-20971,-17271
8790,-647,-8143
33350,-17172,-16178
66849,-42887,-23962
28474,-15048,-13426
8443,552,-8995
46200,-27159,-19041
62357,-41171,-21186
19795,-8947,-10848
11987,-1633,-10354
57552,-36506,-21046
53010,-33569,-19441
13752,-3889,-9863
19399,-7519,-11880
65571,-43436,-22135
42937,-23607,-19330
9982,-1171,-8811
27645,-12898,-14747
67666,-44937,-22729
33202,-18409,-14793
8448,-618,-7830
39822,-22250,-17572
65117,-41881,-23236
23780,-11657,-12123
9846,-169,-9677
52375,-32187,-20188
57803,-37554,-20249
16957,-6241,-10716
15666,-4203,-11463
61524,-40045,-21479
47751,-29456,-18295
11525,-2248,-9277
23500,-10807,-12693
67489,-44826,-22663
38416,-20959,-17457
8753,-639,-8114
33165,-17081,-16084
66779,-42743,-24036
28351,-14969,-13382
8468,507,-8975
46344,-27286,-19058
62246,-41101,-21145
19626,-8811,-10815
12057,-1612,-10445
57873,-36782,-21091
52680,-32983,-19697
13579,-3790,-9789
19754,-7870,-11884
65517,-43357,-22160
42982,-23603,-19379
9957,-1179,-8778
27484,-12828,-14656
67658,-44946,-22712
33136,-18376,-14760
8423,-495,-7928
39826,-22250,-17576
65092,-41877,-23215
23669,-11591,-12078
9611,-86,-9525
52713,-32385,-20328
57935,-37723,-20212
16421,-6034,-10387
15373,-3861,-11512
62464,-40433,-22031
47569,-28070,-19499
10877,-1724,-9153
24036,-11075,-12961
67984,-43980,-24004
37306,-19536,-17770
8522,-346,-8176
34922,-17873,-17049
66717,-41278,-25439
27282,-13798,-13484
8497,610,-9107
47788,-27583,-20205
61842,-39678,-22164
18521,-7825,-10696
12952,-2409,-10543
59296,-36972,-22324
51550,-31482,-20068
12527,-2710,-9817
20748,-8299,-12449
67460,-43003,-24457
41130,-21099,-20031
8547,-738,-7809
30100,-13608,-16492
68272,-40796,-27476
30112,-14705,-15407
7511,177,-7688
46348,-24651,-21697
63446,-38548,-24898
19791,-7928,-11863
11521,-800,-10721
58278,-33132,-25146
52886,-29840,-23046
13055,-2871,-10184
19333,-6558,-12775
67146,-39707,-27439
41637,-19758,-21879
8254,-292,-7962
29518,-12144,-17374
68718,-38412,-30306
30277,-14350,-15927
6971,536,-7507
45692,-23046,-22646
63921,-35116,-28805
18587,-7123,-11464
12160,-1179,-10981
60130,-33528,-26602
51397,-27295,-24102
11764,-2008,-9756
21016,-7623,-13393
68681,-39802,-28879
39958,-18277,-21681
7144,119,-7263
32896,-13942,-18954
68363,-37384,-30979
27126,-12292,-14834
7342,903,-8245
49801,-25397,-24404
62382,-35813,-26569
17172,-5898,-11274
13191,-2206,-10985
62337,-34707,-27630
49079,-24118,-24961
10267,-1039,-9228
22543,-8163,-14380
69984,-36914,-33070
36683,-15254,-21429
5292,1489,-6781
37661,-15340,-22321
69559,-34662,-34897
23232,-8786,-14446
6653,1773,-8426
54742,-24712,-30030
59771,-26812,-32959
12721,-2239,-10482
12568,-870,-11698
68825,-30558,-38267
46336,-18315,-28021
4892,1711,-6603
24259,-6129,-18130
77096,-34480,-42616
30256,-8922,-21334
251,4760,-5011
45391,-16578,-28813
69423,-26754,-42669
14029,-2190,-11839
7128,1687,-8815
68685,-26329,-42356
47944,-16809,-31135
3390,2578,-5968
21227,-2891,-18336
77867,-31399,-46468
29766,-6864,-22902
-321,5346,-5025
49219,-16050,-33169
67955,-22279,-45676
10758,-202,-10556
9499,2161,-11660
71709,-23941,-47768
41815,-11277,-30538
1357,4153,-5510
24692,-2107,-22585
70950,-19692,-51258
22852,-2041,-20811
-1200,6723,-5523
52849,-9396,-43453
58839,-9743,-49096
7466,6158,-13624
8192,6760,-14952
65830,-3415,-62415
30591,4092,-34683
-17428,22732,-5304
134916,13946,-148862
100047,37743,-137790
113309,32162,-145471
20270,24415,-44685
-4789,-12148,16937
134953,4384,-139337
134982,-6063,-128919
-2215,15320,-13105
133897,-3163,-130734
134937,-41208,-93729
22287,-10271,-12016
-5647,19255,-13608
90597,3262,-93859
10984,37710,-48694
10184,12750,-22934
-12284,45886,-33602
3877,20587,-24464
1707,16491,-18198
28182,102485,-130667
-3564,5927,-2363
-23793,-7519,31312
-16401,24576,-8175
23603,134899,-158502
3048,1427,-4475
20175,121464,-141639
-8295,28099,-19804
-5791,123,5668
-4731,-5919,10650
9512,8930,-18442
-4273,24976,-20703
-19866,47008,-27142
76320,25104,-101424
58451,38445,-96896
72505,72121,-144626
42268,69308,-111576
28586,58368,-86954
13076,19746,-32822
-7717,-424,8141
-15534,-6641,22175
-3386,28891,-25505
11962,118420,-130382
-20361,12370,7991
-14763,-2611,17374
21445,121976,-143421
-12738,37,12701
-4170,15287,-11117
5688,134866,-140554
-6435,30714,-24279
-13670,3126,10544
-9334,-2140,11474
-10209,853,9356
16198,115310,-131508
-8122,-1113,9235
-23021,33251,-10230
21792,62423,-84215
9083,134858,-143941
-17828,13872,3956
-21334,-2062,23396
4335,11892,-16227
28466,97325,-125791
-1303,93002,-91699
-32373,5680,26693
-10448,19173,-8725
4508,124735,-129243
-39612,3931,35681
-12733,21528,-8795
26334,120132,-146466
-3630,42920,-39290
-19965,-2409,22374
-11950,29869,-17919
29188,115520,-144708
25063,116172,-141235
26103,98967,-125070
25467,100006,-125473
22539,103030,-125569
21672,108916,-130588
20455,113210,-133665
20051,115454,-135505
18727,113004,-131731
15147,40371,-55518
-2644,3135,-491
-12775,276,12499
16157,126616,-142773
-6369,2371,3998
-23986,14148,9838
12061,117162,-129223
-8167,94540,-86373
-21054,103,20951
-4083,20542,-16459
8856,134112,-142968
-17646,45313,-27667
-26647,1971,24676
-3848,4087,-239
9549,35499,-45048
3609,134842,-138451
-14462,32467,-18005
-22143,-5923,28066
-2301,17572,-15271
7453,125643,-133096
-25133,16528,8605
-20344,-1947,22291
-3650,18125,-14475
5469,50650,-56119
5168,134916,-140084
-23269,33800,-10531
-24960,-5024,29984
13756,10617,-24373
24156,112072,-136228
-29642,20546,9096
-21214,-1959,23173
3576,35153,-38729
1947,62704,-64651
-11133,17960,-6827
-24923,-643,25566
14025,11801,-25826
-2161,134244,-132083
-29815,8753,21062
-13542,-8373,21915
11937,109040,-120977
750,128728,-129478
-28210,7272,20938
-11038,-3460,14498
20798,48357,-69155
-1051,134883,-133832
-31354,15662,15692
-5432,-4335,9767
29481,44022,-73503
1551,134875,-136426
-21870,7676,14194
-17939,-721,18660
-1270,18975,-17705
9359,134916,-144275
-19329,14062,5267
-20658,-6641,27299
20344,24840,-45184
-3040,134499,-131459
-18294,24019,-5725
-22019,-5098,27117
-16,16702,-16686
14528,134673,-149201
-18797,39076,-20279
-26049,3803,22246
-6773,-2223,8996
870,86179,-87049
-21342,305,21037
-6562,11236,-4674
1295,134202,-135497
-11273,92445,-81172
-9450,28755,-19305
-12791,7429,5362
-8047,23054,-15007
17481,116626,-134107
-10522,83679,-73157
-16417,-2182,18599
-1431,27398,-25967
5143,134846,-139989
-13818,-7144,20962
-9982,21689,-11707
11661,130857,-142518
14350,134871,-149221
-16863,-272,17135
-13162,6620,6542
-9693,25117,-15424
9528,133971,-143499
-18162,-2281,20443
-2169,70347,-68178
-2722,15926,-13204
5350,121345,-126695
-13534,-1278,14812
-10572,123,10449
-812,18434,-17622
2202,134788,-136990
-9957,-4488,14445
-2578,25393,-22815
11550,76741,-88291
-12502,-6488,18990
-8592,-7255,15847
-8448,-7734,16182
-8146,-5209,13355
-8311,-2400,10711
-8877,-3881,12758
-9174,-5036,14210
-9145,-7251,16396
-8464,-8460,16924
-8831,-3027,11858
-9314,-2961,12275
-9693,-7915,17608
-6971,4818,2153
-5201,21070,-15869
42508,101491,-143999
36910,65063,-101973
43836,84595,-128431
28111,48390,-76501
7668,10110,-17778
-6055,3130,2925
-7404,13917,-6513
6831,19734,-26565
21697,26589,-48286
77669,66251,-143920
63228,60736,-123964
47920,57894,-105814
35157,41316,-76473
39785,45585,-85370
39938,39674,-79612
44409,47470,-91879
680,20550,-21230
-1522,37879,-36357
-4145,10956,-6811
-9813,17741,-7928
-7140,-5391,12531
-8514,4537,3977
-6468,-2726,9194
-12139,4063,8076
-13018,5766,7252
-6802,5911,891
-7189,28953,-21764
-6364,5214,1150
-4648,8901,-4253
-4673,6179,-1506
10877,-721,-10156
-3757,9132,-5375
-5148,9867,-4719
-5205,9735,-4530
-6331,9776,-3445
-5626,5065,561
-6385,9986,-3601
-9046,5086,3960
-10663,4978,5685
-8542,6752,1790
-5139,-1501,6640
-7425,5940,1485
18112,1377,-19489
13146,7029,-20175
16842,3168,-20010
134957,-8328,-126629
15039,15555,-30594
5601,8093,-13694
-1666,4851,-3185
-8336,2297,6039
18723,4153,-22876
134957,-24110,-110847
83172,-31494,-51678
5700,-18801,13101
-7260,14086,-6826
18612,23376,-41988
134974,-28070,-106904
134953,-47161,-87792
18698,-28491,9793
23656,-30751,7095
13043,-31044,18001
22134,342,-22476
87862,-22984,-64878
28953,8852,-37805
28524,-31077,2553
-8386,7004,1382
90894,13373,-104267
133196,33103,-166299
113573,37830,-151403
108850,40730,-149580
123238,36205,-159443
134908,33891,-168799
134710,30405,-165115
-9029,29365,-20336
13472,-6851,-6621
134499,3753,-138252
55031,8328,-63359
9499,-721,-8778
134681,-17770,-116911
5754,-20299,14545
-6034,12853,-6819
116692,10840,-127532
27286,-548,-26738
4842,1307,-6149
134689,-44781,-89908
31436,-55959,24523
41460,10073,-51533
66156,-6892,-59264
6591,4422,-11013
97317,-2305,-95012
6237,-18042,11805
17271,7680,-24951
14293,-1975,-12318
6703,-1567,-5136
9986,-7841,-2145
21953,5577,-27530
85193,-25653,-59540
46035,-26985,-19050
28153,-2615,-25538
23574,-7095,-16479
134986,-33457,-101529
134817,-23516,-111301
-4120,3980,140
86905,-16545,-70360
11479,13596,-25075
134990,-4207,-130783
-528,18661,-18133
134891,6987,-141878
134924,17576,-152500
134842,20521,-155363
93489,14540,-108029
7878,-49,-7829
12832,-12205,-627
3828,-10263,6435
12247,10861,-23108
120549,-34975,-85574
42821,-4624,-38197
92919,-34757,-58162
134941,-75405,-59536
-5242,-17147,22389
45214,1625,-46839
24820,3320,-28140
9499,-2470,-7029
63096,-9124,-53972
54202,-18253,-35949
67175,-18657,-48518
17523,-26486,8963
4248,-24114,19866
97259,-6703,-90556
-354,-22382,22736
24989,12119,-37108
14598,-717,-13881
9887,-478,-9409
38548,-10766,-27782
-6661,-759,7420
134937,8192,-143129
134953,-19713,-115240
-4912,-969,5881
-8196,-4409,12605
132156,10382,-142538
-7330,4244,3086
134965,26697,-161662
9537,9565,-19102
400,13224,-13624
-2305,18921,-16616
1150,17510,-18660
2215,7354,-9569
-6451,-2726,9177
18744,2079,-20823
75207,-34262,-40945
81279,10122,-91401
102943,-41402,-61541
86785,5605,-92390
-8852,10704,-1852
5251,12511,-17762
89991,4863,-94854
-796,-10456,11252
15225,6488,-21713
14239,-5626,-8613
22646,-11508,-11138
111280,-30834,-80446
-7907,23665,-15758
10011,-6946,-3065
110669,-8720,-101949
17638,-5960,-11678
121621,40470,-162091
92354,45082,-137436
89722,45486,-135208
111016,34328,-145344
134920,6204,-141124
-2557,-15790,18347
134912,15559,-150471
76510,6752,-83262
12535,-9974,-2561
134932,15307,-150239
-7004,-9314,16318
134965,22147,-157112
8019,2182,-10201
-7800,-7066,14866
134986,24246,-159232
100064,13707,-113771
102089,-2825,-99264
2652,-19531,16879
83745,15823,-99568
-6076,-2623,8699
20047,9565,-29612
23986,181,-24167
38181,-12832,-25349
-6030,-1134,7164
40078,-2829,-37249
10399,12370,-22769
-8382,-948,9330
134908,23747,-158655
-6760,-4677,11437
134825,24473,-159298
4430,-13690,9260
106788,4331,-111119
30401,-2186,-28215
114703,-15889,-98814
2120,11760,-13880
10906,-36716,25810
14701,9784,-24485
98793,-5061,-93732
-7148,2648,4500
37306,-2800,-34506
-7404,-16825,24229
24391,-5655,-18736
11863,5222,-17085
71968,3366,-75334
105616,-2318,-103298
7577,-4343,-3234
6773,10184,-16957
13670,7408,-21078
-11719,2590,9129
31238,17560,-48798
22856,-3217,-19639
-4558,-8485,13043
38164,11446,-49610
59280,2685,-61965
125457,-33746,-91711
22374,-39686,17312
16586,24448,-41034
12560,-17073,4513
113330,-8559,-104771
63500,-198,-63302
54433,-12106,-42327
64729,-8897,-55832
54483,-16062,-38421
2409,-11537,9128
-9545,-7066,16611
135031,-21157,-113874
26243,-125136,98893
705,-28594,27889
-4017,1625,2392
130424,-15138,-115286
-4644,11438,-6794
20484,-13769,-6715
20121,-9862,-10259
47755,-8835,-38920
134813,-470,-134343
-6979,11574,-4595
16533,536,-17069
104077,-22357,-81720
98950,-22976,-75974
4327,-29943,25616
100699,14631,-115330
-3658,457,3201
-6930,-6006,12936
104890,-13761,-91129
134924,-33878,-101046
4129,-50015,45886
-3324,12309,-8985
118503,-17531,-100972
20328,-72496,52168
-6538,4710,1828
134961,-3910,-131051
16747,10349,-27096
118453,-5189,-113264
-7280,-6191,13471
9499,11847,-21346
134957,9256,-144213
31614,-2305,-29309
134965,-18962,-116003
14429,-20026,5597
-420,-14033,14453
135011,-60563,-74448
15204,-3749,-11455
36667,22563,-59230
6608,18178,-24786
33709,-284,-33425
12263,2260,-14523
17580,-1278,-16302
67761,-13600,-54161
40623,-21214,-19409
-4479,-11352,15831
6591,-19890,13299
12828,-56331,43503
-32538,-29704,62242
-17485,12205,5280
-9384,17056,-7672
-6191,34769,-28578
23570,35541,-59111
64358,-22992,-41366
26556,-46554,19998
-17143,-2953,20096
-22654,14449,8205
-17551,42792,-25241
30512,21132,-51644
44723,-38288,-6435
-23896,-24411,48307
-27724,27757,-33
10514,19651,-30165
14239,-20526,6287
-3229,-6459,9688
1497,-14243,12746
-46695,10906,35789
-34559,5940,28619
-27996,48254,-20258
127375,-11467,-115908
12387,-25550,13163
23817,-63108,39291
-1757,-34006,35763
-9112,-346,9458
-10564,1167,9397
-51752,16652,35100
-13798,23656,-9858
5548,18393,-23941
21021,9763,-30784
35846,-20616,-15230
12156,-32546,20390
-21549,-8291,29840
-32274,21276,10998
-13344,34039,-20695
21780,12449,-34229
33907,-24502,-9405
14375,-36708,22333
-24279,-9619,33898
-28891,27390,1501
-7132,33313,-26181
31420,2978,-34398
24081,-31543,7462
-19758,-18871,38629
-32616,20410,12206
-11851,34056,-22205
26305,3997,-30302
27319,-30681,3362
-23067,-17374,40441
-34043,25554,8489
-4607,30162,-25555
34373,-3283,-31090
17947,-39183,21236
-26032,-5832,31864
-23318,29939,-6621
14586,25471,-40057
34435,-26948,-7487
-2512,-27270,29782
-35640,4467,31173
-18570,37999,-19429
25278,6117,-31395
22955,-29654,6699
-18587,-21124,39711
-33424,25038,8386
-4112,30038,-25926
30479,606,-31085
19375,-32377,13002
-23755,-16520,40275
-36287,26041,10246
-1080,29741,-28661
38321,-6360,-31961
20051,-39637,19586
-25220,-6732,31952
-28879,28116,763
10588,26371,-36959
33193,-21577,-11616
8151,-32521,24370
-27864,-4500,32364
-23958,31168,-7210
16623,21301,-37924
32344,-24329,-8015
4743,-30182,25439
-30954,-1249,32203
-20996,34262,-13266
24807,15406,-40213
36894,-26820,-10074
-144,-29097,29241
-35343,5894,29449
-20497,37512,-17015
25636,10902,-36538
37063,-27406,-9657
-1105,-30813,31918
-37306,10308,26998
-18975,38861,-19886
24939,8047,-32986
31333,-28206,-3127
-5882,-28792,34674
-35998,17415,18583
-14594,36803,-22209
26226,5989,-32215
24906,-29287,4381
-13468,-22864,36332
-32294,22122,10172
-8905,32484,-23579
28788,5263,-34051
23351,-31143,7792
-17040,-20777,37817
-32249,23677,8572
-6360,30900,-24540
30244,3262,-33506
22229,-32938,10709
-21775,-18298,40073
-32236,24415,7821
-2734,28668,-25934
31164,1633,-32797
22369,-33961,11592
-22056,-18583,40639
-32913,24543,8370
-3283,29196,-25913
30009,1546,-31555
20971,-32492,11521
-20992,-19024,40016
-33123,24312,8811
-4252,29452,-25200
29757,2322,-32079
21404,-31090,9686
-15802,-20975,36777
-31803,21623,10180
-10758,33218,-22460
25261,6595,-31856
28850,-28590,-260
-5267,-28825,34092
-36456,14887,21569
-21012,39575,-18563
26189,11026,-37215
38152,-28289,-9863
742,-31700,30958
-36262,4302,31960
-21082,35767,-14685
22761,17155,-39916
32641,-24098,-8543
4393,-29163,24770
-25005,-4549,29554
-25702,28400,-2698
5201,27934,-33135
38218,-13488,-24730
25867,-41386,15519
-26787,-15741,42528
-37822,25785,12037
-2821,30298,-27477
27839,367,-28206
19049,-28540,9491
-9784,-22745,32529
-33643,17428,16215
-22526,39748,-17222
26577,16871,-43448
40185,-27138,-13047
2305,-30875,28570
-29654,-895,30549
-19940,28829,-8889
9306,22440,-31746
32641,-14136,-18505
27179,-41291,14112
-24081,-20212,44293
-41505,25517,15988
-3885,30199,-26314
24803,2376,-27179
19292,-24560,5268
156,-29799,29643
-39319,3881,35438
-32257,40486,-8229
19197,19870,-39067
28210,-19486,-8724
8703,-29316,20613
-19750,-16392,36142
-44236,24791,19445
-14812,39369,-24557
26395,5816,-32211
23087,-23743,656
2211,-29126,26915
-33198,-3568,36766
-33078,34637,-1559
8555,25026,-33581
31609,-9021,-22588
25525,-35945,10420
-15530,-25801,41331
-35103,15720,19383
-15848,33466,-17618
20538,18987,-39525
38296,-20398,-17898
14115,-34452,20337
-22836,-12329,35165
-38519,23413,15106
-14718,36939,-22221
23718,9409,-33127
32896,-23508,-9388
11253,-35211,23958
-25785,-9846,35631
-31527,24552,6975
-7713,32381,-24668
25290,8811,-34101
31073,-24927,-6146
8699,-34278,25579
-27612,-9796,37408
-31770,25814,5956
-5721,31238,-25517
25496,8311,-33807
30855,-24708,-6147
9578,-34320,24742
-26474,-11075,37549
-32447,24486,7961
-8505,32480,-23975
23380,9252,-32632
35194,-23854,-11340
16318,-38073,21755
-22963,-13076,36039
-34361,21445,12916
-15947,35293,-19346
20839,17391,-38230
39323,-19391,-19932
20018,-35842,15824
-18451,-20971,39422
-31535,13245,18290
-21895,32311,-10416
4331,28784,-33115
36568,-1229,-35339
38069,-35285,-2784
-1472,-28932,30404
-25801,-2392,28193
-29093,24263,4830
-14214,37009,-22795
23219,17424,-40643
36836,-21124,-15712
15246,-33490,18244
-18409,-19808,38217
-34926,11768,23158
-27922,34369,-6447
1959,29502,-31461
31609,3320,-34929
34551,-27889,-6662
7045,-32187,25142
-22101,-9553,31654
-35965,20662,15303
-26136,39121,-12985
14858,26255,-41113
31968,-6336,-25632
23355,-27885,4530
4215,-30652,26437
-27014,-13987,41001
-39501,21945,17556
-18030,35557,-17527
15411,19878,-35289
28008,-7882,-20126
31374,-31135,-239
12931,-40651,27720
-27695,-13814,41509
-31469,20241,11228
-9941,28021,-18080
9900,24399,-34299
36448,2895,-39343
40713,-30632,-10081
4793,-29679,24886
-18624,-9867,28491
-31618,14371,17247
-38403,37917,486
-7425,41225,-33800
27390,8472,-35862
22592,-19404,-3188
8918,-26173,17255
-3749,-36275,40024
-41398,-7693,49091
-34749,26536,8213
2211,21829,-24040
15559,12663,-28222
38209,-1249,-36960
51682,-34526,-17156
8575,-33391,24816
-19387,-6373,25760
-26961,6707,20254
-46233,34332,11901
-23549,49108,-25559
20262,13897,-34159
22151,-9553,-12598
22864,-25558,2694
25872,-48807,22935
-20818,-31708,52526
-30100,11310,18790
-9029,20121,-11092
-8060,27715,-19655
13715,41604,-55319
44207,-2796,-41411
19944,-23339,3395
-9301,-13385,22686
-8518,-26511,35029
-44067,-7260,51327
-42677,26540,16137
1109,21705,-22814
9904,11789,-21693
30537,17535,-48072
58628,-21701,-36927
20917,-32183,11266
-11434,-10766,22200
-15604,-7202,22806
-52478,8588,43890
-53761,38374,15387
7750,21978,-29728
12420,1423,-13843
29077,6096,-35173
73920,-29081,-44839
24721,-37203,12482
-14746,-7577,22323
-14916,-4009,18925
-53328,7536,45792
-58884,38478,20406
-10522,22646,-12124
14685,2982,-17667
24040,12053,-36093
61941,-16772,-45169
35838,-35017,-821
-13208,-15996,29204
-13039,-4368,17407
-35681,-12205,47886
-62279,22110,40169
-25092,28454,-3362
11578,8687,-20265
12618,16995,-29613
43428,15679,-59107
42648,-20080,-22568
-792,-17551,18343
-2805,-15897,18702
334,-53035,52701
-35565,-14412,49977
-19313,15320,3993
998,14107,-15105
-8848,28957,-20109
-12721,60600,-47879
26032,17040,-43072
15761,-8481,-7280
10836,-16071,5235
62704,-54355,-8349
24783,-57032,32249
-13728,-12416,26144
-14152,2986,11166
-44389,11826,32563
-72422,41109,31313
-16665,29803,-13138
13765,5185,-18950
12907,16161,-29068
43617,19701,-63318
39010,-14053,-24957
-1361,-14301,15662
1782,-17964,16182
29489,-51046,21557
-3844,-53059,56903
-20484,-911,21395
-13756,7854,5902
-44463,24226,20237
-74047,53703,20344
-13373,28635,-15262
15637,2025,-17662
13208,19779,-32987
41580,23958,-65538
33969,-9627,-24342
305,-13649,13344
16413,-22262,5849
83242,-82590,-652
15225,-54078,38853
-13323,-6682,20005
-13744,-226,13970
-47845,-3312,51157
-57428,18636,38792
-5193,16281,-11088
8831,14371,-23202
-9970,37677,-27707
-20876,66177,-45301
14520,17308,-31828
12870,-2924,-9946
33668,-878,-32790
74076,-13641,-60435
19424,-35252,15828
-6963,-28615,35578
27456,2520,-29976
135003,-14429,-120574
108912,-25385,-83527
74052,-78705,4653
7788,-33057,25269
9867,-15316,5449
72443,25620,-98063
84273,3819,-88092
26841,16318,-43159
35223,-4108,-31115
11500,-2722,-8778
-3609,-734,4343
9524,-4838,-4686
3856,75644,-79500
-647,12478,-11831
17939,-4219,-13720
10989,110801,-121790
-15629,375,15254
-1513,50931,-49418
-2413,61771,-59358
6839,-7082,243
4401,36898,-41299
6534,8712,-15246
26276,-2305,-23971
990,20084,-21074
21569,32620,-54189
35664,42982,-78646
82368,40214,-122582
100971,29745,-130716
122405,19956,-142361
67315,7940,-75255
55642,-6286,-49356
4199,-27984,23785
45878,-2685,-43193
9058,-13637,4579
-2479,-25591,28070
19527,6187,-25714
12791,-14619,1828
134970,6435,-141405
124108,12552,-136660
52713,26886,-79599
58822,48555,-107377
39950,43015,-82965
33181,123832,-157013
28309,-6670,-21639
3894,100885,-104779
-309,284,25
6608,-8225,1617
22662,75582,-98244
13756,-8002,-5754
4661,10428,-15089
-21181,29126,-7945
15972,-5275,-10697
24226,132,-24358
7321,14177,-21498
-9702,87965,-78263
32076,83976,-116052
43386,59437,-102823
48926,49883,-98809
61784,31242,-93026
45643,18991,-64634
11599,4516,-16115
2590,-4636,2046
4405,-12284,7879
-4199,-17593,21792
135003,4714,-139717
4851,-19003,14152
134920,3048,-137968
8501,-17193,8692
9293,-2685,-6608
15984,5395,-21379
102370,18797,-121167
26853,12692,-39545
8934,3642,-12576
-6509,-9244,15753
-6604,-6946,13550
-8687,-9182,17869
72385,961,-73346
134957,10766,-145723
134916,6798,-141714
134932,6208,-141140
134928,4059,-138987
134858,-2206,-132652
106924,-5292,-101632
6620,-27080,20460
19635,-977,-18658
55353,-7915,-47438
-2244,-7379,9623
71857,26527,-98384
64667,14837,-79504
33396,17362,-50758
2825,13835,-16660
8175,9268,-17443
13946,10019,-23965
2986,-1109,-1877
2442,-7156,4714
-1476,-9021,10497
12115,9425,-21540
5758,10250,-16008
17221,34163,-51384
20455,31560,-52015
8658,5742,-14400
3712,-449,-3263
21553,6505,-28058
-3196,76213,-73017
6686,-1014,-5672
3935,36852,-40787
5255,24143,-29398
8596,-2413,-6183
3242,24976,-28218
-9912,83551,-73639
2264,-354,-1910
28920,8712,-37632
-21186,89450,-68264
-23821,15695,8126
6740,-7400,660
9578,-10390,812
7668,69654,-77322
11100,18356,-29456
8856,12210,-21066
11966,35037,-47003
9301,5432,-14733
8192,2347,-10539
2400,74580,-76980
8427,-5115,-3312
4401,33577,-37978
11281,9202,-20483
13715,8910,-22625
10807,34839,-45646
23945,-10349,-13596
-193,87276,-87083
10964,22889,-33853
3811,133390,-137201
16462,2343,-18805
9009,10287,-19296
-4145,127949,-123804
18838,114415,-133253
21037,114287,-135324
26350,81444,-107794
28953,67414,-96367
31201,70351,-101552
32113,70496,-102609
30372,65661,-96033
30025,63978,-94003
29790,64733,-94523
31011,45548,-76559
31886,39884,-71770
31378,65868,-97246
30405,67749,-98154
30846,69213,-100059
30545,67080,-97625
30669,69452,-100121
29873,72187,-102060
34018,87598,-121616
38993,85292,-124285
29662,66754,-96416
33235,73387,-106622
31168,69848,-101016
30760,68215,-98975
30921,48526,-79447
27777,71779,-99556
39001,83787,-122788
29778,65294,-95072
30892,68602,-99494
31267,62869,-94136
31609,69234,-100843
31428,61854,-93282
44314,80218,-124532
33144,35499,-68643
31135,68017,-99152
39666,76263,-115929
31919,31981,-63900
26119,60385,-86504
41171,86163,-127334
29419,48213,-77632
29671,69089,-98760
33754,75124,-108878
32294,61561,-93855
31894,75619,-107513
41773,12618,-54391
11496,36601,-48097
15435,55708,-71143
6546,13707,-20253
4137,6253,-10390
3147,15163,-18310
1460,10650,-12110
-239,10225,-9986
-2965,9343,-6378
-3625,9190,-5565
-4471,8637,-4166
-5317,7759,-2442
-5733,6600,-867
-5667,5313,354
-5374,3877,1497
-4760,2458,2302
-3770,1282,2488
-2759,358,2401
-1526,-1992,3518
-1142,-1996,3138
-1027,-825,1852
-1443,2545,-1102
-1406,1546,-140
-602,1002,-400
3205,536,-3741
1369,-1926,557
1146,-886,-260
474,-759,285
-1237,1662,-425
-1381,1130,251
-977,1072,-95
-750,1068,-318
-569,915,-346
2974,214,-3188
1097,-1117,20
1047,-1196,149
-259,-499,758
-1443,-891,2334
-1513,2879,-1366
-1258,1163,95
-721,1225,-504
-746,1010,-264
-499,1097,-598
1827,948,-2775
1551,693,-2244
1324,-2549,1225
1291,-1497,206
804,-1311,507
853,-1183,330
-800,-1109,1909
-1373,-957,2330
-1489,495,994
-1320,1786,-466
-1249,1381,-132
-470,721,-251
2025,1212,-3237
1274,259,-1533
1320,-1794,474
1365,-1625,260
688,-903,215
862,-911,49
-127,-816,943
-1254,-602,1856
-1732,2520,-788
-1270,1757,-487
-1212,1101,111
-849,1006,-157
-660,734,-74
-569,759,-190
2615,544,-3159
1790,-2673,883
1122,-1047,-75
948,-994,46
540,-895,355
-1868,-536,2404
-1291,2359,-1068
-1287,1608,-321
-845,1336,-491
-565,936,-371
-688,961,-273
-684,1010,-326
-453,779,-326
1802,573,-2375
1097,-2367,1270
911,-1435,524
829,-1324,495
449,-1126,677
-2050,-1060,3110
-1076,-738,1814
-631,-181,812
-251,1551,-1300
1377,1291,-2668
1080,771,-1851
862,272,-1134
874,-1604,730
804,-1167,363
544,-763,219
-1245,-330,1575
-1658,1728,-70
-965,1175,-210
-631,907,-276
82,726,-808
1740,544,-2284
1006,239,-1245
594,-1332,738
-2772,-792,3564
-1542,-132,1674
-994,1571,-577
-643,1113,-470
-210,746,-536
1443,627,-2070
0,0,0
886,511,-1397
886,511,-1397
886,511,-1397
886,511,-1397
886,511,-1397
886,511,-1397
886,511,-1397
886,511,-1397
886,511,-1397
886,511,-1397
886,511,-1397
886,511,-1397
886,511,-1397
886,511,-1397
886,511,-1397
886,511,-1397
886,511,-1397
886,511,-1397
886,511,-1397
886,511,-1397
886,511,-1397
886,511,-1397
886,511,-1397
886,511,-1397
886,511,-1397
886,511,-1397
886,511,-1397
886,511,-1397
886,511,-1397
886,511,-1397
886,511,-1397
886,511,-1397
886,511,-1397
886,511,-1397
886,511,-1397
886,511,-1397
886,511,-1397
886,511,-1397
886,511,-1397
886,511,-1397
886,511,-1397
886,511,-1397
886,511,-1397
886,511,-1397
886,511,-1397
886,511,-1397
886,511,-1397
886,511,-1397
886,511,-1397
886,511,-1397
886,511,-1397
886,511,-1397
886,511,-1397
886,511,-1397
886,511,-1397
886,511,-1397
886,511,-1397
886,511,-1397
886,511,-1397
886,511,-1397
886,511,-1397
886,511,-1397
886,511,-1397
886,511,-1397
886,511,-1397
886,511,-1397
886,511,-1397
886,511,-1397
886,511,-1397
886,511,-1397
886,511,-1397
886,511,-1397
886,511,-1397
886,511,-1397
886,511,-1397
886,511,-1397
886,511,-1397
886,511,-1397
886,511,-1397
886,511,-1397
886,511,-1397
886,511,-1397
886,511,-1397
886,511,-1397
886,511,-1397
886,511,-1397
886,511,-1397
886,511,-1397
886,511,-1397
886,511,-1397
886,511,-1397
886,511,-1397
886,511,-1397
886,511,-1397
886,511,-1397
886,511,-1397
886,511,-1397
886,511,-1397
886,511,-1397
886,511,-1397
886,511,-1397
886,511,-1397
886,511,-1397
886,511,-1397
886,511,-1397
886,511,-1397
886,511,-1397
886,511,-1397
886,511,-1397
886,511,-1397
886,511,-1397
886,511,-1397
886,511,-1397
886,511,-1397
886,511,-1397
886,511,-1397
886,511,-1397
886,511,-1397
886,511,-1397
886,511,-1397
886,511,-1397
886,511,-1397
886,511,-1397
886,511,-1397
886,511,-1397
886,511,-1397
886,511,-1397
886,511,-1397
886,511,-1397
886,511,-1397
886,511,-1397
886,511,-1397
886,511,-1397
886,511,-1397
886,511,-1397
886,511,-1397
886,511,-1397
886,511,-1397
886,511,-1397
886,511,-1397
886,511,-1397
886,511,-1397
886,511,-1397
886,511,-1397
886,511,-1397
886,511,-1397
886,511,-1397
886,511,-1397
886,511,-1397
886,511,-1397
886,511,-1397
886,511,-1397
886,511,-1397
886,511,-1397
886,511,-1397
886,511,-1397
886,511,-1397
886,511,-1397
886,511,-1397
886,511,-1397
886,511,-1397
886,511,-1397
886,511,-1397
886,511,-1397
886,511,-1397
886,511,-1397
886,511,-1397
886,511,-1397
886,511,-1397
886,511,-1397
886,511,-1397
886,511,-1397
886,511,-1397
886,511,-1397
886,511,-1397
886,511,-1397
886,511,-1397
886,511,-1397
886,511,-1397
886,511,-1397
886,511,-1397
886,511,-1397
886,511,-1397
886,511,-1397
886,511,-1397
886,511,-1397
886,511,-1397
886,511,-1397
886,511,-1397
886,511,-1397
886,511,-1397
886,511,-1397
886,511,-1397
886,511,-1397
886,511,-1397
886,511,-1397
886,511,-1397
886,511,-1397
886,511,-1397
886,511,-1397
886,511,-1397
886,511,-1397
886,511,-1397
886,511,-1397
886,511,-1397
886,511,-1397
886,511,-1397
886,511,-1397
886,511,-1397
886,511,-1397
886,511,-1397
886,511,-1397
886,511,-1397
886,511,-1397
886,511,-1397
886,511,-1397
886,511,-1397
886,511,-1397
886,511,-1397
886,511,-1397
886,511,-1397
886,511,-1397
886,511,-1397
886,511,-1397
886,511,-1397
886,511,-1397
886,511,-1397
886,511,-1397
886,511,-1397
886,511,-1397
886,511,-1397
886,511,-1397
886,511,-1397
886,511,-1397
886,511,-1397
886,511,-1397
886,511,-1397
886,511,-1397
886,511,-1397
886,511,-1397
886,511,-1397
886,511,-1397
886,511,-1397
886,511,-1397
886,511,-1397
886,511,-1397
886,511,-1397
886,511,-1397
886,511,-1397
886,511,-1397
886,511,-1397
886,511,-1397
886,511,-1397
886,511,-1397
886,511,-1397
886,511,-1397
886,511,-1397
886,511,-1397
886,511,-1397
886,511,-1397
886,511,-1397
886,511,-1397
886,511,-1397
886,511,-1397
886,511,-1397
886,511,-1397
886,511,-1397
886,511,-1397
886,511,-1397
886,511,-1397
886,511,-1397
886,511,-1397
886,511,-1397
886,511,-1397
886,511,-1397
886,511,-1397
886,511,-1397
886,511,-1397
886,511,-1397
886,511,-1397
886,511,-1397
886,511,-1397
886,511,-1397
886,511,-1397
886,511,-1397
886,511,-1397
886,511,-1397
886,511,-1397
886,511,-1397
886,511,-1397
886,511,-1397
886,511,-1397
886,511,-1397
886,511,-1397
886,511,-1397
886,511,-1397
886,511,-1397
886,511,-1397
886,511,-1397
886,511,-1397
886,511,-1397
886,511,-1397
886,511,-1397
886,511,-1397
886,511,-1397
886,511,-1397
886,511,-1397
886,511,-1397
886,511,-1397
886,511,-1397
886,511,-1397
886,511,-1397
886,511,-1397
886,511,-1397
886,511,-1397
886,511,-1397
886,511,-1397
886,511,-1397
886,511,-1397
886,511,-1397
886,511,-1397
886,511,-1397
886,511,-1397
886,511,-1397
886,511,-1397
886,511,-1397
886,511,-1397
886,511,-1397
886,511,-1397
886,511,-1397
886,511,-1397
886,511,-1397
886,511,-1397
886,511,-1397
886,511,-1397
886,511,-1397
886,511,-1397
886,511,-1397
886,511,-1397
886,511,-1397
886,511,-1397
886,511,-1397
886,511,-1397
886,511,-1397
886,511,-1397
886,511,-1397
886,511,-1397
886,511,-1397
886,511,-1397
886,511,-1397
886,511,-1397
886,511,-1397
886,511,-1397
886,511,-1397
886,511,-1397
886,511,-1397
886,511,-1397
886,511,-1397
886,511,-1397
886,511,-1397
886,511,-1397
886,511,-1397
886,511,-1397
886,511,-1397
886,511,-1397
886,511,-1397
886,511,-1397
886,511,-1397
886,511,-1397
886,511,-1397
886,511,-1397
886,511,-1397
886,511,-1397
886,511,-1397
886,511,-1397
886,511,-1397
886,511,-1397
886,511,-1397
886,511,-1397
886,511,-1397
886,511,-1397
886,511,-1397
886,511,-1397
886,511,-1397
886,511,-1397
886,511,-1397
886,511,-1397
886,511,-1397
886,511,-1397
886,511,-1397
886,511,-1397
886,511,-1397
886,511,-1397
886,511,-1397
886,511,-1397
886,511,-1397
886,511,-1397
886,511,-1397
886,511,-1397
886,511,-1397
886,511,-1397
886,511,-1397
886,511,-1397
886,511,-1397
886,511,-1397
886,511,-1397
886,511,-1397
886,511,-1397
886,511,-1397
886,511,-1397
886,511,-1397
886,511,-1397
886,511,-1397
886,511,-1397
886,511,-1397
886,511,-1397
886,511,-1397
886,511,-1397
886,511,-1397
886,511,-1397
886,511,-1397
886,511,-1397
886,511,-1397
886,511,-1397
886,511,-1397
886,511,-1397
886,511,-1397
886,511,-1397
886,511,-1397
886,511,-1397
886,511,-1397
886,511,-1397
886,511,-1397
886,511,-1397
886,511,-1397
886,511,-1397
886,511,-1397
886,511,-1397
886,511,-1397
886,511,-1397
886,511,-1397
886,511,-1397
886,511,-1397
886,511,-1397
886,511,-1397
886,511,-1397
886,511,-1397
886,511,-1397
886,511,-1397
886,511,-1397
886,511,-1397
886,511,-1397
886,511,-1397
886,511,-1397
886,511,-1397
886,511,-1397
886,511,-1397
886,511,-1397
886,511,-1397
886,511,-1397
886,511,-1397
886,511,-1397
886,511,-1397
886,511,-1397
886,511,-1397
886,511,-1397
886,511,-1397
886,511,-1397
886,511,-1397
886,511,-1397
886,511,-1397
886,511,-1397
886,511,-1397
886,511,-1397
886,511,-1397
886,511,-1397
886,511,-1397
886,511,-1397
886,511,-1397
886,511,-1397
886,511,-1397
886,511,-1397
886,511,-1397
886,511,-1397
886,511,-1397
886,511,-1397
886,511,-1397
886,511,-1397
886,511,-1397
886,511,-1397
886,511,-1397
886,511,-1397
886,511,-1397
886,511,-1397
886,511,-1397
886,511,-1397
886,511,-1397
886,511,-1397
886,511,-1397
886,511,-1397
886,511,-1397
886,511,-1397
886,511,-1397
886,511,-1397
886,511,-1397
886,511,-1397
886,511,-1397
886,511,-1397
886,511,-1397
886,511,-1397
886,511,-1397
886,511,-1397
886,511,-1397
886,511,-1397
886,511,-1397
886,511,-1397
886,511,-1397
886,511,-1397
886,511,-1397
886,511,-1397
886,511,-1397
886,511,-1397
886,511,-1397
886,511,-1397
886,511,-1397
886,511,-1397
886,511,-1397
886,511,-1397
886,511,-1397
886,511,-1397
886,511,-1397
886,511,-1397
886,511,-1397
886,511,-1397
886,511,-1397
886,511,-1397
886,511,-1397
886,511,-1397
886,511,-1397
886,511,-1397
886,511,-1397
886,511,-1397
886,511,-1397
886,511,-1397
886,511,-1397
886,511,-1397
886,511,-1397
886,511,-1397
886,511,-1397
886,511,-1397
886,511,-1397
886,511,-1397
886,511,-1397
886,511,-1397
886,511,-1397
886,511,-1397
886,511,-1397
886,511,-1397
886,511,-1397
886,511,-1397
886,511,-1397
886,511,-1397
886,511,-1397
886,511,-1397
886,511,-1397
886,511,-1397
886,511,-1397
886,511,-1397
886,511,-1397
886,511,-1397
886,511,-1397
886,511,-1397
886,511,-1397
886,511,-1397
886,511,-1397
886,511,-1397
886,511,-1397
886,511,-1397
886,511,-1397
886,511,-1397
886,511,-1397
886,511,-1397
886,511,-1397
886,511,-1397
886,511,-1397
886,511,-1397
886,511,-1397
886,511,-1397
886,511,-1397
886,511,-1397
886,511,-1397
886,511,-1397
886,511,-1397
886,511,-1397
886,511,-1397
886,511,-1397
886,511,-1397
886,511,-1397
886,511,-1397
886,511,-1397
886,511,-1397
886,511,-1397
886,511,-1397
886,511,-1397
886,511,-1397
886,511,-1397
886,511,-1397
886,511,-1397
886,511,-1397
886,511,-1397
886,511,-1397
886,511,-1397
886,511,-1397
886,511,-1397
886,511,-1397
886,511,-1397
886,511,-1397
886,511,-1397
886,511,-1397
886,511,-1397
886,511,-1397
886,511,-1397
886,511,-1397
886,511,-1397
886,511,-1397
886,511,-1397
886,511,-1397
886,511,-1397
886,511,-1397
886,511,-1397
886,511,-1397
886,511,-1397
886,511,-1397
886,511,-1397
886,511,-1397
886,511,-1397
886,511,-1397
886,511,-1397
886,511,-1397
886,511,-1397
886,511,-1397
886,511,-1397
886,511,-1397
886,511,-1397
886,511,-1397
886,511,-1397
886,511,-1397
886,511,-1397
886,511,-1397
886,511,-1397
886,511,-1397
886,511,-1397
886,511,-1397
886,511,-1397
886,511,-1397
886,511,-1397
886,511,-1397
886,511,-1397
886,511,-1397
886,511,-1397
886,511,-1397
886,511,-1397
886,511,-1397
886,511,-1397
886,511,-1397
886,511,-1397
886,511,-1397
886,511,-1397
886,511,-1397
886,511,-1397
886,511,-1397
886,511,-1397
886,511,-1397
886,511,-1397
886,511,-1397
886,511,-1397
886,511,-1397
886,511,-1397
886,511,-1397
886,511,-1397
886,511,-1397
886,511,-1397
886,511,-1397
886,511,-1397
886,511,-1397
886,511,-1397
886,511,-1397
886,511,-1397
886,511,-1397
886,511,-1397
886,511,-1397
886,511,-1397
886,511,-1397
886,511,-1397
886,511,-1397
886,511,-1397
886,511,-1397
886,511,-1397
886,511,-1397
886,511,-1397
886,511,-1397
886,511,-1397
886,511,-1397
886,511,-1397
886,511,-1397
886,511,-1397
886,511,-1397
886,511,-1397
886,511,-1397
886,511,-1397
886,511,-1397
886,511,-1397
886,511,-1397
886,511,-1397
886,511,-1397
886,511,-1397
886,511,-1397
886,511,-1397
886,511,-1397
886,511,-1397
886,511,-1397
886,511,-1397
886,511,-1397
886,511,-1397
886,511,-1397
886,511,-1397
886,511,-1397
886,511,-1397
886,511,-1397
886,511,-1397
886,511,-1397
886,511,-1397
886,511,-1397
886,511,-1397
886,511,-1397
886,511,-1397
886,511,-1397
886,511,-1397
886,511,-1397
886,511,-1397
886,511,-1397
886,511,-1397
886,511,-1397
886,511,-1397
886,511,-1397
886,511,-1397
886,511,-1397
886,511,-1397
886,511,-1397
886,511,-1397
886,511,-1397
886,511,-1397
886,511,-1397
886,511,-1397
886,511,-1397
886,511,-1397
886,511,-1397
886,511,-1397
886,511,-1397
886,511,-1397
886,511,-1397
886,511,-1397
886,511,-1397
886,511,-1397
886,511,-1397
886,511,-1397
886,511,-1397
886,511,-1397
886,511,-1397
886,511,-1397
886,511,-1397
886,511,-1397
886,511,-1397
886,511,-1397
886,511,-1397
886,511,-1397
886,511,-1397
886,511,-1397
886,511,-1397
886,511,-1397
886,511,-1397
886,511,-1397
886,511,-1397
886,511,-1397
886,511,-1397
886,511,-1397
886,511,-1397
886,511,-1397
886,511,-1397
886,511,-1397
886,511,-1397
886,511,-1397
886,511,-1397
886,511,-1397
886,511,-1397
886,511,-1397
886,511,-1397
886,511,-1397
886,511,-1397
886,511,-1397
886,511,-1397
886,511,-1397
886,511,-1397
886,511,-1397
886,511,-1397
886,511,-1397
886,511,-1397
886,511,-1397
886,511,-1397
886,511,-1397
886,511,-1397
886,511,-1397
886,511,-1397
886,511,-1397
886,511,-1397
886,511,-1397
886,511,-1397
886,511,-1397
886,511,-1397
886,511,-1397
886,511,-1397
886,511,-1397
886,511,-1397
886,511,-1397
886,511,-1397
886,511,-1397
886,511,-1397
886,511,-1397
886,511,-1397
886,511,-1397
886,511,-1397
886,511,-1397
886,511,-1397
886,511,-1397
886,511,-1397
886,511,-1397
886,511,-1397
886,511,-1397
886,511,-1397
886,511,-1397
886,511,-1397
886,511,-1397
886,511,-1397
886,511,-1397
886,511,-1397
886,511,-1397
886,511,-1397
886,511,-1397
886,511,-1397
886,511,-1397
886,511,-1397
886,511,-1397
886,511,-1397
886,511,-1397
886,511,-1397
886,511,-1397
886,511,-1397
886,511,-1397
886,511,-1397
886,511,-1397
886,511,-1397
886,511,-1397
886,511,-1397
886,511,-1397
886,511,-1397
886,511,-1397
886,511,-1397
886,511,-1397
886,511,-1397
886,511,-1397
886,511,-1397
886,511,-1397
886,511,-1397
886,511,-1397
886,511,-1397
886,511,-1397
886,511,-1397
886,511,-1397
886,511,-1397
886,511,-1397
886,511,-1397
886,511,-1397
886,511,-1397
886,511,-1397
886,511,-1397
886,511,-1397
886,511,-1397
886,511,-1397
886,511,-1397
886,511,-1397
886,511,-1397
886,511,-1397
886,511,-1397
886,511,-1397
886,511,-1397
886,511,-1397
886,511,-1397
886,511,-1397
886,511,-1397
886,511,-1397
886,511,-1397
886,511,-1397
886,511,-1397
886,511,-1397
886,511,-1397
886,511,-1397
886,511,-1397
886,511,-1397
886,511,-1397
886,511,-1397
886,511,-1397
886,511,-1397
886,511,-1397
886,511,-1397
886,511,-1397
886,511,-1397
886,511,-1397
886,511,-1397
886,511,-1397
886,511,-1397
886,511,-1397
886,511,-1397
886,511,-1397
886,511,-1397
886,511,-1397
886,511,-1397
886,511,-1397
886,511,-1397
886,511,-1397
886,511,-1397
886,511,-1397
886,511,-1397
886,511,-1397
886,511,-1397
886,511,-1397
886,511,-1397
886,511,-1397
886,511,-1397
886,511,-1397
886,511,-1397
886,511,-1397
886,511,-1397
886,511,-1397
886,511,-1397
886,511,-1397
886,511,-1397
886,511,-1397
886,511,-1397
886,511,-1397
886,511,-1397
886,511,-1397
886,511,-1397
886,511,-1397
886,511,-1397
886,511,-1397
886,511,-1397
886,511,-1397
886,511,-1397
886,511,-1397
886,511,-1397
886,511,-1397
886,511,-1397
886,511,-1397
886,511,-1397
886,511,-1397
886,511,-1397
886,511,-1397
886,511,-1397
886,511,-1397
886,511,-1397
886,511,-1397
886,511,-1397
886,511,-1397
886,511,-1397
886,511,-1397
886,511,-1397
886,511,-1397
886,511,-1397
886,511,-1397
886,511,-1397
886,511,-1397
886,511,-1397
886,511,-1397
886,511,-1397
886,511,-1397
886,511,-1397
886,511,-1397
886,511,-1397
886,511,-1397
886,511,-1397
886,511,-1397
886,511,-1397
886,511,-1397
886,511,-1397
886,511,-1397
886,511,-1397
886,511,-1397
886,511,-1397
886,511,-1397
886,511,-1397
886,511,-1397
886,511,-1397
886,511,-1397
886,511,-1397
886,511,-1397
886,511,-1397
886,511,-1397
886,511,-1397
886,511,-1397
886,511,-1397
886,511,-1397
886,511,-1397
886,511,-1397
886,511,-1397
886,511,-1397
886,511,-1397
886,511,-1397
886,511,-1397
886,511,-1397
886,511,-1397
886,511,-1397
886,511,-1397
886,511,-1397
886,511,-1397
886,511,-1397
886,511,-1397
886,511,-1397
886,511,-1397
886,511,-1397
886,511,-1397
886,511,-1397
886,511,-1397
886,511,-1397
886,511,-1397
886,511,-1397
886,511,-1397
886,511,-1397
886,511,-1397
886,511,-1397
886,511,-1397
886,511,-1397
886,511,-1397
886,511,-1397
886,511,-1397
886,511,-1397
886,511,-1397
886,511,-1397
886,511,-1397
886,511,-1397
886,511,-1397
886,511,-1397
886,511,-1397
886,511,-1397
886,511,-1397
886,511,-1397
886,511,-1397
886,511,-1397
886,511,-1397
886,511,-1397
886,511,-1397
886,511,-1397
886,511,-1397
886,511,-1397
886,511,-1397
886,511,-1397
886,511,-1397
886,511,-1397
886,511,-1397
886,511,-1397
886,511,-1397
886,511,-1397
886,511,-1397
886,511,-1397
886,511,-1397
886,511,-1397
886,511,-1397
886,511,-1397
886,511,-1397
886,511,-1397
886,511,-1397
886,511,-1397
886,511,-1397
886,511,-1397
886,511,-1397
886,511,-1397
886,511,-1397
886,511,-1397
886,511,-1397
886,511,-1397
886,511,-1397
886,511,-1397
886,511,-1397
886,511,-1397
886,511,-1397
886,511,-1397
886,511,-1397
886,511,-1397
886,511,-1397
886,511,-1397
886,511,-1397
886,511,-1397
886,511,-1397
886,511,-1397
886,511,-1397
886,511,-1397
886,511,-1397
886,511,-1397
886,511,-1397
886,511,-1397
886,511,-1397
886,511,-1397
886,511,-1397
886,511,-1397
886,511,-1397
886,511,-1397
886,511,-1397
886,511,-1397
886,511,-1397
886,511,-1397
886,511,-1397
886,511,-1397
886,511,-1397
886,511,-1397
886,511,-1397
886,511,-1397
886,511,-1397
886,511,-1397
886,511,-1397
886,511,-1397
886,511,-1397
886,511,-1397
886,511,-1397
886,511,-1397
886,511,-1397
886,511,-1397
886,511,-1397
886,511,-1397
886,511,-1397
886,511,-1397
886,511,-1397
886,511,-1397
886,511,-1397
886,511,-1397
886,511,-1397
886,511,-1397
886,511,-1397
886,511,-1397
886,511,-1397
886,511,-1397
886,511,-1397
886,511,-1397
886,511,-1397
886,511,-1397
886,511,-1397
886,511,-1397
886,511,-1397
886,511,-1397
886,511,-1397
886,511,-1397
886,511,-1397
886,511,-1397
886,511,-1397
886,511,-1397
886,511,-1397
886,511,-1397
886,511,-1397
886,511,-1397
886,511,-1397
886,511,-1397
886,511,-1397
886,511,-1397
886,511,-1397
886,511,-1397
886,511,-1397
886,511,-1397
886,511,-1397
886,511,-1397
886,511,-1397
886,511,-1397
886,511,-1397
886,511,-1397
886,511,-1397
886,511,-1397
886,511,-1397
886,511,-1397
886,511,-1397
886,511,-1397
886,511,-1397
886,511,-1397
886,511,-1397
886,511,-1397
886,511,-1397
886,511,-1397
886,511,-1397
886,511,-1397
886,511,-1397
886,511,-1397
886,511,-1397
886,511,-1397
886,511,-1397
886,511,-1397
886,511,-1397
886,511,-1397
886,511,-1397
886,511,-1397
886,511,-1397
886,511,-1397
886,511,-1397
886,511,-1397
886,511,-1397
886,511,-1397
886,511,-1397
886,511,-1397
886,511,-1397
886,511,-1397
886,511,-1397
886,511,-1397
886,511,-1397
886,511,-1397
886,511,-1397
886,511,-1397
886,511,-1397
886,511,-1397
886,511,-1397
886,511,-1397
886,511,-1397
886,511,-1397
886,511,-1397
886,511,-1397
886,511,-1397
886,511,-1397
886,511,-1397
886,511,-1397
886,511,-1397
886,511,-1397
886,511,-1397
886,511,-1397
886,511,-1397
886,511,-1397
886,511,-1397
886,511,-1397
886,511,-1397
886,511,-1397
886,511,-1397
886,511,-1397
886,511,-1397
886,511,-1397
886,511,-1397
886,511,-1397
886,511,-1397
886,511,-1397
886,511,-1397
886,511,-1397
886,511,-1397
886,511,-1397
886,511,-1397
886,511,-1397
886,511,-1397
886,511,-1397
886,511,-1397
886,511,-1397
886,511,-1397
886,511,-1397
886,511,-1397
886,511,-1397
886,511,-1397
886,511,-1397
886,511,-1397
886,511,-1397
886,511,-1397
886,511,-1397
886,511,-1397
886,511,-1397
886,511,-1397
886,511,-1397
886,511,-1397
886,511,-1397
886,511,-1397
886,511,-1397
886,511,-1397
886,511,-1397
886,511,-1397
886,511,-1397
886,511,-1397
886,511,-1397
886,511,-1397
886,511,-1397
886,511,-1397
886,511,-1397
886,511,-1397
886,511,-1397
886,511,-1397
886,511,-1397
886,511,-1397
886,511,-1397
886,511,-1397
886,511,-1397
886,511,-1397
886,511,-1397
886,511,-1397
886,511,-1397
886,511,-1397
886,511,-1397
886,511,-1397
886,511,-1397
886,511,-1397
886,511,-1397
886,511,-1397
886,511,-1397
886,511,-1397
886,511,-1397
886,511,-1397
886,511,-1397
886,511,-1397
886,511,-1397
886,511,-1397
886,511,-1397
886,511,-1397
886,511,-1397
886,511,-1397
886,511,-1397
886,511,-1397
886,511,-1397
886,511,-1397
886,511,-1397
886,511,-1397
886,511,-1397
886,511,-1397
886,511,-1397
886,511,-1397
886,511,-1397
886,511,-1397
886,511,-1397
886,511,-1397
886,511,-1397
886,511,-1397
886,511,-1397
886,511,-1397
886,511,-1397
886,511,-1397
886,511,-1397
886,511,-1397
886,511,-1397
886,511,-1397
886,511,-1397
886,511,-1397
886,511,-1397
886,511,-1397
886,511,-1397
886,511,-1397
886,511,-1397
886,511,-1397
886,511,-1397
886,511,-1397
886,511,-1397
886,511,-1397
886,511,-1397
886,511,-1397
886,511,-1397
886,511,-1397
886,511,-1397
886,511,-1397
886,511,-1397
886,511,-1397
886,511,-1397
886,511,-1397
886,511,-1397
886,511,-1397
886,511,-1397
886,511,-1397
886,511,-1397
886,511,-1397
886,511,-1397
886,511,-1397
886,511,-1397
886,511,-1397
886,511,-1397
886,511,-1397
886,511,-1397
886,511,-1397
886,511,-1397
886,511,-1397
886,511,-1397
886,511,-1397
886,511,-1397
886,511,-1397
886,511,-1397
886,511,-1397
886,511,-1397
886,511,-1397
886,511,-1397
886,511,-1397
886,511,-1397
886,511,-1397
886,511,-1397
886,511,-1397
886,511,-1397
886,511,-1397
886,511,-1397
886,511,-1397
886,511,-1397
886,511,-1397
886,511,-1397
886,511,-1397
886,511,-1397
886,511,-1397
886,511,-1397
886,511,-1397
886,511,-1397
886,511,-1397
886,511,-1397
886,511,-1397
886,511,-1397
886,511,-1397
886,511,-1397
886,511,-1397
886,511,-1397
886,511,-1397
886,511,-1397
886,511,-1397
886,511,-1397
886,511,-1397
886,511,-1397
886,511,-1397
886,511,-1397
886,511,-1397
886,511,-1397
886,511,-1397
886,511,-1397
886,511,-1397
886,511,-1397
886,511,-1397
886,511,-1397
886,511,-1397
886,511,-1397
886,511,-1397
886,511,-1397
886,511,-1397
886,511,-1397
886,511,-1397
886,511,-1397
886,511,-1397
886,511,-1397
886,511,-1397
886,511,-1397
886,511,-1397
886,511,-1397
886,511,-1397
886,511,-1397
886,511,-1397
886,511,-1397
886,511,-1397
886,511,-1397
886,511,-1397
886,511,-1397
886,511,-1397
886,511,-1397
886,511,-1397
886,511,-1397
886,511,-1397
886,511,-1397
886,511,-1397
886,511,-1397
886,511,-1397
886,511,-1397
886,511,-1397
886,511,-1397
886,511,-1397
886,511,-1397
886,511,-1397
886,511,-1397
886,511,-1397
886,511,-1397
886,511,-1397
886,511,-1397
886,511,-1397
886,511,-1397
886,511,-1397
886,511,-1397
886,511,-1397
886,511,-1397
886,511,-1397
886,511,-1397
886,511,-1397
886,511,-1397
886,511,-1397
886,511,-1397
886,511,-1397
886,511,-1397
886,511,-1397
886,511,-1397
886,511,-1397
886,511,-1397
886,511,-1397
886,511,-1397
886,511,-1397
886,511,-1397
886,511,-1397
886,511,-1397
886,511,-1397
886,511,-1397
886,511,-1397
886,511,-1397
886,511,-1397
886,511,-1397
886,511,-1397
886,511,-1397
886,511,-1397
886,511,-1397
886,511,-1397
886,511,-1397
886,511,-1397
886,511,-1397
886,511,-1397
886,511,-1397
886,511,-1397
886,511,-1397
886,511,-1397
886,511,-1397
886,511,-1397
886,511,-1397
886,511,-1397
886,511,-1397
886,511,-1397
886,511,-1397
886,511,-1397
886,511,-1397
886,511,-1397
886,511,-1397
886,511,-1397
886,511,-1397
886,511,-1397
886,511,-1397
886,511,-1397
886,511,-1397
886,511,-1397
886,511,-1397
886,511,-1397
886,511,-1397
886,511,-1397
886,511,-1397
886,511,-1397
886,511,-1397
886,511,-1397
886,511,-1397
886,511,-1397
886,511,-1397
886,511,-1397
886,511,-1397
886,511,-1397
886,511,-1397
886,511,-1397
886,511,-1397
886,511,-1397
886,511,-1397
886,511,-1397
886,511,-1397
886,511,-1397
886,511,-1397
886,511,-1397
886,511,-1397
886,511,-1397
886,511,-1397
886,511,-1397
886,511,-1397
886,511,-1397
886,511,-1397
886,511,-1397
886,511,-1397
886,511,-1397
886,511,-1397
886,511,-1397
886,511,-1397
886,511,-1397
886,511,-1397
886,511,-1397
886,511,-1397
886,511,-1397
886,511,-1397
886,511,-1397
886,511,-1397
886,511,-1397
886,511,-1397
886,511,-1397
886,511,-1397
886,511,-1397
886,511,-1397
886,511,-1397
886,511,-1397
886,511,-1397
886,511,-1397
886,511,-1397
886,511,-1397
886,511,-1397
886,511,-1397
886,511,-1397
886,511,-1397
886,511,-1397
886,511,-1397
886,511,-1397
886,511,-1397
886,511,-1397
886,511,-1397
886,511,-1397
886,511,-1397
886,511,-1397
886,511,-1397
886,511,-1397
886,511,-1397
886,511,-1397
886,511,-1397
886,511,-1397
886,511,-1397
886,511,-1397
886,511,-1397
886,511,-1397
886,511,-1397
886,511,-1397
886,511,-1397
886,511,-1397
886,511,-1397
886,511,-1397
886,511,-1397
886,511,-1397
886,511,-1397
886,511,-1397
886,511,-1397
886,511,-1397
886,511,-1397
886,511,-1397
886,511,-1397
886,511,-1397
886,511,-1397
886,511,-1397
886,511,-1397
886,511,-1397
886,511,-1397
886,511,-1397
886,511,-1397
886,511,-1397
886,511,-1397
886,511,-1397
886,511,-1397
886,511,-1397
886,511,-1397
886,511,-1397
886,511,-1397
886,511,-1397
886,511,-1397
886,511,-1397
886,511,-1397
886,511,-1397
886,511,-1397
886,511,-1397
886,511,-1397
886,511,-1397
886,511,-1397
886,511,-1397
886,511,-1397
886,511,-1397
886,511,-1397
886,511,-1397
886,511,-1397
886,511,-1397
886,511,-1397
886,511,-1397
886,511,-1397
886,511,-1397
886,511,-1397
886,511,-1397
886,511,-1397
886,511,-1397
886,511,-1397
886,511,-1397
886,511,-1397
886,511,-1397
886,511,-1397
886,511,-1397
886,511,-1397
886,511,-1397
886,511,-1397
886,511,-1397
886,511,-1397
886,511,-1397
886,511,-1397
886,511,-1397
886,511,-1397
886,511,-1397
886,511,-1397
886,511,-1397
886,511,-1397
886,511,-1397
886,511,-1397
886,511,-1397
886,511,-1397
886,511,-1397
886,511,-1397
886,511,-1397
886,511,-1397
886,511,-1397
886,511,-1397
886,511,-1397
886,511,-1397
886,511,-1397
886,511,-1397
886,511,-1397
886,511,-1397
886,511,-1397
886,511,-1397
886,511,-1397
886,511,-1397
886,511,-1397
886,511,-1397
886,511,-1397
886,511,-1397
886,511,-1397
886,511,-1397
886,511,-1397
886,511,-1397
886,511,-1397
886,511,-1397
886,511,-1397
886,511,-1397
886,511,-1397
886,511,-1397
886,511,-1397
886,511,-1397
886,511,-1397
886,511,-1397
886,511,-1397
886,511,-1397
886,511,-1397
886,511,-1397
886,511,-1397
886,511,-1397
886,511,-1397
886,511,-1397
886,511,-1397
886,511,-1397
886,511,-1397
886,511,-1397
886,511,-1397
886,511,-1397
886,511,-1397
886,511,-1397
886,511,-1397
886,511,-1397
886,511,-1397
886,511,-1397
886,511,-1397
886,511,-1397
886,511,-1397
886,511,-1397
886,511,-1397
886,511,-1397
886,511,-1397
886,511,-1397
886,511,-1397
886,511,-1397
886,511,-1397
886,511,-1397
886,511,-1397
886,511,-1397
886,511,-1397
886,511,-1397
886,511,-1397
886,511,-1397
886,511,-1397
886,511,-1397
886,511,-1397
886,511,-1397
886,511,-1397
886,511,-1397
886,511,-1397
886,511,-1397
886,511,-1397
886,511,-1397
886,511,-1397
886,511,-1397
886,511,-1397
886,511,-1397
886,511,-1397
886,511,-1397
886,511,-1397
886,511,-1397
886,511,-1397
886,511,-1397
886,511,-1397
886,511,-1397
886,511,-1397
886,511,-1397
886,511,-1397
886,511,-1397
886,511,-1397
886,511,-1397
886,511,-1397
886,511,-1397
886,511,-1397
886,511,-1397
886,511,-1397
886,511,-1397
886,511,-1397
886,511,-1397
886,511,-1397
886,511,-1397
886,511,-1397
886,511,-1397
886,511,-1397
886,511,-1397
886,511,-1397
886,511,-1397
886,511,-1397
886,511,-1397
886,511,-1397
886,511,-1397
886,511,-1397
886,511,-1397
886,511,-1397
886,511,-1397
886,511,-1397
886,511,-1397
886,511,-1397
886,511,-1397
886,511,-1397
886,511,-1397
886,511,-1397
886,511,-1397
886,511,-1397
886,511,-1397
886,511,-1397
886,511,-1397
886,511,-1397
886,511,-1397
886,511,-1397
886,511,-1397
886,511,-1397
886,511,-1397
886,511,-1397
886,511,-1397
886,511,-1397
886,511,-1397
886,511,-1397
886,511,-1397
886,511,-1397
886,511,-1397
886,511,-1397
886,511,-1397
886,511,-1397
886,511,-1397
886,511,-1397
886,511,-1397
886,511,-1397
886,511,-1397
886,511,-1397
886,511,-1397
886,511,-1397
886,511,-1397
886,511,-1397
886,511,-1397
886,511,-1397
886,511,-1397
886,511,-1397
886,511,-1397
886,511,-1397
886,511,-1397
886,511,-1397
886,511,-1397
886,511,-1397
886,511,-1397
886,511,-1397
886,511,-1397
886,511,-1397
886,511,-1397
886,511,-1397
886,511,-1397
886,511,-1397
886,511,-1397
886,511,-1397
886,511,-1397
886,511,-1397
886,511,-1397
886,511,-1397
886,511,-1397
886,511,-1397
886,511,-1397
886,511,-1397
886,511,-1397
886,511,-1397
886,511,-1397
886,511,-1397
886,511,-1397
886,511,-1397
886,511,-1397
886,511,-1397
886,511,-1397
886,511,-1397
886,511,-1397
886,511,-1397
886,511,-1397
886,511,-1397
886,511,-1397
886,511,-1397
886,511,-1397
886,511,-1397
886,511,-1397
886,511,-1397
886,511,-1397
886,511,-1397
886,511,-1397
886,511,-1397
886,511,-1397
886,511,-1397
886,511,-1397
886,511,-1397
886,511,-1397
886,511,-1397
886,511,-1397
886,511,-1397
886,511,-1397
886,511,-1397
886,511,-1397
886,511,-1397
886,511,-1397
886,511,-1397
886,511,-1397
886,511,-1397
886,511,-1397
886,511,-1397
886,511,-1397
886,511,-1397
886,511,-1397
886,511,-1397
886,511,-1397
886,511,-1397
886,511,-1397
886,511,-1397
886,511,-1397
886,511,-1397
886,511,-1397
886,511,-1397
886,511,-1397
886,511,-1397
886,511,-1397
886,511,-1397
886,511,-1397
886,511,-1397
886,511,-1397
886,511,-1397
886,511,-1397
886,511,-1397
886,511,-1397
886,511,-1397
886,511,-1397
886,511,-1397
886,511,-1397
886,511,-1397
886,511,-1397
886,511,-1397
886,511,-1397
886,511,-1397
886,511,-1397
886,511,-1397
886,511,-1397
886,511,-1397
886,511,-1397
886,511,-1397
886,511,-1397
886,511,-1397
886,511,-1397
886,511,-1397
886,511,-1397
886,511,-1397
886,511,-1397
886,511,-1397
886,511,-1397
886,511,-1397
886,511,-1397
886,511,-1397
886,511,-1397
886,511,-1397
886,511,-1397
886,511,-1397
886,511,-1397
886,511,-1397
886,511,-1397
886,511,-1397
886,511,-1397
886,511,-1397
886,511,-1397
886,511,-1397
886,511,-1397
886,511,-1397
886,511,-1397
886,511,-1397
886,511,-1397
886,511,-1397
886,511,-1397
886,511,-1397
886,511,-1397
886,511,-1397
886,511,-1397
886,511,-1397
886,511,-1397
886,511,-1397
886,511,-1397
886,511,-1397
886,511,-1397
886,511,-1397
886,511,-1397
886,511,-1397
886,511,-1397
886,511,-1397
886,511,-1397
886,511,-1397
886,511,-1397
886,511,-1397
886,511,-1397
886,511,-1397
886,511,-1397
886,511,-1397
886,511,-1397
886,511,-1397
886,511,-1397
886,511,-1397
886,511,-1397
886,511,-1397
886,511,-1397
886,511,-1397
886,511,-1397
886,511,-1397
886,511,-1397
886,511,-1397
886,511,-1397
886,511,-1397
886,511,-1397
886,511,-1397
886,511,-1397
886,511,-1397
886,511,-1397
886,511,-1397
886,511,-1397
886,511,-1397
886,511,-1397
886,511,-1397
886,511,-1397
886,511,-1397
886,511,-1397
886,511,-1397
886,511,-1397
886,511,-1397
886,511,-1397
886,511,-1397
886,511,-1397
886,511,-1397
886,511,-1397
886,511,-1397
886,511,-1397
886,511,-1397
886,511,-1397
886,511,-1397
886,511,-1397
886,511,-1397
886,511,-1397
886,511,-1397
886,511,-1397
886,511,-1397
886,511,-1397
886,511,-1397
886,511,-1397
886,511,-1397
886,511,-1397
886,511,-1397
886,511,-1397
886,511,-1397
886,511,-1397
886,511,-1397
886,511,-1397
886,511,-1397
886,511,-1397
886,511,-1397
886,511,-1397
886,511,-1397
886,511,-1397
886,511,-1397
886,511,-1397
886,511,-1397
886,511,-1397
886,511,-1397
886,511,-1397
886,511,-1397
886,511,-1397
886,511,-1397
886,511,-1397
886,511,-1397
886,511,-1397
886,511,-1397
886,511,-1397
886,511,-1397
886,511,-1397
886,511,-1397
886,511,-1397
886,511,-1397
886,511,-1397
886,511,-1397
886,511,-1397
886,511,-1397
886,511,-1397
886,511,-1397
886,511,-1397
886,511,-1397
886,511,-1397
886,511,-1397
886,511,-1397
886,511,-1397
886,511,-1397
886,511,-1397
886,511,-1397
886,511,-1397
886,511,-1397
886,511,-1397
886,511,-1397
886,511,-1397
886,511,-1397
886,511,-1397
886,511,-1397
886,511,-1397
886,511,-1397
886,511,-1397
886,511,-1397
886,511,-1397
886,511,-1397
886,511,-1397
886,511,-1397
886,511,-1397
886,511,-1397
886,511,-1397
886,511,-1397
886,511,-1397
886,511,-1397
886,511,-1397
886,511,-1397
886,511,-1397
886,511,-1397
886,511,-1397
886,511,-1397
886,511,-1397
886,511,-1397
886,511,-1397
886,511,-1397
886,511,-1397
886,511,-1397
886,511,-1397
886,511,-1397
886,511,-1397
886,511,-1397
886,511,-1397
886,511,-1397
886,511,-1397
886,511,-1397
886,511,-1397
886,511,-1397
886,511,-1397
886,511,-1397
886,511,-1397
886,511,-1397
886,511,-1397
886,511,-1397
886,511,-1397
886,511,-1397
886,511,-1397
886,511,-1397
886,511,-1397
886,511,-1397
886,511,-1397
886,511,-1397
886,511,-1397
886,511,-1397
886,511,-1397
886,511,-1397
886,511,-1397
886,511,-1397
886,511,-1397
886,511,-1397
886,511,-1397
886,511,-1397
886,511,-1397
886,511,-1397
886,511,-1397
886,511,-1397
886,511,-1397
886,511,-1397
886,511,-1397
886,511,-1397
886,511,-1397
886,511,-1397
886,511,-1397
886,511,-1397
886,511,-1397
886,511,-1397
886,511,-1397
886,511,-1397
886,511,-1397
886,511,-1397
886,511,-1397
886,511,-1397
886,511,-1397
886,511,-1397
886,511,-1397
886,511,-1397
886,511,-1397
886,511,-1397
886,511,-1397
886,511,-1397
886,511,-1397
886,511,-1397
886,511,-1397
886,511,-1397
886,511,-1397
886,511,-1397
886,511,-1397
886,511,-1397
886,511,-1397
886,511,-1397
886,511,-1397
886,511,-1397
886,511,-1397
886,511,-1397
886,511,-1397
886,511,-1397
886,511,-1397
886,511,-1397
886,511,-1397
886,511,-1397
886,511,-1397
886,511,-1397
886,511,-1397
886,511,-1397
886,511,-1397
886,511,-1397
886,511,-1397
886,511,-1397
886,511,-1397
886,511,-1397
886,511,-1397
886,511,-1397
886,511,-1397
886,511,-1397
886,511,-1397
886,511,-1397
886,511,-1397
886,511,-1397
886,511,-1397
886,511,-1397
886,511,-1397
886,511,-1397
886,511,-1397
886,511,-1397
886,511,-1397
886,511,-1397
886,511,-1397
886,511,-1397
886,511,-1397
886,511,-1397
886,511,-1397
886,511,-1397
886,511,-1397
886,511,-1397
886,511,-1397
886,511,-1397
886,511,-1397
886,511,-1397
886,511,-1397
886,511,-1397
886,511,-1397
886,511,-1397
886,511,-1397
886,511,-1397
886,511,-1397
886,511,-1397
886,511,-1397
886,511,-1397
886,511,-1397
886,511,-1397
886,511,-1397
886,511,-1397
886,511,-1397
886,511,-1397
886,511,-1397
886,511,-1397
886,511,-1397
886,511,-1397
886,511,-1397
886,511,-1397
886,511,-1397
886,511,-1397
886,511,-1397
886,511,-1397
886,511,-1397
886,511,-1397
886,511,-1397
886,511,-1397
886,511,-1397
886,511,-1397
886,511,-1397
886,511,-1397
886,511,-1397
886,511,-1397
886,511,-1397
886,511,-1397
886,511,-1397
886,511,-1397
886,511,-1397
886,511,-1397
886,511,-1397
886,511,-1397
886,511,-1397
886,511,-1397
886,511,-1397
886,511,-1397
886,511,-1397
886,511,-1397
886,511,-1397
886,511,-1397
886,511,-1397
886,511,-1397
886,511,-1397
886,511,-1397
886,511,-1397
886,511,-1397
886,511,-1397
886,511,-1397
886,511,-1397
886,511,-1397
886,511,-1397
886,511,-1397
886,511,-1397
886,511,-1397
886,511,-1397
886,511,-1397
886,511,-1397
886,511,-1397
886,511,-1397
886,511,-1397
886,511,-1397
886,511,-1397
886,511,-1397
886,511,-1397
886,511,-1397
886,511,-1397
886,511,-1397
886,511,-1397
886,511,-1397
886,511,-1397
886,511,-1397
886,511,-1397
886,511,-1397
886,511,-1397
886,511,-1397
886,511,-1397
886,511,-1397
886,511,-1397
886,511,-1397
886,511,-1397
886,511,-1397
886,511,-1397
886,511,-1397
886,511,-1397
886,511,-1397
886,511,-1397
886,511,-1397
886,511,-1397
886,511,-1397
886,511,-1397
886,511,-1397
886,511,-1397
886,511,-1397
886,511,-1397
886,511,-1397
886,511,-1397
886,511,-1397
886,511,-1397
886,511,-1397
886,511,-1397
886,511,-1397
886,511,-1397
886,511,-1397
886,511,-1397
886,511,-1397
886,511,-1397
886,511,-1397
886,511,-1397
886,511,-1397
886,511,-1397
886,511,-1397
886,511,-1397
886,511,-1397
886,511,-1397
886,511,-1397
886,511,-1397
886,511,-1397
886,511,-1397
886,511,-1397
886,511,-1397
886,511,-1397
886,511,-1397
886,511,-1397
886,511,-1397
886,511,-1397
886,511,-1397
886,511,-1397
886,511,-1397
886,511,-1397
886,511,-1397
886,511,-1397
886,511,-1397
886,511,-1397
886,511,-1397
886,511,-1397
886,511,-1397
886,511,-1397
886,511,-1397
886,511,-1397
886,511,-1397
886,511,-1397
886,511,-1397
886,511,-1397
886,511,-1397
886,511,-1397
886,511,-1397
886,511,-1397
886,511,-1397
886,511,-1397
886,511,-1397
886,511,-1397
886,511,-1397
886,511,-1397
886,511,-1397
886,511,-1397
886,511,-1397
886,511,-1397
886,511,-1397
886,511,-1397
886,511,-1397
886,511,-1397
886,511,-1397
886,511,-1397
886,511,-1397
886,511,-1397
886,511,-1397
886,511,-1397
886,511,-1397
886,511,-1397
886,511,-1397
886,511,-1397
886,511,-1397
886,511,-1397
886,511,-1397
886,511,-1397
886,511,-1397
886,511,-1397
886,511,-1397
886,511,-1397
886,511,-1397
886,511,-1397
886,511,-1397
886,511,-1397
886,511,-1397
886,511,-1397
886,511,-1397
886,511,-1397
886,511,-1397
886,511,-1397
886,511,-1397
886,511,-1397
886,511,-1397
886,511,-1397
886,511,-1397
886,511,-1397
886,511,-1397
886,511,-1397
886,511,-1397
886,511,-1397
886,511,-1397
886,511,-1397
886,511,-1397
886,511,-1397
886,511,-1397
886,511,-1397
886,511,-1397
886,511,-1397
886,511,-1397
886,511,-1397
886,511,-1397
886,511,-1397
886,511,-1397
886,511,-1397
886,511,-1397
886,511,-1397
886,511,-1397
886,511,-1397
886,511,-1397
886,511,-1397
886,511,-1397
886,511,-1397
886,511,-1397
886,511,-1397
886,511,-1397
886,511,-1397
886,511,-1397
886,511,-1397
886,511,-1397
886,511,-1397
886,511,-1397
886,511,-1397
886,511,-1397
886,511,-1397
886,511,-1397
886,511,-1397
886,511,-1397
886,511,-1397
886,511,-1397
886,511,-1397
886,511,-1397
886,511,-1397
886,511,-1397
886,511,-1397
886,511,-1397
886,511,-1397
886,511,-1397
886,511,-1397
886,511,-1397
886,511,-1397
886,511,-1397
886,511,-1397
886,511,-1397
886,511,-1397
886,511,-1397
886,511,-1397
886,511,-1397
886,511,-1397
886,511,-1397
886,511,-1397
886,511,-1397
886,511,-1397
886,511,-1397
886,511,-1397
886,511,-1397
886,511,-1397
886,511,-1397
886,511,-1397
886,511,-1397
886,511,-1397
886,511,-1397
886,511,-1397
886,511,-1397
886,511,-1397
886,511,-1397
886,511,-1397
886,511,-1397
886,511,-1397
886,511,-1397
886,511,-1397
886,511,-1397
886,511,-1397
886,511,-1397
886,511,-1397
886,511,-1397
886,511,-1397
886,511,-1397
886,511,-1397
886,511,-1397
886,511,-1397
886,511,-1397
886,511,-1397
886,511,-1397
886,511,-1397
886,511,-1397
886,511,-1397
886,511,-1397
886,511,-1397
886,511,-1397
886,511,-1397
886,511,-1397
886,511,-1397
886,511,-1397
886,511,-1397
886,511,-1397
886,511,-1397
886,511,-1397
886,511,-1397
886,511,-1397
886,511,-1397
886,511,-1397
886,511,-1397
886,511,-1397
886,511,-1397
886,511,-1397
886,511,-1397
886,511,-1397
886,511,-1397
886,511,-1397
886,511,-1397
886,511,-1397
886,511,-1397
886,511,-1397
886,511,-1397
886,511,-1397
886,511,-1397
886,511,-1397
886,511,-1397
886,511,-1397
886,511,-1397
886,511,-1397
886,511,-1397
886,511,-1397
886,511,-1397
886,511,-1397
886,511,-1397
886,511,-1397
886,511,-1397
886,511,-1397
886,511,-1397
886,511,-1397
886,511,-1397
886,511,-1397
886,511,-1397
886,511,-1397
886,511,-1397
886,511,-1397
886,511,-1397
886,511,-1397
886,511,-1397
886,511,-1397
886,511,-1397
886,511,-1397
886,511,-1397
886,511,-1397
886,511,-1397
886,511,-1397
886,511,-1397
886,511,-1397
886,511,-1397
886,511,-1397
886,511,-1397
886,511,-1397
886,511,-1397
886,511,-1397
886,511,-1397
886,511,-1397
886,511,-1397
886,511,-1397
886,511,-1397
886,511,-1397
886,511,-1397
886,511,-1397
886,511,-1397
886,511,-1397
886,511,-1397
886,511,-1397
886,511,-1397
886,511,-1397
886,511,-1397
886,511,-1397
886,511,-1397
886,511,-1397
886,511,-1397
886,511,-1397
886,511,-1397
886,511,-1397
886,511,-1397
886,511,-1397
886,511,-1397
886,511,-1397
886,511,-1397
886,511,-1397
886,511,-1397
886,511,-1397
886,511,-1397
886,511,-1397
886,511,-1397
886,511,-1397
886,511,-1397
886,511,-1397
886,511,-1397
886,511,-1397
886,511,-1397
886,511,-1397
886,511,-1397
886,511,-1397
886,511,-1397
886,511,-1397
886,511,-1397
886,511,-1397
886,511,-1397
886,511,-1397
886,511,-1397
886,511,-1397
886,511,-1397
886,511,-1397
886,511,-1397
886,511,-1397
886,511,-1397
886,511,-1397
886,511,-1397
886,511,-1397
886,511,-1397
886,511,-1397
886,511,-1397
886,511,-1397
886,511,-1397
886,511,-1397
886,511,-1397
886,511,-1397
886,511,-1397
886,511,-1397
886,511,-1397
886,511,-1397
886,511,-1397
886,511,-1397
886,511,-1397
886,511,-1397
886,511,-1397
886,511,-1397
886,511,-1397
886,511,-1397
886,511,-1397
886,511,-1397
886,511,-1397
886,511,-1397
886,511,-1397
886,511,-1397
886,511,-1397
886,511,-1397
886,511,-1397
886,511,-1397
886,511,-1397
886,511,-1397
886,511,-1397
886,511,-1397
886,511,-1397
886,511,-1397
886,511,-1397
886,511,-1397
886,511,-1397
886,511,-1397
886,511,-1397
886,511,-1397
886,511,-1397
886,511,-1397
886,511,-1397
886,511,-1397
886,511,-1397
886,511,-1397
886,511,-1397
886,511,-1397
886,511,-1397
886,511,-1397
886,511,-1397
886,511,-1397
886,511,-1397
886,511,-1397
886,511,-1397
886,511,-1397
886,511,-1397
886,511,-1397
886,511,-1397
886,511,-1397
886,511,-1397
886,511,-1397
886,511,-1397
886,511,-1397
886,511,-1397
886,511,-1397
886,511,-1397
886,511,-1397
886,511,-1397
886,511,-1397
886,511,-1397
886,511,-1397
886,511,-1397
886,511,-1397
886,511,-1397
886,511,-1397
886,511,-1397
886,511,-1397
886,511,-1397
886,511,-1397
886,511,-1397
886,511,-1397
886,511,-1397
886,511,-1397
886,511,-1397
886,511,-1397
886,511,-1397
886,511,-1397
886,511,-1397
886,511,-1397
886,511,-1397
886,511,-1397
886,511,-1397
886,511,-1397
886,511,-1397
886,511,-1397
886,511,-1397
886,511,-1397
886,511,-1397
886,511,-1397
886,511,-1397
886,511,-1397
886,511,-1397
886,511,-1397
886,511,-1397
886,511,-1397
886,511,-1397
886,511,-1397
886,511,-1397
886,511,-1397
886,511,-1397
886,511,-1397
886,511,-1397
886,511,-1397
886,511,-1397
886,511,-1397
886,511,-1397
886,511,-1397
886,511,-1397
886,511,-1397
886,511,-1397
886,511,-1397
886,511,-1397
886,511,-1397
886,511,-1397
886,511,-1397
886,511,-1397
886,511,-1397
886,511,-1397
886,511,-1397
886,511,-1397
886,511,-1397
886,511,-1397
886,511,-1397
886,511,-1397
886,511,-1397
886,511,-1397
886,511,-1397
886,511,-1397
886,511,-1397
886,511,-1397
886,511,-1397
886,511,-1397
886,511,-1397
886,511,-1397
886,511,-1397
886,511,-1397
886,511,-1397
886,511,-1397
886,511,-1397
886,511,-1397
886,511,-1397
886,511,-1397
886,511,-1397
886,511,-1397
886,511,-1397
886,511,-1397
886,511,-1397
886,511,-1397
886,511,-1397
886,511,-1397
886,511,-1397
886,511,-1397
886,511,-1397
886,511,-1397
886,511,-1397
886,511,-1397
886,511,-1397
886,511,-1397
886,511,-1397
886,511,-1397
886,511,-1397
886,511,-1397
886,511,-1397
886,511,-1397
886,511,-1397
886,511,-1397
886,511,-1397
886,511,-1397
886,511,-1397
886,511,-1397
886,511,-1397
886,511,-1397
886,511,-1397
886,511,-1397
886,511,-1397
886,511,-1397
886,511,-1397
886,511,-1397
886,511,-1397
886,511,-1397
886,511,-1397
886,511,-1397
886,511,-1397
886,511,-1397
886,511,-1397
886,511,-1397
886,511,-1397
886,511,-1397
886,511,-1397
886,511,-1397
886,511,-1397
886,511,-1397
886,511,-1397
886,511,-1397
886,511,-1397
886,511,-1397
886,511,-1397
886,511,-1397
886,511,-1397
886,511,-1397
886,511,-1397
886,511,-1397
886,511,-1397
886,511,-1397
886,511,-1397
886,511,-1397
886,511,-1397
886,511,-1397
886,511,-1397
886,511,-1397
886,511,-1397
886,511,-1397
886,511,-1397
886,511,-1397
886,511,-1397
886,511,-1397
886,511,-1397
886,511,-1397
886,511,-1397
886,511,-1397
886,511,-1397
886,511,-1397
886,511,-1397
886,511,-1397
886,511,-1397
886,511,-1397
886,511,-1397
886,511,-1397
886,511,-1397
886,511,-1397
886,511,-1397
886,511,-1397
886,511,-1397
886,511,-1397
886,511,-1397
886,511,-1397
886,511,-1397
886,511,-1397
886,511,-1397
886,511,-1397
886,511,-1397
886,511,-1397
886,511,-1397
886,511,-1397
886,511,-1397
886,511,-1397
886,511,-1397
886,511,-1397
886,511,-1397
886,511,-1397
886,511,-1397
886,511,-1397
886,511,-1397
886,511,-1397
886,511,-1397
886,511,-1397
886,511,-1397
886,511,-1397
886,511,-1397
886,511,-1397
886,511,-1397
886,511,-1397
886,511,-1397
886,511,-1397
886,511,-1397
886,511,-1397
886,511,-1397
886,511,-1397
886,511,-1397
886,511,-1397
886,511,-1397
886,511,-1397
886,511,-1397
886,511,-1397
886,511,-1397
886,511,-1397
886,511,-1397
886,511,-1397
886,511,-1397
886,511,-1397
886,511,-1397
886,511,-1397
886,511,-1397
886,511,-1397
886,511,-1397
886,511,-1397
886,511,-1397
886,511,-1397
886,511,-1397
886,511,-1397
886,511,-1397
886,511,-1397
886,511,-1397
886,511,-1397
886,511,-1397
886,511,-1397
886,511,-1397
886,511,-1397
886,511,-1397
886,511,-1397
886,511,-1397
886,511,-1397
886,511,-1397
886,511,-1397
886,511,-1397
886,511,-1397
886,511,-1397
886,511,-1397
886,511,-1397
886,511,-1397
886,511,-1397
886,511,-1397
886,511,-1397
886,511,-1397
886,511,-1397
886,511,-1397
886,511,-1397
886,511,-1397
886,511,-1397
886,511,-1397
886,511,-1397
886,511,-1397
886,511,-1397
886,511,-1397
886,511,-1397
886,511,-1397
886,511,-1397
886,511,-1397
886,511,-1397
886,511,-1397
886,511,-1397
886,511,-1397
886,511,-1397
886,511,-1397
886,511,-1397
886,511,-1397
886,511,-1397
886,511,-1397
886,511,-1397
886,511,-1397
886,511,-1397
886,511,-1397
886,511,-1397
886,511,-1397
886,511,-1397
886,511,-1397
886,511,-1397
886,511,-1397
886,511,-1397
886,511,-1397
886,511,-1397
886,511,-1397
886,511,-1397
886,511,-1397
886,511,-1397
886,511,-1397
886,511,-1397
886,511,-1397
886,511,-1397
886,511,-1397
886,511,-1397
886,511,-1397
886,511,-1397
886,511,-1397
886,511,-1397
886,511,-1397
886,511,-1397
886,511,-1397
886,511,-1397
886,511,-1397
886,511,-1397
886,511,-1397
886,511,-1397
886,511,-1397
886,511,-1397
886,511,-1397
886,511,-1397
886,511,-1397
886,511,-1397
886,511,-1397
886,511,-1397
886,511,-1397
886,511,-1397
886,511,-1397
886,511,-1397
886,511,-1397
886,511,-1397
886,511,-1397
886,511,-1397
886,511,-1397
886,511,-1397
886,511,-1397
886,511,-1397
886,511,-1397
886,511,-1397
886,511,-1397
886,511,-1397
886,511,-1397
886,511,-1397
886,511,-1397
886,511,-1397
886,511,-1397
886,511,-1397
886,511,-1397
886,511,-1397
886,511,-1397
886,511,-1397
886,511,-1397
886,511,-1397
886,511,-1397
886,511,-1397
886,511,-1397
886,511,-1397
886,511,-1397
886,511,-1397
886,511,-1397
886,511,-1397
886,511,-1397
886,511,-1397
886,511,-1397
886,511,-1397
886,511,-1397
886,511,-1397
886,511,-1397
886,511,-1397
886,511,-1397
886,511,-1397
886,511,-1397
886,511,-1397
886,511,-1397
886,511,-1397
886,511,-1397
886,511,-1397
886,511,-1397
886,511,-1397
886,511,-1397
886,511,-1397
886,511,-1397
886,511,-1397
886,511,-1397
886,511,-1397
886,511,-1397
886,511,-1397
886,511,-1397
886,511,-1397
886,511,-1397
886,511,-1397
886,511,-1397
886,511,-1397
886,511,-1397
886,511,-1397
886,511,-1397
886,511,-1397
886,511,-1397
886,511,-1397
886,511,-1397
886,511,-1397
886,511,-1397
886,511,-1397
886,511,-1397
886,511,-1397
886,511,-1397
886,511,-1397
886,511,-1397
886,511,-1397
886,511,-1397
886,511,-1397
886,511,-1397
886,511,-1397
886,511,-1397
886,511,-1397
886,511,-1397
886,511,-1397
886,511,-1397
886,511,-1397
886,511,-1397
886,511,-1397
886,511,-1397
886,511,-1397
886,511,-1397
886,511,-1397
886,511,-1397
886,511,-1397
886,511,-1397
886,511,-1397
886,511,-1397
886,511,-1397
886,511,-1397
886,511,-1397
886,511,-1397
886,511,-1397
886,511,-1397
886,511,-1397
886,511,-1397
886,511,-1397
886,511,-1397
886,511,-1397
886,511,-1397
886,511,-1397
886,511,-1397
886,511,-1397
886,511,-1397
886,511,-1397
886,511,-1397
886,511,-1397
886,511,-1397
886,511,-1397
886,511,-1397
886,511,-1397
886,511,-1397
886,511,-1397
886,511,-1397
886,511,-1397
886,511,-1397
886,511,-1397
886,511,-1397
886,511,-1397
886,511,-1397
886,511,-1397
886,511,-1397
886,511,-1397
886,511,-1397
886,511,-1397
886,511,-1397
886,511,-1397
886,511,-1397
886,511,-1397
886,511,-1397
886,511,-1397
886,511,-1397
886,511,-1397
886,511,-1397
886,511,-1397
886,511,-1397
886,511,-1397
886,511,-1397
886,511,-1397
886,511,-1397
886,511,-1397
886,511,-1397
886,511,-1397
886,511,-1397
886,511,-1397
886,511,-1397
886,511,-1397
886,511,-1397
886,511,-1397
886,511,-1397
886,511,-1397
886,511,-1397
886,511,-1397
886,511,-1397
886,511,-1397
886,511,-1397
886,511,-1397
886,511,-1397
886,511,-1397
886,511,-1397
886,511,-1397
886,511,-1397
886,511,-1397
886,511,-1397
886,511,-1397
886,511,-1397
886,511,-1397
886,511,-1397
886,511,-1397
886,511,-1397
886,511,-1397
886,511,-1397
886,511,-1397
886,511,-1397
886,511,-1397
886,511,-1397
886,511,-1397
886,511,-1397
886,511,-1397
886,511,-1397
886,511,-1397
886,511,-1397
886,511,-1397
886,511,-1397
886,511,-1397
886,511,-1397
886,511,-1397
886,511,-1397
886,511,-1397
886,511,-1397
886,511,-1397
886,511,-1397
886,511,-1397
886,511,-1397
886,511,-1397
886,511,-1397
886,511,-1397
886,511,-1397
886,511,-1397
886,511,-1397
886,511,-1397
886,511,-1397
886,511,-1397
886,511,-1397
886,511,-1397
886,511,-1397
886,511,-1397
886,511,-1397
886,511,-1397
886,511,-1397
886,511,-1397
886,511,-1397
886,511,-1397
886,511,-1397
886,511,-1397
886,511,-1397
886,511,-1397
886,511,-1397
886,511,-1397
886,511,-1397
886,511,-1397
886,511,-1397
886,511,-1397
886,511,-1397
886,511,-1397
886,511,-1397
886,511,-1397
886,511,-1397
886,511,-1397
886,511,-1397
886,511,-1397
886,511,-1397
886,511,-1397
886,511,-1397
886,511,-1397
886,511,-1397
886,511,-1397
886,511,-1397
886,511,-1397
886,511,-1397
886,511,-1397
886,511,-1397
886,511,-1397
886,511,-1397
886,511,-1397
886,511,-1397
886,511,-1397
886,511,-1397
886,511,-1397
886,511,-1397
886,511,-1397
886,511,-1397
886,511,-1397
886,511,-1397
886,511,-1397
886,511,-1397
886,511,-1397
886,511,-1397
886,511,-1397
886,511,-1397
886,511,-1397
886,511,-1397
886,511,-1397
886,511,-1397
886,511,-1397
886,511,-1397
886,511,-1397
886,511,-1397
886,511,-1397
886,511,-1397
886,511,-1397
886,511,-1397
886,511,-1397
886,511,-1397
886,511,-1397
886,511,-1397
886,511,-1397
886,511,-1397
886,511,-1397
886,511,-1397
886,511,-1397
886,511,-1397
886,511,-1397
886,511,-1397
886,511,-1397
886,511,-1397
886,511,-1397
886,511,-1397
886,511,-1397
886,511,-1397
886,511,-1397
886,511,-1397
886,511,-1397
886,511,-1397
886,511,-1397
886,511,-1397
886,511,-1397
886,511,-1397
886,511,-1397
886,511,-1397
886,511,-1397
886,511,-1397
886,511,-1397
886,511,-1397
886,511,-1397
886,511,-1397
886,511,-1397
886,511,-1397
886,511,-1397
886,511,-1397
886,511,-1397
886,511,-1397
886,511,-1397
886,511,-1397
886,511,-1397
886,511,-1397
886,511,-1397
886,511,-1397
886,511,-1397
886,511,-1397
886,511,-1397
886,511,-1397
886,511,-1397
886,511,-1397
886,511,-1397
886,511,-1397
886,511,-1397
886,511,-1397
886,511,-1397
886,511,-1397
886,511,-1397
886,511,-1397
886,511,-1397
886,511,-1397
886,511,-1397
886,511,-1397
886,511,-1397
886,511,-1397
886,511,-1397
886,511,-1397
886,511,-1397
886,511,-1397
886,511,-1397
886,511,-1397
886,511,-1397
886,511,-1397
886,511,-1397
886,511,-1397
886,511,-1397
886,511,-1397
886,511,-1397
886,511,-1397
886,511,-1397
886,511,-1397
886,511,-1397
886,511,-1397
886,511,-1397
886,511,-1397
886,511,-1397
886,511,-1397
886,511,-1397
886,511,-1397
886,511,-1397
886,511,-1397
886,511,-1397
886,511,-1397
886,511,-1397
886,511,-1397
886,511,-1397
886,511,-1397
886,511,-1397
886,511,-1397
886,511,-1397
0,0,0
886,511,-1397
886,511,-1397
886,511,-1397
886,511,-1397
886,511,-1397
886,511,-1397
886,511,-1397
886,511,-1397
886,511,-1397
886,511,-1397
886,511,-1397
886,511,-1397
886,511,-1397
886,511,-1397
886,511,-1397
886,511,-1397
886,511,-1397
886,511,-1397
886,511,-1397
886,511,-1397
886,511,-1397
886,511,-1397
886,511,-1397
886,511,-1397
886,511,-1397
886,511,-1397
886,511,-1397
886,511,-1397
886,511,-1397
886,511,-1397
886,511,-1397
886,511,-1397
886,511,-1397
886,511,-1397
886,511,-1397
886,511,-1397
886,511,-1397
886,511,-1397
886,511,-1397
886,511,-1397
886,511,-1397
886,511,-1397
886,511,-1397
886,511,-1397
886,511,-1397
886,511,-1397
886,511,-1397
886,511,-1397
886,511,-1397
886,511,-1397
886,511,-1397
886,511,-1397
886,511,-1397
886,511,-1397
886,511,-1397
886,511,-1397
886,511,-1397
886,511,-1397
886,511,-1397
886,511,-1397
886,511,-1397
886,511,-1397
886,511,-1397
886,511,-1397
886,511,-1397
886,511,-1397
886,511,-1397
886,511,-1397
886,511,-1397
886,511,-1397
886,511,-1397
886,511,-1397
886,511,-1397
886,511,-1397
886,511,-1397
886,511,-1397
886,511,-1397
886,511,-1397
886,511,-1397
886,511,-1397
886,511,-1397
886,511,-1397
886,511,-1397
886,511,-1397
886,511,-1397
886,511,-1397
886,511,-1397
886,511,-1397
886,511,-1397
886,511,-1397
886,511,-1397
886,511,-1397
886,511,-1397
886,511,-1397
886,511,-1397
886,511,-1397
886,511,-1397
886,511,-1397
886,511,-1397
886,511,-1397
886,511,-1397
886,511,-1397
886,511,-1397
886,511,-1397
886,511,-1397
886,511,-1397
886,511,-1397
886,511,-1397
886,511,-1397
886,511,-1397
886,511,-1397
886,511,-1397
886,511,-1397
886,511,-1397
886,511,-1397
886,511,-1397
886,511,-1397
886,511,-1397
886,511,-1397
886,511,-1397
886,511,-1397
886,511,-1397
886,511,-1397
886,511,-1397
886,511,-1397
886,511,-1397
886,511,-1397
886,511,-1397
886,511,-1397
886,511,-1397
886,511,-1397
886,511,-1397
886,511,-1397
886,511,-1397
886,511,-1397
886,511,-1397
886,511,-1397
886,511,-1397
886,511,-1397
886,511,-1397
886,511,-1397
886,511,-1397
886,511,-1397
886,511,-1397
886,511,-1397
886,511,-1397
886,511,-1397
886,511,-1397
886,511,-1397
886,511,-1397
886,511,-1397
886,511,-1397
886,511,-1397
886,511,-1397
886,511,-1397
886,511,-1397
886,511,-1397
886,511,-1397
886,511,-1397
886,511,-1397
886,511,-1397
886,511,-1397
886,511,-1397
886,511,-1397
886,511,-1397
886,511,-1397
886,511,-1397
886,511,-1397
886,511,-1397
886,511,-1397
886,511,-1397
886,511,-1397
886,511,-1397
886,511,-1397
886,511,-1397
886,511,-1397
886,511,-1397
886,511,-1397
886,511,-1397
886,511,-1397
886,511,-1397
886,511,-1397
886,511,-1397
886,511,-1397
886,511,-1397
886,511,-1397
886,511,-1397
886,511,-1397
886,511,-1397
886,511,-1397
886,511,-1397
886,511,-1397
886,511,-1397
886,511,-1397
886,511,-1397
886,511,-1397
886,511,-1397
886,511,-1397
886,511,-1397
886,511,-1397
886,511,-1397
886,511,-1397
886,511,-1397
886,511,-1397
886,511,-1397
886,511,-1397
886,511,-1397
886,511,-1397
886,511,-1397
886,511,-1397
886,511,-1397
886,511,-1397
886,511,-1397
886,511,-1397
886,511,-1397
886,511,-1397
886,511,-1397
886,511,-1397
886,511,-1397
886,511,-1397
886,511,-1397
886,511,-1397
886,511,-1397
886,511,-1397
886,511,-1397
886,511,-1397
886,511,-1397
886,511,-1397
886,511,-1397
886,511,-1397
886,511,-1397
886,511,-1397
886,511,-1397
886,511,-1397
886,511,-1397
886,511,-1397
886,511,-1397
886,511,-1397
886,511,-1397
886,511,-1397
886,511,-1397
886,511,-1397
886,511,-1397
886,511,-1397
886,511,-1397
886,511,-1397
886,511,-1397
886,511,-1397
886,511,-1397
886,511,-1397
886,511,-1397
886,511,-1397
886,511,-1397
886,511,-1397
886,511,-1397
886,511,-1397
886,511,-1397
886,511,-1397
886,511,-1397
886,511,-1397
886,511,-1397
886,511,-1397
886,511,-1397
886,511,-1397
886,511,-1397
886,511,-1397
886,511,-1397
886,511,-1397
886,511,-1397
886,511,-1397
886,511,-1397
886,511,-1397
886,511,-1397
886,511,-1397
886,511,-1397
886,511,-1397
886,511,-1397
886,511,-1397
886,511,-1397
886,511,-1397
886,511,-1397
886,511,-1397
886,511,-1397
886,511,-1397
886,511,-1397
886,511,-1397
886,511,-1397
886,511,-1397
886,511,-1397
886,511,-1397
886,511,-1397
886,511,-1397
886,511,-1397
886,511,-1397
886,511,-1397
886,511,-1397
886,511,-1397
886,511,-1397
886,511,-1397
886,511,-1397
886,511,-1397
886,511,-1397
886,511,-1397
886,511,-1397
886,511,-1397
886,511,-1397
886,511,-1397
886,511,-1397
886,511,-1397
886,511,-1397
886,511,-1397
886,511,-1397
886,511,-1397
886,511,-1397
886,511,-1397
886,511,-1397
886,511,-1397
886,511,-1397
886,511,-1397
886,511,-1397
886,511,-1397
886,511,-1397
886,511,-1397
886,511,-1397
886,511,-1397
886,511,-1397
886,511,-1397
886,511,-1397
886,511,-1397
886,511,-1397
886,511,-1397
886,511,-1397
886,511,-1397
886,511,-1397
886,511,-1397
886,511,-1397
886,511,-1397
886,511,-1397
886,511,-1397
886,511,-1397
886,511,-1397
886,511,-1397
886,511,-1397
886,511,-1397
886,511,-1397
886,511,-1397
886,511,-1397
886,511,-1397
886,511,-1397
886,511,-1397
886,511,-1397
886,511,-1397
886,511,-1397
886,511,-1397
886,511,-1397
886,511,-1397
886,511,-1397
886,511,-1397
886,511,-1397
886,511,-1397
886,511,-1397
886,511,-1397
886,511,-1397
886,511,-1397
886,511,-1397
886,511,-1397
886,511,-1397
886,511,-1397
886,511,-1397
886,511,-1397
886,511,-1397
886,511,-1397
886,511,-1397
886,511,-1397
886,511,-1397
886,511,-1397
886,511,-1397
886,511,-1397
886,511,-1397
886,511,-1397
886,511,-1397
886,511,-1397
886,511,-1397
886,511,-1397
886,511,-1397
886,511,-1397
886,511,-1397
886,511,-1397
886,511,-1397
886,511,-1397
886,511,-1397
886,511,-1397
886,511,-1397
886,511,-1397
886,511,-1397
886,511,-1397
886,511,-1397
886,511,-1397
886,511,-1397
886,511,-1397
886,511,-1397
886,511,-1397
886,511,-1397
886,511,-1397
886,511,-1397
886,511,-1397
886,511,-1397
886,511,-1397
886,511,-1397
886,511,-1397
886,511,-1397
886,511,-1397
886,511,-1397
886,511,-1397
886,511,-1397
886,511,-1397
886,511,-1397
886,511,-1397
886,511,-1397
886,511,-1397
886,511,-1397
886,511,-1397
886,511,-1397
886,511,-1397
886,511,-1397
886,511,-1397
886,511,-1397
886,511,-1397
886,511,-1397
886,511,-1397
886,511,-1397
886,511,-1397
886,511,-1397
886,511,-1397
886,511,-1397
886,511,-1397
886,511,-1397
886,511,-1397
886,511,-1397
886,511,-1397
886,511,-1397
886,511,-1397
886,511,-1397
886,511,-1397
886,511,-1397
886,511,-1397
886,511,-1397
886,511,-1397
886,511,-1397
886,511,-1397
886,511,-1397
886,511,-1397
886,511,-1397
886,511,-1397
886,511,-1397
886,511,-1397
886,511,-1397
886,511,-1397
886,511,-1397
886,511,-1397
886,511,-1397
886,511,-1397
886,511,-1397
886,511,-1397
886,511,-1397
886,511,-1397
886,511,-1397
886,511,-1397
886,511,-1397
886,511,-1397
886,511,-1397
886,511,-1397
886,511,-1397
886,511,-1397
886,511,-1397
886,511,-1397
886,511,-1397
886,511,-1397
886,511,-1397
886,511,-1397
886,511,-1397
886,511,-1397
886,511,-1397
886,511,-1397
886,511,-1397
886,511,-1397
886,511,-1397
886,511,-1397
886,511,-1397
886,511,-1397
886,511,-1397
886,511,-1397
886,511,-1397
886,511,-1397
886,511,-1397
886,511,-1397
886,511,-1397
886,511,-1397
886,511,-1397
886,511,-1397
886,511,-1397
886,511,-1397
886,511,-1397
886,511,-1397
886,511,-1397
886,511,-1397
886,511,-1397
886,511,-1397
886,511,-1397
886,511,-1397
886,511,-1397
886,511,-1397
886,511,-1397
886,511,-1397
886,511,-1397
886,511,-1397
886,511,-1397
886,511,-1397
886,511,-1397
886,511,-1397
886,511,-1397
886,511,-1397
886,511,-1397
886,511,-1397
886,511,-1397
886,511,-1397
886,511,-1397
886,511,-1397
886,511,-1397
886,511,-1397
886,511,-1397
886,511,-1397
886,511,-1397
886,511,-1397
886,511,-1397
886,511,-1397
886,511,-1397
886,511,-1397
886,511,-1397
886,511,-1397
886,511,-1397
886,511,-1397
886,511,-1397
886,511,-1397
886,511,-1397
886,511,-1397
886,511,-1397
886,511,-1397
886,511,-1397
886,511,-1397
886,511,-1397
886,511,-1397
886,511,-1397
886,511,-1397
886,511,-1397
886,511,-1397
886,511,-1397
886,511,-1397
886,511,-1397
886,511,-1397
886,511,-1397
886,511,-1397
886,511,-1397
886,511,-1397
886,511,-1397
886,511,-1397
886,511,-1397
886,511,-1397
886,511,-1397
886,511,-1397
886,511,-1397
886,511,-1397
886,511,-1397
886,511,-1397
886,511,-1397
886,511,-1397
886,511,-1397
886,511,-1397
886,511,-1397
886,511,-1397
886,511,-1397
886,511,-1397
886,511,-1397
886,511,-1397
886,511,-1397
886,511,-1397
886,511,-1397
886,511,-1397
886,511,-1397
886,511,-1397
886,511,-1397
886,511,-1397
886,511,-1397
886,511,-1397
886,511,-1397
886,511,-1397
886,511,-1397
886,511,-1397
886,511,-1397
886,511,-1397
886,511,-1397
886,511,-1397
886,511,-1397
886,511,-1397
886,511,-1397
886,511,-1397
886,511,-1397
886,511,-1397
886,511,-1397
886,511,-1397
886,511,-1397
886,511,-1397
886,511,-1397
886,511,-1397
886,511,-1397
886,511,-1397
886,511,-1397
886,511,-1397
886,511,-1397
886,511,-1397
886,511,-1397
886,511,-1397
886,511,-1397
886,511,-1397
886,511,-1397
886,511,-1397
886,511,-1397
886,511,-1397
886,511,-1397
886,511,-1397
886,511,-1397
886,511,-1397
886,511,-1397
886,511,-1397
886,511,-1397
886,511,-1397
886,511,-1397
886,511,-1397
886,511,-1397
886,511,-1397
886,511,-1397
886,511,-1397
886,511,-1397
886,511,-1397
886,511,-1397
886,511,-1397
886,511,-1397
886,511,-1397
886,511,-1397
886,511,-1397
886,511,-1397
886,511,-1397
886,511,-1397
886,511,-1397
886,511,-1397
886,511,-1397
886,511,-1397
886,511,-1397
886,511,-1397
886,511,-1397
886,511,-1397
886,511,-1397
886,511,-1397
886,511,-1397
886,511,-1397
886,511,-1397
886,511,-1397
886,511,-1397
886,511,-1397
886,511,-1397
886,511,-1397
886,511,-1397
886,511,-1397
886,511,-1397
886,511,-1397
886,511,-1397
886,511,-1397
886,511,-1397
886,511,-1397
886,511,-1397
886,511,-1397
886,511,-1397
886,511,-1397
886,511,-1397
886,511,-1397
886,511,-1397
886,511,-1397
886,511,-1397
886,511,-1397
886,511,-1397
886,511,-1397
886,511,-1397
886,511,-1397
886,511,-1397
886,511,-1397
886,511,-1397
886,511,-1397
886,511,-1397
886,511,-1397
886,511,-1397
886,511,-1397
886,511,-1397
886,511,-1397
886,511,-1397
886,511,-1397
886,511,-1397
886,511,-1397
886,511,-1397
886,511,-1397
886,511,-1397
886,511,-1397
886,511,-1397
886,511,-1397
886,511,-1397
886,511,-1397
886,511,-1397
886,511,-1397
886,511,-1397
886,511,-1397
886,511,-1397
886,511,-1397
886,511,-1397
886,511,-1397
886,511,-1397
886,511,-1397
886,511,-1397
886,511,-1397
886,511,-1397
886,511,-1397
886,511,-1397
886,511,-1397
886,511,-1397
886,511,-1397
886,511,-1397
886,511,-1397
886,511,-1397
886,511,-1397
886,511,-1397
886,511,-1397
886,511,-1397
886,511,-1397
886,511,-1397
886,511,-1397
886,511,-1397
886,511,-1397
886,511,-1397
886,511,-1397
886,511,-1397
886,511,-1397
886,511,-1397
886,511,-1397
886,511,-1397
886,511,-1397
886,511,-1397
886,511,-1397
886,511,-1397
886,511,-1397
886,511,-1397
886,511,-1397
886,511,-1397
886,511,-1397
886,511,-1397
886,511,-1397
886,511,-1397
886,511,-1397
886,511,-1397
886,511,-1397
886,511,-1397
886,511,-1397
886,511,-1397
886,511,-1397
886,511,-1397
886,511,-1397
886,511,-1397
886,511,-1397
886,511,-1397
886,511,-1397
886,511,-1397
886,511,-1397
886,511,-1397
886,511,-1397
886,511,-1397
886,511,-1397
886,511,-1397
886,511,-1397
886,511,-1397
886,511,-1397
886,511,-1397
886,511,-1397
886,511,-1397
886,511,-1397
886,511,-1397
886,511,-1397
886,511,-1397
886,511,-1397
886,511,-1397
886,511,-1397
886,511,-1397
886,511,-1397
886,511,-1397
886,511,-1397
886,511,-1397
886,511,-1397
886,511,-1397
886,511,-1397
886,511,-1397
886,511,-1397
886,511,-1397
886,511,-1397
886,511,-1397
886,511,-1397
886,511,-1397
886,511,-1397
886,511,-1397
886,511,-1397
886,511,-1397
886,511,-1397
886,511,-1397
886,511,-1397
886,511,-1397
886,511,-1397
886,511,-1397
886,511,-1397
886,511,-1397
886,511,-1397
886,511,-1397
886,511,-1397
886,511,-1397
886,511,-1397
886,511,-1397
886,511,-1397
886,511,-1397
886,511,-1397
886,511,-1397
886,511,-1397
886,511,-1397
886,511,-1397
886,511,-1397
886,511,-1397
886,511,-1397
886,511,-1397
886,511,-1397
886,511,-1397
886,511,-1397
886,511,-1397
886,511,-1397
886,511,-1397
886,511,-1397
886,511,-1397
886,511,-1397
886,511,-1397
886,511,-1397
886,511,-1397
886,511,-1397
886,511,-1397
886,511,-1397
886,511,-1397
886,511,-1397
886,511,-1397
886,511,-1397
886,511,-1397
886,511,-1397
886,511,-1397
886,511,-1397
886,511,-1397
886,511,-1397
886,511,-1397
886,511,-1397
886,511,-1397
886,511,-1397
886,511,-1397
886,511,-1397
886,511,-1397
886,511,-1397
886,511,-1397
886,511,-1397
886,511,-1397
886,511,-1397
886,511,-1397
886,511,-1397
886,511,-1397
886,511,-1397
886,511,-1397
886,511,-1397
886,511,-1397
886,511,-1397
886,511,-1397
886,511,-1397
886,511,-1397
886,511,-1397
886,511,-1397
886,511,-1397
886,511,-1397
886,511,-1397
886,511,-1397
886,511,-1397
886,511,-1397
886,511,-1397
886,511,-1397
886,511,-1397
886,511,-1397
886,511,-1397
886,511,-1397
886,511,-1397
886,511,-1397
886,511,-1397
886,511,-1397
886,511,-1397
886,511,-1397
886,511,-1397
886,511,-1397
886,511,-1397
886,511,-1397
886,511,-1397
886,511,-1397
886,511,-1397
886,511,-1397
886,511,-1397
886,511,-1397
886,511,-1397
886,511,-1397
886,511,-1397
886,511,-1397
886,511,-1397
886,511,-1397
886,511,-1397
886,511,-1397
886,511,-1397
886,511,-1397
886,511,-1397
886,511,-1397
886,511,-1397
