I0,I1,I2
5787,-20455,14668
9928,-21029,11101
13987,-20715,6728
17036,-19445,2409
19309,-17267,-2042
20670,-14165,-6505
21181,-10572,-10609
20806,-6554,-14252
19663,-2615,-17048
17993,1241,-19234
14916,5473,-20389
11281,9570,-20851
7090,13563,-20653
2726,16491,-19217
-1633,18748,-17115
-6463,20014,-13551
-11059,20443,-9384
-15064,19977,-4913
-17939,18475,-536
-19915,16219,3696
-21054,13109,7945
-21148,9454,11694
-20554,5506,15048
-19267,1633,17634
-17155,-2475,19630
-14214,-6505,20719
-10489,-10613,21102
-6340,-14309,20649
-2182,-17048,19230
2013,-19140,17127
6517,-20542,14025
10923,-20835,9912
14672,-20435,5763
17638,-19086,1448
19668,-17052,-2616
20942,-14107,-6835
21169,-10415,-10754
20794,-6472,-14322
19457,-2351,-17106
17498,1765,-19263
14478,6125,-20603
10716,10279,-20995
6521,14025,-20546
2231,16916,-19147
-1889,19020,-17131
-6496,20488,-13992
-10811,20996,-10185
-14685,20497,-5812
-17572,18966,-1394
-19705,16632,3073
-20851,13575,7276
-21049,9710,11339
-20517,5750,14767
-19226,1625,17601
-17094,-2536,19630
-14544,-6402,20946
-10824,-10440,21264
-6806,-14095,20901
-2582,-16974,19556
1361,-19069,17708
5733,-20625,14892
9900,-21301,11401
13802,-21132,7330
16912,-19969,3057
19160,-18096,-1064
20703,-15468,-5235
21454,-12053,-9401
21355,-8386,-12969
20307,-4129,-16178
18607,-119,-18488
16227,3972,-20199
12956,8196,-21152
9029,12164,-21193
5036,15468,-20504
829,18150,-18979
-3526,19919,-16393
-7903,20963,-13060
-12049,21107,-9058
-15786,20245,-4459
-18467,18694,-227
-20373,16306,4067
-21388,13150,8238
-21503,9471,12032
-20633,5222,15411
-19239,1254,17985
-17015,-2928,19943
-13959,-7103,21062
-10469,-10993,21462
-6373,-14771,21144
-2561,-17391,19952
1526,-19449,17923
5985,-20827,14842
10098,-21425,11327
14132,-21140,7008
17110,-19960,2850
19441,-18059,-1382
20893,-15266,-5627
21445,-11682,-9763
21214,-7713,-13501
20249,-3621,-16628
18517,470,-18987
15720,4859,-20579
12040,9161,-21201
7825,13200,-21025
3539,16368,-19907
-882,18760,-17878
-5308,20328,-15020
-9796,21041,-11245
-13843,21041,-7198
-16990,19585,-2595
-19342,17312,2030
-20736,14416,6320
-21099,10456,10643
-20765,6336,14429
-19527,2099,17428
-17580,-2103,19683
-14577,-6257,20834
-11034,-10403,21437
-6715,-14091,20806
-2429,-17023,19452
1790,-19201,17411
6158,-20773,14615
10551,-21247,10696
14379,-20889,6510
17399,-19577,2178
19639,-17382,-2257
21054,-14623,-6431
21586,-10989,-10597
21252,-7045,-14207
19923,-2776,-17147
17927,1291,-19218
15307,5387,-20694
11624,9644,-21268
7474,13501,-20975
3234,16627,-19861
-1027,18867,-17840
-5403,20476,-15073
-9949,21066,-11117
-14214,20538,-6324
-17395,18826,-1431
-19643,16570,3073
-21169,13909,7260
-21478,10184,11294
-21214,6356,14858
-20039,2549,17490
-18220,-1369,19589
-15250,-5568,20818
-11607,-9722,21329
-7651,-13604,21255
-3225,-16644,19869
750,-18871,18121
5527,-20406,14879
9912,-21054,11142
14078,-21033,6955
17143,-19853,2710
19470,-17659,-1811
20876,-14660,-6216
21334,-11063,-10271
21074,-7156,-13918
19899,-2970,-16929
17960,1101,-19061
15130,5490,-20620
11257,9747,-21004
7119,13649,-20768
2396,16825,-19221
-2074,18909,-16835
-7156,20068,-12912
-11772,20794,-9022
-15501,20117,-4616
-18319,18587,-268
-20092,15934,4158
-20959,12544,8415
-21091,8782,12309
-20233,4521,15712
-18694,420,18274
-16124,-3906,20030
-12515,-8266,20781
-8369,-12354,20723
-3795,-15885,19680
437,-18434,17997
4855,-20055,15200
9392,-20963,11571
13571,-20740,7169
16759,-19610,2851
19082,-17869,-1213
20559,-14986,-5573
21462,-11999,-9463
21516,-8410,-13106
20567,-4450,-16117
18640,-189,-18451
16000,4059,-20059
12766,8303,-21069
8505,12453,-20958
4405,15757,-20162
259,18356,-18615
-4195,20064,-15869
-8460,21016,-12556
-12581,21058,-8477
-16087,20092,-4005
-18686,18414,272
-20361,15708,4653
-21309,12395,8914
-21223,8637,12586
-20336,4376,15960
-18785,321,18464
-16541,-3795,20336
-13426,-7854,21280
-9871,-11739,21610
-5944,-15163,21107
-1658,-17886,19544
2239,-19552,17313
6426,-21000,14574
10667,-21445,10778
14404,-21029,6625
17325,-19861,2536
19635,-17848,-1787
20950,-14936,-6014
21458,-11294,-10164
21396,-7610,-13786
20097,-3300,-16797
18327,759,-19086
15646,5040,-20686
12073,9215,-21288
8105,13121,-21226
3630,16330,-19960
-602,18682,-18080
-5259,20208,-14949
-9821,20868,-11047
-14111,20658,-6547
-17267,19123,-1856
-19585,16726,2859
-20938,13905,7033
-21214,10093,11121
-20810,5997,14813
-19428,1901,17527
-17143,-2396,19539
-13942,-6781,20723
-9982,-10947,20929
-5787,-14685,20472
-1390,-17428,18818
2842,-19531,16689
7420,-20818,13398
11748,-21087,9339
15497,-20224,4727
18257,-18665,408
20179,-16021,-4158
21091,-12515,-8576
21305,-9046,-12259
20319,-4739,-15580
19412,-1179,-18233
17205,2895,-20100
13530,7210,-20740
9710,11323,-21033
5284,14957,-20241
754,17733,-18487
-3964,19552,-15588
-8691,20323,-11632
-13134,20352,-7218
-16516,19441,-2925
-19111,17514,1597
-20629,14845,5784
-21239,11244,9995
-20909,7272,13637
-19919,3275,16644
-18286,-598,18884
-15604,-4863,20467
-12313,-8926,21239
-8386,-12750,21136
-4215,-16017,20232
-90,-18484,18574
4153,-20035,15882
8600,-20930,12330
12758,-20975,8217
16141,-20117,3976
18731,-18533,-198
20422,-16009,-4413
21346,-12655,-8691
21256,-8914,-12342
20422,-4719,-15703
18900,-565,-18335
16425,3638,-20063
13117,7920,-21037
9169,11946,-21115
4925,15353,-20278
684,17980,-18664
-3691,19816,-16125
-8118,20884,-12766
-12424,21021,-8597
-15951,20064,-4113
-18632,18133,499
-20385,15588,4797
-21214,12193,9021
-21190,8427,12763
-20274,4207,16067
-18752,214,18538
-16603,-3700,20303
-13406,-7882,21288
-9483,-11801,21284
-5308,-15225,20533
-903,-17910,18813
3250,-19820,16570
7689,-21008,13319
11793,-21280,9487
15394,-20707,5313
18079,-19016,937
20117,-16916,-3201
21214,-13662,-7552
21371,-9858,-11513
20856,-5894,-14962
19432,-1744,-17688
17184,2392,-19576
14157,6628,-20785
10316,10935,-21251
6183,14544,-20727
1918,17419,-19337
-2223,19441,-17218
-7090,20579,-13489
-11343,20884,-9541
-15307,20328,-5021
-18125,18851,-726
-20191,16607,3584
-21297,13624,7673
-21429,9862,11567
-20802,5750,15052
-19457,1749,17708
-17345,-2429,19774
-14421,-6595,21016
-10811,-10654,21465
-6913,-14404,21317
-2994,-17143,20137
792,-19329,18537
5242,-20740,15498
9380,-21478,12098
13435,-21342,7907
16673,-20323,3650
19086,-18591,-495
20773,-16178,-4595
21507,-12709,-8798
21623,-9070,-12553
20670,-4727,-15943
19189,-565,-18624
16801,3518,-20319
13464,7920,-21384
9442,12020,-21462
5214,15472,-20686
1146,18162,-19308
-3155,19907,-16752
-7503,21153,-13650
-11826,21544,-9718
-15357,20955,-5598
-18207,19135,-928
-20092,16083,4009
-21103,12771,8332
-21285,8749,12536
-20550,4653,15897
-19321,746,18575
-17201,-3262,20463
-14206,-7342,21548
-10411,-11323,21734
-6133,-14878,21011
-1703,-17679,19382
2512,-19602,17090
6864,-21070,14206
11323,-21400,10077
15043,-20604,5561
18055,-19032,977
20059,-16636,-3423
21379,-13534,-7845
21660,-9842,-11818
20934,-5630,-15304
19251,-1221,-18030
17036,2961,-19997
13715,7288,-21003
9895,11442,-21337
5457,15097,-20554
1105,17869,-18974
-3634,19795,-16161
-8229,20579,-12350
-12725,20707,-7982
-16454,19635,-3181
-19074,17485,1589
-20818,14949,5869
-21478,11356,10122
-21297,7606,13691
-20649,3885,16764
-18983,12,18971
-16141,-4356,20497
-12630,-8584,21214
-8703,-12639,21342
-4228,-16005,20233
247,-18513,18266
4776,-20175,15399
9400,-20959,11559
13501,-21153,7652
16887,-20076,3189
19280,-18244,-1036
20740,-15328,-5412
21396,-11867,-9529
21412,-8229,-13183
20398,-3976,-16422
18616,156,-18772
16021,4343,-20364
12354,8790,-21144
8237,12894,-21131
3795,16157,-19952
-713,18669,-17956
-5511,20200,-14689
-9928,20835,-10907
-14128,20851,-6723
-17234,19614,-2380
-19606,17481,2125
-20880,14466,6414
-21260,10753,10507
-20963,6591,14372
-19993,2755,17238
-18249,-1249,19498
-15200,-5610,20810
-11451,-9788,21239
-7255,-13777,21032
-3003,-16809,19812
1076,-19107,18031
5638,-20608,14970
10089,-21169,11080
14049,-20864,6815
17127,-19775,2648
19474,-17663,-1811
20835,-14734,-6101
21297,-10939,-10358
21066,-6930,-14136
19523,-2409,-17114
17386,1819,-19205
14334,6253,-20587
10489,10597,-21086
6282,14334,-20616
1823,17329,-19152
-2359,19387,-17028
-6876,20769,-13893
-11261,21091,-9830
-15089,20402,-5313
-17997,18876,-879
-20043,16504,3539
-21223,13352,7871
-21293,9433,11860
-20575,5387,15188
-19222,1299,17923
-17473,-2561,20034
-14206,-6868,21074
-10621,-10844,21465
-6513,-14487,21000
-2182,-17329,19511
1806,-19305,17499
6261,-20860,14599
10440,-21388,10948
14400,-20988,6588
17473,-19779,2306
19606,-17556,-2050
20946,-14779,-6167
21408,-11125,-10283
21379,-7441,-13938
20142,-3225,-16917
18315,829,-19144
15596,5106,-20702
11929,9314,-21243
7903,13220,-21123
3456,16491,-19947
-763,18785,-18022
-5152,20484,-15332
-9788,21140,-11352
-13893,21012,-7119
-17065,19593,-2528
-19461,17353,2108
-20926,14643,6283
-21433,10997,10436
-21210,7111,14099
-19973,2866,17107
-18211,-1167,19378
-15167,-5511,20678
-11533,-9652,21185
-7519,-13579,21098
-3168,-16648,19816
713,-18979,18266
5313,-20550,15237
9475,-21309,11834
13645,-21210,7565
16788,-19973,3185
19160,-18005,-1155
20662,-14854,-5808
21214,-11104,-10110
21012,-7136,-13876
19923,-2986,-16937
17947,1241,-19188
14920,5630,-20550
11248,9867,-21115
6839,13872,-20711
2561,16863,-19424
-1724,19061,-17337
-6525,20431,-13906
-11294,20608,-9314
-15118,20220,-5102
-18075,18612,-537
-20051,16248,3803
-21276,13080,8196
-21235,9186,12049
-20472,5098,15374
-19127,1051,18076
-16850,-3110,19960
-14078,-7177,21255
-10110,-11281,21391
-6067,-14825,20892
-1881,-17539,19420
2483,-19503,17020
6967,-20761,13794
11475,-21087,9612
15147,-20443,5296
18055,-19069,1014
20018,-16875,-3143
21326,-13847,-7479
21470,-10073,-11397
20864,-6080,-14784
19643,-2112,-17531
17494,2029,-19523
14536,6232,-20768
10795,10473,-21268
6521,14177,-20698
2091,17188,-19279
-2107,19234,-17127
-7000,20530,-13530
-11525,20979,-9454
-15328,20373,-5045
-18117,18781,-664
-20142,16314,3828
-21202,13307,7895
-21285,9466,11819
-20637,5313,15324
-19313,1357,17956
-17366,-2508,19874
-14408,-6715,21123
-10514,-10758,21272
-6216,-14590,20806
-1959,-17395,19354
2429,-19465,17036
6765,-20872,14107
11071,-21342,10271
14796,-20938,6142
17601,-19465,1864
19734,-17440,-2294
21087,-14499,-6588
21445,-10667,-10778
21037,-6810,-14227
19668,-2528,-17140
17675,1670,-19345
14581,6096,-20677
10935,10283,-21218
6806,14169,-20975
2569,17081,-19650
-1711,19272,-17561
-6257,20616,-14359
-10568,21128,-10560
-14553,20860,-6307
-17580,19412,-1832
-19816,17325,2491
-21140,14524,6616
-21516,10737,10779
-21091,6851,14240
-19841,2549,17292
-17923,-1485,19408
-15196,-5742,20938
-11587,-9970,21557
-8085,-13608,21693
-4203,-16685,20888
-160,-18946,19106
3823,-20509,16686
8167,-21371,13204
12333,-21499,9166
15827,-20839,5012
18517,-19251,734
20402,-16957,-3445
21507,-13855,-7652
21672,-9945,-11727
21161,-5940,-15221
19738,-1773,-17965
17733,2326,-20059
14705,6587,-21292
10968,10675,-21643
6818,14404,-21222
2677,17242,-19919
-1435,19366,-17931
-5795,21021,-15226
-10164,21598,-11434
-14103,21466,-7363
-17287,20253,-2966
-19602,17774,1828
-21004,14800,6204
-21573,10910,10663
-21355,6971,14384
-20352,3052,17300
-18789,-886,19675
-16392,-4859,21251
-12997,-8844,21841
-8930,-12845,21775
-4681,-16046,20727
-193,-18735,18928
3960,-20410,16450
8402,-21507,13105
12775,-21656,8881
16219,-20612,4393
18900,-18781,-119
20748,-16413,-4335
21726,-12956,-8770
21912,-9367,-12545
20872,-4941,-15931
19144,-585,-18559
16702,3625,-20327
13146,8052,-21198
9017,12259,-21276
4508,15868,-20376
-288,18492,-18204
-5350,19969,-14619
-10040,20810,-10770
-14454,20653,-6199
-17626,19098,-1472
-19915,16776,3139
-21351,13839,7512
-21573,10007,11566
-21379,6472,14907
-20249,2380,17869
-18100,-1563,19663
-15068,-6010,21078
-11426,-10213,21639
-7251,-14033,21284
-2805,-17110,19915
1336,-19218,17882
6067,-20868,14801
10555,-21412,10857
14499,-21268,6769
17531,-20105,2574
19787,-17952,-1835
21148,-14891,-6257
21648,-11343,-10305
21450,-7458,-13992
20340,-3300,-17040
18422,845,-19267
15860,5069,-20929
12045,9450,-21495
7891,13455,-21346
3452,16607,-20059
-812,19041,-18229
-5445,20658,-15213
-9875,21375,-11500
-14082,21330,-7248
-17226,20035,-2809
-19721,17939,1782
-21070,15048,6022
-21540,11257,10283
-21313,7227,14086
-20278,3102,17176
-18579,-878,19457
-15786,-5209,20995
-12069,-9475,21544
-7981,-13447,21428
-3667,-16644,20311
540,-19090,18550
4983,-20736,15753
9442,-21536,12094
13431,-21433,8002
16813,-20270,3457
19280,-18541,-739
20938,-15728,-5210
21668,-12139,-9529
21507,-8204,-13303
20534,-4030,-16504
18612,280,-18892
15815,4686,-20501
12193,9124,-21317
7767,13340,-21107
3382,16537,-19919
-1419,18863,-17444
-6199,20398,-14199
-11017,20967,-9950
-14920,20328,-5408
-18141,18966,-825
-20200,16545,3655
-21384,13270,8114
-21516,9611,11905
-20719,5300,15419
-19597,1344,18253
-17601,-2578,20179
-14416,-6839,21255
-10683,-10931,21614
-6307,-14755,21062
-1971,-17626,19597
2268,-19581,17313
6686,-21062,14376
11207,-21450,10243
14953,-21004,6051
18009,-19461,1452
19998,-17254,-2744
21276,-14091,-7185
21499,-10283,-11216
21206,-6414,-14792
19734,-2087,-17647
17584,2033,-19617
14561,6538,-21099
10617,10774,-21391
6439,14581,-21020
1963,17411,-19374
-2112,19569,-17457
-6822,21000,-14178
-11199,21441,-10242
-15035,20959,-5924
-17960,19470,-1510
-20059,17085,2974
-21289,14037,7252
-21623,10089,11534
-21062,6010,15052
-19754,1860,17894
-17477,-2429,19906
-14478,-6740,21218
-10683,-10861,21544
-6707,-14528,21235
-2714,-17395,20109
1018,-19519,18501
5556,-21049,15493
9772,-21668,11896
13806,-21507,7701
17007,-20373,3366
19441,-18364,-1077
20909,-15398,-5511
21594,-11669,-9925
21437,-7709,-13728
20435,-3634,-16801
18653,540,-19193
15778,4855,-20633
12251,9099,-21350
7944,13340,-21284
3671,16500,-20171
-965,18814,-17849
-6022,20097,-14075
-10840,20678,-9838
-15031,20315,-5284
-18108,18843,-735
-20237,16512,3725
-21388,13237,8151
-21520,9392,12128
-20686,5098,15588
-19461,1204,18257
-17283,-2866,20149
-14301,-7053,21354
-10498,-11166,21664
-6166,-14730,20896
-2140,-17556,19696
2297,-19544,17247
6991,-20860,13869
11673,-21124,9451
15353,-20546,5193
18393,-19098,705
20241,-16825,-3416
21499,-13703,-7796
21569,-9924,-11645
20860,-5746,-15114
19523,-1612,-17911
17188,2631,-19819
14012,6987,-20999
10139,11145,-21284
5659,14920,-20579
1311,17741,-19052
-3345,19783,-16438
-8039,20835,-12796
-12519,21169,-8650
-16062,20307,-4245
-18731,18587,144
-20538,16099,4439
-21388,12762,8626
-21507,9112,12395
-20658,4842,15816
-19197,697,18500
-17139,-3196,20335
-13835,-7614,21449
-9928,-11632,21560
-5531,-15204,20735
-1254,-17960,19214
3060,-19969,16909
7462,-21247,13785
11583,-21693,10110
15192,-20942,5750
18001,-19663,1662
20064,-17465,-2599
21326,-14375,-6951
21631,-10481,-11150
21177,-6513,-14664
19701,-2124,-17577
17572,2132,-19704
14478,6567,-21045
10456,10910,-21366
6418,14606,-21024
2145,17465,-19610
-2120,19647,-17527
-6727,20934,-14207
-11067,21342,-10275
-14891,20901,-6010
-17898,19329,-1431
-20092,17032,3060
-21272,13992,7280
-21594,10044,11550
-21021,6080,14941
-19618,1806,17812
-17465,-2450,19915
-14313,-6897,21210
-10778,-10923,21701
-7288,-14388,21676
-3300,-17320,20620
495,-19383,18888
5106,-20806,15700
9433,-21619,12186
13517,-21635,8118
16867,-20431,3564
19338,-18711,-627
20955,-16038,-4917
21759,-12630,-9129
21701,-8844,-12857
20781,-4558,-16223
19243,-383,-18860
16846,3807,-20653
13431,8064,-21495
9359,12238,-21597
5143,15625,-20768
1043,18310,-19353
-3498,20191,-16693
-7915,21375,-13460
-12296,21685,-9389
-15918,20946,-5028
-18715,19234,-519
-20587,16500,4087
-21569,13195,8374
-21742,9347,12395
-20996,5123,15873
-19894,1299,18595
-18133,-2446,20579
-15052,-6715,21767
-11496,-10555,22051
-7132,-14363,21495
-2945,-17329,20274
1311,-19511,18200
5824,-21186,15362
10151,-21887,11736
14132,-21693,7561
17254,-20484,3230
19750,-18645,-1105
21260,-15963,-5297
22147,-12502,-9645
21998,-8575,-13423
20996,-4384,-16612
19168,-4,-19164
16640,4182,-20822
13080,8629,-21709
8984,12779,-21763
4752,16112,-20864
420,18826,-19246
-4125,20587,-16462
-8761,21474,-12713
-13167,21466,-8299
-16842,20084,-3242
-19267,17923,1344
-21120,15340,5780
-21808,11756,10052
-21681,7829,13852
-20587,3572,17015
-18830,-573,19403
-15823,-5127,20950
-12238,-9499,21737
-8113,-13517,21630
-3679,-16714,20393
577,-19131,18554
5226,-20847,15621
9858,-21610,11752
13909,-21573,7664
17279,-20534,3255
19668,-18533,-1135
21173,-15604,-5569
21751,-11805,-9946
21751,-8006,-13745
20538,-3683,-16855
18855,503,-19358
15963,4974,-20937
12342,9219,-21561
8002,13356,-21358
3514,16689,-20203
-800,19148,-18348
-5841,20563,-14722
-10423,21313,-10890
-14639,21194,-6555
-17844,19837,-1993
-20175,17523,2652
-21379,14392,6987
-21705,10461,11244
-21441,6600,14841
-20996,3254,17742
-19445,-676,20121
-16005,-5106,21111
-12115,-9504,21619
-8064,-13550,21614
-3708,-16706,20414
676,-19333,18657
5156,-20884,15728
9598,-21730,12132
13781,-21536,7755
17085,-20575,3490
19589,-18744,-845
21223,-15951,-5272
21916,-12304,-9612
21874,-8448,-13426
20856,-4224,-16632
18954,94,-19048
16203,4442,-20645
12651,8984,-21635
8349,13195,-21544
4145,16454,-20599
-292,19028,-18736
-5053,20752,-15699
-9792,21503,-11711
-14066,21078,-7012
-17370,19965,-2595
-19861,17729,2132
-21301,14887,6414
-21718,10535,11183
-21297,6897,14400
-19870,2206,17664
-17960,-1724,19684
-14825,-6340,21165
-10386,-11174,21560
-6612,-14577,21189
-1967,-17617,19584
2120,-19676,17556
6727,-21144,14417
11253,-21582,10329
14994,-21120,6126
18418,-19560,1142
20348,-17135,-3213
21417,-14256,-7161
21726,-10353,-11373
21280,-6059,-15221
20142,-2334,-17808
17931,1980,-19911
14850,6418,-21268
10481,11203,-21684
6600,14577,-21177
1666,17828,-19494
-2747,19812,-17065
-7458,21231,-13773
-11459,21635,-10176
-15345,20988,-5643
-18187,19478,-1291
-20348,16924,3424
-21557,13789,7768
-21879,9590,12289
-21202,5676,15526
-19705,1171,18534
-17754,-2578,20332
-14487,-7165,21652
-11347,-10638,21985
-7037,-14499,21536
-2578,-17650,20228
1476,-19812,18336
5564,-21235,15671
9739,-21961,12222
13905,-21804,7899
17168,-20682,3514
19795,-18467,-1328
21169,-15807,-5362
22093,-12012,-10081
21850,-7973,-13877
20889,-4232,-16657
19515,-317,-19198
16607,4417,-21024
12944,8806,-21750
8951,12874,-21825
4640,16240,-20880
243,18826,-19069
-4826,20418,-15592
-9149,21021,-11872
-13649,21115,-7466
-17457,19981,-2524
-19894,17758,2136
-21326,15221,6105
-21817,10972,10845
-21425,6909,14516
-20257,2974,17283
-18323,-1130,19453
-15039,-6084,21123
-11517,-10056,21573
-6793,-14388,21181
-3003,-17139,20142
1852,-19556,17704
6616,-21029,14413
11616,-21206,9590
14940,-20868,5928
18459,-19432,973
20439,-17180,-3259
21734,-14210,-7524
21945,-10263,-11682
21388,-6641,-14747
20084,-2169,-17915
17758,2190,-19948
14903,6228,-21131
10621,11022,-21643
6525,14466,-20991
1505,17820,-19325
-2446,19696,-17250
-7936,21078,-13142
-12424,21425,-9001
-15774,20794,-5020
-18929,18768,161
-20699,16293,4406
-21544,13253,8291
-21800,9174,12626
-20959,4867,16092
-19696,948,18748
-17584,-3159,20743
-14454,-7354,21808
-10799,-11166,21965
-6138,-15101,21239
-2161,-17708,19869
1967,-19845,17878
6880,-21404,14524
11191,-22019,10828
14887,-21520,6633
17853,-20253,2400
20014,-18013,-2001
21524,-15118,-6406
21982,-11657,-10325
21577,-7152,-14425
20480,-3106,-17374
18381,1274,-19655
15435,5737,-21172
11624,10102,-21726
7557,13971,-21528
3366,17098,-20464
-672,19313,-18641
-5106,20827,-15721
-9747,21417,-11670
-14338,21330,-6992
-17345,20072,-2727
-19808,18133,1675
-21532,15048,6484
-21998,11682,10316
-21639,7156,14483
-20579,3411,17168
-18706,-796,19502
-15691,-5564,21255
-11974,-9858,21832
-8703,-13319,22022
-4768,-16491,21259
-4,-19280,19284
4228,-20777,16549
8823,-21808,12985
13183,-21763,8580
16586,-20926,4340
19251,-19115,-136
21021,-16541,-4480
21846,-13488,-8358
21998,-9248,-12750
21033,-4813,-16220
19618,-994,-18624
17411,3102,-20513
13633,8031,-21664
9590,12243,-21833
5511,15448,-20959
899,18529,-19428
-3312,20303,-16991
-8349,21516,-13167
-12820,21870,-9050
-16380,21012,-4632
-19156,19177,-21
-20930,16574,4356
-21821,13476,8345
-22155,9763,12392
-21214,5049,16165
-20505,1596,18909
-18830,-2169,20999
-15604,-6472,22076
-11785,-10564,22349
-7627,-14317,21944
-3452,-17325,20777
730,-19738,19008
5255,-21400,16145
9388,-22328,12940
13389,-22398,9009
16755,-21437,4682
19408,-19754,346
21235,-17304,-3931
22336,-14095,-8241
22691,-10291,-12400
21916,-6055,-15861
20336,-1786,-18550
18100,2528,-20628
15048,6884,-21932
11302,11108,-22410
7024,14817,-21841
2796,17894,-20690
-1464,20051,-18587
-6158,21557,-15399
-10811,22093,-11282
-14961,21594,-6633
-18240,20018,-1778
-20493,17712,2781
-22089,14924,7165
-22539,11059,11480
-22151,7062,15089
-20930,2932,17998
-19003,-1233,20236
-15963,-5812,21775
-12304,-10060,22364
-8159,-14082,22241
-3889,-17143,21032
515,-19560,19045
5172,-21186,16014
9879,-22056,12177
14066,-22225,8159
17547,-21190,3643
20039,-19078,-961
21631,-15947,-5684
22295,-12284,-10011
22275,-8287,-13988
21198,-4021,-17177
19387,301,-19688
16813,4686,-21499
13109,9136,-22245
8773,13294,-22067
4450,16632,-21082
37,19342,-19379
-4892,21161,-16269
-9726,22044,-12318
-13979,22159,-8180
-17469,21021,-3552
-20121,19074,1047
-21755,16297,5458
-22460,12486,9974
-22518,8852,13666
-22130,5247,16883
-21309,1670,19639
-18645,-2693,21338
-15118,-7090,22208
-11116,-11521,22637
-6868,-15233,22101
-2673,-18302,20975
1414,-20497,19083
6117,-22101,15984
10613,-22679,12066
14392,-22567,8175
17634,-21668,4034
20241,-19779,-462
21903,-17238,-4665
22852,-13707,-9145
22852,-9796,-13056
22163,-5651,-16512
20559,-1320,-19239
18133,3143,-21276
14874,7590,-22464
10679,12045,-22724
6406,15786,-22192
2103,18706,-20809
-2285,20913,-18628
-7000,22312,-15312
-11562,22831,-11269
-15435,22299,-6864
-18657,20880,-2223
-21128,18591,2537
-22444,15600,6844
-23034,11739,11295
-22596,7639,14957
-21454,3275,18179
-19507,-1018,20525
-16524,-5647,22171
-12824,-10098,22922
-8658,-14132,22790
-4351,-17353,21704
70,-19960,19890
4290,-21685,17395
9004,-22761,13757
13327,-22819,9492
16924,-22023,5099
19833,-20080,247
21648,-17089,-4559
22489,-13092,-9397
22741,-9359,-13382
22011,-4974,-17037
20014,-330,-19684
17386,4199,-21585
13567,8922,-22489
9326,13257,-22583
4863,16784,-21647
136,19569,-19705
-4834,21437,-16603
-9755,22456,-12701
-14177,22394,-8217
-17721,21148,-3427
-20402,18777,1625
-22176,16017,6159
-22873,12148,10725
-22687,7990,14697
-21763,4017,17746
-20084,-226,20310
-17333,-4694,22027
-13740,-9029,22769
-9594,-13286,22880
-5205,-16714,21919
-610,-19536,20146
3658,-21532,17874
8448,-22596,14148
12952,-22918,9966
16599,-22204,5605
19659,-20517,858
21643,-17791,-3852
22724,-14247,-8477
23153,-10428,-12725
22299,-6055,-16244
20946,-1773,-19173
18570,2623,-21193
15151,7222,-22373
11096,11785,-22881
6633,15658,-22291
1852,18826,-20678
-2714,20975,-18261
-7998,22130,-14132
-12754,22468,-9714
-16656,21986,-5330
-19800,20266,-466
-21821,17700,4121
-22823,14243,8580
-23108,10296,12812
-22394,6059,16335
-20963,1703,19260
-18488,-2829,21317
-15175,-7321,22496
-11174,-11892,23066
-6905,-15621,22526
-2491,-18669,21160
2165,-20790,18625
6888,-22361,15473
11950,-22699,10749
15811,-22308,6497
19107,-20868,1761
21334,-18632,-2702
22724,-15427,-7297
22996,-11290,-11706
22629,-7140,-15489
21363,-2706,-18657
18950,1860,-20810
15720,6657,-22377
11550,11244,-22794
7222,15184,-22406
2689,18397,-21086
-1905,20691,-18786
-6901,22287,-15386
-11665,22996,-11331
-15687,22539,-6852
-18946,20959,-2013
-21338,18698,2640
-22650,15394,7256
-23219,11500,11719
-22732,7251,15481
-21544,2970,18574
-19998,-990,20988
-17502,-5197,22699
-13905,-9565,23470
-9487,-13752,23239
-5123,-17118,22241
-507,-19919,20426
3918,-21907,17989
8633,-22984,14351
12882,-23458,10576
16454,-22893,6439
19556,-21186,1630
21709,-18834,-2875
23025,-15609,-7416
23520,-11570,-11950
23170,-7594,-15576
21747,-3023,-18724
19684,1394,-21078
16429,6105,-22534
12688,10687,-23375
8439,14701,-23140
4100,18026,-22126
-602,20604,-20002
-5346,22225,-16879
-10477,23029,-12552
-14685,23062,-8377
-18348,21899,-3551
-21000,19861,1139
-22671,17003,5668
-23665,13525,10140
-23483,9462,14021
-22547,4995,17552
-20831,643,20188
-18108,-4054,22162
-14548,-8666,23214
-10366,-13125,23491
-6562,-16557,23119
-2037,-19494,21531
2433,-21536,19103
7276,-22947,15671
11962,-23648,11686
15918,-23062,7144
19247,-21742,2495
21582,-19490,-2092
22972,-16236,-6736
23661,-12271,-11390
23306,-8014,-15292
22056,-3580,-18476
20241,866,-21107
17015,5713,-22728
13010,10456,-23466
8526,14614,-23140
4021,18104,-22125
-639,20678,-20039
-5597,22435,-16838
-10522,23487,-12965
-14792,23463,-8671
-18302,22435,-4133
-21025,20274,751
-22728,17028,5700
-23661,13299,10362
-23434,8901,14533
-22761,4867,17894
-21367,684,20683
-19420,-3349,22769
-16025,-7804,23829
-11735,-12271,24006
-7635,-15959,23594
-2660,-19280,21940
1802,-21454,19652
6439,-23149,16710
11112,-24052,12940
15200,-23681,8481
18579,-22473,3894
21379,-20501,-878
23178,-17436,-5742
24085,-13690,-10395
24044,-9664,-14380
22988,-5172,-17816
21214,-565,-20649
18653,3955,-22608
14961,8712,-23673
10683,13224,-23907
6336,16896,-23232
1501,19940,-21441
-2998,22031,-19033
-8394,23281,-14887
-13105,23677,-10572
-17296,22959,-5663
-20493,20913,-420
-22720,18315,4405
-23978,14994,8984
-24267,11005,13262
-23912,7095,16817
-22712,2937,19775
-20398,-1518,21916
-17176,-6340,23516
-13476,-10745,24221
-9561,-14792,24353
-4842,-18174,23016
-99,-20876,20975
4706,-22671,17965
9854,-23892,14038
14363,-24180,9817
18046,-23351,5305
21070,-21462,392
22918,-18558,-4360
24102,-14899,-9203
24333,-10865,-13468
23722,-6616,-17106
22048,-1872,-20176
19643,2631,-22274
16104,7569,-23673
12065,12152,-24217
7268,16260,-23528
2409,19490,-21899
-2619,21969,-19350
-8204,23417,-15213
-13010,24085,-11075
-17028,23599,-6571
-20307,21891,-1584
-22716,19362,3354
-23908,15761,8147
-24382,11661,12721
-24019,7631,16388
-23293,3683,19610
-21648,-449,22097
-18150,-5407,23557
-13926,-10444,24370
-9487,-14647,24134
-5148,-18253,23401
-408,-21136,21544
4298,-23046,18748
9161,-24329,15168
13653,-24490,10837
17411,-23813,6402
20637,-22374,1737
22770,-19998,-2772
24250,-16442,-7808
24890,-12589,-12301
24325,-8241,-16084
23137,-3782,-19355
20988,874,-21862
17910,5721,-23631
14037,10687,-24724
9347,15010,-24357
4789,18550,-23339
226,21351,-21577
-4760,23298,-18538
-9739,24473,-14734
-14445,24564,-10119
-18385,23421,-5036
-21412,21503,-91
-23595,18735,4860
-24692,15114,9578
-24976,11195,13781
-24160,6595,17565
-22786,1971,20815
-20488,-2425,22913
-17254,-7227,24481
-13200,-11900,25100
-9120,-15716,24836
-4281,-19181,23462
243,-21895,21652
5106,-23611,18505
10246,-24750,14504
14767,-24729,9962
18591,-23916,5325
21582,-21478,-104
23607,-18364,-5243
24684,-14359,-10325
24762,-10246,-14516
23941,-5622,-18319
21961,-717,-21244
19086,4149,-23235
15147,9334,-24481
10733,13827,-24560
5820,17791,-23611
408,20893,-21301
-4974,23001,-18027
-10555,24230,-13675
-15328,24238,-8910
-19173,22774,-3601
-22126,20299,1827
-23920,17151,6769
-24791,13043,11748
-24585,8695,15890
-23442,4087,19355
-21412,-470,21882
-18319,-5432,23751
-14190,-10415,24605
-9623,-14792,24415
-4657,-18628,23285
334,-21532,21198
5350,-23372,18022
10613,-24556,13943
15006,-24605,9599
18995,-23298,4303
21932,-21301,-631
23735,-17894,-5841
24807,-13963,-10844
24601,-9706,-14895
23566,-4987,-18579
21936,-478,-21458
18756,4521,-23277
14623,9763,-24386
10180,14322,-24502
5209,18232,-23441
132,21239,-21371
-5234,23219,-17985
-10762,24374,-13612
-15468,24296,-8828
-19408,23145,-3737
-22262,20909,1353
-24036,17749,6287
-25034,14082,10952
-25018,10188,14830
-24531,6026,18505
-22666,1208,21458
-19841,-3456,23297
-16636,-8278,24914
-12486,-12894,25380
-8353,-16467,24820
-4050,-19791,23841
573,-22332,21759
5915,-24007,18092
11059,-25084,14025
15547,-24828,9281
19288,-23834,4546
22221,-21928,-293
24164,-19049,-5115
25306,-15336,-9970
25397,-11339,-14058
24663,-6595,-18068
22873,-1885,-20988
20666,2776,-23442
17015,7709,-24724
12746,12523,-25269
8485,16450,-24935
3601,20026,-23627
-1233,22390,-21157
-6587,24415,-17828
-11756,25224,-13468
-16223,25170,-8947
-19899,23788,-3889
-22745,21400,1345
-24601,18397,6204
-25521,14416,11105
-25533,10382,15151
-24704,5861,18843
-23215,1381,21834
-21070,-2957,24027
-18174,-7482,25656
-13530,-12255,25785
-9021,-16372,25393
-4446,-19985,24431
354,-22510,22156
5412,-24407,18995
10296,-25719,15423
14557,-26053,11496
18517,-25179,6662
21751,-23281,1530
24024,-20715,-3309
25682,-17358,-8324
25962,-12853,-13109
25810,-8877,-16933
24102,-3741,-20361
22308,767,-23075
18921,5886,-24807
14887,10964,-25851
10795,15246,-26041
6039,19008,-25047
1093,22023,-23116
-3848,24118,-20270
-9231,25542,-16311
-14082,25966,-11884
-18195,25377,-7182
-21672,23636,-1964
-24127,21169,2958
-25711,17815,7896
-26486,14004,12482
-26197,9615,16582
-25005,4896,20109
-23236,363,22873
-20158,-4727,24885
-16541,-9611,26152
-12667,-13979,26646
-8225,-17886,26111
-3960,-21058,25018
816,-23430,22614
6360,-25187,18827
11331,-26317,14986
15889,-26503,10614
19767,-25146,5379
22988,-23281,293
24976,-20035,-4941
26247,-16149,-10098
26523,-11830,-14693
25686,-6950,-18736
23788,-1819,-21969
21582,2916,-24498
17729,8229,-25958
13451,13117,-26568
8464,17205,-25669
3444,20938,-24382
-1678,23570,-21892
-7375,25414,-18039
-12577,26268,-13691
-17135,26206,-9071
-20988,24766,-3778
-23883,21969,1914
-25575,18319,7256
-26482,14004,12478
-26144,9351,16793
-25088,4677,20411
-23764,325,23439
-20930,-4455,25385
-17201,-9413,26614
-12449,-14161,26610
-7812,-18335,26147
-2330,-21800,24130
2961,-24114,21153
8225,-26037,17812
13208,-26692,13484
17692,-26057,8365
21557,-24490,2933
24316,-21994,-2322
26115,-18451,-7664
26911,-14227,-12684
26507,-9730,-16777
25348,-4801,-20547
23298,247,-23545
20084,5321,-25405
16042,10704,-26746
11323,15299,-26622
6360,19313,-25673
1212,22555,-23767
-4063,24836,-20773
-9862,26404,-16542
-15105,26750,-11645
-19494,25851,-6357
-22939,23722,-783
-25344,20922,4422
-26944,17518,9426
-27579,13653,13926
-27538,10011,17527
-26107,5040,21067
-24110,251,23859
-21049,-4871,25920
-17213,-9949,27162
-13220,-14350,27570
-9091,-18265,27356
-3753,-21804,25557
1134,-24329,23195
6727,-26268,19541
12098,-27447,15349
16566,-27575,11009
20513,-26598,6085
23727,-24543,816
25938,-21635,-4303
27233,-17844,-9389
28033,-13806,-14227
27604,-9384,-18220
26259,-4624,-21635
24378,127,-24505
21858,4838,-26696
17886,9924,-27810
13517,14445,-27962
8724,18719,-27443
3654,22196,-25850
-1423,24849,-23426
-7194,26804,-19610
-12238,27757,-15519
-16838,28165,-11327
-20847,26886,-6039
-24184,24861,-677
-26371,21850,4521
-27860,17980,9880
-28371,13756,14615
-28008,9347,18661
-27340,5234,22106
-25843,903,24940
-22732,-4153,26885
-18789,-9285,28074
-15159,-13773,28932
-10184,-18129,28313
-5589,-21602,27191
-540,-24733,25273
4372,-26911,22539
9627,-28177,18550
14561,-28854,14293
18900,-28342,9442
22926,-27080,4154
25632,-24288,-1344
27748,-20971,-6777
29040,-17217,-11823
29077,-13026,-16051
28458,-8237,-20221
26800,-3324,-23476
24259,1897,-26156
20736,7227,-27963
16759,12366,-29125
12263,16863,-29126
7420,20781,-28201
1996,24094,-26090
-3019,26639,-23620
-8542,28495,-19953
-14062,29126,-15064
-18942,28466,-9524
-23042,27113,-4071
-26173,24514,1659
-28161,21392,6769
-29337,17424,11913
-29477,12882,16595
-28532,7767,20765
-27080,2821,24259
-24486,-2446,26932
-20823,-7821,28644
-16607,-12750,29357
-12259,-17362,29621
-7090,-21392,28482
-1720,-24543,26263
3452,-27060,23608
9215,-28771,19556
14804,-29559,14755
19515,-28854,9339
23755,-27027,3272
26461,-24015,-2446
28590,-20352,-8238
29588,-16042,-13546
29543,-11298,-18245
27955,-5688,-22267
25958,-354,-25604
22460,5346,-27806
17919,11207,-29126
13167,16198,-29365
7474,20901,-28375
622,24539,-25161
-5403,27196,-21793
-11603,28924,-17321
-16904,29192,-12288
-21804,28029,-6225
-25352,25282,70
-27819,21780,6039
-29398,17778,11620
-29724,13228,16496
-28767,7821,20946
-26771,2227,24544
-23512,-3518,27030
-19276,-9516,28792
-14763,-14911,29674
-8773,-19762,28535
-2825,-23710,26535
2895,-26507,23612
9017,-28685,19668
14990,-29332,14342
20237,-28413,8176
24234,-26152,1918
27183,-23182,-4001
28879,-18781,-10098
29679,-14359,-15320
28875,-9083,-19792
27080,-3419,-23661
24432,2107,-26539
20134,8481,-28615
15072,14111,-29183
9603,19135,-28738
3782,23351,-27133
-2417,26301,-23884
-8963,28322,-19359
-14990,29217,-14227
-20290,28561,-8271
-24300,26445,-2145
-27319,23376,3943
-29052,19490,9562
-29724,14812,14912
-29411,9904,19507
-28017,4578,23439
-25216,-1084,26300
-21569,-6934,28503
-18174,-11880,30054
-13175,-17015,30190
-7474,-21289,28763
-1802,-24869,26671
4067,-27489,23422
10312,-29209,18897
16021,-29555,13534
20703,-28755,8052
24622,-27196,2574
27501,-24564,-2937
29555,-21268,-8287
30413,-16566,-13847
29836,-11537,-18299
29011,-6430,-22581
26829,-895,-25934
23599,4719,-28318
19346,10316,-29662
14812,15349,-30161
9306,20142,-29448
3638,24102,-27740
-2079,27126,-25047
-8699,28965,-20266
-14359,30021,-15662
-19511,30021,-10510
-23702,28248,-4546
-26919,25608,1311
-29299,22464,6835
-30376,17980,12396
-30735,13893,16842
-30017,8608,21409
-28165,3333,24832
-26123,-1707,27830
-22534,-7218,29752
-17964,-12787,30751
-12911,-17667,30578
-7309,-22052,29361
-1559,-25690,27249
4129,-28165,24036
9982,-30063,20081
15406,-30685,15279
20348,-30405,10057
24556,-28846,4290
27662,-25834,-1828
29819,-22303,-7516
30916,-17985,-12931
31020,-13398,-17622
30145,-7944,-22201
27955,-2351,-25604
25245,3052,-28297
21536,8860,-30396
16863,14326,-31189
11372,19123,-30495
6402,23252,-29654
750,26890,-27640
-5799,28936,-23137
-12036,30236,-18200
-17564,30933,-13369
-22547,29902,-7355
-26140,27493,-1353
-29015,24634,4381
-30855,20880,9975
-31494,16157,15337
-31205,11108,20097
-29539,5395,24144
-27051,-255,27306
-23817,-5973,29790
-19713,-11484,31197
-15642,-16302,31944
-10758,-20744,31502
-5040,-24597,29637
631,-27658,27027
7123,-29712,22589
13043,-31168,18125
18451,-31135,12684
23211,-29745,6534
27088,-27637,549
29687,-23970,-5717
31226,-19536,-11690
31741,-14833,-16908
30846,-8893,-21953
28747,-3056,-25691
25933,2569,-28502
22209,8522,-30731
17382,14350,-31732
11735,19292,-31027
6195,23962,-30157
-193,27447,-27254
-7090,29708,-22618
-13290,31189,-17899
-18900,31510,-12610
-23731,30108,-6377
-27538,27307,231
-30063,23392,6671
-31510,18814,12696
-31663,13827,17836
-30607,8353,22254
-29551,3349,26202
-27579,-1773,29352
-23095,-7763,30858
-18092,-13455,31547
-12969,-19024,31993
-7029,-23442,30471
-214,-27002,27216
5638,-29687,24049
11966,-31601,19635
17873,-31626,13753
23120,-30393,7273
27068,-27897,829
29869,-24279,-5590
31766,-20348,-11418
32232,-15369,-16863
31123,-9755,-21368
29947,-4112,-25835
26841,2087,-28928
21796,8633,-30429
17337,14346,-31683
12717,19824,-32541
6138,24358,-30496
-853,27534,-26681
-7726,30401,-22675
-14107,31791,-17684
-20022,31461,-11439
-24704,29856,-5152
-28524,27282,1242
-30958,23760,7198
-32455,19956,12499
-32818,15336,17482
-32162,10201,21961
-30355,4294,26061
-27497,-1394,28891
-23797,-7470,31267
-19668,-13055,32723
-15126,-17795,32921
-9471,-22464,31935
-3510,-26560,30070
2627,-29176,26549
9438,-31564,22126
15076,-32385,17309
20418,-32764,12346
24927,-31465,6538
28429,-28590,161
31011,-24972,-6039
32674,-20724,-11950
33404,-16190,-17214
33016,-11327,-21689
31614,-6010,-25604
29337,-552,-28785
26866,4607,-31473
22778,10205,-32983
17671,15753,-33424
11735,20711,-32446
6480,25133,-31613
882,28895,-29777
-5589,31094,-25505
-11921,32533,-20612
-17473,33482,-16009
-22765,33243,-10478
-26676,31424,-4748
-30038,28301,1737
-32249,24836,7413
-33693,20641,13052
-34398,16248,18150
-34035,11665,22370
-33140,7276,25864
-31502,2615,28887
-29576,-2454,32030
-25550,-8047,33597
-20224,-13497,33721
-15435,-18277,33712
-11500,-22877,34377
-6864,-27324,34188
123,-29873,29750
6270,-31296,25026
11974,-34142,22168
18315,-35437,17122
23293,-33152,9859
27200,-30937,3737
31651,-29658,-1993
33730,-25785,-7945
34212,-20695,-13517
34406,-15980,-18426
35046,-11669,-23377
34249,-6043,-28206
29444,664,-30108
23999,6950,-30949
22827,11999,-34826
23520,17762,-41282
15749,23677,-39426
-783,22914,-22131
-5445,24044,-18599
-1390,41559,-40169
-10436,48835,-38399
-19206,22976,-3770
-16883,16104,779
-36786,45358,-8572
-39154,37368,1786
-24527,16099,8428
-24927,12358,12569
-51356,26895,24461
-56005,21817,34188
-13278,-3015,16293
-1868,-8489,10357
-49545,3658,45887
-75937,-3663,79600
-65777,-14635,80412
-27220,-23599,50819
3873,-18253,14380
-15015,-36440,51455
-7148,-44121,51269
14895,-20435,5540
16834,-11566,-5268
21190,-56904,35714
34233,-56974,22741
16545,-13517,-3028
21087,-17980,-3107
56694,-50605,-6089
49739,-35619,-14120
7363,1134,-8497
25608,4838,-30446
134755,-120540,-14215
11620,-31234,19614
18162,15382,-33544
25942,-32727,6785
70,26185,-26255
-5321,27505,-22184
134706,-3097,-131609
10168,561,-10729
134714,5494,-140208
-6249,4108,2141
134648,-4034,-130614
15464,-23743,8279
81184,28483,-109667
33346,-25735,-7611
10234,15081,-25315
-387,325,62
134714,-1765,-132949
108809,33816,-142625
110508,35821,-146329
91166,53451,-144617
117682,39150,-156832
84917,52878,-137795
81745,60406,-142151
44281,63520,-107801
28846,116551,-145397
-466,18339,-17873
27715,115182,-142897
6653,44446,-51099
-37331,2136,35195
-3720,-4908,8628
23166,128877,-152043
-5519,38989,-33470
-8860,-1254,10114
17626,83395,-101021
41885,85890,-127775
61186,70710,-131896
77364,45337,-122701
83139,39034,-122173
29687,47866,-77553
-515,23368,-22853
-5952,23215,-17263
12890,12812,-25702
5469,-17106,11637
134145,19952,-154097
67497,-14338,-53159
129417,-28190,-101227
14045,-20839,6794
134747,3234,-137981
71989,-16326,-55663
56108,-58962,2854
32232,808,-33040
121712,21907,-143619
-1608,-34571,36179
7585,15617,-23202
51211,-22324,-28887
-1390,-15056,16446
58925,29378,-88303
134763,-31102,-103661
-3060,-9957,13017
-165,-6472,6637
134710,-6942,-127768
1815,13261,-15076
15266,16879,-32145
55765,-29040,-26725
4900,-7569,2669
-6360,7837,-1477
134664,-7280,-127384
25438,-35817,10379
35871,-31692,-4179
17568,-1142,-16426
33408,-45445,12037
103537,796,-104333
134780,-11855,-122925
-4046,-4661,8707
48798,13389,-62187
33618,6373,-39991
7618,3679,-11297
64399,2681,-67080
25154,-17514,-7640
14891,10366,-25257
37694,-3931,-33763
13662,2978,-16640
9751,-16,-9735
9054,-2062,-6992
33239,-8340,-24899
11141,13835,-24976
-2755,-7594,10349
75108,6183,-81291
81972,1707,-83679
-4343,1852,2491
16227,8852,-25079
-1641,-7643,9284
907,-1175,268
70166,6455,-76621
15588,-437,-15151
17391,-2326,-15065
134466,9755,-144221
134450,9083,-143533
13789,2231,-16020
-1452,10733,-9281
2008,-13051,11043
73367,6175,-79542
14495,3795,-18290
131748,21940,-153688
9277,2322,-11599
88345,-9730,-78615
3823,-33301,29478
19738,23533,-43271
-7383,8245,-862
134767,-25579,-109188
94297,-22695,-71602
5902,-40350,34448
71366,-18876,-52490
1035,-1254,219
19911,16933,-36844
16487,-33288,16801
77888,-16330,-61558
25933,-3427,-22506
8831,-12960,4129
55811,-15906,-39905
74514,3300,-77814
134751,-23793,-110958
-2079,-11327,13406
134780,-20567,-114213
2202,-41382,39180
37087,-24337,-12750
11649,16665,-28314
121836,-17609,-104227
957,-23883,22926
55807,-12989,-42818
134689,-6191,-128498
6868,-2800,-4068
21033,-38317,17284
134747,-24015,-110732
80982,2871,-83853
825,-7078,6253
30096,-28380,-1716
134734,-16487,-118247
2400,-12878,10478
19441,7148,-26589
6253,-24853,18600
119732,-8584,-111148
-5432,-4034,9466
35281,-37603,2322
20992,3807,-24799
134726,-23925,-110801
-3275,-1270,4545
134714,-15741,-118973
42495,-24787,-17708
56780,-53220,-3560
14676,-65587,50911
-6257,-7519,13776
23623,1724,-25347
22266,7268,-29534
48856,-29790,-19066
86785,-94062,7277
26070,-55893,29823
5329,-19350,14021
-31263,-81204,112467
-120495,-10609,131104
-11455,33990,-22535
-55448,25752,29696
-34810,83556,-48746
16995,1645,-18640
-29163,4409,24754
-2021,20913,-18892
5461,-25554,20093
-2615,-10324,12939
118503,-24787,-93716
64531,-113099,48568
57919,-113594,55675
10502,-107575,97073
-26639,-11050,37689
985,1600,-2585
-77908,2058,75850
-134446,29568,104878
-46666,52804,-6138
-20757,49768,-29011
9636,11488,-21124
5560,-15728,10168
132944,23384,-156328
12861,-16557,3696
134714,-35289,-99425
17679,-47025,29346
6179,-84343,78164
-55485,-52771,108256
-25022,17283,7739
-100320,101004,-684
-10098,42784,-32686
606,20134,-20740
25797,117249,-143046
50749,9029,-59778
20406,2825,-23231
87969,-38395,-49574
-5898,-22044,27942
10749,-75442,64693
87804,-2970,-84834
39855,-43964,4109
-4496,-9252,13748
-10815,-19078,29893
-30360,-2689,33049
-40684,17333,23351
-30698,35487,-4789
-1023,35334,-34311
28652,21631,-50283
59061,-34802,-24259
13695,-58950,45255
-50881,7548,43333
-32579,-6195,38774
-1229,27798,-26569
7173,-1402,-5771
117550,-19527,-98023
29324,-61672,32348
-34695,-18220,52915
-3650,13521,-9871
10036,17498,-27534
387,40247,-40634
41278,-1291,-39987
25488,-36815,11327
-28074,-18277,46351
-33057,14260,18797
-7400,16124,-8724
-4582,134965,-130383
3048,-20187,17139
26296,-22336,-3960
3667,-101132,97465
-80845,-24304,105149
-134413,23475,110938
-54276,28899,25377
-58059,84269,-26210
-33841,-2755,36596
23161,118659,-141820
59070,96450,-155520
19041,-9524,-9517
48241,-26961,-21280
-6369,-30826,37195
134747,-61615,-73132
91294,-35285,-56009
133167,-10848,-122319
134784,-4776,-130008
111486,-5981,-105505
-2046,5366,-3320
-7911,-6884,14795
10654,66841,-77495
-26098,30793,-4695
-34270,12985,21285
4591,-990,-3601
-34390,23809,10581
-18046,15448,2598
-8934,12478,-3544
-11059,16351,-5292
-9256,17320,-8064
-6604,18273,-11669
-1138,17832,-16694
4488,15774,-20262
14474,8592,-23066
22023,-882,-21141
25847,-13571,-12276
23194,-24267,1073
12441,-28639,16198
-6307,-22072,28379
-26210,-2351,28561
-33028,19395,13633
-14458,33420,-18962
13154,21532,-34686
36832,-17457,-19375
16677,-36386,19709
-27336,-13200,40536
-40359,31048,9311
13810,27674,-41484
44422,-32005,-12417
-9037,-32410,41447
-56343,19453,36890
-56830,112146,-55316
-13554,41712,-28158
38490,-33078,-5412
13748,-30071,16323
-13158,9842,3316
-22064,6723,15341
-56071,787,55284
-42640,68920,-26280
20563,14346,-34909
92214,-27616,-64598
25900,-26461,561
31865,-56203,24338
-31552,-36345,67897
-27604,22774,4830
-48547,51830,-3283
20922,5511,-26433
16978,-936,-16042
8179,-1221,-6958
134747,-94590,-40157
33499,-16838,-16661
24968,-13629,-11339
808,4644,-5452
-8654,1518,7136
-39030,-12416,51446
-85870,3081,82789
-97374,33668,63706
-18496,34068,-15572
-13703,64350,-50647
43494,-1678,-41816
4356,-19371,15015
19564,-5007,-14557
23223,-20064,-3159
-6550,-13942,20492
23722,-3304,-20418
83180,-12989,-70191
-742,-65756,66498
108367,-35619,-72748
134718,-62304,-72414
35219,-106796,71577
64057,-78284,14227
24791,-7330,-17461
136,-5919,5783
62114,-2743,-59371
-5556,-11009,16565
-8373,-5172,13545
99528,37727,-137255
92519,17114,-109633
101763,32500,-134263
112587,23966,-136553
251,7470,-7721
495,-13983,13488
120590,10060,-130650
8151,-31935,23784
100229,8047,-108276
29856,-10126,-19730
74707,-16846,-57861
62130,-12403,-49727
65632,-15959,-49673
63215,-17226,-45989
22105,-27687,5582
25839,-796,-25043
7627,-5432,-2195
7519,-18426,10907
134697,7016,-141713
-2128,-15811,17939
134701,21784,-156485
28755,-3291,-25464
6938,-6480,-458
14326,6381,-20707
93827,11170,-104997
113689,31622,-145311
41068,15485,-56553
-5044,-18117,23161
134730,11937,-146667
9586,-6777,-2809
91513,3073,-94586
-3374,-6781,10155
18694,3188,-21882
32220,13212,-45432
-1134,-4950,6084
-4851,-11958,16809
34295,-15835,-18460
134681,13954,-148635
36972,-16788,-20184
47334,-11797,-35537
59490,-20550,-38940
3048,-10135,7087
-1262,11702,-10440
-5465,-11851,17316
123952,35281,-159233
2739,12247,-14986
6199,6826,-13025
28920,-2809,-26111
1117,-23562,22445
8056,10027,-18083
38152,70137,-108289
63417,77224,-140641
51966,47928,-99894
19230,-3493,-15737
34670,-4199,-30471
55559,1419,-56978
1221,10741,-11962
-1122,6463,-5341
-2656,4863,-2207
-2858,3782,-924
-4384,-5395,9779
28437,-13711,-14726
22955,-15142,-7813
-4438,4764,-326
99231,-15015,-84216
86109,-11830,-74279
4368,-3667,-701
134734,8060,-142794
2734,-24457,21723
33565,-15109,-18456
35961,-16417,-19544
37826,-7627,-30199
31997,-8691,-23306
7284,-9578,2294
134755,-4368,-130387
-1023,-13926,14949
18273,3085,-21358
134305,6315,-140620
1163,-13237,12074
-6921,-11030,17951
23376,-11067,-12309
134677,1975,-136652
46455,-25141,-21314
73969,-16396,-57573
-6595,-10423,17018
18187,10700,-28887
23190,-2322,-20868
134664,21718,-156382
79101,26948,-106049
64020,32979,-96999
54115,43782,-97897
25608,36914,-62522
32538,-8802,-23736
-8530,5077,3453
-132,57,75
-3040,-11719,14759
8724,9087,-17811
8245,10180,-18425
8563,9248,-17811
22085,20653,-42738
8728,65059,-73787
33556,68099,-101655
37904,91727,-129631
50642,101454,-152096
51414,22935,-74349
23826,3836,-27662
5263,-6843,1580
-8353,-2310,10663
-8307,-14367,22674
-7222,-4822,12044
-2520,-6839,9359
-3555,-7400,10955
-5993,-5585,11578
-7062,-7602,14664
-3782,-8431,12213
67757,-6727,-61030
134648,8093,-142741
23714,-9669,-14045
17881,-10118,-7763
13674,-25240,11566
73264,22180,-95444
38704,-5119,-33585
-7528,2227,5301
27695,12865,-40560
122570,37479,-160049
110092,41225,-151317
82190,42825,-125015
47734,74646,-122380
64630,68792,-133422
38420,50118,-88538
27703,54978,-82681
24436,94664,-119100
9388,85185,-94573
-7115,134813,-127698
-5667,-8901,14568
-4529,41749,-37220
-779,22291,-21512
9132,-9083,-49
18999,115834,-134833
-27295,7309,19986
9949,36601,-46550
367,43209,-43576
15365,-7763,-7602
19408,104733,-124141
12791,52684,-65475
22155,58884,-81039
12973,124971,-137944
30450,10568,-41018
6121,11583,-17704
17572,25876,-43448
13690,10263,-23953
30619,65335,-95954
44752,51595,-96347
30640,34815,-65455
36634,-3135,-33499
1361,-2701,1340
15369,-13468,-1901
-2169,-5148,7317
10671,-11096,425
-4455,-7767,12222
14870,5836,-20706
1551,23359,-24910
22200,119356,-141556
50502,63190,-113692
19053,23273,-42326
8448,9075,-17523
6624,100518,-107142
33049,84859,-117908
46789,100633,-147422
38696,7755,-46451
9066,31972,-41038
9289,110834,-120123
27596,104911,-132507
28771,113185,-141956
12263,115578,-127841
33581,93406,-126987
31614,4083,-35697
7627,-1394,-6233
4809,101767,-106576
21916,46831,-68747
19012,57589,-76601
18319,9854,-28173
7037,-4690,-2347
3444,-2136,-1308
3646,-1971,-1675
-2941,7111,-4170
-5956,59020,-53064
2029,-2409,380
-4050,5869,-1819
-680,31234,-30554
-767,23046,-22279
1006,15567,-16573
-44034,5968,38066
1072,17646,-18718
-7243,124781,-117538
-9933,-969,10902
22671,59346,-82017
-3716,40466,-36750
1377,-4607,3230
10576,26482,-37058
17197,7841,-25038
8885,119361,-128246
13847,-6736,-7111
2475,46146,-48621
9145,16500,-25645
5288,17481,-22769
2817,81683,-84500
10762,-6732,-4030
19573,9631,-29204
3440,55357,-58797
5849,25422,-31271
4599,14928,-19527
-5024,82269,-77245
-11838,44970,-33132
-3592,53674,-50082
-1192,-4026,5218
3931,19263,-23194
4525,107361,-111886
-11331,-4983,16314
31622,14507,-46129
17952,112707,-130659
2623,32525,-35148
5659,11702,-17361
15831,10968,-26799
-6534,53427,-46893
-16058,-565,16623
12634,129619,-142253
-412,67493,-67081
9945,1014,-10959
-1460,-1006,2466
2433,-1336,-1097
-5531,45106,-39575
-16281,5634,10647
23834,23656,-47490
-23735,42648,-18913
-3213,-6138,9351
940,37426,-38366
2899,-119,-2780
15930,75751,-91681
-13938,53418,-39480
-16751,3584,13167
27270,52272,-79542
-8637,54536,-45899
-6888,-1934,8822
23995,30751,-54746
6261,109098,-115359
4929,53596,-58525
-2499,26474,-23975
7705,-14293,6588
17811,131715,-149526
-4422,-6996,11418
3469,2833,-6302
19424,10436,-29860
-17659,61507,-43848
-21808,1860,19948
27093,39843,-66936
-14771,57118,-42347
-18748,-4331,23079
21544,4314,-25858
-10098,88237,-78139
-9607,90052,-80445
-24288,457,23831
10729,144,-10873
16528,117702,-134230
-25558,7948,17610
7775,8130,-15905
11632,110888,-122520
-3279,133493,-130214
-2685,-6492,9177
-11764,20245,-8481
8509,-1666,-6843
8295,97461,-105756
-16586,45288,-28702
-25018,96834,-71816
-21643,738,20905
8217,11913,-20130
20699,115491,-136190
-23813,-1485,25298
27926,12630,-40556
-22089,76692,-54603
-12874,-1654,14528
28264,18298,-46562
-22353,65797,-43444
-20926,4125,16801
24205,3246,-27451
-9974,111416,-101442
-16240,6088,10152
22646,52985,-75631
-15406,81411,-66005
-20117,288,19829
25950,2619,-28569
-22815,64040,-41225
-11261,36279,-25018
4875,-7086,2211
17048,113994,-131042
-36510,5589,30921
-1159,16170,-15011
-7581,103174,-95593
-15567,1018,14549
14796,5783,-20579
-17341,111614,-94273
-20880,6282,14598
22332,88184,-110516
-25702,42277,-16575
-12684,62844,-50160
-33094,10774,22320
18950,5779,-24729
-34711,57989,-23278
-14825,1423,13402
8311,23817,-32128
-28,2248,-2220
-13979,88658,-74679
-14883,7235,7648
23223,5416,-28639
-5956,95431,-89475
-17048,507,16541
26589,37356,-63945
7247,111222,-118469
-2945,8303,-5358
21577,120144,-141721
-33391,7697,25694
6484,358,-6842
2565,108029,-110594
-23256,-1221,24477
15357,5123,-20480
-21375,90094,-68719
-19024,77331,-58307
-944,26626,-25682
-18183,124529,-106346
-17089,-1320,18409
-2693,23067,-20374
12131,123283,-135414
-12717,31011,-18294
-8530,36044,-27514
-32228,-4578,36806
18277,78181,-96458
-13542,26857,-13315
4244,4343,-8587
-30743,40631,-9888
-12688,55609,-42921
-34051,101272,-67221
-14214,1200,13014
-11512,125173,-113661
-47553,88015,-40462
-29411,2949,26462
346,14388,-14734
-66544,22514,44030
-8410,-5935,14345
-17857,124273,-106416
-12738,36803,-24065
-21157,67051,-45894
-27951,38049,-10098
-11492,58405,-46913
-29328,89731,-60403
7697,9627,-17324
-19969,108974,-89005
-33519,-3229,36748
7375,43428,-50803
-14445,76700,-62255
-3535,-3729,7264
17498,101219,-118717
-33614,64106,-30492
-15485,76654,-61169
-30232,111610,-81378
-27802,-1559,29361
866,17811,-18677
-46905,25674,21231
-12,-5214,5226
-5964,120953,-114989
-49165,-726,49891
10155,12515,-22670
-21062,64535,-43473
-19078,-5931,25009
-325,33981,-33656
-8497,24519,-16022
3819,1757,-5576
-67695,17358,50337
5770,85329,-91099
-12073,28239,-16166
-2173,20703,-18530
-19383,60856,-41473
-6468,-8608,15076
6546,119670,-126216
-20249,-1810,22059
1427,14800,-16227
-4892,117500,-112608
-17077,-2376,19453
4356,41485,-45841
-9545,17143,-7598
-7441,3341,4100
21755,89904,-111659
-46191,862,45329
9743,8637,-18380
-34101,54280,-20179
-6897,-3060,9957
10593,125812,-136405
-52911,7536,45375
12552,6179,-18731
-25950,60596,-34646
-19853,-5267,25120
5143,113825,-118968
-54672,61355,-6683
-25744,62159,-36415
-12969,-2714,15683
-18290,112950,-94660
1105,-5391,4286
-6121,35974,-29853
8542,5919,-14461
21520,104667,-126187
-10749,103442,-92693
-20134,-862,20996
24613,5820,-30433
-5729,125824,-120095
-16941,6336,10605
19036,28433,-47469
-55250,40041,15209
16454,3159,-19613
-1039,114390,-113351
-31399,42636,-11237
-12148,59820,-47672
-32670,94062,-61392
8171,10349,-18520
-16821,42532,-25711
9825,-6278,-3547
6818,123469,-130287
-37463,3766,33697
-4488,18339,-13851
28479,114679,-143158
-39257,1695,37562
8600,2239,-10839
-1633,112959,-111326
-5931,24048,-18117
-6901,29440,-22539
-17898,-5890,23788
11265,79893,-91158
-55452,-2607,58059
23760,60080,-83840
-47614,26065,21549
16838,1856,-18694
-9598,38057,-28459
-284,-6034,6318
-1798,106804,-105006
-3023,16231,-13208
2132,19168,-21300
-37261,25484,11777
10778,-3778,-7000
33,124319,-124352
-21557,-2223,23780
13901,4360,-18261
-33012,55303,-22291
-11302,-7722,19024
-17465,64651,-47186
-22518,8324,14194
-4570,134932,-130362
-19556,-4768,24324
-38779,22943,15836
21775,5836,-27611
-2388,114283,-111895
-41,-375,416
12989,134838,-147827
2235,32245,-34480
-17514,6917,10597
-6785,28227,-21442
-11108,27736,-16628
-25022,47730,-22708
-76704,104886,-28182
-36646,7185,29461
-27934,83193,-55259
-95865,134957,-39092
-44966,5164,39802
-15732,-6195,21927
-115491,95914,19577
-22440,54499,-32059
-134437,18822,115615
-19548,47573,-28025
-25191,92482,-67291
-29089,55097,-26008
-34621,-565,35186
-6187,-10378,16565
4083,-2149,-1934
-3436,48015,-44579
-6905,80297,-73392
-30970,738,30232
-25224,6129,19095
4195,-515,-3680
-19003,99057,-80054
-29654,78337,-48683
-22122,-2512,24634
-83135,363,82772
-20134,6946,13188
-16966,81320,-64354
-22650,38597,-15947
-11438,61,11377
6641,-589,-6052
-6216,88968,-82752
-38185,528,37657
-13534,40152,-26618
-14317,116795,-102478
-19486,-3209,22695
441,126765,-127206
-19845,6542,13303
3964,10056,-14020
20493,120478,-140971
-23071,5622,17449
10646,14239,-24885
-6323,-5201,11524
25364,56314,-81678
-2512,-1819,4331
34526,108301,-142827
-1728,3485,-1757
-12771,18294,-5523
25801,106697,-132498
-15724,7903,7821
8497,156,-8653
-3254,90754,-87500
-8332,-4368,12700
19325,69617,-88942
15984,79653,-95637
-1955,3300,-1345
-15881,13253,2628
29007,110100,-139107
-4851,-1567,6418
804,79022,-79826
-12288,33998,-21710
-8448,7198,1250
-6022,11248,-5226
9693,4244,-13937
-6851,-3003,9854
19837,104737,-124574
-18240,27736,-9496
4327,8204,-12531
631,60497,-61128
-5308,-10477,15785
-594,26536,-25942
-944,14713,-13769
2326,134858,-137184
-27208,6938,20270
4587,12069,-16656
6785,10444,-17229
-1167,107394,-106227
4137,-8171,4034
-3436,4558,-1122
3601,-622,-2979
-17469,-5556,23025
6699,11814,-18513
9883,121580,-131463
-9351,-2124,11475
-18583,-5758,24341
19861,8064,-27925
19309,86748,-106057
-15646,-6059,21705
24952,109671,-134623
-9388,4508,4880
-7383,-4364,11747
23875,109126,-133001
-7235,19457,-12222
9235,907,-10142
2912,11624,-14536
-3168,23388,-20220
-2751,12222,-9471
14755,112109,-126864
-11946,-7524,19470
3382,61788,-65170
-12614,-9000,21614
416,20678,-21094
3407,128023,-131430
2846,-8608,5762
-13208,10461,2747
22547,124587,-147134
-15926,-5473,21399
17898,118214,-136112
-8254,22093,-13839
523,503,-1026
-2314,7474,-5160
-40470,102597,-62127
-19762,3753,16009
-8509,115623,-107114
-503,-1996,2499
-13509,-284,13793
-10840,41959,-31119
-3345,41501,-38156
-10481,31246,-20765
7965,20922,-28887
7750,115747,-123497
-10741,-895,11636
31647,86592,-118239
-5601,12251,-6650
12317,122025,-134342
-12078,-3539,15617
3906,12205,-16111
3267,14206,-17473
-127,-2107,2234
4537,25381,-29918
7334,8976,-16310
-4228,46563,-42335
-19919,-837,20756
18876,10539,-29415
-15085,77418,-62333
-1530,-4826,6356
-17733,-3621,21354
25653,113957,-139610
-4310,109791,-105481
-16372,3960,12412
11587,7412,-18999
-3650,15155,-11505
849,13195,-14044
8794,110566,-119360
-9388,1761,7627
11525,31552,-43077
8382,-7082,-1300
13711,34439,-48150
334,-7045,6711
12218,130556,-142774
-1810,-783,2593
30170,55770,-85940
-8452,16805,-8353
4541,14726,-19267
-6402,6529,-127
-2623,-8679,11302
2545,9978,-12523
15126,8233,-23359
4199,-6224,2025
17527,129310,-146837
-10341,-4731,15072
12564,105290,-117854
-3947,1336,2611
-6439,-301,6740
20831,49116,-69947
-5077,-8910,13987
-82,5770,-5688
8679,12234,-20913
-3106,18368,-15262
-7247,12271,-5024
11723,121675,-133398
-13439,-478,13917
19354,119839,-139193
6958,-11723,4765
-10593,-507,11100
10935,6732,-17667
21891,76374,-98265
-25946,2066,23880
20220,16124,-36344
12329,17395,-29724
7280,3988,-11268
-3960,32088,-28128
783,15303,-16086
-5775,14680,-8905
19395,75759,-95154
-6472,1596,4876
-12469,-548,13017
14833,35165,-49998
-3324,-2809,6133
23768,121039,-144807
3675,8922,-12597
10976,8666,-19642
-350,10621,-10271
10844,118511,-129355
-11339,-5416,16755
24795,126196,-150991
2949,-2004,-945
-22114,7511,14603
-10093,7783,2310
965,7623,-8588
-14668,116993,-102325
-26321,16578,9743
-20377,4120,16257
-8996,10844,-1848
5185,12713,-17898
-2689,-325,3014
-6138,11438,-5300
-6719,71746,-65027
-14883,110063,-95180
-29279,80610,-51331
-56153,9475,46678
5890,84620,-90510
-37236,110793,-73557
-4698,21082,-16384
-22658,61017,-38359
-19527,59548,-40021
-19944,495,19449
14095,21652,-35747
-8159,12028,-3869
17320,71222,-88542
1072,-7235,6163
-16264,-1126,17390
-15679,13950,1729
4182,-3118,-1064
-10279,-6868,17147
9537,16578,-26115
4558,8728,-13286
-15563,2186,13377
20035,42116,-62151
9982,72051,-82033
-14136,75372,-61236
-32088,22650,9438
-23376,-247,23623
-15633,10696,4937
-14623,42017,-27394
-5061,-5494,10555
-25286,112666,-87380
-18628,24613,-5985
-17770,-2602,20372
-28413,2293,26120
16462,94054,-110516
-5304,-6150,11454
-26923,7115,19808
-6826,10766,-3940
7858,55910,-63768
-22539,62737,-40198
-21004,-6616,27620
-22625,-2004,24629
5568,117950,-123518
-12849,-292,13141
13414,9953,-23367
111,8118,-8229
-3460,16615,-13155
-15068,13303,1765
-2553,74567,-72014
-9153,12185,-3032
-4978,4463,515
-11789,-152,11941
11442,11071,-22513
5824,134272,-140096
4681,-9198,4517
-9116,-5634,14750
17927,23793,-41720
-280,-7532,7812
-7940,3675,4265
-482,21932,-21450
-8951,16413,-7462
-11112,6072,5040
-35788,10836,24952
-4475,23244,-18769
-32088,90399,-58311
-7507,11710,-4203
-24696,9326,15370
3279,103310,-106589
-14313,2305,12008
-18719,420,18299
5189,12898,-18087
-8897,28536,-19639
-12387,126010,-113623
-16434,9099,7335
-19416,-276,19692
7111,98934,-106045
-5061,4624,437
-22720,-330,23050
-7829,10568,-2739
-9025,120520,-111495
-12383,12144,239
-3687,-5143,8830
-27097,3716,23381
10758,10242,-21000
1262,13080,-14342
-4999,-4941,9940
-30463,-4422,34885
5172,10564,-15736
9578,77133,-86711
-16182,99622,-83440
-14916,5036,9880
-19003,2347,16656
140,107736,-107876
-14305,11335,2970
-9706,13558,-3852
6307,13080,-19387
-11418,105884,-94466
-15794,78766,-62972
-3663,-8159,11822
-13228,-338,13566
9664,129397,-139061
4158,6554,-10712
-6100,13645,-7545
14190,7387,-21577
-2895,16380,-13485
-19911,56731,-36820
-13938,317,13621
-693,101805,-101112
-13063,-3291,16354
-21417,37092,-15675
-44096,121056,-76960
-56095,59342,-3247
-92466,99655,-7189
-92919,63244,29675
-38643,115495,-76852
-38461,51603,-13142
-39150,39641,-491
-76291,54045,22246
-84187,53196,30991
-43370,-3304,46674
-54474,-4323,58797
-11215,91962,-80747
-50679,32958,17721
-117306,71605,45701
-104560,41563,62997
-108388,27006,81382
-8580,-4145,12725
-29889,-24539,54428
-33066,-80070,113136
42442,-134792,92350
25591,-11933,-13658
134776,-18376,-116400
134726,-1472,-133254
1200,11500,-12700
11108,2367,-13475
3019,9483,-12502
-12832,750,12082
-15497,116407,-100910
-28965,8014,20951
-20596,100848,-80252
-15456,-1381,16837
-5746,91228,-85482
-40074,42442,-2368
-51302,33693,17609
-18166,5362,12804
6006,-9834,3828
-14606,-14367,28973
18525,-27097,8572
38073,-48200,10127
5556,-60526,54970
14016,-119,-13897
59012,77380,-136392
2112,-3493,1381
12960,79521,-92481
-121060,115285,5775
-17749,115623,-97874
-14276,25311,-11035
-4661,-4327,8988
-47487,13233,34254
-73227,37962,35265
-90081,19185,70896
-62667,3279,59388
-6575,-14602,21177
17589,-15831,-1758
17032,-13521,-3511
99903,-20196,-79707
74943,7808,-82751
32624,28825,-61449
-5931,91405,-85474
-12556,11393,1163
-5333,53488,-48155
-46649,39105,7544
-22138,-4323,26461
-10621,-4558,15179
-6678,-11017,17695
-19857,-23863,43720
-42949,-47016,89965
21384,-41316,19932
27596,-30112,2516
-169,5247,-5078
134718,-12981,-121737
113276,29068,-142344
11867,6340,-18207
-29097,133575,-104478
-12717,51694,-38977
-4706,15881,-11175
-40590,36196,4394
-115636,73845,41791
-18686,46088,-27402
-18975,44042,-25067
-36155,70463,-34308
-49033,21091,27942
-19086,4974,14112
-57011,7441,49570
-69613,-14920,84533
-30083,-37215,67298
27101,-14619,-12482
9301,-13860,4559
51789,-38383,-13406
31968,-2912,-29056
-5655,13307,-7652
-6571,21619,-15048
-21021,26870,-5849
-22258,11533,10725
-16900,-1113,18013
-7899,-11913,19812
3246,-17131,13885
12432,-17304,4872
16264,-10362,-5902
14190,-1926,-12264
6822,8155,-14977
-2928,13051,-10123
-10324,12981,-2657
-13179,6509,6670
-10106,-1109,11215
-3333,-8683,12016
4587,-12111,7524
10258,-11550,1292
12123,-5968,-6155
11578,-796,-10782
6946,6298,-13244
420,10481,-10901
-6327,12325,-5998
-10238,9924,314
-12028,5461,6567
-9916,-239,10155
-5754,-6129,11883
-660,-10568,11228
5535,-12090,6555
9169,-10246,1077
12391,-8377,-4014
12375,-3733,-8642
9652,1130,-10782
6105,6443,-12548
1468,10073,-11541
-3729,11987,-8258
-8010,12568,-4558
-11133,10931,202
-12540,7676,4864
-12952,3980,8972
-11748,198,11550
-9582,-4191,13773
-5337,-8138,13475
-1546,-10815,12361
2561,-12581,10020
6472,-14095,7623
9916,-13905,3989
11913,-11710,-203
13942,-9957,-3985
14664,-6983,-7681
14012,-3696,-10316
12898,-160,-12738
10960,3291,-14251
8501,6653,-15154
5292,9524,-14816
2726,12086,-14812
-903,13620,-12717
-4834,14309,-9475
-8056,14994,-6938
-10964,15464,-4500
-13187,14503,-1316
-14928,13373,1555
-16302,12020,4282
-17172,10172,7000
-17246,7849,9397
-16512,4879,11633
-16161,2611,13550
-15893,482,15411
-14148,-2248,16396
-12494,-4809,17303
-10890,-7177,18067
-9095,-9306,18401
-6740,-11517,18257
-4558,-13398,17956
-1790,-14982,16772
631,-16260,15629
3407,-17432,14025
6080,-18104,12024
8555,-18752,10197
10910,-18950,8040
12981,-18352,5371
14858,-17762,2904
16454,-16797,343
17848,-15654,-2194
18904,-14078,-4826
19507,-12329,-7178
19874,-10341,-9533
19981,-8485,-11496
19800,-6191,-13609
19412,-4141,-15271
19465,-2631,-16834
18789,-577,-18212
17551,1447,-18998
16000,3716,-19716
14346,6208,-20554
12164,8641,-20805
9916,10956,-20872
7639,13138,-20777
5135,15159,-20294
2586,16871,-19457
222,18389,-18611
-2611,19552,-16941
-5399,20476,-15077
-8233,21285,-13052
-10786,21660,-10874
-13385,21429,-8044
-15703,20996,-5293
-17638,19960,-2322
-19292,18925,367
-20596,17477,3119
-21763,16458,5305
-22794,15262,7532
-22959,13200,9759
-23149,11158,11991
-23116,9120,13996
-23306,7387,15919
-23463,5985,17478
-23141,4302,18839
-22407,2409,19998
-21693,589,21104
-20579,-1485,22064
-19243,-3642,22885
-18042,-5836,23878
-15992,-8250,24242
-14111,-10494,24605
-11500,-13043,24543
-8567,-15390,23957
-5935,-17568,23503
-2442,-19519,21961
416,-21004,20588
3448,-22687,19239
6855,-23772,16917
10762,-23743,12981
14058,-23755,9697
17073,-23611,6538
19548,-22666,3118
21619,-21392,-227
23095,-19383,-3712
24477,-17465,-7012
25228,-15378,-9850
25471,-12601,-12870
25282,-9970,-15312
24873,-6909,-17964
23920,-3840,-20080
22666,-796,-21870
21569,1930,-23499
19787,4917,-24704
17576,8014,-25590
14631,11339,-25970
11265,14371,-25636
8043,17271,-25314
4046,19899,-23945
-78,21928,-21850
-4455,23706,-19251
-8712,24816,-16104
-12684,25579,-12895
-16421,25488,-9067
-19503,24395,-4892
-21998,22811,-813
-24057,21012,3045
-25731,19511,6220
-27002,17601,9401
-27109,14664,12445
-27216,11896,15320
-27460,9483,17977
-26985,6682,20303
-25983,3815,22168
-25125,1249,23876
-23850,-1427,25277
-22093,-4372,26465
-19882,-7643,27525
-17036,-10696,27732
-14392,-13827,28219
-11352,-16858,28210
-6707,-20031,26738
-2013,-22233,24246
2314,-24453,22139
6835,-26445,19610
11121,-27390,16269
15303,-27616,12313
19123,-27093,7970
22147,-25471,3324
24692,-23446,-1246
26589,-20897,-5692
27971,-17733,-10238
28516,-14627,-13889
28660,-11434,-17226
27872,-8035,-19837
27039,-4483,-22556
26424,-1505,-24919
24428,2058,-26486
21099,6472,-27571
18777,9937,-28714
14742,14379,-29121
10118,17935,-28053
5251,21045,-26296
1196,24296,-25492
-3931,26367,-22436
-9314,27489,-18175
-14218,28606,-14388
-18661,28512,-9851
-22163,27394,-5231
-24696,25612,-916
-27295,23430,3865
-28598,20447,8151
-29700,17151,12549
-30413,14643,15770
-30331,11533,18798
-30232,8707,21525
-29403,5572,23831
-28281,2541,25740
-26098,-1588,27686
-23784,-5432,29216
-21169,-8893,30062
-18030,-12667,30697
-14227,-16722,30949
-10518,-20398,30916
-5923,-22757,28680
-1497,-25595,27092
3023,-27951,24928
8860,-29708,20848
13365,-29972,16607
18372,-30347,11975
22291,-29844,7553
25546,-28351,2805
27901,-25892,-2009
29823,-23442,-6381
30921,-20472,-10449
31655,-17246,-14409
32521,-14722,-17799
31964,-10345,-21619
29695,-5977,-23718
28573,-1971,-26602
27905,1773,-29678
24882,5874,-30756
21858,10225,-32083
16013,14272,-30285
15881,18360,-34241
11941,23091,-35032
3609,24176,-27785
-2524,26049,-23525
-6583,28512,-21929
-10308,34291,-23983
-16656,34439,-17783
-20208,29316,-9108
-23834,29184,-5350
-28681,31048,-2367
-29213,26478,2735
-31147,24935,6212
-33862,23739,10123
-34703,19911,14792
-34790,16421,18369
-32484,11682,20802
-34101,9776,24325
-37376,8584,28792
-37764,5659,32105
-29860,416,29444
-19816,-4822,24638
-24065,-6711,30776
-38890,-7445,46335
-34101,-13410,47511
12247,-13831,1584
-9607,-24234,33841
4030,-18112,14082
-24007,-39352,63359
12742,-16825,4083
13666,-14148,482
-4285,-66948,71233
13983,-41344,27361
14825,-8415,-6410
18343,-25455,7112
40878,-66383,25505
27571,-30096,2525
15596,-12049,-3547
36605,-31717,-4888
58872,-49186,-9686
64098,-46220,-17878
8629,-6542,-2087
134685,-20625,-114060
12350,-19878,7528
55460,-113495,58035
134722,-70475,-64247
113124,-43514,-69610
9937,45,-9982
12210,-4335,-7875
-8674,12597,-3923
134693,-19164,-115529
-3716,-12333,16049
134557,10180,-144737
23104,35875,-58979
-5003,-7672,12675
-5684,10593,-4909
-16314,-3345,19659
-14049,-3126,17175
-14437,-8196,22633
-3114,2376,738
-14078,-7128,21206
-12065,-7486,19551
12556,120441,-132997
-12775,11859,916
-35128,6727,28401
11145,74167,-85312
-9928,33169,-23241
-12012,23467,-11455
660,55122,-55782
932,133612,-134544
10465,2569,-13034
-15122,2157,12965
-2140,2355,-215
-3122,8270,-5148
-12544,-6129,18673
-12362,-7668,20030
713,193,-906
-11727,-4991,16718
3023,-779,-2244
-11298,-7524,18822
-15118,-6546,21664
-8307,12024,-3717
17337,7837,-25174
46129,18851,-64980
13851,4327,-18178
13773,29745,-43518
-2978,13080,-10102
14462,858,-15320
-4669,5061,-392
27303,-15712,-11591
-6410,13373,-6963
55877,-43873,-12004
18781,2693,-21474
81225,15493,-96718
134706,-39195,-95511
41229,-13761,-27468
75776,-16260,-59516
13674,-19948,6274
16599,-24201,7602
-1674,-9805,11479
17919,-8155,-9764
134751,-38238,-96513
21054,8324,-29378
14239,-816,-13423
134739,11013,-145752
-3749,-14916,18665
118119,14020,-132139
6529,-35978,29449
1324,-1934,610
-5742,-5560,11302
15699,8976,-24675
20674,-2541,-18133
134734,-36576,-98158
134739,-31350,-103389
50056,-15642,-34414
72872,-21866,-51006
10865,-24869,14004
120412,3019,-123431
4224,-31218,26994
35937,7598,-43535
-2532,5597,-3065
27196,-26012,-1184
14986,-1716,-13270
7057,-2396,-4661
55819,-36238,-19581
3931,-50172,46241
134751,-10502,-124249
28903,1394,-30297
134376,10209,-144585
-6591,1530,5061
20909,7961,-28870
-6781,2491,4290
-3526,2281,1245
58909,9301,-68210
-6084,-6249,12333
-9042,-1410,10452
134660,-17560,-117100
111321,-3011,-108310
23809,6859,-30668
-2235,-15885,18120
133105,7990,-141095
-3118,-19003,22121
133604,10448,-144052
-6509,-19214,25723
48501,2569,-51070
79125,-30945,-48180
1971,-35285,33314
101928,12680,-114608
134792,-24345,-110447
90090,-119055,28965
15328,-44418,29090
23042,-13303,-9739
-3114,-19016,22130
134772,-23083,-111689
96822,-51253,-45569
36361,-40082,3721
-6579,10630,-4051
5717,-42817,37100
132231,-19833,-112398
-936,-37731,38667
134784,-19635,-115149
134739,-34843,-99896
33598,-52540,18942
19383,10749,-30132
-1064,-16355,17419
-3807,-4776,8583
-701,-31527,32228
77921,-6991,-70930
78399,-15807,-62592
11764,-717,-11047
12329,-16066,3737
35318,-81992,46674
-2516,7367,-4851
134734,-15312,-119422
103479,-126682,23203
91657,-130383,38726
134594,-48967,-85627
37129,-78865,41736
-6793,-17490,24283
15497,-9244,-6253
119666,-56892,-62774
12775,-86171,73396
18141,-59400,41259
37364,-38841,1477
19140,-48180,29040
8559,-48538,39979
-13789,-20344,34133
-18191,-453,18644
-43217,19531,23686
-23533,67926,-44393
-41109,-2532,43641
-45428,29485,15943
-9817,46451,-36634
74105,58414,-132519
39876,-11017,-28859
71234,-40416,-30818
134800,-61693,-73107
43984,-49941,5957
6179,-26618,20439
-26082,-69865,95947
-23314,-6633,29947
-22361,12020,10341
-132462,69320,63142
-46554,63690,-17136
-33330,251,33079
16842,39542,-56384
-3856,13567,-9711
39389,-2536,-36853
134660,-23413,-111247
1992,-31869,29877
58946,-81237,22291
127326,-27307,-100019
14470,-20163,5693
-2293,-16834,19127
-28767,-15893,44660
-76923,10353,66570
-58117,31180,26937
-25224,46637,-21413
22815,-13674,-9141
18731,18129,-36860
13290,13249,-26539
90519,-93649,3130
3151,-79002,75851
5354,-29683,24329
43902,-28334,-15568
3242,-2384,-858
14887,-25913,11026
6711,-27876,21165
-7276,-20208,27484
-20134,-12193,32327
-35409,7779,27630
-36007,31985,4022
-8019,38383,-30364
28177,14128,-42305
43357,-32901,-10456
5011,-42037,37026
-42990,2891,40099
-33787,55308,-21521
40532,15988,-56520
13855,-14569,714
28507,-57704,29197
-40400,-12713,53113
-83028,2458,80570
-32863,9603,23260
12787,6237,-19024
24143,-18409,-5734
-3089,-26400,29489
-18937,-3865,22802
-44768,12556,32212
-105105,17271,87834
-3988,8258,-4270
134681,5440,-140121
-6100,-11512,17612
86163,-31824,-54339
25925,-33977,8052
22427,-46121,23694
-7689,-28029,35718
-8765,4508,4257
-19746,8625,11121
-72166,28590,43576
-37096,42891,-5795
7585,15151,-22736
23009,-1695,-21314
17968,-20575,2607
134730,-63149,-71581
34662,-26441,-8221
-6282,-10221,16503
-21969,-2908,24877
-43910,15670,28240
-38395,36489,1906
-5061,32913,-27852
24296,8134,-32430
33717,-14454,-19263
56194,-52775,-3419
35281,-62951,27670
-65265,-7354,72619
-50254,22419,27835
-37851,23821,14030
24721,1414,-26135
21136,-28507,7371
18459,-13558,-4901
-27163,-22382,49545
-95675,924,94751
-73635,80845,-7210
39389,51447,-90836
119105,-132,-118973
585,-13785,13200
120239,-45606,-74633
47268,-65764,18496
7734,-73808,66074
-3465,-46150,49615
-23875,-8794,32669
-11937,11426,511
-28000,19234,8766
-55452,51170,4282
-45210,71346,-26136
25616,16326,-41942
19564,-16038,-3526
-7841,-6307,14148
29667,-13191,-16476
23710,-68565,44855
88275,-23512,-64763
51983,-66829,14846
12461,-52548,40087
-12482,-7540,20022
-10036,-15963,25999
-6930,-49429,56359
-31168,-22840,54008
-23087,11430,11657
-34914,21375,13539
820,11908,-12728
-61668,96743,-35075
-1501,21998,-20497
22468,24778,-47246
95708,60043,-155751
697,5399,-6096
47148,-2347,-44801
63190,-8571,-54619
3267,-13035,9768
134751,771,-135522
13761,-11372,-2389
134755,-3242,-131513
181,-8951,8770
112839,-21062,-91777
10201,-9211,-990
128539,12874,-141413
-2429,-7709,10138
88687,14214,-102901
1984,-10506,8522
26882,-9223,-17659
134681,17535,-152216
-7119,-18995,26114
134388,18166,-152554
134631,8072,-142703
-907,2409,-1502
9223,5605,-14828
34683,1773,-36456
78944,1027,-79971
-4417,-10197,14614
67711,-16830,-50881
1617,-6166,4549
-936,-13629,14565
19358,-12226,-7132
76630,-19540,-57090
47969,-31548,-16421
52325,-21161,-31164
66969,-33375,-33594
7994,-29848,21854
86790,-15163,-71627
25896,-68701,42805
-7660,-11244,18904
122232,-22840,-99392
1823,-12486,10663
134776,-23042,-111734
28606,-13620,-14986
134726,-6534,-128192
-6661,-11376,18037
9565,5077,-14642
6930,-9813,2883
13769,-2759,-11010
97358,-9949,-87409
87553,-9182,-78371
134710,-11624,-123086
13336,-9937,-3399
11632,5242,-16874
2755,-16335,13580
132804,11026,-143830
24589,-15241,-9348
45053,-8188,-36865
18216,-15472,-2744
76287,-25913,-50374
6496,-71465,64969
-3613,1819,1794
30112,-53909,23797
134697,-15782,-118915
105711,-16104,-89607
17160,-11302,-5858
77756,-5395,-72361
-2718,-12585,15303
52366,-16141,-36225
128431,-39340,-89091
-4376,-15411,19787
17193,-37648,20455
133010,-9367,-123643
-5853,-9095,14948
23182,-12424,-10758
134763,-13876,-120887
24147,-9314,-14833
47128,10337,-57465
134652,-4224,-130428
22407,-12123,-10284
-268,-1175,1443
-3225,-12300,15525
47247,-6806,-40441
5556,-8720,3164
81052,-45684,-35368
12573,-569,-12004
5346,-40940,35594
21924,-11104,-10820
122570,-26791,-95779
-6954,2776,4178
12717,-4694,-8023
94161,-9644,-84517
21569,-9607,-11962
-1724,-13142,14866
6199,-7115,916
122141,7643,-129784
54186,-3951,-50235
-305,-10506,10811
12614,-14532,1918
9322,-12342,3020
-123,-4129,4252
69180,-13447,-55733
69258,-22456,-46802
7742,-49388,41646
134734,-18042,-116692
12944,-24366,11422
134730,-25595,-109135
-2668,-5684,8352
106812,-15629,-91183
-891,-11475,12366
-2343,-8307,10650
28850,-11257,-17593
36432,-6315,-30117
29588,-11013,-18575
134718,10349,-145067
-214,-14569,14783
134759,5259,-140018
-3889,-15827,19716
6484,-6129,-355
3238,-4331,1093
-2380,-6340,8720
12123,2289,-14412
15691,-10023,-5668
13063,-1122,-11941
14198,-6492,-7706
127932,1101,-129033
-4620,-5420,10040
18327,-12799,-5528
100117,-38300,-61817
1414,-51661,50247
92218,-1006,-91212
14091,-19734,5643
78581,-8196,-70385
23240,-17622,-5618
4026,-15159,11133
134701,2660,-137361
330,-1150,820
13134,7260,-20394
15534,-7255,-8279
16,2149,-2165
10828,3506,-14334
759,4917,-5676
29081,-14053,-15028
134499,20274,-154773
-4945,-14581,19526
97440,31659,-129099
602,-6595,5993
134710,709,-135419
-6175,-3019,9194
29992,-9058,-20934
-8307,-7371,15678
24865,-15778,-9087
49000,-18500,-30500
56331,-44624,-11707
31391,-53699,22308
133188,-9706,-123482
4797,-15010,10213
42367,-7140,-35227
125251,12469,-137720
-6765,-13847,20612
125998,26177,-152175
3997,-4921,924
-5948,1885,4063
4884,13616,-18500
5523,-18583,13060
134223,2413,-136636
15910,-12556,-3354
-3031,-8547,11578
15959,-4178,-11781
25517,-9640,-15877
14433,-14342,-91
49739,-17419,-32320
-4871,-33544,38415
112678,-10795,-101883
7412,-12049,4637
29712,-27864,-1848
16149,325,-16474
111828,-26292,-85536
-5647,-18352,23999
-1988,-15807,17795
-5016,-14982,19998
643,-7453,6810
38787,8596,-47383
29407,-6996,-22411
89034,-20794,-68240
-5032,-19569,24601
26655,-20769,-5886
31948,-28454,-3494
64069,-10065,-54004
-507,-2689,3196
17576,-2293,-15283
8790,-6472,-2318
-1035,-9862,10897
101660,-2541,-99119
-6666,-18150,24816
133687,12535,-146222
-1089,-14317,15406
68710,-6047,-62663
24090,-19461,-4629
37133,-8633,-28500
83803,-17325,-66478
10555,-29745,19190
134726,-14610,-120116
-5168,-14916,20084
21586,-2706,-18880
9219,-5680,-3539
51760,-17481,-34279
-4698,-15031,19729
9945,2685,-12630
118197,10349,-128546
19177,-7024,-12153
-6711,-13216,19927
90,-3757,3667
4285,-15518,11233
134689,16198,-150887
10547,919,-11466
29728,-5836,-23892
90486,6971,-97457
134714,-6286,-128428
-6055,-12469,18524
118556,12816,-131372
-4780,-10168,14948
2842,-2899,57
20295,-11121,-9174
2289,-5086,2797
96199,-12750,-83449
36064,-13191,-22873
60022,-3551,-56471
264,-32983,32719
118841,11698,-130539
-6286,-8225,14511
5886,-6620,734
134776,-11950,-122826
18331,-10411,-7920
4929,-18117,13188
134747,2528,-137275
22518,-13662,-8856
5469,10432,-15901
6769,-11112,4343
97824,-622,-97202
-2450,-13546,15996
134631,9248,-143879
-6954,-14317,21271
134718,1522,-136240
-5247,-17890,23137
-317,4009,-3692
-5218,-6146,11364
50848,-9636,-41212
124645,6039,-130684
133208,8373,-141581
-6443,-13913,20356
127450,17758,-145208
12927,-4013,-8914
3064,-2334,-730
134730,4133,-138863
-3493,-15031,18524
68062,14643,-82705
-7363,-10733,18096
130845,12036,-142881
8670,-13901,5231
4826,-9136,4310
132870,18797,-151667
5457,4945,-10402
134772,-9161,-125611
2660,-17457,14797
-3960,-11541,15501
134648,-5655,-128993
-4669,4405,264
-1171,536,635
1175,-2883,1708
-3411,-7251,10662
22151,-1732,-20419
29283,-14392,-14891
24712,969,-25681
57791,-12622,-45169
16273,-10337,-5936
6360,-14462,8102
88914,-5651,-83263
-107,-5989,6096
-6641,-9240,15881
3535,-12700,9165
134730,643,-135373
-1959,-1068,3027
134161,3135,-137296
6451,-8955,2504
83436,2982,-86418
10003,-8567,-1436
64366,-10654,-53712
6377,-32327,25950
11814,-2062,-9752
67113,-11851,-55262
44921,-16359,-28562
16071,-6109,-9962
697,1324,-2021
54330,-9227,-45103
20505,-6760,-13745
5977,-8175,2198
2107,-7841,5734
134173,6195,-140368
26664,-16434,-10230
-5280,-23190,28470
130609,-3972,-126637
-6653,-8134,14787
2260,-6703,4443
1311,-3671,2360
2017,-4372,2355
-1394,-8584,9978
19993,-2388,-17605
29134,-15732,-13402
16,6534,-6550
1254,-14565,13311
47375,-15802,-31573
14907,-4327,-10580
-1534,-5317,6851
13047,-1035,-12012
24238,-6414,-17824
12923,-10819,-2104
134623,-7029,-127594
13736,-14581,845
91628,4500,-96128
16941,-7643,-9298
44442,-6868,-37574
63834,-13224,-50610
122137,-32962,-89175
134569,-9660,-124909
30232,-2033,-28199
79245,-19305,-59940
74588,-22101,-52487
70603,-20356,-50247
66140,-21623,-44517
65814,-21318,-44496
-148,-4908,5056
11257,4945,-16202
2112,-7218,5106
13393,-3650,-9743
-6703,-13513,20216
133332,21359,-154691
7552,-23438,15886
19705,-9561,-10144
96401,12288,-108689
-5610,-8212,13822
117265,-30978,-86287
8270,-29163,20893
11603,-3815,-7788
129582,-40243,-89339
-3163,-8736,11899
66771,-19771,-47000
81163,-44149,-37014
-4463,-43159,47622
18962,391,-19353
709,-40482,39773
32571,-30974,-1597
-7680,-6938,14618
-4145,-10316,14461
134594,18294,-152888
133559,17985,-151544
4677,6162,-10839
-4632,-8571,13203
-1571,-11661,13232
134673,7808,-142481
-1575,-2850,4425
17135,-9999,-7136
134788,-3960,-130828
14961,-1348,-13613
-2145,-5585,7730
68730,-8122,-60608
59243,-9706,-49537
55704,-12342,-43362
105727,-20241,-85486
15538,-18933,3395
134763,-20967,-113796
123,-56508,56385
134800,-29605,-105195
-2986,-668,3654
24873,-17094,-7779
84496,-16557,-67939
16710,-11562,-5148
134582,-11946,-122636
28091,-16380,-11711
35627,-14363,-21264
37719,-23838,-13881
95840,-54351,-41489
13468,-63248,49780
134107,-16578,-117529
18558,-41245,22687
-8113,-28495,36608
22922,-15006,-7916
1080,-17919,16839
99474,-34315,-65159
83094,-19767,-63327
16809,-13670,-3139
19383,-4628,-14755
-1988,-24506,26494
122949,9796,-132745
129929,10234,-140163
-5577,-15538,21115
98076,24556,-122632
43184,-3815,-39369
-5684,-24923,30607
10349,-10791,442
123151,-5288,-117863
-499,-19437,19936
117855,16912,-134767
39600,-2899,-36701
109164,-9611,-99553
1266,-27134,25868
134718,5214,-139932
-3267,-12362,15629
47152,-5845,-41307
8613,-6265,-2348
134780,478,-135258
25694,-10374,-15320
-7495,-8955,16450
-1786,-11158,12944
21157,-10560,-10597
8679,-18871,10192
134718,3844,-138562
20035,-8839,-11196
-693,-9075,9768
2578,-7598,5020
118791,3922,-122713
8629,-4219,-4410
87128,9483,-96611
-185,-2470,2655
93654,6237,-99891
97688,-11026,-86662
2029,-10580,8551
81835,-2062,-79773
-5275,-21709,26984
133765,12370,-146135
37112,-5539,-31573
9636,8745,-18381
-5065,-6810,11875
39979,-5185,-34794
43399,-14053,-29346
4240,1782,-6022
-6311,-16599,22910
131892,10753,-142645
8905,-12940,4035
66,-3460,3394
20620,-2173,-18447
-6682,-11442,18124
134219,19845,-154064
22105,-6006,-16099
103937,-11030,-92907
804,9013,-9817
-3576,-25059,28635
134689,5453,-140142
3481,-19886,16405
-1365,-6661,8026
20686,-1749,-18937
42603,-713,-41890
-4347,-4624,8971
134400,13831,-148231
133493,8914,-142407
26589,-8402,-18187
-6492,-22184,28676
134714,-1802,-132912
-1274,-7400,8674
107179,1122,-108301
30908,-4723,-26185
62176,-4636,-57540
13393,-23256,9863
-4310,-15947,20257
131967,10654,-142621
18141,-14627,-3514
-6657,-10007,16664
69592,-16,-69576
3988,-1530,-2458
2046,-2718,672
-5049,-11434,16483
59206,13488,-72694
3300,-12601,9301
71152,11727,-82879
134631,11199,-145830
2739,-28734,25995
112558,-4087,-108471
14911,-10027,-4884
69366,-14268,-55098
1472,-31729,30257
13695,11628,-25323
5775,-12053,6278
30607,-11616,-18991
4521,-11314,6793
129949,8068,-138017
-6653,-21161,27814
122871,4772,-127643
-11261,-1245,12506
68219,-6435,-61784
109349,-19585,-89764
19003,-1810,-17193
990,-6336,5346
134689,1390,-136079
41039,-4537,-36502
-6290,-19907,26197
17531,-3869,-13662
134697,4,-134701
-3716,-15204,18920
95275,-668,-94607
21664,-13129,-8535
30830,-8584,-22246
3163,-5152,1989
13080,-321,-12759
-3522,-10741,14263
27431,-6463,-20968
130164,12997,-143161
115603,39286,-154889
110046,35701,-145747
126567,20530,-147097
90630,5638,-96268
18187,-26886,8699
-7643,-6868,14511
62683,-16582,-46101
102300,-47466,-54834
-3353,-2433,5786
32010,-11174,-20836
134631,6628,-141259
5498,-7099,1601
18183,3580,-21763
11108,7453,-18561
-6426,-19181,25607
111205,9363,-120568
19251,-7367,-11884
-3399,-6789,10188
-2883,-5003,7886
133889,5585,-139474
-6298,-17362,23660
134726,15877,-150603
3749,-15283,11534
22143,-8002,-14141
16924,-5709,-11215
-5271,-19692,24963
134264,-4100,-130164
-2516,-4549,7065
68772,-15930,-52842
63756,-28516,-35240
81472,-22567,-58905
101842,-27699,-74143
134784,-11682,-123102
-1101,-9945,11046
-6661,-4133,10794
72311,10807,-83118
123791,24300,-148091
50811,14515,-65326
7041,5271,-12312
-6810,-8060,14870
-7499,-11611,19110
105286,11455,-116741
33829,-16557,-17272
40012,-16619,-23393
134714,-42586,-92128
22827,-5754,-17073
5506,-31329,25823
108821,-3382,-105439
10564,-4488,-6076
31185,-18678,-12507
30756,-18933,-11823
134660,-1464,-133196
96091,5535,-101626
961,-18360,17399
134755,-5201,-129554
-6505,-13855,20360
1522,-812,-710
134759,4554,-139313
3135,-16537,13402
22968,-9095,-13873
122632,9124,-131756
86794,5803,-92597
3605,-18442,14837
18216,-12416,-5800
48126,-17127,-30999
44764,-22992,-21772
-189,-10737,10926
51682,11306,-62988
109403,-22386,-87017
32439,-16669,-15770
95225,-2351,-92874
19206,-12779,-6427
42273,9380,-51653
132474,21817,-154291
-4727,-8596,13323
25814,-12189,-13625
103162,-20105,-83057
29205,-22576,-6629
112567,-39063,-73504
-7977,2037,5940
134763,-36102,-98661
6472,-27633,21161
90374,-6245,-84129
8481,-6430,-2051
92866,-8670,-84196
14210,-5808,-8402
1084,-11154,10070
134545,2961,-137506
-2487,-20340,22827
18508,866,-19374
-6818,-11154,17972
134050,1423,-135473
-6364,-22683,29047
114010,10989,-124999
31048,-11673,-19375
-5758,-15951,21709
134747,8575,-143322
16838,-14726,-2112
-3456,-4380,7836
1023,-2070,1047
24696,8056,-32752
2429,-14920,12491
132371,12057,-144428
16685,-5560,-11125
20460,-17452,-3008
131851,10242,-142093
17259,-18467,1208
-5680,-9611,15291
15831,6356,-22187
126794,-1720,-125074
-4079,-13992,18071
122784,12585,-135369
31391,-16891,-14500
-6562,-17168,23730
115458,9050,-124508
17391,-16042,-1349
-7268,-4512,11780
105670,6521,-112191
-5787,-4380,10167
134730,10019,-144749
12618,-12391,-227
-2326,-8283,10609
-2293,-7928,10221
8625,6608,-15233
131542,14990,-146532
128506,13575,-142081
40866,-18240,-22626
108908,-6348,-102560
12729,-13459,730
119587,-2644,-116943
14062,-5251,-8811
77739,4483,-82222
20476,-5527,-14949
27897,-14676,-13221
131443,17787,-149230
27757,-11327,-16430
3976,-8823,4847
4240,-9000,4760
-2454,-6579,9033
59313,-3291,-56022
91438,-20402,-71036
76692,-16376,-60316
38531,-20311,-18220
53245,-7788,-45457
39496,-10902,-28594
50386,-25245,-25141
74580,-14330,-60250
42920,-32199,-10721
61870,-21982,-39888
21870,-45185,23315
134734,-9871,-124863
62341,-16075,-46266
-2091,-24770,26861
23392,17205,-40597
134569,6682,-141251
24048,-9124,-14924
-5218,-9887,15105
24585,-8142,-16443
47206,-1654,-45552
129888,8740,-138628
-2545,-12585,15130
121803,4471,-126274
-5791,-14606,20397
40635,-16322,-24313
-3279,1984,1295
119125,6905,-126030
33016,2231,-35247
-750,-6620,7370
-3580,-6397,9977
126018,12428,-138446
-6694,-18224,24918
121811,16314,-138125
24246,-9450,-14796
14276,-7969,-6307
106639,-3980,-102659
94326,-618,-93708
-5564,-14565,20129
18042,160,-18202
97890,21932,-119822
113115,31692,-144807
105162,31362,-136524
32525,14701,-47226
2866,-8811,5945
57457,-15122,-42335
3102,-21338,18236
19226,5775,-25001
58818,-20996,-37822
14293,-34769,20476
92012,-886,-91126
8827,-2124,-6703
86583,-10011,-76572
3522,-3869,347
86138,-4636,-81502
-5869,-16108,21977
131179,9293,-140472
4582,-27637,23055
47499,-4719,-42780
44413,-21004,-23409
126340,-6707,-119633
9974,-5201,-4773
94351,-907,-93444
3073,-2050,-1023
5399,-9862,4463
-3790,-4867,8657
17539,2693,-20232
112876,25533,-138409
131946,22625,-154571
25158,-3741,-21417
24882,-15114,-9768
11203,-24498,13295
38766,-8047,-30719
60563,-21219,-39344
103838,-32715,-71123
3328,-26548,23220
134710,11665,-146375
16330,783,-17113
-899,-4096,4995
22064,-7078,-14986
96896,7218,-104114
134747,15703,-150450
132132,9817,-141949
17312,-6138,-11174
-4904,-15307,20211
32542,1728,-34270
-5391,-7618,13009
10159,-10349,190
1295,-7577,6282
73742,1328,-75070
-4921,-14903,19824
18492,-2029,-16463
134334,-2763,-131571
-1282,-25298,26580
134739,-515,-134224
27200,-11508,-15692
5684,-19366,13682
102267,29506,-131773
-61,-7218,7279
-6773,1080,5693
10535,9714,-20249
117529,14639,-132168
83213,54969,-138182
89768,43419,-133187
94507,45795,-140302
96900,40957,-137857
107402,36238,-143640
112241,32418,-144659
-5878,16681,-10803
-2924,-8278,11202
29642,-15237,-14405
8212,-20464,12252
67002,-12820,-54182
60662,-27550,-33112
134726,-12152,-122574
96916,3601,-100517
-6022,-8988,15010
20377,10758,-31135
-6707,-13319,20026
24176,1600,-25776
13096,6410,-19506
14520,4302,-18822
11710,7717,-19427
16755,1641,-18396
58459,28722,-87181
61462,57428,-118890
69366,67555,-136921
53286,33028,-86314
27344,1827,-29171
-3337,-115,3452
8056,-13703,5647
-5849,-5766,11615
-6831,-8064,14895
-8122,-8654,16776
-2442,-8476,10918
-3337,-12346,15683
24976,-11867,-13109
17861,-23570,5709
-7759,-4983,12742
71968,-16632,-55336
-7689,-1394,9083
8229,-462,-7767
10906,7268,-18174
-6014,-466,6480
-7614,-4669,12283
-8567,-3865,12432
-4950,-6340,11290
-7915,-6369,14284
-3060,-8530,11590
15934,3815,-19749
13785,5057,-18842
23128,5630,-28758
52437,68000,-120437
76065,51723,-127788
65868,63248,-129116
61969,59441,-121410
72402,61825,-134227
62559,57811,-120370
95708,44017,-139725
1765,35157,-36922
-3922,-6595,10517
-3844,-15299,19143
132358,17230,-149588
-837,-11665,12502
8344,19478,-27822
-3873,-1563,5436
5824,1295,-7119
18496,-8419,-10077
12263,6666,-18929
19569,3749,-23318
104020,32748,-136768
108829,30471,-139300
111276,26878,-138154
124059,23867,-147926
127347,21388,-148735
130638,18595,-149233
61969,9479,-71448
-1266,-6550,7816
22881,-11100,-11781
119889,3741,-123630
-4372,-22831,27203
134602,15864,-150466
-1707,-15530,17237
5667,3052,-8719
134751,-1427,-133324
14466,1291,-15757
1452,-10840,9388
23409,-10188,-13221
-6406,-10980,17386
28297,-15827,-12470
124137,7804,-131941
-3419,-14738,18157
134722,-7623,-127099
12969,-6426,-6543
132148,18372,-150520
37063,-18958,-18105
19688,-5535,-14153
57011,-15109,-41902
-5407,-20806,26213
25393,-9879,-15514
39080,-17968,-21112
-2565,-6831,9396
53018,-12993,-40025
-2623,-7837,10460
12259,-1518,-10741
9908,-21487,11579
13959,3935,-17894
30694,-6509,-24185
16252,-5577,-10675
134685,-5762,-128923
92350,-2429,-89921
134120,14317,-148437
-4351,-11508,15859
53257,-4945,-48312
6080,-11199,5119
133864,-6620,-127244
13641,-13051,-590
38077,-10956,-27121
56933,-17209,-39724
-6600,-10164,16764
134607,12630,-147237
17312,-2301,-15011
40734,-2631,-38103
1291,-5016,3725
96438,-9198,-87240
-1757,-1266,3023
-3102,-1485,4587
1786,5275,-7061
110413,-5915,-104498
-3378,-8002,11380
-2392,-9743,12135
-7111,-8171,15282
33775,-7771,-26004
-5849,-6793,12642
57073,-6435,-50638
52882,-8316,-44566
24090,-10337,-13753
41142,-8856,-32286
9273,-7189,-2084
134747,-26313,-108434
17048,-29563,12515
121844,20637,-142481
3452,-3077,-375
-7788,6946,842
13030,3679,-16709
18859,3675,-22534
1914,10172,-12086
60105,80586,-140691
39463,50147,-89610
32653,102040,-134693
18554,91855,-110409
16009,16578,-32587
12119,1744,-13863
6571,6979,-13550
8596,10807,-19403
6496,10324,-16820
5440,19713,-25153
4595,32851,-37446
8530,9829,-18359
6690,16058,-22748
8881,11504,-20385
18414,40363,-58777
23574,108999,-132573
2371,54021,-56392
29378,-3535,-25843
3473,-1105,-2368
12659,8146,-20805
-5556,-7132,12688
17865,-127,-17738
32199,-15464,-16735
56430,-1592,-54838
133043,688,-133731
-2941,-22015,24956
132115,16941,-149056
8241,-22204,13963
64350,22192,-86542
-1126,-4533,5659
21590,-7140,-14450
105666,31292,-136958
68557,33775,-102332
67695,29539,-97234
85853,41472,-127325
50952,40173,-91125
55365,39575,-94940
35590,46129,-81719
38449,5911,-44360
4954,-3345,-1609
17259,-6232,-11027
21763,38890,-60653
18187,-2842,-15345
14227,81291,-95518
34555,37871,-72426
10201,-3889,-6312
148,20460,-20608
-775,-17815,18590
45073,36869,-81942
64350,66829,-131179
79241,46084,-125325
79352,56405,-135757
59251,30710,-89961
112010,31123,-143133
33433,21590,-55023
45375,21285,-66660
21714,6492,-28206
13179,-11364,-1815
-581,9417,-8836
109403,18888,-128291
31147,-14998,-16149
-5832,330,5502
133456,14000,-147456
-2021,-14020,16041
132437,3790,-136227
13942,-1060,-12882
12709,-5841,-6868
16764,-5523,-11241
132457,16285,-148742
-7301,-11908,19209
134103,12288,-146391
12106,-34134,22028
-1377,-27629,29006
123993,16714,-140707
29440,-11294,-18146
-1856,-6484,8340
16792,-6826,-9966
35475,-2854,-32621
1617,-8423,6806
2503,-23079,20576
17155,1365,-18520
-5131,-22778,27909
50630,-1563,-49067
56322,-9322,-47000
-3766,-5341,9107
77306,-3213,-74093
-5482,-5618,11100
84933,-5634,-79299
21491,-10032,-11459
132004,1856,-133860
19131,-9516,-9615
134586,1551,-136137
911,-9029,8118
3906,-9095,5189
-6583,-20047,26630
120437,15365,-135802
28429,-11789,-16640
57861,-11096,-46765
-569,-24110,24679
56648,19049,-75697
94252,-22369,-71883
15200,-11397,-3803
45766,-9813,-35953
7969,-6624,-1345
56211,-9726,-46485
22229,-7651,-14578
5568,-5585,17
134549,10481,-145030
31444,-29658,-1786
1183,-6814,5631
54965,-5399,-49566
42182,-8410,-33772
134734,1839,-136573
-6723,-22328,29051
11162,11504,-22666
13657,-21676,8019
46319,-7915,-38404
89133,-16190,-72943
81613,-15369,-66244
27761,-14606,-13155
42937,-9586,-33351
134656,-20946,-113710
6723,-32566,25843
8864,1229,-10093
54623,-12441,-42182
42380,-8538,-33842
92635,-18669,-73966
-3184,-28008,31192
22122,-7297,-14825
12527,-13241,714
-7445,-8761,16206
134734,10873,-145607
8382,-18855,10473
-3580,-4219,7799
107027,2153,-109180
-4702,-18484,23186
134660,4714,-139374
-503,-11451,11954
20596,-2194,-18402
134767,-9867,-124900
29176,-10951,-18225
6228,-6521,293
14355,-16244,1889
20435,-4232,-16203
6377,-9986,3609
134693,-1332,-133361
-532,-24436,24968
18100,-598,-17502
30368,-7862,-22506
16293,-5927,-10366
134701,231,-134932
-6360,-8316,14676
129318,3555,-132873
18669,-9598,-9071
58447,-2833,-55614
30252,-9499,-20753
73627,-9570,-64057
-5168,-8922,14090
17762,-9355,-8407
5560,-11492,5932
21631,-10283,-11348
-5985,-16326,22311
39100,-3729,-35371
4686,-8344,3658
43258,-10283,-32975
-3667,-11814,15481
9751,-3440,-6311
18059,-10778,-7281
20620,1064,-21684
1670,-12457,10787
4945,-8006,3061
134660,2458,-137118
24923,-4776,-20147
9999,-3337,-6662
-1798,-9438,11236
133427,-420,-133007
-2392,-6814,9206
126513,1909,-128422
25773,-6529,-19244
15085,-7944,-7141
88947,-7132,-81815
31964,-6191,-25773
63582,-7231,-56351
3073,-4108,1035
1765,-3114,1349
96141,-6063,-90078
1394,7136,-8530
-8245,-9285,17530
27555,-14511,-13044
130869,1262,-132131
-1299,-3939,5238
21309,-10267,-11042
91443,-2318,-89125
33259,-5977,-27282
71407,-5568,-65839
408,-4013,3605
-6682,-4281,10963
134751,-284,-134467
12680,9417,-22097
-6476,-7965,14441
32929,-10221,-22708
22357,-7189,-15168
134759,-5123,-129636
23603,-8006,-15597
75405,-6096,-69309
-9252,-4446,13698
32302,-5845,-26457
32253,3085,-35338
13662,-6138,-7524
89347,-7008,-82339
23958,-1645,-22313
22237,-12408,-9829
-5387,-12791,18178
80829,-1716,-79113
19490,-7301,-12189
36217,-6628,-29589
34518,-7825,-26693
6278,-6567,289
22881,-6958,-15923
8943,-5828,-3115
89153,-7717,-81436
-2730,-21965,24695
126509,13596,-140105
33255,-16495,-16760
30021,-6175,-23846
89421,-8996,-80425
4875,-19119,14244
3605,-8905,5300
134413,2598,-137011
25096,-31762,6666
36390,-4801,-31589
34200,-5531,-28669
-2297,-5275,7572
134545,2932,-137477
-2627,-7808,10435
121237,2128,-123365
-78,-8019,8097
18550,-9042,-9508
-1810,-6732,8542
66099,3898,-69997
-3345,-8835,12180
14709,944,-15653
73062,-16693,-56369
-6356,-21186,27542
134714,8596,-143310
804,-18937,18133
129706,1245,-130951
-3584,-16710,20294
95613,-5185,-90428
-1051,-16087,17138
47293,-1031,-46262
23793,-11306,-12487
15662,-9367,-6295
-2800,-19482,22282
87916,5420,-93336
7532,-9578,2046
47268,-3423,-43845
43147,-6472,-36675
36287,-5721,-30566
845,-5548,4703
39501,-5115,-34386
10601,-5395,-5206
13579,-4970,-8609
74629,-2425,-72204
-8357,-5131,13488
118536,-3815,-114721
102221,-4232,-97989
20633,-2932,-17701
9664,-3023,-6641
39381,2223,-41604
565,-13414,12849
22968,-5952,-17016
5684,-6253,569
39373,-9656,-29717
13653,-5539,-8114
134532,9735,-144267
837,-17081,16244
15551,2062,-17613
27460,-6674,-20786
7722,-5366,-2356
60237,-5770,-54467
45837,-4446,-41391
19028,-5733,-13295
81180,-2367,-78813
-5115,-5011,10126
131109,-1274,-129835
-2937,-2041,4978
47949,-8134,-39815
132643,825,-133468
-6265,-15732,21997
134648,251,-134899
14701,-10102,-4599
24226,965,-25191
235,-15006,14771
54676,-29122,-25554
-4937,-23698,28635
129648,16388,-146036
7156,-13583,6427
64894,-1621,-63273
6946,-6591,-355
41670,-1497,-40173
-61,474,-413
41146,-7037,-34109
18418,-6348,-12070
134772,-358,-134414
-2825,-5919,8744
134743,-5993,-128750
39406,1447,-40853
-1629,-10626,12255
124929,9260,-134189
17952,-10840,-7112
96479,-8460,-88019
408,-4859,4451
22105,-6138,-15967
123,-12395,12272
763,-1365,602
-1398,-5589,6987
134710,-5977,-128733
16075,-4174,-11901
-581,-5436,6017
97948,-4752,-93196
-4987,251,4736
6109,2004,-8113
-2475,-7049,9524
118486,16537,-135023
-4830,-7111,11941
118016,-6793,-111223
-103,-6426,6529
17741,-8382,-9359
134677,-3881,-130796
-5061,-7029,12090
25038,136,-25174
-4995,-8175,13170
95229,-5836,-89393
7128,-4793,-2335
-2813,-400,3213
100080,2701,-102781
4,2062,-2066
12601,-9091,-3510
134673,-7119,-127554
3667,6711,-10378
-3073,-8922,11995
134734,-5465,-129269
26602,-2083,-24519
36605,-4265,-32340
-4252,-6707,10959
134050,9722,-143772
1678,-3192,1514
-6072,-3361,9433
90523,7610,-98133
-132,-4137,4269
17902,-3988,-13914
12610,-5176,-7434
-5622,-6402,12024
133142,5082,-138224
-3993,-9594,13587
22856,-12172,-10684
12614,-5478,-7136
4756,-2602,-2154
-6587,-3918,10505
134536,-4591,-129945
26239,11083,-37322
1105,-2417,1312
-8303,-4360,12663
-3885,-6587,10472
85688,-1918,-83770
123766,9524,-133290
134388,13381,-147769
-2215,-7379,9594
43498,-3518,-39980
131925,8035,-139960
29027,10242,-39269
34353,-2561,-31792
14953,-5647,-9306
90972,-11104,-79868
-6583,-6298,12881
134763,-5374,-129389
4158,-2499,-1659
1980,-2326,346
17399,-6616,-10783
128716,6360,-135076
-5902,2734,3168
21907,-8633,-13274
122491,5275,-127766
119319,12725,-132044
2689,8749,-11438
-6723,-4710,11433
22308,-11640,-10668
126579,396,-126975
123659,18991,-142650
51810,11484,-63294
24543,13047,-37590
-4285,-2673,6958
22369,-10576,-11793
134767,-1885,-132882
-119,3234,-3115
-1423,-358,1781
25096,-1555,-23541
133373,243,-133616
15918,-3267,-12651
16615,288,-16903
64131,2371,-66502
69411,4343,-73754
73697,-6645,-67052
60076,6633,-66709
4,1303,-1307
92424,-8340,-84084
68227,1122,-69349
2619,4578,-7197
-7354,-7887,15241
121242,-2508,-118734
-3559,4145,-586
52923,-9153,-43770
37158,9083,-46241
34551,-4269,-30282
-5560,-7185,12745
82673,2763,-85436
16920,-363,-16557
16850,-7412,-9438
28021,-3601,-24420
8930,-3984,-4946
-3143,-2994,6137
-6880,-5449,12329
120206,5845,-126051
-6402,-338,6740
-6245,-3898,10143
19618,-10139,-9479
134054,6352,-140406
-486,-292,778
19927,-8666,-11261
134578,6261,-140839
-1183,-1249,2432
134722,-4046,-130676
-2466,1447,1019
-5552,-3394,8946
19288,-7965,-11323
123106,9318,-132424
4863,4694,-9557
-2462,668,1794
2120,11125,-13245
-2046,-3988,6034
22906,-10840,-12066
131472,13129,-144601
59202,21846,-81048
26779,15423,-42202
-2739,4318,-1579
-6901,-3861,10762
25851,-11376,-14475
131092,10489,-141581
32967,18843,-51810
74864,7280,-82144
102803,19886,-122689
2854,10960,-13814
-1394,-2429,3823
-8802,-8691,17493
21272,-10968,-10304
118329,15118,-133447
152,7668,-7820
-5997,-2310,8307
13917,-7738,-6179
134541,-1604,-132937
30764,11323,-42087
-5143,2252,2891
17221,-8023,-9198
24968,-3147,-21821
127012,11595,-138607
-4954,8410,-3456
51249,1353,-52602
-870,2211,-1341
-5696,-11166,16862
21169,-9879,-11290
134450,16396,-150846
121530,10737,-132267
60946,13802,-74748
-4067,9202,-5135
-1291,7173,-5882
-4884,1373,3511
-8179,-9334,17513
24741,-12560,-12181
132412,11603,-144015
37917,18801,-56718
-7074,7598,-524
-8208,-5907,14115
-5387,-5061,10448
42281,-9648,-32633
134549,-6265,-128284
78630,15019,-93649
2277,14165,-16442
-7123,-2805,9928
26544,-11793,-14751
134718,6187,-140905
125325,20249,-145574
13987,21231,-35218
-5436,-429,5865
23607,-9301,-14306
25290,-4615,-20675
132078,-4636,-127442
54837,13860,-68697
61128,16425,-77553
-6261,9532,-3271
-8204,-5482,13686
-4455,-5127,9582
23186,-10828,-12358
134615,8732,-143347
64242,27196,-91438
21982,18801,-40783
8328,7020,-15348
-1575,2677,-1102
-2664,3399,-735
18228,-5428,-12800
134697,5618,-140315
121279,25438,-146717
119064,22353,-141417
62621,28540,-91161
-610,18628,-18018
-2681,338,2343
-3184,7037,-3853
-948,7928,-6980
-4125,7354,-3229
19144,-8806,-10338
7334,9326,-16660
113709,30248,-143957
86290,47404,-133694
61194,38094,-99288
53674,33119,-86793
49801,36052,-85853
40775,46794,-87569
28800,12643,-41443
15926,-6868,-9058
11166,-4727,-6439
9235,-936,-8299
7251,51876,-59127
3427,19866,-23293
3163,119513,-122676
-14049,48815,-34766
-22897,90069,-67172
-10725,-5589,16314
-11628,44789,-33161
-5457,23199,-17742
11038,-14482,3444
7400,15477,-22877
-22563,79014,-56451
-36419,6777,29642
-12453,128910,-116457
-38605,-907,39512
-10914,124389,-113475
-77657,18117,59540
-2813,18228,-15415
-68277,21887,46390
-4054,13431,-9377
-9124,105789,-96665
-40326,9908,30418
-8666,18739,-10073
-28252,50997,-22745
-12944,-226,13170
-27827,100984,-73157
-42582,72744,-30162
-17378,-837,18215
-19952,88959,-69007
-16578,83164,-66586
-11430,-4413,15843
11760,30669,-42429
8076,3069,-11145
-3663,264,3399
16879,5123,-22002
11364,9033,-20397
10452,11253,-21705
48778,68842,-117620
59985,66507,-126492
38115,61776,-99891
54012,70661,-124673
38185,45045,-83230
23397,969,-24366
8390,-804,-7586
8806,-3506,-5300
-9656,14784,-5128
1819,33198,-35017
-2182,-2124,4306
-169,107637,-107468
-10576,-5766,16342
-15782,24106,-8324
-33301,38799,-5498
-20130,37797,-17667
-64048,48105,15943
15901,12139,-28040
-21058,-5284,26342
7128,117830,-124958
-40726,12997,27729
4661,-2858,-1803
2734,107621,-110355
24,27922,-27946
235,32868,-33103
1485,6628,-8113
12849,62233,-75082
-29770,43733,-13963
-9895,50972,-41077
-23285,68272,-44987
301,23632,-23933
-57436,25682,31754
-4339,-10774,15113
4636,104247,-108883
-20377,37595,-17218
-7705,104428,-96723
-3151,-9227,12378
-12684,59519,-46835
-14425,3733,10692
7920,111222,-119142
-46736,61474,-14738
-18632,86637,-68005
-25632,28536,-2904
11397,8860,-20257
-30999,46480,-15481
-8427,46835,-38408
-24052,75458,-51406
-28351,4855,23496
11393,105369,-116762
-16743,-1468,18211
8262,106746,-115008
-45391,2565,42826
5069,-7478,2409
-10737,32785,-22048
-2726,9066,-6340
14891,107872,-122763
-7915,-7350,15265
-9339,98942,-89603
-22510,7854,14656
15831,7185,-23016
-31729,62799,-31070
-16417,7474,8943
10320,73062,-83382
-29407,88963,-59556
-17234,74361,-57127
-22803,-259,23062
20950,104321,-125271
-14251,38688,-24437
1897,108483,-110380
-46744,1885,44859
9619,10073,-19692
-35912,53488,-17576
-15629,2879,12750
15790,84376,-100166
-18801,29304,-10503
-4929,18962,-14033
-13641,107386,-93745
7070,-3003,-4067
-17688,95753,-78065
-3234,-10935,14169
20171,96888,-117059
13497,-1357,-12140
2227,2726,-4953
12172,-3394,-8778
7412,2305,-9717
-3782,-1889,5671
-6736,-1794,8530
598,15114,-15712
-5775,113598,-107823
-20381,51447,-31066
-30599,73260,-42661
-17597,13707,3890
-1777,-3077,4854
-89541,20930,68611
-29799,106808,-77009
2107,-1542,-565
-33375,3485,29890
-21507,31407,-9900
3279,10436,-13715
-23681,6839,16842
3617,13319,-16936
-8192,121811,-113619
-4917,16231,-11314
-1163,20414,-19251
-26032,-891,26923
22613,10700,-33313
-32958,67815,-34857
-25542,-305,25847
19346,42961,-62307
-39839,123799,-83960
-13447,-6488,19935
-20468,55902,-35434
-21899,39323,-17424
-14458,-6781,21239
-8600,75207,-66607
-37285,11356,25929
-40367,470,39897
-3902,25356,-21454
-24448,70760,-46312
-26494,115236,-88742
-134343,9854,124489
-60835,34538,26297
-51438,29489,21949
-24085,-6727,30812
-18220,-3939,22159
-8489,30657,-22168
-77752,-342,78094
-11224,19717,-8493
-52474,11570,40904
9623,102254,-111877
-14940,24502,-9562
6014,108928,-114942
-25306,37009,-11703
12053,109869,-121922
-39769,16644,23125
10395,7189,-17584
-1711,110731,-109020
-22163,-4046,26209
8926,6443,-15369
-37137,30966,6171
6303,17032,-23335
-20031,52952,-32921
-2231,-2949,5180
-9528,118218,-108690
3848,23050,-26898
4195,-7305,3110
-15613,-907,16520
13175,6958,-20133
-2714,121138,-118424
-6513,-5688,12201
-2561,125065,-122504
-29394,3172,26222
6868,10147,-17015
-22745,42322,-19577
-2792,8716,-5924
9867,14911,-24778
-8918,71086,-62168
-81555,2602,78953
-15126,5238,9888
-15567,7301,8266
-15893,23776,-7883
-15769,15720,49
-21487,18220,3267
-9516,7775,1741
-46039,-8398,54437
-35982,-31044,67026
-5032,-49207,54239
39084,-107580,68496
19024,-19284,260
47722,-31803,-15919
16384,-19144,2760
-11042,-4364,15406
-28648,65566,-36918
-52729,85507,-32778
-108891,5020,103871
-77801,44290,33511
-36353,31527,4826
-8988,10106,-1118
-18900,8885,10015
-64791,16627,48164
-45375,10283,35092
-53992,4537,49455
-71812,-9017,80829
-53823,-21425,75248
-20460,-25261,45721
11545,-18682,7137
4855,1497,-6352
34666,-8745,-25921
82990,-52177,-30813
70,-39076,39006
11496,13109,-24605
8476,28957,-37433
82293,-10423,-71870
4191,8155,-12346
134755,-9429,-125326
-594,3931,-3337
133394,-6868,-126526
2326,-12053,9727
24090,-5209,-18881
24077,-3427,-20650
108652,-13670,-94982
22836,-51921,29085
3638,-27299,23661
16116,11628,-27744
95761,-10766,-84995
26523,-3118,-23405
1010,10514,-11524
67456,29130,-96586
40136,86084,-126220
-231,-5374,5605
-3192,11983,-8791
-52861,117063,-64202
-66540,15353,51187
-8740,-4846,13586
-21289,10432,10857
-21722,-5123,26845
-30281,-639,30920
-8868,2330,6538
-4050,-9033,13083
-4747,-34357,39104
8064,-13521,5457
79191,-93002,13811
-5065,-38040,43105
134751,-36201,-98550
10126,5968,-16094
11933,21916,-33849
-15320,46171,-30851
-18294,16681,1613
-13748,6789,6959
-24609,-132,24741
-16050,-14359,30409
2965,-18624,15659
11492,-21965,10473
21049,-19762,-1287
22576,-11261,-11315
18405,-173,-18232
11871,10023,-21894
680,17931,-18611
-9627,21256,-11629
-17217,18067,-850
-20637,11306,9331
-17514,1361,16153
-11525,-8006,19531
-2668,-15130,17798
6183,-19300,13117
13769,-19127,5358
18690,-14202,-4488
18871,-7194,-11677
15741,1435,-17176
9693,9669,-19362
1018,15522,-16540
-7053,18591,-11538
-13678,17873,-4195
-17902,13497,4405
-19148,8175,10973
-16726,532,16194
-12218,-6517,18735
-6146,-12387,18533
936,-16887,15951
8056,-19127,11071
13521,-17795,4274
17436,-14470,-2966
18805,-9574,-9231
18240,-4273,-13967
15901,1786,-17687
11191,8159,-19350
5956,12750,-18706
-383,16933,-16550
-6418,18946,-12528
-11653,19012,-7359
-15906,17828,-1922
-19065,15291,3774
-20550,11851,8699
-20365,7420,12945
-19404,3031,16373
-17584,-1575,19159
-14722,-6142,20864
-11108,-10444,21552
-6567,-14086,20653
-1980,-17395,19375
3118,-19622,16504
8002,-20773,12771
12115,-20794,8679
15580,-20736,5156
18991,-20497,1506
20769,-18220,-2549
22567,-16805,-5762
23029,-13348,-9681
23244,-10609,-12635
23537,-8270,-15267
23141,-5374,-17767
22019,-2157,-19862
20200,1221,-21421
18488,4471,-22959
15848,7928,-23776
13443,11038,-24481
10539,13959,-24498
7334,16627,-23961
4549,18805,-23354
1435,20868,-22303
-1563,22501,-20938
-5209,23681,-18472
-8666,24605,-15939
-11743,25525,-13782
-14643,25884,-11241
-16891,25657,-8766
-19206,25298,-6092
-21033,25129,-4096
-22613,24915,-2302
-24048,24370,-322
-24956,23661,1295
-25880,22790,3090
-26853,22526,4327
-28050,22151,5899
-28326,21565,6761
-28392,21107,7285
-29180,21190,7990
-30727,22332,8395
-31614,22976,8638
-29959,22118,7841
-27852,20785,7067
-29910,22493,7417
-37376,28260,9116
-39179,30178,9001
-24671,20031,4640
-9561,9079,482
-26734,21705,5029
-88435,78403,10032
-71185,101582,-30397
-54066,4170,49896
-21136,-3097,24233
-26169,109027,-82858
-15852,25715,-9863
-7404,-1175,8579
-10547,-1971,12518
2190,-8778,6588
-3031,21021,-17990
89652,30339,-119991
67637,49479,-117116
46377,48464,-94841
44995,40491,-85486
-3646,19420,-15774
-3753,24877,-21124
-6822,12280,-5458
8868,-4541,-4327
-17663,-288,17951
-8905,24399,-15494
2780,10885,-13665
16962,107848,-124810
-7808,23434,-15626
-15163,-7660,22823
-226,49153,-48927
-19688,35318,-15630
8,-2800,2792
-45552,21689,23863
8287,103405,-111692
5572,62510,-68082
24090,94050,-118140
50448,58026,-108474
35706,37042,-72748
31011,44055,-75066
-8052,27637,-19585
5886,-2998,-2888
131335,7387,-138722
-6529,30982,-24453
-5762,12828,-7066
-4438,34233,-29795
-14342,-6142,20484
-19201,6558,12643
-8311,-4653,12964
-16145,-1002,17147
-4434,8113,-3679
-13868,29984,-16116
-5193,14033,-8840
-13525,-7899,21424
-10102,62827,-52725
-17485,19404,-1919
5094,68850,-73944
-33792,32100,1692
-20575,92639,-72064
-1914,-8233,10147
-5086,134838,-129752
-20233,-5696,25929
2033,13827,-15860
50729,64416,-115145
45086,75817,-120903
56487,59206,-115693
62642,74266,-136908
24684,66193,-90877
20348,2829,-23177
-7354,7689,-335
-2140,3514,-1374
-14305,-7829,22134
-14800,1612,13188
5267,106577,-111844
-19845,28763,-8918
-5317,16879,-11562
4743,99416,-104159
-40519,15192,25327
2697,14058,-16755
-9297,67596,-58299
-17209,-1456,18665
20732,56846,-77578
5709,124187,-129896
-15188,-7144,22332
169,100633,-100802
10065,39641,-49706
-11298,-4030,15328
-6319,74485,-68166
-5057,51216,-46159
-11137,16421,-5284
-13806,4834,8972
-6121,11005,-4884
202,75471,-75673
-10432,15609,-5177
18616,122607,-141223
-31576,-1452,33028
17019,8852,-25871
-4087,99701,-95614
-24131,34324,-10193
9376,111585,-120961
-13072,24205,-11133
-7643,59593,-51950
-8580,34641,-26061
-9058,45923,-36865
-10803,59833,-49030
-12317,14107,-1790
-3935,4587,-652
-6521,32059,-25538
-7656,31057,-23401
-5886,27517,-21631
-9421,40726,-31305
-18975,-3130,22105
-2293,51055,-48762
-14627,-4508,19135
13781,87511,-101292
-31457,16264,15193
-16,598,-582
2899,42471,-45370
-8823,18372,-9549
-5139,28450,-23311
-1171,25938,-24767
-21425,6942,14483
11100,120573,-131673
-13150,-8080,21230
717,44855,-45572
-14317,22497,-8180
-8373,19470,-11097
-6282,128803,-122521
-23223,-5845,29068
8802,75367,-84169
-20154,75961,-55807
-23850,-5548,29398
8093,5453,-13546
-13752,53356,-39604
-19078,29283,-10205
-20332,30454,-10122
-2644,2528,116
-16434,3238,13196
-503,14062,-13559
7367,100270,-107637
-10749,13942,-3193
-5189,25071,-19882
-5329,24906,-19577
-5473,6905,-1432
2334,120903,-123237
-15320,31845,-16525
-8023,24675,-16652
-11298,38886,-27588
10564,124876,-135440
-38172,-1464,39636
2025,12222,-14247
-11607,39616,-28009
-11092,21804,-10712
13072,115982,-129054
-35846,2681,33165
8654,1798,-10452
13769,98261,-112030
-37727,-1056,38783
6711,3279,-9990
9095,104230,-113325
-39377,-1138,40515
-1711,12692,-10981
17378,111292,-128670
-33325,1782,31543
2644,-7251,4607
21763,105785,-127548
-33589,4141,29448
-4463,-11385,15848
15435,118127,-133562
-39703,6864,32839
8893,160,-9053
606,120016,-120622
-21095,30916,-9821
6100,6034,-12134
2491,67093,-69584
-10815,-7029,17844
-3630,131983,-128353
-13996,-6303,20299
17221,110657,-127878
-18731,28495,-9764
-3922,17036,-13114
-5024,24461,-19437
-8757,53130,-44373
-6604,26140,-19536
-6315,-3168,9483
-9537,50341,-40804
-8522,45164,-36642
-15827,65599,-49772
-30302,577,29725
16879,47359,-64238
-21544,90527,-68983
-25855,-3766,29621
26820,41163,-67983
-30801,50721,-19920
-20942,-1014,21956
16479,14503,-30982
-27443,38968,-11525
-16219,-3254,19473
-247,45177,-44930
-12362,15056,-2694
-9537,21676,-12139
15794,118346,-134140
-33078,-841,33919
1229,11302,-12531
2041,124599,-126640
-27885,-705,28590
1291,11554,-12845
-9392,35701,-26309
-14709,-5861,20570
33,133625,-133658
-37698,7367,30331
-5073,18051,-12978
15840,119992,-135832
-36774,11401,25373
-5445,-4562,10007
17263,105760,-123023
-38845,9669,29176
387,-9652,9265
3316,123675,-126991
-40536,-862,41398
2458,11525,-13983
18628,111622,-130250
-39340,13195,26145
-7792,17254,-9462
11413,115764,-127177
-39142,5841,33301
1394,-8452,7058
18711,102188,-120899
-37405,3832,33573
4488,7519,-12007
10304,124080,-134384
-35833,7548,28285
449,7128,-7577
1732,53101,-54833
-8938,42631,-33693
-5288,60018,-54730
-4871,-1881,6752
-6777,61804,-55027
-16920,1509,15411
4257,9339,-13596
-9924,51863,-41939
-6835,34909,-28074
-7359,25075,-17716
-10791,66272,-55481
-11908,62139,-50231
-27794,2842,24952
181,45449,-45630
-17259,77933,-60674
-15089,26119,-11030
-10514,52251,-41737
-22225,31510,-9285
-3852,17597,-13745
-8010,42974,-34964
-7561,53955,-46394
-5515,19523,-14008
-2211,12577,-10366
-5622,131100,-125478
-16561,-6443,23004
-1637,13633,-11996
1509,90118,-91627
-10056,17989,-7933
-6925,37380,-30455
-6781,35871,-29090
-6525,5849,676
-7326,-6534,13860
-6558,38214,-31656
-4075,-8076,12151
-4467,2264,2203
853,53373,-54226
-16792,61,16731
3180,13596,-16776
-11484,61503,-50019
-4450,26812,-22362
7977,123003,-130980
-17828,37500,-19672
-5845,48213,-42368
-9075,48732,-39657
-8415,56529,-48114
-13624,30574,-16950
-4087,12564,-8477
-11772,-297,12069
-17308,-7272,24580
10774,104412,-115186
-19490,29250,-9760
-3366,16611,-13245
-4335,24271,-19936
-7759,49306,-41547
-5845,26672,-20827
-3295,16508,-13213
-7845,51385,-43540
-4384,28540,-24156
-4314,7862,-3548
-2371,51009,-48638
-7185,17386,-10201
-7664,17337,-9673
-4772,42293,-37521
-5568,14041,-8473
-7235,-5465,12700
-3526,9681,-6155
-4681,32686,-28005
-5358,12923,-7565
-5593,32208,-26615
-8336,109642,-101306
-6088,29877,-23789
-5242,8262,-3020
-5519,24436,-18917
-7214,59404,-52190
-6513,36229,-29716
-8778,61012,-52234
-5655,34258,-28603
-5024,-2215,7239
-7845,63133,-55288
-11743,34691,-22948
-3819,3399,420
-4665,15303,-10638
-5247,30347,-25100
-4475,3807,668
-5313,12036,-6723
-4888,31737,-26849
-5424,15167,-9743
-6608,36411,-29803
-4640,16966,-12326
-2607,51405,-48798
-5577,-3019,8596
-8146,68376,-60230
-9273,68520,-59247
-12676,30640,-17964
2994,128283,-131277
-11587,29068,-17481
2838,-7000,4162
12309,114431,-126740
-28738,5494,23244
14227,4191,-18418
-940,63013,-62073
-13521,102683,-89162
6228,127012,-133240
-5638,-8439,14077
-4615,51055,-46440
-9945,26791,-16846
-4842,-6666,11508
-6872,44987,-38115
-7074,499,6575
-5271,26845,-21574
-6162,47041,-40879
-6686,37149,-30463
-2417,6105,-3688
-4785,37789,-33004
-8398,79336,-70938
-4884,13785,-8901
-7284,87961,-80677
-4714,17069,-12355
-4772,23260,-18488
-3906,9838,-5932
-8848,1794,7054
4133,70970,-75103
-13356,-2607,15963
899,47293,-48192
-7722,24139,-16417
-6228,6496,-268
-2305,1934,371
-2380,1122,1258
-3415,1410,2005
8959,117636,-126595
3943,6583,-10526
-7062,-3621,10683
-973,42664,-41691
7053,114724,-121777
-6748,-1146,7894
-10910,26870,-15960
-1513,43597,-42084
-4529,27439,-22910
-5898,72703,-66805
-6344,22361,-16017
-4813,31820,-27007
-5358,32876,-27518
-5457,30954,-25497
-7235,46484,-39249
-14536,10060,4476
21668,53559,-75227
-8633,122669,-114036
-12210,26585,-14375
-2644,16141,-13497
6979,5572,-12551
-9557,51913,-42356
-5989,63599,-57610
21462,117690,-139152
-21577,-3213,24790
2829,117909,-120738
5449,110570,-116019
-15336,-111,15447
-6418,36518,-30100
-1588,29188,-27600
-6641,20043,-13402
-5766,4863,903
-2747,1831,916
-2297,981,1316
-1967,-804,2771
5626,103459,-109085
-495,3209,-2714
-5610,-3543,9153
-1307,15163,-13856
7474,111870,-119344
-3856,-1567,5423
-2549,-268,2817
-6422,-2000,8422
-4133,9974,-5841
-12552,26424,-13872
-5502,-156,5658
-6459,68862,-62403
-5680,30178,-24498
-2809,30459,-27650
-4917,26985,-22068
3308,101623,-104931
-17399,9161,8238
-2219,79480,-77261
-15373,-2124,17497
-2887,128250,-125363
-23999,556,23443
-1794,13204,-11410
5313,118338,-123651
-25306,-3139,28445
-1918,14903,-12985
-891,111622,-110731
-8769,22650,-13881
-2132,20856,-18724
-1794,82054,-80260
-7363,24189,-16826
-4001,31288,-27287
-4855,25129,-20274
-6901,54499,-47598
4248,21148,-25396
321,58517,-58838
-10201,-1724,11925
-862,39789,-38927
-6447,30372,-23925
-5131,5989,-858
-3914,72043,-68129
-7821,8695,-874
-3828,3654,174
-2689,1592,1097
-5787,53451,-47664
-1146,7309,-6163
-870,81089,-80219
6732,120219,-126951
9248,58777,-68025
2107,4937,-7044
-11170,-2516,13686
-8340,28928,-20588
3477,47412,-50889
-3980,39872,-35892
-251,61623,-61372
-3283,22213,-18930
-4739,5803,-1064
-2454,32261,-29807
-5288,-5989,11277
206,76654,-76860
-4273,11525,-7252
-5622,61784,-56162
-3856,2194,1662
-2079,952,1127
-2813,1138,1675
-4587,13550,-8963
1885,15955,-17840
11149,110925,-122074
9574,107295,-116869
8914,13620,-22534
-1786,60200,-58414
1431,50626,-52057
-2293,44335,-42042
-292,71193,-70901
99,68697,-68796
-8072,-7862,15934
-4120,17391,-13271
-1761,5882,-4121
-2792,-8274,11066
-2120,13113,-10993
12082,72509,-84591
2400,2479,-4879
-6496,-6468,12964
-3572,16726,-13154
5770,110248,-116018
-4558,-6030,10588
-6092,-5568,11660
-243,69939,-69696
-4397,-4166,8563
-3147,-1122,4269
15303,88361,-103664
-1452,680,772
-12230,-3968,16198
-4075,71366,-67291
2561,101215,-103776
-8155,43597,-35442
4422,70261,-74683
-4129,214,3915
-7078,38952,-31874
-8184,17374,-9190
-16578,-7499,24077
16219,75392,-91611
-10642,29543,-18901
-12993,-6575,19568
1155,133229,-134384
-23590,-375,23965
-3411,15753,-12342
-907,110496,-109589
-8542,14425,-5883
-3621,24523,-20902
-5383,37533,-32150
-4681,313,4368
-4648,54408,-49760
-4269,56578,-52309
-3972,45535,-41563
-1736,80000,-78264
-2895,41307,-38412
-1930,124104,-122174
-3526,7255,-3729
-2169,2763,-594
-6228,26936,-20708
-4801,-7755,12556
-1146,14293,-13147
2602,12457,-15059
-771,8613,-7842
-660,37,623
-4657,-2800,7457
1188,13360,-14548
-886,111981,-111095
-9396,-6938,16334
-2219,47124,-44905
-1559,-103,1662
-1068,107,961
-2623,944,1679
-297,60051,-59754
-5094,108165,-103071
10956,110789,-121745
9293,56945,-66238
-1332,1658,-326
-7573,-5189,12762
2887,40181,-43068
-3906,9310,-5404
-9966,53229,-43263
-6187,4826,1361
7078,22741,-29819
-2578,33457,-30879
-7528,9384,-1856
7033,103954,-110987
-4987,680,4307
-4372,88889,-84517
-4215,54503,-50288
-2648,34282,-31634
-4174,38473,-34299
-5127,1971,3156
-3118,56240,-53122
-2499,52783,-50284
-2565,38358,-35793
-1802,59375,-57573
-2660,24989,-22329
-4636,594,4042
-2248,24234,-21986
-4298,-2718,7016
-6525,-2058,8583
6039,122508,-128547
14953,106202,-121155
-1996,-2285,4281
-4384,13257,-8873
9268,43815,-53083
585,2602,-3187
-5915,44595,-38680
-4846,2833,2013
-7540,2619,4921
5614,98005,-103619
-5036,-2990,8026
-5362,-1670,7032
-7565,10234,-2669
4533,77822,-82355
-5267,25665,-20398
11125,106103,-117228
4389,4892,-9281
-6385,-4347,10732
363,21408,-21771
-3493,1200,2293
2899,62308,-65207
-1947,31465,-29518
6806,39150,-45956
4224,73408,-77632
-1348,264,1084
-1369,404,965
-3683,-8410,12093
-3877,14982,-11105
-3172,22658,-19486
-243,111255,-111012
13563,113718,-127281
1938,1274,-3212
-5449,-3019,8468
-3650,19540,-15890
8489,117339,-125828
-37,44958,-44921
-1947,53455,-51508
-2433,-7198,9631
2272,76390,-78662
-2475,35384,-32909
1014,68289,-69303
-2648,17498,-14850
-2396,17362,-14966
-7288,29980,-22692
-5907,-5341,11248
6773,103950,-110723
4133,7392,-11525
-8868,-2475,11343
-2648,86,2562
-8740,41976,-33236
-499,122512,-122013
9603,71791,-81394
12436,92952,-105388
3073,5131,-8204
-4038,-8765,12803
235,12193,-12428
5820,113709,-119529
7511,87549,-95060
-7033,9796,-2763
13002,103488,-116490
-6418,-874,7292
3559,52230,-55789
3246,73602,-76848
-5131,21128,-15997
2334,105661,-107995
-4681,-845,5526
-2446,69374,-66928
1843,118688,-120531
-6298,-6142,12440
3865,46018,-49883
3085,83708,-86793
-5201,-1876,7077
-3592,6550,-2958
4780,129112,-133892
2219,511,-2730
-882,985,-103
5407,13591,-18998
-5346,-10122,15468
-6715,39971,-33256
-4273,16632,-12359
3180,115306,-118486
7057,112299,-119356
9136,50180,-59316
1526,28305,-29831
2380,57333,-59713
2178,-136,-2042
-2908,-4657,7565
-5985,37384,-31399
-2520,-1617,4137
-3399,-5498,8897
-8844,40037,-31193
-2941,10015,-7074
-981,2326,-1345
-2120,1423,697
-697,60909,-60212
11001,113388,-124389
15910,71069,-86979
9574,-2314,-7260
5457,-2685,-2772
5803,4698,-10501
470,27163,-27633
420,35487,-35907
-5997,-9545,15542
6397,119501,-125898
6583,60352,-66935
3324,7305,-10629
-655,22716,-22061
-7074,-2260,9334
-5581,58360,-52779
-2681,24568,-21887
13080,104102,-117182
-2739,27517,-24778
-6402,-6451,12853
1084,54648,-55732
-6195,59305,-53110
5143,77665,-82808
-8580,18455,-9875
-1765,-4599,6364
-2194,-1192,3386
6290,118177,-124467
4785,-276,-4509
5548,1588,-7136
763,2268,-3031
14511,6954,-21465
11677,8118,-19795
-528,-6905,7433
-14020,-8402,22422
4096,93670,-97766
15992,92061,-108053
12218,81048,-93266
10217,5832,-16049
3588,50700,-54288
-1340,20971,-19631
-2330,10180,-7850
-849,21425,-20576
8811,107377,-116188
5527,40429,-45956
-7891,-4219,12110
3007,122042,-125049
-503,86,417
-7293,25150,-17857
-2883,126064,-123181
7173,34666,-41839
-3638,81984,-78346
7090,106429,-113519
-2173,73053,-70880
-3201,17894,-14693
-1546,12379,-10833
-7012,-4970,11982
4941,105612,-110553
6930,61256,-68186
-152,-4603,4755
-2668,38226,-35558
750,18587,-19337
-6971,-3452,10423
-7965,-4950,12915
-7573,-10155,17728
-4879,17287,-12408
-1130,13402,-12272
-4133,39633,-35500
13171,73804,-86975
-1047,-5346,6393
-3242,-7437,10679
-1794,11789,-9995
-1315,13629,-12314
-7701,19849,-12148
7961,91674,-99635
-1270,75636,-74366
-763,-1241,2004
-9400,2928,6472
-2685,52391,-49706
2376,103021,-105397
12861,92977,-105838
8926,101825,-110751
9174,65962,-75136
10060,14322,-24382
13732,76411,-90143
3848,1905,-5753
-2734,-3102,5836
-3696,-4442,8138
-3192,-3894,7086
9528,70611,-80139
3943,77859,-81802
2990,81778,-84768
7429,86315,-93744
-697,5201,-4504
-1571,2318,-747
12296,107922,-120218
17762,56207,-73969
12655,3947,-16602
829,-3394,2565
-371,-4158,4529
-11475,17320,-5845
-8089,8089,0
-2598,38907,-36309
-3304,12936,-9632
-3374,14647,-11273
-2937,13674,-10737
2557,106449,-109006
29931,32282,-62213
2986,7037,-10023
-9479,8307,1172
2376,112794,-115170
20373,104172,-124545
6402,53196,-59598
4747,-2656,-2091
1080,7276,-8356
-721,11789,-11068
8811,113961,-122772
9751,117162,-126913
11261,109584,-120845
7033,6364,-13397
-754,-4380,5134
-7821,14231,-6410
-4310,44063,-39753
7156,103636,-110792
7961,113441,-121402
2887,-3196,309
-8068,58368,-50300
-4884,17337,-12453
10572,121468,-132040
6113,105315,-111428
5086,-5622,536
-1270,-3823,5093
6872,20224,-27096
1885,32649,-34534
-1674,-2541,4215
-4347,39166,-34819
-4450,37743,-33293
2140,78700,-80840
8650,5816,-14466
7260,10770,-18030
-3531,-3007,6538
-8175,52428,-44253
23549,90143,-113692
12098,101153,-113251
18166,36031,-54197
7994,-5494,-2500
-10551,882,9669
-8303,-6562,14865
-6633,-10329,16962
-6641,-7565,14206
-8002,12812,-4810
-4323,14796,-10473
-2421,102972,-100551
29741,88200,-117941
25814,101425,-127239
24028,97061,-121089
29749,68239,-97988
24312,8068,-32380
-5688,-1093,6781
-11005,-10349,21354
-5535,-10836,16371
-8353,13954,-5601
-1237,24630,-23393
-1683,11847,-10164
7387,95823,-103210
28264,88955,-117219
30467,103252,-133719
33235,46472,-79707
25711,88551,-114262
20447,93002,-113449
29101,43271,-72372
17853,61091,-78944
21784,-2743,-19041
-251,-1423,1674
-152,-8175,8327
-4636,-8295,12931
-7495,-9619,17114
-6232,-4780,11012
-10296,47680,-37384
14536,109733,-124269
13695,94936,-108631
22287,107947,-130234
28466,42603,-71069
20142,39971,-60113
9347,-1155,-8192
3044,-152,-2892
2363,-3333,970
-11059,12102,-1043
94,13802,-13896
1353,24337,-25690
-1526,40066,-38540
27027,96661,-123688
20781,92989,-113770
26952,99457,-126409
31473,53839,-85312
20897,64288,-85185
23615,54883,-78498
29502,68491,-97993
25542,58133,-83675
27027,59094,-86121
28252,57791,-86043
32389,63739,-96128
31383,57783,-89166
31275,55539,-86814
31333,50510,-81843
26655,9157,-35812
11611,-1258,-10353
-7808,2252,5556
-5779,-5552,11331
-9512,-10048,19560
-9388,107,9281
-9161,-4756,13917
-8431,-9112,17543
-12123,-8167,20290
-5799,-5280,11079
-8588,-9405,17993
-5762,-5308,11070
-10811,-3663,14474
-5040,618,4422
-8377,-8757,17134
-11042,-2685,13727
13600,6315,-19915
61912,30974,-92886
94784,36720,-131504
101829,33961,-135790
106858,31651,-138509
61602,36452,-98054
25653,26589,-52242
-10576,11162,-586
-2561,-1988,4549
134714,-17085,-117629
2425,15241,-17666
-3510,5927,-2417
134730,-8402,-126328
15303,-8580,-6723
-3584,-5185,8769
36997,2157,-39154
134759,-3840,-130919
47206,-11215,-35991
12012,-30384,18372
10254,11950,-22204
134743,-38502,-96241
-7016,-9801,16817
38907,-10065,-28842
-4686,-3460,8146
24184,-2640,-21544
3172,-2722,-450
27192,-36576,9384
15650,3407,-19057
21660,-7429,-14231
103079,-1113,-101966
631,-30830,30199
8538,14223,-22761
53790,-23166,-30624
5985,-15584,9599
7821,14198,-22019
51059,-10073,-40986
40107,-7664,-32443
129306,1815,-131121
5016,-2734,-2282
80614,-3828,-76786
78960,-10968,-67992
132218,-19111,-113107
49516,-23359,-26157
73614,-15192,-58422
27542,-3411,-24131
11145,-7148,-3997
72204,-17646,-54558
36019,-16656,-19363
45841,-10890,-34951
25537,-33309,7772
11694,9161,-20855
54301,-39699,-14602
58826,66,-58892
74951,-2029,-72922
-8567,2145,6422
36828,676,-37504
13344,478,-13822
-5020,-3419,8439
-6096,-1126,7222
134714,-1505,-133209
51290,-6397,-44893
-45,-15650,15695
31226,-1588,-29638
-6092,-1031,7123
19663,-2318,-17345
64510,-29584,-34926
1192,-31700,30508
44133,-1691,-42442
-1786,-9722,11508
-6100,-14396,20496
-2817,-21718,24535
36060,2800,-38860
17329,-4681,-12648
134668,-4339,-130329
49347,-10799,-38548
49912,-11228,-38684
99061,-21425,-77636
-4760,-18372,23132
98645,17741,-116386
4818,-29745,24927
9504,7903,-17407
91117,-24052,-67065
7140,-18909,11769
65385,14082,-79467
37405,-23623,-13782
-3172,-2029,5201
134701,-17518,-117183
-6818,-14284,21102
29811,-1522,-28289
4339,-4034,-305
134788,-18690,-116098
2491,-14243,11752
-3064,-5692,8756
36060,4834,-40894
1909,49,-1958
-6220,-11677,17897
134743,-9697,-125046
36440,123,-36563
34179,185,-34364
47103,-998,-46105
124756,8848,-133604
-2000,-5750,7750
96475,-15444,-81031
44397,-13109,-31288
-1233,-33012,34245
51673,-7561,-44112
78164,-22877,-55287
26148,-19214,-6934
39088,-24329,-14759
37628,3337,-40965
8043,-18554,10511
75372,11149,-86521
134726,-29126,-105600
72967,-10506,-62461
-449,-10407,10856
134722,-13971,-120751
-3155,-12634,15789
132829,841,-133670
-4397,-33911,38308
11826,6377,-18203
134800,-25356,-109444
-7317,-9710,17027
40755,-9631,-31124
43984,9260,-53244
57807,-25793,-32014
-6212,-8625,14837
47907,-9739,-38168
20274,631,-20905
40808,-28755,-12053
45276,-2656,-42620
6138,-26610,20472
76081,5313,-81394
125259,-16817,-108442
4298,-21594,17296
35726,19375,-55101
64799,-25509,-39290
7664,-22980,15316
69642,19783,-89425
38923,-46336,7413
49929,-6381,-43548
11071,-30050,18979
44071,-284,-43787
5329,-10943,5614
31329,-1006,-30323
7915,-5139,-2776
29056,-15258,-13798
30718,-15716,-15002
39542,-19086,-20456
58872,-16652,-42220
79480,-29596,-49884
70166,-24543,-45623
-2512,-688,3200
62040,-13558,-48482
38709,-6678,-32031
-4640,721,3919
134730,-12313,-122417
-4991,-15435,20426
134545,-9487,-125058
-3089,-12973,16062
46695,-4859,-41836
-6476,-12234,18710
1555,-7932,6377
31663,-5011,-26652
17003,-4793,-12210
27579,-19993,-7586
11859,7779,-19638
16120,-18145,2025
7944,10832,-18776
18302,-627,-17675
-1245,-1027,2272
-3522,-3023,6545
-7383,2788,4595
-2499,-2223,4722
39884,-5643,-34241
-7676,1266,6410
134710,-8398,-126312
69687,-24395,-45292
-8175,-3308,11483
84595,-18199,-66396
87392,-15039,-72353
92111,-16817,-75294
-3922,-27905,31827
23025,1934,-24959
-7511,-2029,9540
-9788,-779,10567
-247,-17902,18149
63970,-2899,-61071
-7387,-13200,20587
56298,-3118,-53180
21371,-14016,-7355
85119,-804,-84315
9223,-1167,-8056
13558,-3498,-10060
134660,1889,-136549
-5176,-24886,30062
37776,3518,-41294
3159,-7891,4732
34340,-5214,-29126
-13307,2186,11121
134404,870,-135274
-7821,-4954,12775
40804,-12568,-28236
80338,-618,-79720
-2421,-8402,10823
13604,-17902,4298
14161,3151,-17312
46142,-21870,-24272
-2182,-6752,8934
107382,-20587,-86795
26016,-16033,-9983
21289,-28004,6715
31585,-2516,-29069
11413,-25463,14050
38985,-3147,-35838
76729,-17386,-59343
96100,-34951,-61149
17205,-33742,16537
-7689,-1843,9532
6550,-424,-6126
126002,-13352,-112650
-4050,5337,-1287
15361,-15703,342
47792,3048,-50840
14944,-5886,-9058
122128,11748,-133876
-210,-2512,2722
33103,-7812,-25291
38775,-13191,-25584
-8431,-4871,13302
117438,-63124,-54314
5053,-66111,61058
46418,10048,-56466
106321,-5605,-100716
118206,-9120,-109086
12028,-29110,17082
20889,-15670,-5219
-6876,-25331,32207
119794,915,-120709
28565,3477,-32042
134594,-4842,-129752
19602,9475,-29077
19354,-10877,-8477
52709,-16491,-36218
-1130,-28516,29646
7387,-38676,31289
18987,1117,-20104
127206,-48774,-78432
16586,-32587,16001
27938,-519,-27419
5841,-79105,73264
61639,-8031,-53608
16306,-8608,-7698
8542,7086,-15628
14317,6212,-20529
35013,10568,-45581
111086,31168,-142254
110702,18649,-129351
3844,1476,-5320
13851,-7928,-5923
-8707,-6991,15698
6059,-88761,82702
134701,-12733,-121968
-585,-35425,36010
-1534,-6868,8402
42520,-7321,-35199
21895,-7672,-14223
117422,16396,-133818
115487,27567,-143054
49467,21668,-71135
-284,11364,-11080
-519,-18088,18607
28045,-11347,-16698
35673,-24927,-10746
134755,-64490,-70265
22914,-97255,74341
28639,-61549,32910
80854,-89277,8423
24861,-59622,34761
-5181,-22885,28066
-9157,-21883,31040
72430,9268,-81698
5263,-55184,49921
37199,-7779,-29420
39765,-9289,-30476
23009,-13497,-9512
133782,-9442,-124340
83721,-24564,-59157
2314,-26725,24411
134772,-19754,-115018
77913,-15452,-62461
-3939,-3828,7767
17956,-1604,-16352
134219,-8868,-125351
-7004,-16792,23796
120676,9405,-130081
27802,-15068,-12734
-3568,-7994,11562
63141,-9582,-53559
119575,-25723,-93852
5465,-119278,113813
4195,-52284,48089
134788,-39909,-94879
5490,-94198,88708
18265,9306,-27571
51871,-25422,-26449
134714,-16681,-118033
-4871,-17221,22092
134677,-4149,-130528
-5882,-12168,18050
5329,-10766,5437
31523,-16908,-14615
123824,7177,-131001
-4455,-3700,8155
134697,-14243,-120454
4158,-7726,3568
46228,-24708,-21520
73623,-16607,-57016
24535,-12069,-12466
43106,-21408,-21698
-5878,-12354,18232
16854,1332,-18186
58686,-92131,33445
10824,-37017,26193
-1959,-4516,6475
134747,-17077,-117670
27678,-33198,5520
20959,-5242,-15717
13402,-3729,-9673
126138,16681,-142819
9409,9582,-18991
-3473,-19152,22625
1753,-5845,4092
-8295,1629,6666
29081,-32224,3143
69110,-10815,-58295
17287,1109,-18396
18731,-11059,-7672
6525,4570,-11095
26511,-16665,-9846
15988,4244,-20232
-7466,-12511,19977
46447,-6034,-40413
70096,-2149,-67947
32500,-59185,26685
-9928,14561,-4633
129351,-5399,-123952
70133,-22060,-48073
22869,-6443,-16426
20,1629,-1649
-2330,-515,2845
134739,-8856,-125883
-8056,-6694,14750
52771,-11422,-41349
5461,-10782,5321
122269,-27262,-95007
36069,-73808,37739
134739,-15468,-119271
903,-6822,5919
134099,-808,-133291
14148,-5581,-8567
-1711,-7783,9494
22097,-12123,-9974
77624,9281,-86905
-3184,-15782,18966
133905,-4859,-129046
25096,-13600,-11496
14590,911,-15501
41101,-82792,41691
7581,-22906,15325
25781,-15852,-9929
110529,-11913,-98616
5440,-22176,16736
43506,-6051,-37455
350,-36894,36544
14623,2524,-17147
-5968,-5106,11074
23269,-30471,7202
83807,-2875,-80932
-7515,-3601,11116
23727,-2549,-21178
29790,2520,-32310
91636,-15567,-76069
18772,-12556,-6216
16854,-5036,-11818
-7247,-2957,10204
-6468,-13930,20398
132796,4529,-137325
1538,-6319,4781
40132,-26713,-13419
134747,-7680,-127067
-13431,6987,6444
63558,-2429,-61129
-2223,-2037,4260
36502,-6228,-30274
128258,6092,-134350
12799,3894,-16693
128547,-759,-127788
-420,-8864,9284
2508,-10073,7565
132862,-4677,-128185
-198,-18653,18851
76844,-3345,-73499
25694,-24774,-920
127532,-10093,-117439
77137,-17502,-59635
77071,-44599,-32472
181,-23599,23418
122599,-30904,-91695
1843,-18550,16707
19816,-13480,-6336
540,-7049,6509
131731,-17073,-114658
-1493,3432,-1939
70017,-13934,-56083
45234,-7561,-37673
56141,-3737,-52404
-4987,-11385,16372
117364,-4071,-113293
4104,-9091,4987
118589,-4661,-113928
61375,-24172,-37203
27369,6336,-33705
1064,-8881,7817
62753,-19024,-43729
61206,-6975,-54231
38143,-23537,-14606
10019,-7210,-2809
63252,-15807,-47445
78672,-33424,-45248
7363,-24333,16970
40107,-24506,-15601
92226,-8988,-83238
-5370,-10168,15538
58707,-13893,-44814
56343,-12032,-44311
46686,-11677,-35009
134759,-22184,-112575
-8295,5115,3180
79476,-10667,-68809
7775,-25236,17461
-3320,-19144,22464
134677,-11748,-122929
66870,-25306,-41564
131558,-36287,-95271
16198,400,-16598
134759,-28759,-106000
-1237,-34344,35581
13983,-2305,-11678
134767,-32764,-102003
21495,-54012,32517
119431,-11958,-107473
-1394,1196,198
-41,-26329,26370
-3568,-8732,12300
-4855,-11954,16809
-3584,-14408,17992
94161,2244,-96405
94276,-15097,-79179
4360,-30252,25892
73016,-15229,-57787
6521,-30409,23888
16223,1270,-17493
66660,-17679,-48981
2986,565,-3551
21000,-7078,-13922
132932,9157,-142089
64362,33,-64395
-70,-6245,6315
71156,-15336,-55820
123634,-44508,-79126
79600,-13992,-65608
12713,-18244,5531
6249,-43007,36758
101961,-21272,-80689
23302,969,-24271
7359,-9941,2582
-2945,-14916,17861
134689,-2029,-132660
43337,-19593,-23744
60476,-28239,-32237
2685,-86752,84067
32010,7206,-39216
134739,-36275,-98464
26218,-104692,78474
14272,-34192,19920
134668,-28677,-105991
4446,-11776,7330
40598,-4677,-35921
112146,-37092,-75054
73759,-12746,-61013
17527,-18401,874
134706,-32208,-102498
33961,-3229,-30732
121778,-12131,-109647
-6868,-6204,13072
134681,-41072,-93609
-5935,7086,-1151
70405,-1757,-68648
-3568,-8452,12020
-6942,-8707,15649
133419,5267,-138686
87379,-21841,-65538
3085,-39633,36548
7647,20257,-27904
44851,-71622,26771
21190,-53967,32777
48411,-57902,9491
15303,742,-16045
98810,-25653,-73157
5193,-92115,86922
-4644,-6443,11087
134495,-24325,-110170
13971,5077,-19048
-6080,-7755,13835
74353,-16013,-58340
13311,-9879,-3432
67109,-11026,-56083
93163,-24234,-68929
-309,-19445,19754
116370,-5325,-111045
1971,-7738,5767
107353,-19828,-87525
-4100,-2640,6740
10852,-9796,-1056
88798,-12977,-75821
7404,-9479,2075
45754,-11892,-33862
22254,-25195,2941
26841,-2838,-24003
134726,-117273,-17453
55056,-54648,-408
-1266,-35215,36481
-5259,-13010,18269
69700,-9842,-59858
110591,-64457,-46134
85008,-83601,-1407
134710,-100381,-34329
-1369,-70842,72211
-2875,-26903,29778
57696,-32632,-25064
85276,-26428,-58848
100348,-13740,-86608
28672,-50106,21434
30838,-11863,-18975
134701,-60373,-74328
-4772,-16570,21342
17069,-10993,-6076
2615,-40128,37513
-1645,-15118,16763
108706,-31807,-76899
-3493,-1456,4949
4665,-18574,13909
-3976,-957,4933
79690,-31053,-48637
-3118,7243,-4125
-3877,-3477,7354
134784,-23050,-111734
6237,-27707,21470
31939,-9541,-22398
-2244,-7594,9838
5878,-16669,10791
18508,-10811,-7697
127879,-33041,-94838
134701,-30599,-104102
30005,-8740,-21265
5581,-48617,43036
134714,-13484,-121230
2706,-19721,17015
5288,-26824,21536
-800,-36036,36836
7441,1501,-8942
31688,-27951,-3737
189,1035,-1224
27852,-8175,-19677
11896,5828,-17724
102172,-18822,-83350
7656,-14672,7016
54520,-7156,-47364
-6418,-17774,24192
2776,-11517,8741
129619,-7899,-121720
26796,-8551,-18245
134763,-31510,-103253
-6641,-14899,21540
-12,2516,-2504
22790,-23958,1168
32344,-26362,-5982
-4248,-1204,5452
16083,3023,-19106
33099,-23397,-9702
131995,-7899,-124096
222,-12441,12219
18777,-4166,-14611
-6476,-6059,12535
99734,-17267,-82467
-1947,-7408,9355
134677,-17349,-117328
-1885,3481,-1596
134784,-18620,-116164
18310,-8481,-9829
67373,-22101,-45272
-7078,-8217,15295
120528,-1369,-119159
6393,-36320,29927
42669,-5874,-36795
134689,-35272,-99417
-7412,-3403,10815
36914,-31279,-5635
98356,-12024,-86332
-1761,-6014,7775
13860,-13323,-537
117129,-10073,-107056
-4149,-45,4194
134784,-17824,-116960
-6859,-3312,10171
117475,-12127,-105348
-1126,-15456,16582
15274,-37,-15237
134776,-20629,-114147
18504,-3271,-15233
33874,-18414,-15460
60402,1695,-62097
46158,-9083,-37075
134536,-8006,-126530
-2945,-734,3679
14903,-9891,-5012
4694,-27926,23232
-6814,3943,2871
134796,-15448,-119348
9301,-14565,5264
-3526,-453,3979
38659,-17308,-21351
9504,-2866,-6638
2759,-1216,-1543
-165,1794,-1629
78560,-12111,-66449
134743,-24717,-110026
14470,6426,-20896
5775,-22176,16401
118511,-4690,-113821
15456,-3927,-11529
89607,-17139,-72468
114122,-26998,-87124
12185,-6257,-5928
12985,4723,-17708
31890,-52866,20976
4331,-15105,10774
43811,-17250,-26561
10593,-41402,30809
134541,-5412,-129129
-247,1542,-1295
95415,-15332,-80083
79909,-11950,-67959
107765,-18042,-89723
134743,-12795,-121948
-10605,787,9818
24040,-23892,-148
134664,-17358,-117306
-8151,-1369,9520
71498,-16665,-54833
82924,-21264,-61660
21099,-5696,-15403
21363,-13002,-8361
113689,-12684,-101005
-6331,-3774,10105
29258,-34518,5260
108491,-10621,-97870
45845,-23834,-22011
-4438,-12424,16862
23071,-67827,44756
-8844,-841,9685
40416,-18265,-22151
20526,-28644,8118
30058,-1278,-28780
5354,-10663,5309
5548,-45985,40437
16335,-8398,-7937
134788,-24263,-110525
-7128,-3836,10964
32331,-26833,-5498
134701,-6249,-128452
-6063,-8196,14259
117595,-13323,-104272
13385,-1893,-11492
-1324,-2846,4170
8452,156,-8608
-5172,-9425,14597
4694,-22357,17663
-5399,3687,1712
34060,-30157,-3903
39249,-10881,-28368
134689,-10399,-124290
92325,-26272,-66053
125841,-13761,-112080
-7664,-1955,9619
123102,-11207,-111895
23194,-6538,-16656
-3576,-1567,5143
134805,-11686,-123119
18834,-9099,-9735
-779,-16627,17406
19614,-12461,-7153
-1456,-10514,11970
134343,-7887,-126456
-3267,-8431,11698
118692,-5700,-112992
21157,-8720,-12437
7095,-20554,13459
15679,664,-16343
-5284,-6373,11657
133485,-2949,-130536
19622,-15477,-4145
133798,-15340,-118458
-8101,-2549,10650
25834,-18921,-6913
134701,-17362,-117339
334,-17444,17110
55807,-15802,-40005
19457,-4252,-15205
7466,-28623,21157
26226,-13847,-12379
32645,-36774,4129
12106,-853,-11253
134751,-34914,-99837
12630,4265,-16895
-907,-11409,12316
5189,-36436,31247
-4009,-9924,13933
73016,-17003,-56013
16157,-26598,10441
22943,-31114,8171
134726,-9508,-125218
54045,-31622,-22423
124966,-10279,-114687
25414,-10469,-14945
-5577,-4640,10217
134792,-19597,-115195
-8270,-3225,11495
6529,-17580,11051
134689,-3625,-131064
-4405,-11884,16289
57370,-18975,-38395
-6501,2087,4414
4747,-27130,22383
134714,-20072,-114642
-4137,1485,2652
31576,-27431,-4145
19086,-7887,-11199
148,-17424,17276
129867,-12680,-117187
-3766,-3419,7185
134767,-11261,-123506
-3898,-5230,9128
853,-17993,17140
9565,-13175,3610
25682,-19927,-5755
49281,-20282,-28999
-5284,-4026,9310
34291,-28293,-5998
134739,-13109,-121630
-6443,-8146,14589
4265,-21747,17482
134631,-12952,-121679
-4780,3176,1604
30009,-18628,-11381
16025,-5304,-10721
4496,-18001,13505
64605,-16718,-47887
-2627,-12168,14795
9937,-18488,8551
19065,-8072,-10993
5193,-25900,20707
134685,-18360,-116325
-7845,-4764,12609
119068,-12243,-106825
-643,-21025,21668
105241,-26973,-78268
6014,-18100,12086
13092,-25290,12198
134640,-25525,-109115
7057,-19074,12017
21120,-49120,28000
21445,-48827,27382
134722,-35607,-99115
8311,-38123,29812
134681,-8773,-125908
30582,-9471,-21111
52024,-19181,-32843
-7899,-961,8860
5981,-31271,25290
-5523,1518,4005
5275,-21379,16104
134767,-10671,-124096
-5325,-8844,14169
33400,-24762,-8638
-2442,-10675,13117
122157,-11112,-111045
-639,-8778,9417
124488,-11261,-113227
13348,2598,-15946
13501,-16318,2817
113870,-15402,-98468
1373,-17820,16447
26783,-14982,-11801
17778,-11933,-5845
5234,-44776,39542
134784,-24844,-109940
23095,-24807,1712
17436,-53612,36176
93942,-29184,-64758
134730,-35722,-99008
43370,-25550,-17820
125895,-15361,-110534
9887,-18859,8972
39199,-40726,1527
134239,-14883,-119356
134722,-35557,-99165
134586,-42829,-91757
-8778,-2689,11467
20435,-18368,-2067
27880,-40742,12862
9685,-4566,-5119
32088,-25727,-6361
40453,-8196,-32257
3634,-28153,24519
19936,-34617,14681
31032,-41481,10449
11809,-3374,-8435
34546,-35685,1139
76543,-25971,-50572
8328,-28359,20031
21070,-48270,27200
9202,-6331,-2871
17312,-61755,44443
15918,-4958,-10960
62254,-60373,-1881
22072,1592,-23664
90118,-63223,-26895
15382,-49421,34039
-3048,-11459,14507
124195,-32756,-91439
134743,-115396,-19347
37521,-80998,43477
46847,-53307,6460
55877,-51983,-3894
27262,-79744,52482
-4735,-16627,21362
-9867,-20901,30768
-19820,-3097,22917
-15056,17197,-2141
-80627,34270,46357
-97077,51162,45915
-12362,96925,-84563
-6711,-437,7148
-4582,18620,-14038
4426,-16335,11909
82557,-21969,-60588
44504,-45564,1060
83745,-31671,-52074
48303,-63384,15081
-156,-39389,39545
31890,-47631,15741
50584,-79530,28946
9343,-47738,38395
-17407,-1662,19069
-10791,4508,6283
-28342,-4096,32438
-27930,25059,2871
-23124,50564,-27440
-19222,32026,-12804
30987,61664,-92651
27505,27996,-55501
122925,1522,-124447
6595,-31457,24862
72810,-7515,-65295
36440,-50444,14004
33280,-64312,31032
-10093,-23925,34018
-17151,5189,11962
-22794,2829,19965
-18517,19317,-800
-15712,34728,-19016
11191,21235,-32426
5003,122962,-127965
-3184,23582,-20398
21033,-12758,-8275
37978,-11908,-26070
113078,-18562,-94516
33309,-106878,73569
-6752,-34357,41109
66123,-11814,-54309
134726,-14639,-120087
116737,-16875,-99862
4937,-70962,66025
5090,-12766,7676
69877,-42223,-27654
29279,-4735,-24544
123807,-37785,-86022
134739,-39245,-95494
4331,-120800,116469
27794,-99429,71635
52329,-68128,15799
96083,-63166,-32917
57403,-116865,59462
28153,-101371,73218
-2747,-35409,38156
59573,-41691,-17882
22728,-14911,-7817
83956,-25521,-58435
30178,-78053,47875
-3518,-14049,17567
36737,-28231,-8506
98323,-24791,-73532
88464,-19907,-68557
134784,-23619,-111165
39307,-103892,64585
3357,-30789,27432
104845,-3547,-101298
-536,-60893,61429
134673,-2582,-132091
-3093,-17609,20702
48031,-8670,-39361
40845,-4900,-35945
-5836,-9479,15315
36485,-10032,-26453
15105,-15299,194
12271,-18966,6695
77756,-53435,-24321
65377,-63945,-1432
9875,-66544,56669
20757,-12634,-8123
5296,-39740,34444
8881,-23252,14371
895,-24708,23813
606,-33169,32563
-3683,-30685,34368
-14565,-21309,35874
-25789,-10279,36068
-40734,7907,32827
-56417,28149,28268
-56388,58500,-2112
-8159,40185,-32026
5160,-10852,5692
15741,2458,-18199
-1472,-15675,17147
33837,-9392,-24445
36646,-63747,27101
29064,-2120,-26944
28982,-41097,12115
20451,-56677,36226
-14470,-15695,30165
-19197,-1122,20319
-33165,-792,33957
-83469,17626,65843
-48518,43902,4616
-14371,48972,-34601
27971,13579,-41550
20992,-21264,272
32121,-17077,-15044
-6096,-4867,10963
80227,-17824,-62403
89949,-73891,-16058
23351,-30063,6712
51830,-113326,61496
17518,-56677,39159
27282,-36324,9042
54507,-41085,-13422
52676,-32764,-19912
108194,-81699,-26495
-8159,-14136,22295
25570,-10601,-14969
10217,-45090,34873
134631,-17815,-116816
-5098,-3473,8571
1093,-7907,6814
3667,-12119,8452
103,-816,713
8476,466,-8942
117946,1315,-119261
29411,-14264,-15147
21561,-12560,-9001
2739,-3997,1258
119088,-2334,-116754
12329,4368,-16697
2112,-19808,17696
-6760,-6270,13030
49339,-7301,-42038
18319,-7078,-11241
1934,-404,-1530
-7660,-3349,11009
71420,-6447,-64973
28198,-22027,-6171
90279,-1695,-88584
-2013,-2561,4574
116139,-12403,-103736
10700,-9343,-1357
9504,-6806,-2698
119398,-2961,-116437
88881,-8538,-80343
-3399,-1340,4739
-1658,144,1514
-198,-903,1101
800,-2211,1411
13686,-6414,-7272
74724,-4929,-69795
29530,-11583,-17947
20212,-13591,-6621
94858,-21582,-73276
4809,-18409,13600
134726,-8761,-125965
-6476,-5135,11611
122252,-3877,-118375
7268,-14297,7029
70054,-16966,-53088
48621,-21392,-27229
-4166,-19177,23343
5601,-24424,18823
74699,-14775,-59924
134763,-15213,-119550
-1390,-5003,6393
-4153,-2153,6306
-1670,-4574,6244
62163,-2409,-59754
50972,-11529,-39443
81683,-11050,-70633
66957,-23170,-43787
25418,-23322,-2096
18022,-28384,10362
48043,-66594,18551
95753,-115256,19503
114984,-16842,-98142
22394,-25855,3461
1868,-25546,23678
-6723,-23702,30425
-13294,-21058,34352
-20497,-17811,38308
-32253,-8489,40742
-43180,8064,35116
-43836,29007,14829
-18991,32987,-13996
16079,12647,-28726
23776,98826,-122602
-2615,-1617,4232
7128,2706,-9834
134714,-23875,-110839
-1018,-22860,23878
43828,-22592,-21236
23087,-22002,-1085
98175,-21305,-76870
33511,-39393,5882
18199,-36209,18010
32109,-52156,20047
17683,-66882,49199
-12069,-23120,35189
-14767,2553,12214
-25352,2272,23080
-19734,19358,376
-43621,65707,-22086
-101260,17840,83420
-20097,30186,-10089
-19387,47944,-28557
5581,42120,-47701
21392,22666,-44058
28565,7693,-36258
40779,-3539,-37240
59808,-21066,-38742
64110,-49891,-14219
26730,-50254,23524
-7074,-28821,35895
-28796,-13018,41814
-54895,12395,42500
-57465,40363,17102
-29436,50131,-20695
-775,41514,-40739
27790,22745,-50535
47916,-6092,-41824
50613,-32847,-17766
33099,-49553,16454
5523,-46228,40705
-30958,-18475,49433
-49504,14165,35339
-44867,40973,3894
-18228,48889,-30661
19552,30875,-50427
44059,-251,-43808
49240,-31081,-18159
32467,-48646,16179
2722,-44434,41712
-29040,-20707,49747
-45073,-1728,46801
-49995,1551,48444
-50584,8435,42149
-10997,34975,-23978
-2396,21392,-18996
6014,1815,-7829
-3840,1819,2021
5181,738,-5919
8146,-24531,16385
-69547,-91504,161051
6150,2041,-8191
-108796,-109650,218446
-134635,-134809,269444
-134644,-134817,269461
6026,1629,-7655
-128390,-128324,256714
-134615,-134792,269407
-134627,-134800,269427
-134648,-134817,269465
-134656,-134821,269477
-134656,-134829,269485
-134660,-134821,269481
-134660,-134833,269493
9768,2660,-12428
-126447,-127565,254012
17081,-13200,-3881
17221,-8930,-8291
6542,8245,-14787
-10283,20732,-10449
-22035,22926,-891
-27654,19362,8292
-30261,13905,16356
-31370,10056,21314
-134656,-134829,269485
-134660,-134833,269493
-134413,-134598,269011
-134668,-134825,269493
-134664,-134821,269485
-134660,-134829,269489
-134652,-134817,269469
-2932,-3625,6557
10828,-6183,-4645
-16421,-28116,44537
-130073,-131232,261305
-134644,-134817,269461
3848,4141,-7989
-134644,-134796,269440
-424,-3535,3959
-6319,1031,5288
-11244,8740,2504
-16891,7161,9730
-16784,-24,16808
-12721,-11013,23734
-354,-19965,20319
7367,-22926,15559
-134623,-134796,269419
-133571,-133852,267423
-134611,-134784,269395
-134656,-134817,269473
-134656,-134817,269473
-76065,-77438,153503
17452,-6360,-11092
4393,-2301,-2092
1918,-7416,5498
507,977,-1484
-7627,9636,-2009
-13954,9891,4063
-16797,4628,12169
-15815,-1167,16982
-12655,-6798,19453
-7433,-13138,20571
-1761,-18013,19774
3242,-20575,17333
-4991,-3939,8930
-610,2334,-1724
-1369,-4628,5997
-134656,-134817,269473
-25137,-26874,52011
-134660,-134838,269498
-134631,-134805,269436
-133113,-133353,266466
-134648,-134825,269473
-134660,-134838,269498
-134660,-134833,269493
-134685,-134854,269539
-134673,-134838,269511
-134693,-134846,269539
-134673,-134833,269506
-134677,-134838,269515
-134677,-134850,269527
-134677,-134846,269523
-134668,-134825,269493
-134677,-134846,269523
-134681,-134842,269523
-134685,-134846,269531
-134689,-134854,269543
-134685,-134854,269539
-134681,-134846,269527
-134668,-134825,269493
-134681,-134838,269519
-134681,-134838,269519
-134673,-134833,269506
-134685,-134846,269531
-134673,-134842,269515
-134668,-134842,269510
-134668,-134842,269510
-134693,-134858,269551
-134681,-134842,269523
-134677,-134833,269510
-134664,-134829,269493
-134664,-134842,269506
-134681,-134842,269523
-134689,-134850,269539
-134685,-134850,269535
-134677,-134838,269515
-134677,-134838,269515
-134673,-134838,269511
-134677,-134838,269515
-134677,-134846,269523
-134681,-134829,269510
-134681,-134842,269523
-134685,-134842,269527
-134673,-134838,269511
-134677,-134842,269519
-134668,-134829,269497
-134677,-134838,269515
-134685,-134850,269535
-134673,-134833,269506
-134673,-134833,269506
-134677,-134838,269515
-134681,-134833,269514
-134677,-134846,269523
-134693,-134858,269551
-134677,-134838,269515
-134681,-134842,269523
-134685,-134838,269523
-134677,-134838,269515
-134681,-134846,269527
-134685,-134842,269527
-134677,-134833,269510
-134681,-134838,269519
-134685,-134850,269535
-134689,-134842,269531
-134673,-134838,269511
-134689,-134850,269539
-134677,-134850,269527
-134689,-134850,269539
-134685,-134850,269535
-134685,-134846,269531
-134681,-134842,269523
-134677,-134850,269527
-134685,-134850,269535
-134701,-134862,269563
-134673,-134850,269523
-134689,-134850,269539
-134681,-134846,269527
-134689,-134838,269527
-134693,-134842,269535
-134681,-134833,269514
-134673,-134846,269519
0,0,0
-134681,-134850,269531
-134681,-134850,269531
-134681,-134850,269531
-134681,-134850,269531
-134681,-134850,269531
-134681,-134850,269531
-134681,-134850,269531
-134681,-134850,269531
-134681,-134850,269531
-134681,-134850,269531
-134681,-134850,269531
-134681,-134850,269531
-134681,-134850,269531
-134681,-134850,269531
-134681,-134850,269531
-134681,-134850,269531
-134681,-134850,269531
-134681,-134850,269531
-134681,-134850,269531
-134681,-134850,269531
-134681,-134850,269531
-134681,-134850,269531
-134681,-134850,269531
-134681,-134850,269531
-134681,-134850,269531
-134681,-134850,269531
-134681,-134850,269531
-134681,-134850,269531
-134681,-134850,269531
-134681,-134850,269531
-134681,-134850,269531
-134681,-134850,269531
-134681,-134850,269531
-134681,-134850,269531
-134681,-134850,269531
-134681,-134850,269531
-134681,-134850,269531
-134681,-134850,269531
-134681,-134850,269531
-134681,-134850,269531
-134681,-134850,269531
-134681,-134850,269531
-134681,-134850,269531
-134681,-134850,269531
-134681,-134850,269531
-134681,-134850,269531
-134681,-134850,269531
-134681,-134850,269531
-134681,-134850,269531
-134681,-134850,269531
-134681,-134850,269531
-134681,-134850,269531
-134681,-134850,269531
-134681,-134850,269531
-134681,-134850,269531
-134681,-134850,269531
-134681,-134850,269531
-134681,-134850,269531
-134681,-134850,269531
-134681,-134850,269531
-134681,-134850,269531
-134681,-134850,269531
-134681,-134850,269531
-134681,-134850,269531
-134681,-134850,269531
-134681,-134850,269531
-134681,-134850,269531
-134681,-134850,269531
-134681,-134850,269531
-134681,-134850,269531
-134681,-134850,269531
-134681,-134850,269531
-134681,-134850,269531
-134681,-134850,269531
-134681,-134850,269531
-134681,-134850,269531
-134681,-134850,269531
-134681,-134850,269531
-134681,-134850,269531
-134681,-134850,269531
-134681,-134850,269531
-134681,-134850,269531
-134681,-134850,269531
-134681,-134850,269531
-134681,-134850,269531
-134681,-134850,269531
-134681,-134850,269531
-134681,-134850,269531
-134681,-134850,269531
-134681,-134850,269531
-134681,-134850,269531
-134681,-134850,269531
0,0,0
0,0,0
0,0,0
-594,-309,903
-552,-449,1001
-466,-627,1093
-239,-866,1105
33,-1035,1002
400,-1365,965
594,-1724,1130
837,-1654,817
841,-1287,446
928,-1018,90
1117,-919,-198
1225,-742,-483
1315,-660,-655
1377,-391,-986
1419,-152,-1267
1303,185,-1488
1018,433,-1451
837,664,-1501
528,816,-1344
247,924,-1171
-165,1134,-969
-358,1353,-995
-561,1299,-738
-742,1266,-524
-928,1093,-165
-1080,895,185
-1324,878,446
-1254,717,537
-1010,412,598
-985,193,792
-985,-103,1088
-886,-363,1249
-779,-614,1393
-569,-750,1319
-214,-990,1204
107,-1051,944
433,-1266,833
622,-1357,735
841,-1315,474
981,-1163,182
1229,-1142,-87
1575,-1216,-359
1612,-1014,-598
1551,-779,-772
1435,-404,-1031
1183,-37,-1146
1023,235,-1258
862,499,-1361
746,680,-1426
297,812,-1109
28,924,-952
-247,1002,-755
-482,1105,-623
-618,1130,-512
-668,866,-198
-561,408,153
-915,552,363
-961,523,438
-965,363,602
-928,189,739
-759,-66,825
-668,-297,965
-548,-519,1067
-387,-635,1022
-49,-771,820
165,-903,738
445,-1142,697
680,-1299,619
936,-1365,429
1146,-1340,194
1208,-1117,-91
1369,-924,-445
1439,-853,-586
1501,-627,-874
1373,-268,-1105
1064,111,-1175
907,346,-1253
705,528,-1233
577,767,-1344
231,891,-1122
-94,1076,-982
-288,1142,-854
-507,1196,-689
-655,1159,-504
-763,1018,-255
-903,829,74
-1122,701,421
-1039,507,532
-858,259,599
-754,123,631
-759,-210,969
-606,-449,1055
-474,-643,1117
-400,-812,1212
-99,-915,1014
148,-1179,1031
379,-1287,908
651,-1278,627
816,-1262,446
1006,-1204,198
1447,-1357,-90
1423,-1018,-405
1320,-730,-590
1249,-478,-771
1237,-189,-1048
1097,107,-1204
919,387,-1306
705,651,-1356
490,717,-1207
259,853,-1112
-136,998,-862
-321,1109,-788
-515,1163,-648
-606,1080,-474
-581,540,41
-449,189,260
-688,358,330
-1043,441,602
-858,272,586
-808,57,751
-705,-198,903
-606,-342,948
-532,-540,1072
-272,-585,857
-86,-717,803
165,-952,787
445,-1138,693
585,-1068,483
717,-878,161
759,-775,16
1097,-730,-367
1175,-693,-482
1254,-519,-735
1328,-354,-974
1200,-74,-1126
998,193,-1191
800,429,-1229
606,511,-1117
367,577,-944
90,701,-791
-173,837,-664
-297,738,-441
-284,561,-277
-490,573,-83
-569,391,178
-862,569,293
-820,400,420
-862,342,520
-874,136,738
-618,-66,684
-618,-231,849
-511,-433,944
-412,-581,993
-127,-664,791
49,-771,722
367,-1014,647
594,-1324,730
800,-1258,458
907,-1076,169
1097,-1089,-8
1307,-985,-322
1402,-792,-610
1423,-635,-788
1278,-350,-928
1171,-49,-1122
1146,330,-1476
874,548,-1422
730,660,-1390
412,825,-1237
4,919,-923
-189,1097,-908
-429,1105,-676
-693,1192,-499
-750,1134,-384
-973,994,-21
-1167,940,227
-1167,783,384
-1221,688,533
-998,400,598
-915,148,767
-734,-210,944
-556,-338,894
-552,-548,1100
-288,-705,993
24,-907,883
136,-1117,981
561,-1254,693
676,-1303,627
948,-1221,273
1043,-1126,83
1249,-985,-264
1464,-919,-545
1592,-858,-734
1546,-528,-1018
1443,-259,-1184
1254,49,-1303
1006,317,-1323
816,507,-1323
437,602,-1039
255,837,-1092
-82,944,-862
-255,1043,-788
-445,969,-524
-396,540,-144
-598,610,-12
-783,552,231
-849,486,363
-899,437,462
-800,235,565
-705,70,635
-647,-202,849
-495,-400,895
-486,-565,1051
-276,-684,960
53,-767,714
243,-998,755
379,-1134,755
717,-1188,471
845,-1155,310
1002,-1035,33
1456,-1212,-244
1563,-1039,-524
1353,-676,-677
1237,-416,-821
1014,-74,-940
870,297,-1167
746,540,-1286
734,668,-1402
466,796,-1262
78,886,-964
-86,1035,-949
-317,1113,-796
-503,1101,-598
-585,940,-355
-701,717,-16
-750,519,231
-878,474,404
-858,387,471
-911,259,652
-928,28,900
-717,-251,968
-515,-416,931
-486,-635,1121
-309,-693,1002
-37,-907,944
185,-1188,1003
523,-1460,937
804,-1670,866
928,-1348,420
965,-1113,148
1249,-977,-272
1353,-829,-524
1414,-651,-763
1612,-528,-1084
1831,-342,-1489
1555,61,-1616
1221,342,-1563
886,536,-1422
693,767,-1460
284,915,-1199
-28,990,-962
-301,1200,-899
-429,1060,-631
-515,837,-322
-713,792,-79
-998,804,194
-1328,882,446
-1287,660,627
-1183,429,754
-1155,198,957
-1084,-111,1195
-924,-367,1291
-750,-639,1389
-577,-866,1443
-305,-1068,1373
57,-1254,1197
445,-1427,982
631,-1522,891
915,-1534,619
1155,-1497,342
1435,-1439,4
1955,-1629,-326
2017,-1357,-660
1872,-961,-911
1662,-581,-1081
1493,-222,-1271
1225,177,-1402
1097,416,-1513
924,796,-1720
540,849,-1389
214,977,-1191
-103,944,-841
-396,1146,-750
-676,1299,-623
-750,1138,-388
-664,655,9
-816,544,272
-1167,672,495
-1175,585,590
-1122,358,764
-1060,53,1007
-932,-222,1154
-717,-404,1121
-536,-701,1237
-202,-862,1064
61,-965,904
268,-1196,928
594,-1361,767
862,-1414,552
1031,-1427,396
1241,-1311,70
1324,-1043,-281
1386,-882,-504
1505,-787,-718
1443,-379,-1064
1130,-53,-1077
969,239,-1208
763,486,-1249
647,688,-1335
152,915,-1067
41,936,-977
-231,1035,-804
-396,1027,-631
-548,1064,-516
-631,787,-156
-717,627,90
-878,602,276
-940,466,474
-763,288,475
-705,66,639
-680,-165,845
-598,-453,1051
-429,-598,1027
-363,-792,1155
-127,-903,1030
218,-1138,920
474,-1311,837
651,-1183,532
775,-1188,413
1113,-1233,120
1435,-1398,-37
1390,-915,-475
1229,-647,-582
1167,-453,-714
1126,-156,-970
936,210,-1146
820,424,-1244
610,606,-1216
457,688,-1145
292,886,-1178
-74,965,-891
-231,1023,-792
-441,1056,-615
-528,899,-371
-371,313,58
-358,111,247
-602,379,223
-924,420,504
-853,169,684
-754,12,742
-647,-259,906
-577,-383,960
-507,-544,1051
-226,-746,972
-57,-808,865
206,-1113,907
474,-1361,887
639,-1175,536
684,-936,252
783,-820,37
977,-866,-111
1072,-655,-417
1047,-499,-548
944,-259,-685
771,61,-832
726,247,-973
573,412,-985
490,511,-1001
214,627,-841
-66,738,-672
-222,825,-603
-350,746,-396
-466,726,-260
-594,684,-90
-664,515,149
-919,573,346
-899,400,499
-853,342,511
-684,111,573
-627,-103,730
-532,-276,808
-429,-371,800
-251,-507,758
-86,-581,667
115,-742,627
284,-940,656
507,-1027,520
676,-932,256
787,-866,79
1076,-820,-256
1233,-816,-417
1225,-627,-598
1188,-363,-825
1089,-169,-920
957,94,-1051
792,363,-1155
651,528,-1179
503,581,-1084
354,726,-1080
-86,845,-759
-264,759,-495
-367,779,-412
-490,800,-310
-602,635,-33
-841,705,136
-816,552,264
-924,453,471
-804,330,474
-717,119,598
-598,-156,754
-589,-268,857
-429,-424,853
-354,-548,902
-45,-775,820
235,-965,730
478,-1204,726
763,-1447,684
787,-1311,524
948,-1150,202
1006,-952,-54
1200,-862,-338
1344,-750,-594
1291,-532,-759
1188,-259,-929
1051,28,-1079
895,280,-1175
651,449,-1100
466,664,-1130
160,825,-985
-70,932,-862
-272,1117,-845
-495,1233,-738
-523,1138,-615
-734,961,-227
-808,808,0
-928,664,264
-919,445,474
-808,375,433
-688,193,495
-618,-16,634
-548,-247,795
-391,-482,873
-379,-598,977
-148,-730,878
74,-895,821
400,-1076,676
532,-1080,548
680,-1101,421
792,-1060,268
1006,-891,-115
1365,-994,-371
1377,-767,-610
1163,-482,-681
1068,-255,-813
862,49,-911
783,292,-1075
697,503,-1200
569,556,-1125
313,738,-1051
28,837,-865
-202,944,-742
-391,936,-545
-429,771,-342
-486,589,-103
-462,309,153
-631,350,281
-726,292,434
-672,243,429
-763,115,648
-639,-115,754
-486,-288,774
-396,-528,924
-317,-606,923
-111,-701,812
78,-903,825
391,-1155,764
651,-1443,792
738,-1237,499
705,-878,173
853,-750,-103
940,-565,-375
1060,-453,-607
1101,-387,-714
1134,-173,-961
1043,70,-1113
833,301,-1134
651,478,-1129
519,614,-1133
193,701,-894
-119,853,-734
-264,977,-713
-482,1051,-569
-589,965,-376
-734,816,-82
-862,717,145
-1051,730,321
-981,528,453
-833,354,479
-779,144,635
-693,-127,820
-610,-284,894
-528,-544,1072
-449,-618,1067
-94,-853,947
165,-985,820
276,-1134,858
598,-1241,643
775,-1122,347
1027,-1192,165
1703,-1773,70
2004,-1567,-437
1662,-1064,-598
1559,-767,-792
1439,-424,-1015
1241,-90,-1151
1060,239,-1299
977,457,-1434
833,688,-1521
416,825,-1241
103,928,-1031
-61,1060,-999
-342,1142,-800
-610,1196,-586
-693,1031,-338
-457,375,82
-684,503,181
-1060,585,475
-1047,507,540
-1035,284,751
-969,90,879
-829,-222,1051
-651,-408,1059
-594,-552,1146
-330,-783,1113
37,-825,788
243,-1056,813
532,-1278,746
705,-1258,553
940,-1254,314
1101,-1179,78
1278,-1010,-268
1394,-845,-549
1394,-742,-652
1476,-441,-1035
1188,-152,-1036
944,165,-1109
800,379,-1179
598,573,-1171
387,800,-1187
235,886,-1121
-198,977,-779
-288,969,-681
-511,1035,-524
-627,849,-222
-602,631,-29
-895,610,285
-924,548,376
-874,371,503
-697,127,570
-672,-53,725
-627,-247,874
-482,-462,944
-462,-639,1101
-218,-837,1055
66,-1023,957
429,-1254,825
540,-1278,738
775,-1328,553
928,-1311,383
1464,-1538,74
1687,-1460,-227
1447,-940,-507
1336,-697,-639
1307,-400,-907
1233,-37,-1196
1056,280,-1336
866,490,-1356
680,594,-1274
433,783,-1216
94,952,-1046
-86,1080,-994
-350,1097,-747
-519,1204,-685
-639,841,-202
-478,429,49
-643,338,305
-952,540,412
-1097,523,574
-990,247,743
-977,-53,1030
-775,-235,1010
-750,-457,1207
-565,-577,1142
-280,-738,1018
-41,-928,969
198,-1113,915
523,-1348,825
664,-1291,627
841,-1109,268
1010,-1014,4
1365,-969,-396
1509,-858,-651
1588,-746,-842
1563,-453,-1110
1386,-193,-1193
1105,169,-1274
948,429,-1377
775,536,-1311
503,697,-1200
140,775,-915
-70,746,-676
-235,569,-334
-255,453,-198
-565,680,-115
-655,556,99
-965,598,367
-952,507,445
-994,457,537
-886,255,631
-680,-24,704
-709,-222,931
-585,-367,952
-445,-490,935
-181,-585,766
24,-767,743
247,-911,664
478,-1043,565
668,-994,326
717,-816,99
903,-730,-173
1051,-709,-342
1101,-528,-573
1146,-445,-701
1080,-177,-903
990,45,-1035
907,218,-1125
631,503,-1134
490,577,-1067
297,660,-957
-20,680,-660
-255,792,-537
-408,721,-313
-490,775,-285
-606,676,-70
-891,709,182
-899,556,343
-928,478,450
-841,247,594
-746,140,606
-577,-160,737
-490,-284,774
-429,-387,816
-255,-581,836
-28,-775,803
338,-886,548
408,-1117,709
643,-1225,582
845,-1311,466
1101,-1258,157
1241,-1072,-169
1493,-1006,-487
1798,-1018,-780
1720,-763,-957
1563,-358,-1205
1390,-103,-1287
1105,288,-1393
870,478,-1348
598,610,-1208
218,701,-919
70,874,-944
-165,1035,-870
-412,1192,-780
-433,792,-359
-511,643,-132
-779,705,74
-1018,693,325
-1047,507,540
-1018,433,585
-915,259,656
-829,-61,890
-792,-325,1117
-622,-474,1096
-499,-684,1183
-235,-907,1142
-20,-1031,1051
371,-1208,837
523,-1357,834
660,-1357,697
891,-1303,412
1064,-1138,74
1447,-1142,-305
1596,-1093,-503
1452,-783,-669
1311,-478,-833
1122,-160,-962
940,218,-1158
915,429,-1344
750,610,-1360
511,738,-1249
160,833,-993
-82,907,-825
-272,952,-680
-338,655,-317
-474,585,-111
-561,445,116
-792,499,293
-874,528,346
-775,358,417
-845,152,693
-767,-82,849
-577,-255,832
-495,-346,841
-420,-507,927
-185,-668,853
37,-812,775
350,-1043,693
532,-1192,660
693,-1192,499
754,-1006,252
886,-833,-53
1039,-742,-297
1130,-565,-565
1258,-503,-755
1501,-391,-1110
1485,-107,-1378
1093,214,-1307
759,371,-1130
647,482,-1129
231,635,-866
8,693,-701
-218,808,-590
-354,775,-421
-433,684,-251
-548,581,-33
-721,577,144
-1006,610,396
-965,462,503
-829,284,545
-804,123,681
-734,-57,791
-701,-301,1002
-523,-499,1022
-391,-660,1051
-198,-878,1076
49,-998,949
334,-1146,812
577,-1208,631
767,-1221,454
969,-1138,169
1522,-1579,57
1876,-1518,-358
1571,-1010,-561
1456,-726,-730
1320,-408,-912
1113,-99,-1014
899,235,-1134
853,416,-1269
713,713,-1426
400,771,-1171
99,825,-924
-226,1018,-792
-396,1150,-754
-631,1249,-618
-816,1084,-268
-697,746,-49
-911,635,276
-1056,660,396
-1117,552,565
-1080,317,763
-990,115,875
-882,-185,1067
-668,-404,1072
-602,-556,1158
-309,-779,1088
-20,-812,832
214,-1043,829
556,-1266,710
672,-1282,610
891,-1262,371
1056,-1134,78
1192,-1027,-165
1278,-837,-441
1357,-672,-685
1361,-441,-920
1113,-119,-994
866,173,-1039
709,416,-1125
598,606,-1204
379,792,-1171
94,932,-1026
-185,1035,-850
-350,961,-611
-565,1068,-503
-647,928,-281
-688,713,-25
-891,680,211
-928,474,454
-825,408,417
-594,132,462
-594,-12,606
-569,-284,853
-433,-474,907
-367,-589,956
-181,-730,911
61,-886,825
387,-1060,673
490,-1097,607
631,-1122,491
891,-1101,210
1386,-1501,115
1518,-1233,-285
1254,-734,-520
1171,-519,-652
1200,-280,-920
1018,-24,-994
924,317,-1241
763,544,-1307
610,688,-1298
264,783,-1047
-82,998,-916
-243,1138,-895
-400,1204,-804
-660,1208,-548
-763,1072,-309
-796,853,-57
-841,556,285
-957,486,471
-1084,499,585
-998,276,722
-969,16,953
-820,-231,1051
-738,-433,1171
-606,-589,1195
-276,-787,1063
-33,-940,973
243,-1179,936
507,-1320,813
672,-1307,635
829,-1113,284
919,-990,71
1200,-899,-301
1254,-779,-475
1212,-618,-594
1163,-301,-862
1006,-57,-949
932,214,-1146
800,400,-1200
635,556,-1191
379,730,-1109
74,804,-878
-177,924,-747
-330,800,-470
-375,672,-297
-622,721,-99
-610,416,194
-907,598,309
-878,412,466
-862,429,433
-796,165,631
-585,-70,655
-565,-177,742
-490,-371,861
-325,-404,729
-70,-457,527
70,-585,515
156,-767,611
363,-783,420
561,-750,189
618,-610,-8
750,-565,-185
845,-466,-379
882,-354,-528
862,-214,-648
796,-41,-755
886,259,-1145
796,470,-1266
602,528,-1130
363,622,-985
99,614,-713
-94,775,-681
-288,771,-483
-441,878,-437
-536,759,-223
-635,610,25
-853,606,247
-800,569,231
-878,466,412
-750,276,474
-614,57,557
-515,-198,713
-441,-276,717
-412,-387,799
-202,-552,754
49,-709,660
123,-858,735
396,-1043,647
602,-1047,445
759,-1035,276
911,-952,41
1080,-816,-264
1278,-775,-503
1295,-622,-673
1192,-375,-817
1117,-144,-973
928,181,-1109
750,408,-1158
602,532,-1134
404,643,-1047
127,866,-993
-103,990,-887
-375,1221,-846
-519,1146,-627
-635,1076,-441
-825,961,-136
-944,804,140
-1064,771,293
-1093,589,504
-874,396,478
-713,115,598
-594,-90,684
-523,-276,799
-474,-573,1047
-358,-639,997
-107,-742,849
202,-1006,804
338,-1171,833
585,-1171,586
746,-1155,409
919,-1031,112
1221,-1097,-124
1687,-1204,-483
1575,-915,-660
1406,-622,-784
1254,-305,-949
1035,41,-1076
932,330,-1262
767,581,-1348
709,705,-1414
342,816,-1158
-45,944,-899
-181,1018,-837
-325,1018,-693
-346,602,-256
-408,490,-82
-528,342,186
-693,420,273
-787,404,383
-783,243,540
-874,107,767
-763,-132,895
-528,-284,812
-449,-449,898
-367,-585,952
-144,-709,853
94,-928,834
272,-1150,878
598,-1344,746
730,-1204,474
767,-907,140
800,-767,-33
969,-573,-396
1002,-528,-474
1068,-449,-619
1039,-169,-870
961,74,-1035
796,342,-1138
614,532,-1146
466,610,-1076
255,709,-964
-94,808,-714
-255,936,-681
-375,853,-478
-515,816,-301
-602,668,-66
-775,552,223
-862,581,281
-808,396,412
-561,226,335
-610,70,540
-610,-169,779
-511,-276,787
-552,-433,985
-317,-589,906
-53,-754,807
206,-886,680
532,-952,420
561,-1027,466
721,-870,149
1002,-1080,78
1678,-1501,-177
1588,-1134,-454
1518,-816,-702
1278,-495,-783
1142,-218,-924
965,90,-1055
866,317,-1183
754,589,-1343
507,709,-1216
132,804,-936
-90,891,-801
-268,1039,-771
-499,1134,-635
-589,1018,-429
-635,705,-70
-511,305,206
-866,577,289
-1006,511,495
-973,412,561
-994,181,813
-829,-111,940
-746,-363,1109
-594,-528,1122
-429,-705,1134
-165,-907,1072
127,-944,817
367,-1299,932
717,-1749,1032
911,-1666,755
1097,-1472,375
1130,-1192,62
1320,-1060,-260
1435,-816,-619
1485,-742,-743
1423,-416,-1007
1241,-49,-1192
1039,268,-1307
858,453,-1311
738,701,-1439
441,808,-1249
123,952,-1075
-119,1064,-945
-346,866,-520
-437,853,-416
-519,726,-207
-631,594,37
-924,701,223
-977,532,445
-911,433,478
-792,136,656
-750,4,746
-697,-259,956
-470,-511,981
-499,-721,1220
-226,-882,1108
12,-924,912
156,-1262,1106
528,-1225,697
693,-1212,519
915,-1237,322
1175,-1311,136
1530,-1237,-293
1332,-804,-528
1287,-627,-660
1291,-375,-916
1155,-78,-1077
1006,264,-1270
833,466,-1299
660,651,-1311
420,779,-1199
103,940,-1043
-156,1068,-912
-387,1159,-772
-536,1171,-635
-585,800,-215
-453,350,103
-594,321,273
-985,511,474
-1072,474,598
-1031,239,792
-944,-53,997
-796,-239,1035
-771,-474,1245
-577,-668,1245
-222,-845,1067
-53,-969,1022
235,-1192,957
519,-1406,887
647,-1328,681
812,-1109,297
981,-1031,50
1270,-969,-301
1381,-775,-606
1419,-672,-747
1419,-412,-1007
1266,-111,-1155
1056,218,-1274
944,437,-1381
763,598,-1361
499,622,-1121
103,874,-977
-90,911,-821
-284,759,-475
-313,478,-165
-598,750,-152
-717,577,140
-994,647,347
-1018,569,449
-1043,528,515
-1006,276,730
-767,24,743
-738,-235,973
-647,-416,1063
-511,-556,1067
-214,-726,940
16,-874,858
169,-1010,841
515,-1196,681
730,-1167,437
825,-1051,226
990,-891,-99
1171,-800,-371
1188,-610,-578
1233,-594,-639
1155,-243,-912
994,0,-994
957,239,-1196
750,490,-1240
561,561,-1122
226,693,-919
41,820,-861
-181,858,-677
-424,829,-405
-499,783,-284
-618,742,-124
-779,676,103
-853,635,218
-911,478,433
-886,338,548
-775,169,606
-602,-78,680
-499,-255,754
-449,-358,807
-301,-536,837
-94,-668,762
210,-792,582
358,-1035,677
528,-1060,532
660,-924,264
816,-882,66
1031,-787,-244
1200,-746,-454
1555,-783,-772
1456,-540,-916
1344,-272,-1072
1188,61,-1249
915,268,-1183
664,507,-1171
470,622,-1092
321,726,-1047
-111,899,-788
-264,1084,-820
-420,1105,-685
-515,903,-388
-598,783,-185
-779,643,136
-895,544,351
-994,536,458
-862,367,495
-754,74,680
-730,-144,874
-655,-338,993
-470,-573,1043
-383,-779,1162
-177,-878,1055
111,-1023,912
462,-1381,919
647,-1464,817
825,-1410,585
994,-1381,387
1130,-1204,74
1505,-1101,-404
1551,-990,-561
1447,-771,-676
1398,-404,-994
1188,-66,-1122
1027,243,-1270
911,503,-1414
837,779,-1616
462,899,-1361
218,965,-1183
-78,1117,-1039
-321,1237,-916
-552,1171,-619
-701,965,-264
-676,750,-74
-800,540,260
-957,515,442
-907,424,483
-965,280,685
-952,49,903
-771,-193,964
-581,-396,977
-573,-532,1105
-280,-709,989
-53,-833,886
127,-1027,900
470,-1196,726
709,-1241,532
820,-1130,310
903,-961,58
1130,-812,-318
1216,-660,-556
1216,-532,-684
1402,-404,-998
1579,-214,-1365
1254,189,-1443
853,342,-1195
684,445,-1129
412,598,-1010
28,660,-688
-206,804,-598
-305,775,-470
-396,750,-354
-519,606,-87
-577,507,70
-981,651,330
-919,523,396
-701,276,425
-792,210,582
-672,-61,733
-647,-251,898
-511,-445,956
-441,-536,977
-218,-717,935
103,-754,651
346,-940,594
482,-1031,549
627,-973,346
874,-932,58
1377,-1229,-148
1732,-1328,-404
1485,-928,-557
1282,-589,-693
1113,-305,-808
911,12,-923
816,251,-1067
664,486,-1150
515,589,-1104
247,717,-964
-16,808,-792
-259,965,-706
-462,1072,-610
-635,1043,-408
-734,870,-136
-759,602,157
-952,643,309
-981,569,412
-858,412,446
-899,206,693
-738,-41,779
-660,-222,882
-515,-433,948
-379,-519,898
-111,-742,853
86,-882,796
433,-1150,717
701,-1485,784
895,-1584,689
1167,-1530,363
1274,-1262,-12
1452,-1109,-343
1509,-911,-598
1617,-767,-850
1596,-449,-1147
1365,-144,-1221
1126,210,-1336
990,466,-1456
742,693,-1435
523,895,-1418
280,1014,-1294
-115,1171,-1056
-313,1155,-842
-577,1130,-553
-688,1097,-409
-767,853,-86
-1023,783,240
-1138,697,441
-1134,577,557
-1027,309,718
-985,99,886
-891,-251,1142
-800,-523,1323
-606,-800,1406
-548,-1072,1620
-193,-1344,1537
94,-1654,1560
490,-1831,1341
779,-1790,1011
998,-1810,812
1295,-1749,454
1773,-1909,136
2099,-1757,-342
1856,-1299,-557
1831,-924,-907
1810,-688,-1122
1732,-247,-1485
1559,156,-1715
1353,503,-1856
1031,796,-1827
771,981,-1752
391,1208,-1599
8,1402,-1410
-334,1518,-1184
-552,1518,-966
-816,1431,-615
-849,1014,-165
-1006,730,276
-1278,775,503
-1563,862,701
-1464,540,924
-1538,243,1295
-1369,-115,1484
-1163,-429,1592
-1010,-746,1756
-651,-994,1645
-338,-1258,1596
37,-1497,1460
441,-1777,1336
825,-1938,1113
1076,-1955,879
1278,-1695,417
1501,-1579,78
1831,-1439,-392
2037,-1175,-862
2091,-969,-1122
2087,-594,-1493
1992,-247,-1745
1711,181,-1892
1439,523,-1962
1179,903,-2082
738,1179,-1917
412,1282,-1694
-90,1460,-1370
-429,1551,-1122
-639,1249,-610
-870,1258,-388
-1204,1303,-99
-1419,1130,289
-1658,1039,619
-1633,841,792
-1654,598,1056
-1423,156,1267
-1245,-177,1422
-1109,-556,1665
-816,-775,1591
-540,-1031,1571
-107,-1233,1340
288,-1406,1118
577,-1629,1052
903,-1736,833
1171,-1596,425
1419,-1522,103
1670,-1287,-383
1810,-1150,-660
1951,-977,-974
1926,-631,-1295
1827,-222,-1605
1584,160,-1744
1353,569,-1922
1047,734,-1781
746,944,-1690
231,1076,-1307
-45,1254,-1209
-379,977,-598
-701,1080,-379
-957,1200,-243
-1204,1163,41
-1476,1122,354
-1480,924,556
-1551,771,780
-1410,379,1031
-1225,94,1131
-994,-272,1266
-796,-548,1344
-639,-779,1418
-288,-1031,1319
66,-1192,1126
404,-1460,1056
647,-1505,858
915,-1480,565
1117,-1344,227
1270,-1192,-78
1526,-1093,-433
1736,-977,-759
1827,-841,-986
1806,-391,-1415
1728,-12,-1716
1390,276,-1666
1105,635,-1740
779,829,-1608
301,1023,-1324
70,1324,-1394
-231,1489,-1258
-614,1542,-928
-779,1480,-701
-961,1266,-305
-1183,1068,115
-1336,965,371
-1386,775,611
-1336,548,788
-1249,317,932
-1171,-41,1212
-981,-445,1426
-833,-734,1567
-602,-940,1542
-243,-1274,1517
94,-1427,1333
490,-1740,1250
820,-2021,1201
1080,-1934,854
1452,-1947,495
1703,-1876,173
2219,-1860,-359
2442,-1621,-821
2248,-1155,-1093
2140,-763,-1377
1930,-317,-1613
1633,148,-1781
1522,552,-2074
1262,886,-2148
1039,1171,-2210
602,1423,-2025
53,1485,-1538
-284,1773,-1489
-585,1736,-1151
-783,1398,-615
-1113,1365,-252
-1336,1196,140
-1695,1188,507
-1831,994,837
-1827,693,1134
-1872,412,1460
-1666,49,1617
-1419,-420,1839
-1093,-726,1819
-829,-1097,1926
-457,-1377,1834
-82,-1612,1694
305,-1876,1571
726,-2029,1303
990,-2008,1018
1278,-1848,570
1526,-1662,136
1819,-1431,-388
1938,-1200,-738
2041,-903,-1138
2041,-565,-1476
2062,-173,-1889
1860,268,-2128
1518,672,-2190
1175,903,-2078
701,1163,-1864
280,1311,-1591
-94,1592,-1498
-441,1584,-1143
-717,1406,-689
-973,1270,-297
-1192,1188,4
-1650,1274,376
-1699,1027,672
-1546,759,787
-1563,408,1155
-1476,99,1377
-1282,-391,1673
-1064,-734,1798
-870,-981,1851
-424,-1270,1694
24,-1476,1452
416,-1633,1217
726,-1819,1093
1056,-1703,647
1291,-1678,387
1575,-1625,50
2083,-1666,-417
2367,-1443,-924
2256,-1134,-1122
2029,-622,-1407
1794,-185,-1609
1509,321,-1830
1373,639,-2012
1080,994,-2074
577,1200,-1777
309,1287,-1596
-214,1654,-1440
-548,1786,-1238
-907,1848,-941
-1155,1596,-441
-1072,1006,66
-1431,1023,408
-1744,961,783
-1753,829,924
-1765,429,1336
-1670,37,1633
-1419,-429,1848
-1150,-763,1913
-853,-1072,1925
-429,-1398,1827
37,-1542,1505
412,-1765,1353
783,-2091,1308
1142,-2169,1027
1431,-2070,639
1716,-1843,127
1922,-1666,-256
2107,-1336,-771
2157,-1101,-1056
2178,-726,-1452
1992,-247,-1745
1645,198,-1843
1328,565,-1893
1072,936,-2008
684,1340,-2024
350,1522,-1872
-127,1637,-1510
-457,1740,-1283
-759,1662,-903
-1080,1443,-363
-1122,1262,-140
-1505,1208,297
-1720,1006,714
-1678,775,903
-1452,387,1065
-1402,127,1275
-1270,-301,1571
-948,-664,1612
-701,-1010,1711
-420,-1200,1620
-8,-1353,1361
354,-1654,1300
688,-1658,970
948,-1662,714
1134,-1629,495
1534,-1476,-58
1856,-1386,-470
1806,-998,-808
1786,-721,-1065
1724,-371,-1353
1522,4,-1526
1361,486,-1847
1089,771,-1860
820,903,-1723
412,1208,-1620
28,1381,-1409
-268,1497,-1229
-610,1592,-982
-845,1596,-751
-952,1109,-157
-1014,742,272
-1200,746,454
-1559,787,772
-1518,457,1061
-1489,169,1320
-1241,-173,1414
-1039,-499,1538
-800,-845,1645
-486,-1014,1500
-198,-1274,1472
231,-1575,1344
573,-1744,1171
919,-1810,891
1068,-1658,590
1348,-1551,203
1645,-1373,-272
1951,-1245,-706
2132,-1051,-1081
2173,-853,-1320
2025,-408,-1617
1699,90,-1789
1423,466,-1889
1183,787,-1970
878,952,-1830
478,1241,-1719
-61,1464,-1403
-363,1559,-1196
-651,1353,-702
-924,1324,-400
-1274,1439,-165
-1447,1142,305
-1782,1134,648
-1761,878,883
-1769,672,1097
-1641,301,1340
-1357,-115,1472
-1225,-466,1691
-961,-783,1744
-651,-1047,1698
-202,-1287,1489
210,-1489,1279
495,-1798,1303
882,-1889,1007
1175,-1790,615
1394,-1695,301
1633,-1464,-169
1881,-1221,-660
1975,-973,-1002
1980,-787,-1193
1893,-346,-1547
1645,28,-1673
1513,412,-1925
1155,833,-1988
948,1035,-1983
482,1208,-1690
-115,1348,-1233
-367,1505,-1138
-705,1344,-639
-981,1386,-405
-1130,1377,-247
-1497,1315,182
-1641,1130,511
-1678,853,825
-1546,610,936
-1357,193,1164
-1122,-177,1299
-944,-412,1356
-734,-606,1340
-387,-924,1311
-99,-1171,1270
449,-1373,924
606,-1584,978
870,-1650,780
1159,-1617,458
1353,-1373,20
1571,-1241,-330
1843,-1122,-721
2211,-1117,-1094
2021,-668,-1353
1810,-317,-1493
1501,132,-1633
1216,449,-1665
903,713,-1616
462,878,-1340
127,1109,-1236
-99,1332,-1233
-486,1485,-999
-721,1406,-685
-907,1216,-309
-1117,1150,-33
-1427,1047,380
-1493,911,582
-1505,684,821
-1361,404,957
-1183,70,1113
-1023,-305,1328
-825,-602,1427
-676,-891,1567
-354,-1080,1434
53,-1291,1238
342,-1542,1200
676,-1666,990
957,-1637,680
1212,-1666,454
1505,-1584,79
2120,-1691,-429
2268,-1513,-755
1918,-1006,-912
1885,-589,-1296
1683,-140,-1543
1386,247,-1633
1229,589,-1818
1023,903,-1926
746,1188,-1934
251,1390,-1641
-107,1546,-1439
-457,1744,-1287
-750,1810,-1060
-1027,1604,-577
-1146,1291,-145
-1307,1027,280
-1394,936,458
-1530,680,850
-1526,433,1093
-1476,181,1295
-1233,-177,1410
-948,-486,1434
-771,-878,1649
-507,-1064,1571
-136,-1287,1423
222,-1575,1353
598,-1782,1184
969,-1901,932
1287,-1790,503
1447,-1666,219
1707,-1398,-309
1881,-1282,-599
2050,-944,-1106
2343,-853,-1490
2417,-594,-1823
1996,-49,-1947
1596,338,-1934
1122,676,-1798
874,870,-1744
288,1035,-1323
-82,1126,-1044
-391,1303,-912
-680,1348,-668
-833,1287,-454
-1097,1159,-62
-1423,1051,372
-1600,1072,528
-1654,754,900
-1398,519,879
-1328,185,1143
-1212,-127,1339
-1023,-495,1518
-841,-804,1645
-532,-1064,1596
-177,-1270,1447
218,-1476,1258
577,-1637,1060
895,-1612,717
1130,-1571,441
1410,-1485,75
2112,-1876,-236
2371,-1720,-651
2120,-1093,-1027
1918,-717,-1201
1695,-297,-1398
1435,127,-1562
1241,470,-1711
1039,775,-1814
672,969,-1641
280,1146,-1426
-103,1320,-1217
-445,1518,-1073
-750,1654,-904
-994,1559,-565
-1031,1084,-53
-1146,911,235
-1410,924,486
-1435,688,747
-1377,457,920
-1303,156,1147
-1155,-268,1423
-952,-552,1504
-734,-742,1476
-396,-1035,1431
41,-1196,1155
346,-1427,1081
697,-1621,924
948,-1711,763
1274,-1786,512
1567,-1707,140
1773,-1419,-354
1971,-1233,-738
1955,-944,-1011
1980,-631,-1349
1740,-177,-1563
1419,214,-1633
1130,548,-1678
928,841,-1769
635,1101,-1736
297,1278,-1575
-198,1402,-1204
-437,1497,-1060
-721,1518,-797
-936,1435,-499
-1097,1204,-107
-1394,1105,289
-1559,936,623
-1575,701,874
-1460,412,1048
-1328,140,1188
-1200,-391,1591
-973,-664,1637
-787,-998,1785
-441,-1303,1744
-140,-1575,1715
255,-1823,1568
618,-1905,1287
924,-1860,936
1167,-1823,656
1534,-1839,305
1930,-1802,-128
2091,-1489,-602
1996,-1105,-891
1967,-779,-1188
1872,-358,-1514
1645,70,-1715
1456,507,-1963
1146,853,-1999
841,1002,-1843
424,1287,-1711
12,1493,-1505
-284,1695,-1411
-647,1707,-1060
-853,1509,-656
-882,981,-99
-1014,767,247
-1274,825,449
-1683,792,891
-1480,532,948
-1497,226,1271
-1278,-214,1492
-1142,-528,1670
-874,-853,1727
-565,-1006,1571
-231,-1332,1563
177,-1546,1369
495,-1744,1249
899,-1930,1031
1076,-1687,611
1278,-1505,227
1579,-1373,-206
1848,-1175,-673
1872,-948,-924
1885,-688,-1197
1815,-305,-1510
1526,202,-1728
1414,507,-1921
1126,783,-1909
771,1031,-1802
408,1282,-1690
-28,1423,-1395
-408,1509,-1101
-643,1452,-809
-779,1274,-495
-1064,1192,-128
-1320,952,368
-1571,977,594
-1621,730,891
-1612,581,1031
-1402,156,1246
-1179,-218,1397
-1076,-561,1637
-837,-886,1723
-499,-1130,1629
-148,-1373,1521
288,-1584,1296
585,-1881,1296
994,-2008,1014
1216,-1893,677
1447,-1687,240
1711,-1501,-210
1881,-1241,-640
1905,-1031,-874
1959,-672,-1287
1827,-317,-1510
1662,78,-1740
1538,424,-1962
1138,754,-1892
837,1064,-1901
379,1204,-1583
12,1328,-1340
-363,1431,-1068
-651,1171,-520
-882,1282,-400
-1060,1270,-210
-1513,1221,292
-1608,1031,577
-1625,841,784
-1563,540,1023
-1468,210,1258
-1138,-214,1352
-969,-482,1451
-730,-771,1501
-474,-1084,1558
-136,-1282,1418
239,-1480,1241
569,-1658,1089
878,-1757,879
1076,-1625,549
1262,-1476,214
1534,-1229,-305
1658,-1101,-557
1777,-866,-911
1699,-511,-1188
1633,-181,-1452
1472,206,-1678
1192,445,-1637
870,825,-1695
561,973,-1534
272,1171,-1443
-127,1340,-1213
-449,1538,-1089
-717,1497,-780
-804,1233,-429
-1039,1072,-33
-1130,853,277
-1245,734,511
-1245,643,602
-1109,268,841
-1006,-33,1039
-891,-321,1212
-660,-614,1274
-594,-878,1472
-272,-1039,1311
119,-1212,1093
400,-1460,1060
730,-1592,862
940,-1592,652
1241,-1480,239
1526,-1526,0
1980,-1538,-442
1971,-1216,-755
1806,-874,-932
1678,-470,-1208
1402,-20,-1382
1249,441,-1690
1039,701,-1740
915,899,-1814
594,1084,-1678
165,1196,-1361
-251,1402,-1151
-474,1472,-998
-688,1353,-665
-899,1163,-264
-1018,878,140
-1274,849,425
-1377,767,610
-1414,610,804
-1489,334,1155
-1307,-24,1331
-1072,-387,1459
-853,-697,1550
-730,-940,1670
-420,-1258,1678
-33,-1435,1468
280,-1786,1506
676,-1988,1312
1051,-2000,949
1249,-1753,504
1369,-1497,128
1629,-1361,-268
1761,-1027,-734
1852,-816,-1036
2025,-618,-1407
2091,-338,-1753
1955,82,-2037
1489,429,-1918
1093,812,-1905
820,1027,-1847
358,1278,-1636
-74,1452,-1378
-400,1571,-1171
-721,1617,-896
-928,1402,-474
-1130,1311,-181
-1485,1171,314
-1724,1188,536
-1691,899,792
-1489,536,953
-1398,255,1143
-1311,-90,1401
-1089,-437,1526
-829,-775,1604
-594,-994,1588
-169,-1229,1398
210,-1464,1254
503,-1617,1114
874,-1724,850
1084,-1629,545
1390,-1505,115
1761,-1501,-260
2157,-1579,-578
2157,-1175,-982
1975,-787,-1188
1728,-391,-1337
1464,74,-1538
1249,404,-1653
985,676,-1661
701,816,-1517
165,994,-1159
-165,1068,-903
-429,1241,-812
-759,1447,-688
-882,1311,-429
-944,940,4
-1192,845,347
-1443,812,631
-1435,684,751
-1336,445,891
-1237,78,1159
-1072,-288,1360
-870,-515,1385
-726,-697,1423
-338,-981,1319
37,-1060,1023
317,-1369,1052
717,-1588,871
952,-1600,648
1303,-1674,371
1485,-1542,57
1744,-1406,-338
1790,-1097,-693
1856,-899,-957
1885,-556,-1329
1522,-66,-1456
1287,243,-1530
990,585,-1575
816,849,-1665
441,1134,-1575
33,1328,-1361
-288,1468,-1180
-573,1513,-940
-829,1551,-722
-1060,1472,-412
-1262,1328,-66
-1493,1167,326
-1571,944,627
-1476,705,771
-1274,338,936
-1117,49,1068
-1089,-346,1435
-870,-660,1530
-660,-965,1625
-367,-1225,1592
-16,-1410,1426
387,-1691,1304
726,-1794,1068
1002,-1856,854
1324,-1765,441
1885,-2107,222
2351,-2145,-206
2116,-1526,-590
2079,-1097,-982
1959,-742,-1217
1905,-317,-1588
1670,173,-1843
1435,495,-1930
1142,841,-1983
829,1018,-1847
495,1287,-1782
-53,1588,-1535
-297,1633,-1336
-606,1761,-1155
-928,1596,-668
-977,1208,-231
-1097,886,211
-1373,903,470
-1720,895,825
-1596,573,1023
-1612,243,1369
-1348,-136,1484
-1138,-433,1571
-981,-820,1801
-598,-1018,1616
-305,-1291,1596
103,-1505,1402
503,-1786,1283
853,-1881,1028
1089,-1716,627
1270,-1658,388
1629,-1447,-182
1893,-1307,-586
2029,-1060,-969
2194,-878,-1316
2058,-474,-1584
1790,-12,-1778
1468,383,-1851
1212,734,-1946
907,907,-1814
499,1126,-1625
33,1315,-1348
-325,1402,-1077
-556,1225,-669
-750,1175,-425
-1212,1398,-186
-1443,1068,375
-1650,1155,495
-1687,853,834
-1625,668,957
-1505,264,1241
-1229,-127,1356
-1150,-433,1583
-878,-759,1637
-602,-1010,1612
-222,-1225,1447
251,-1501,1250
490,-1753,1263
895,-1897,1002
1262,-1872,610
1559,-1744,185
1942,-1740,-202
2231,-1625,-606
2219,-1270,-949
2206,-994,-1212
2095,-441,-1654
1843,-107,-1736
1699,367,-2066
1369,746,-2115
1076,1002,-2078
594,1204,-1798
70,1414,-1484
-280,1600,-1320
-594,1419,-825
-874,1592,-718
-1130,1460,-330
-1423,1423,0
-1711,1295,416
-1687,957,730
-1716,804,912
-1575,408,1167
-1348,37,1311
-1117,-371,1488
-866,-688,1554
-697,-903,1600
-226,-1208,1434
222,-1480,1258
474,-1740,1266
845,-1815,970
1076,-1724,648
1406,-1637,231
1629,-1501,-128
1839,-1282,-557
2239,-1278,-961
2376,-1060,-1316
2054,-565,-1489
1777,-82,-1695
1505,321,-1826
1196,602,-1798
787,825,-1612
391,1060,-1451
0,1274,-1274
-251,1452,-1201
-618,1501,-883
-746,1171,-425
-924,1060,-136
-1229,998,231
-1427,944,483
-1485,726,759
-1315,466,849
-1233,173,1060
-1068,-193,1261
-816,-515,1331
-697,-845,1542
-408,-1023,1431
-78,-1204,1282
301,-1439,1138
598,-1530,932
878,-1559,681
1101,-1452,351
1348,-1381,33
1769,-1464,-305
2058,-1386,-672
1848,-915,-933
1711,-594,-1117
1476,-86,-1390
1254,288,-1542
1101,569,-1670
919,833,-1752
643,1089,-1732
160,1233,-1393
-119,1398,-1279
-462,1538,-1076
-730,1509,-779
-952,1419,-467
-1060,1150,-90
-1225,928,297
-1295,804,491
-1332,614,718
-1365,321,1044
-1365,33,1332
-1093,-305,1398
-866,-651,1517
-726,-903,1629
-424,-1150,1574
28,-1398,1370
284,-1724,1440
750,-2099,1349
1109,-2277,1168
1266,-1905,639
1468,-1683,215
1761,-1489,-272
1918,-1196,-722
2095,-977,-1118
2231,-767,-1464
2503,-544,-1959
2169,-53,-2116
1744,367,-2111
1266,680,-1946
965,936,-1901
470,1093,-1563
8,1233,-1241
-346,1419,-1073
-602,1398,-796
-759,1373,-614
-1122,1249,-127
-1447,1208,239
-1740,1221,519
-1769,957,812
-1555,651,904
-1538,247,1291
-1439,-57,1496
-1221,-457,1678
-886,-771,1657
-717,-1109,1826
-338,-1311,1649
90,-1476,1386
503,-1691,1188
845,-1782,937
1080,-1753,673
1336,-1563,227
1654,-1480,-174
1975,-1427,-548
2046,-1175,-871
1975,-845,-1130
1843,-416,-1427
1509,49,-1558
1348,396,-1744
1080,775,-1855
858,924,-1782
342,1122,-1464
-28,1278,-1250
-363,1452,-1089
-701,1608,-907
-919,1513,-594
-932,969,-37
-940,655,285
-1439,849,590
-1468,742,726
-1336,474,862
-1353,160,1193
-1171,-206,1377
-940,-507,1447
-713,-726,1439
-379,-957,1336
4,-1175,1171
321,-1493,1172
622,-1703,1081
932,-1777,845
1303,-1827,524
1530,-1674,144
1691,-1402,-289
1794,-1245,-549
1835,-878,-957
1934,-631,-1303
1654,-264,-1390
1377,251,-1628
1175,486,-1661
911,858,-1769
647,1080,-1727
152,1249,-1401
-165,1381,-1216
-457,1386,-929
-742,1480,-738
-895,1344,-449
-1018,1002,16
-1344,1035,309
-1447,866,581
-1472,643,829
-1315,309,1006
-1196,49,1147
-1051,-338,1389
-853,-614,1467
-701,-965,1666
-420,-1328,1748
-45,-1480,1525
330,-1744,1414
672,-1753,1081
919,-1806,887
1212,-1753,541
1538,-1691,153
1909,-1670,-239
1918,-1320,-598
1860,-969,-891
1806,-589,-1217
1695,-123,-1572
1505,247,-1752
1332,606,-1938
998,936,-1934
684,1109,-1793
354,1340,-1694
-94,1522,-1428
-445,1703,-1258
-800,1860,-1060
-1047,1744,-697
-1204,1361,-157
-1225,985,240
-1340,891,449
-1666,816,850
-1604,511,1093
-1625,181,1444
-1394,-231,1625
-1229,-548,1777
-936,-895,1831
-668,-1097,1765
-255,-1353,1608
90,-1617,1527
507,-1864,1357
907,-1959,1052
1117,-1872,755
1328,-1678,350
1592,-1518,-74
1876,-1307,-569
1963,-1023,-940
1971,-713,-1258
1876,-412,-1464
1612,74,-1686
1402,433,-1835
1200,771,-1971
928,948,-1876
424,1328,-1752
53,1369,-1422
-301,1530,-1229
-610,1468,-858
-738,1233,-495
-1097,1241,-144
-1241,1018,223
-1600,1002,598
-1604,796,808
-1645,643,1002
-1460,276,1184
-1192,-123,1315
-1076,-495,1571
-837,-787,1624
-544,-1027,1571
-115,-1200,1315
144,-1431,1287
544,-1633,1089
870,-1773,903
1155,-1683,528
1427,-1559,132
1662,-1452,-210
1930,-1340,-590
2116,-1039,-1077
2116,-759,-1357
1922,-346,-1576
1810,82,-1892
1666,486,-2152
1282,853,-2135
1068,1200,-2268
577,1476,-2053
8,1662,-1670
-305,1926,-1621
-746,1975,-1229
-1175,2149,-974
-1456,2025,-569
-1736,1893,-157
-2112,1757,355
-2202,1447,755
-2351,1237,1114
-2202,866,1336
-2074,367,1707
-1852,-127,1979
-1522,-515,2037
-1179,-957,2136
-845,-1340,2185
-441,-1703,2144
90,-2050,1960
499,-2404,1905
998,-2541,1543
1320,-2582,1262
1744,-2409,665
2079,-2244,165
2293,-2029,-264
2545,-1802,-743
2697,-1427,-1270
2627,-957,-1670
2508,-490,-2018
2190,8,-2198
1909,474,-2383
1505,973,-2478
1043,1287,-2330
544,1579,-2123
-24,1852,-1828
-441,2173,-1732
-862,2239,-1377
-1060,1831,-771
-1373,1641,-268
-1773,1592,181
-1942,1456,486
-2058,1134,924
-1909,759,1150
-1703,297,1406
-1563,-156,1719
-1278,-556,1834
-985,-1031,2016
-688,-1369,2057
-231,-1641,1872
222,-1831,1609
726,-2157,1431
1109,-2256,1147
1410,-2178,768
1798,-2029,231
2194,-2004,-190
2689,-1926,-763
2648,-1447,-1201
2384,-998,-1386
2153,-433,-1720
1831,107,-1938
1625,556,-2181
1299,965,-2264
1006,1254,-2260
528,1546,-2074
-94,1749,-1655
-470,1980,-1510
-841,2029,-1188
-1163,1786,-623
-1386,1658,-272
-1658,1414,244
-1926,1258,668
-2000,1014,986
-1955,693,1262
-1967,276,1691
-1612,-251,1863
-1311,-610,1921
-1010,-1002,2012
-684,-1340,2024
-189,-1555,1744
288,-1885,1597
738,-2149,1411
1150,-2310,1160
1472,-2178,706
1703,-1947,244
2037,-1773,-264
2231,-1472,-759
2347,-1031,-1316
2553,-915,-1638
2825,-536,-2289
2450,24,-2474
1881,490,-2371
1447,903,-2350
1080,1192,-2272
540,1493,-2033
-33,1699,-1666
-482,1992,-1510
-792,1876,-1084
-1171,1815,-644
-1485,1716,-231
-1876,1612,264
-2149,1509,640
-2153,1097,1056
-1947,742,1205
-1810,317,1493
-1678,-177,1855
-1353,-573,1926
-1150,-1051,2201
-787,-1320,2107
-297,-1695,1992
255,-1980,1725
709,-2124,1415
1130,-2268,1138
1464,-2186,722
1864,-2145,281
2673,-2549,-124
3048,-2404,-644
2751,-1687,-1064
2586,-1188,-1398
2409,-680,-1729
2083,-136,-1947
1786,383,-2169
1513,845,-2358
1159,1183,-2342
618,1472,-2090
82,1654,-1736
-408,1914,-1506
-849,2107,-1258
-1167,2116,-949
-1489,1885,-396
-1600,1336,264
-2008,1381,627
-2149,1146,1003
-2058,870,1188
-1992,470,1522
-1765,-115,1880
-1518,-523,2041
-1150,-895,2045
-845,-1237,2082
-334,-1588,1922
243,-1753,1510
622,-2099,1477
1064,-2202,1138
1431,-2223,792
1740,-2124,384
2041,-1835,-206
2305,-1612,-693
2400,-1282,-1118
2578,-1006,-1572
2512,-503,-2009
2066,33,-2099
1699,544,-2243
1340,882,-2222
1010,1324,-2334
532,1641,-2173
20,1802,-1822
-391,1984,-1593
-841,1942,-1101
-1142,1967,-825
-1406,1720,-314
-1654,1447,207
-1938,1328,610
-1988,1056,932
-1868,697,1171
-1683,264,1419
-1555,-231,1786
-1245,-606,1851
-899,-1056,1955
-606,-1414,2020
-160,-1687,1847
305,-1996,1691
693,-2157,1464
1142,-2252,1110
1485,-2161,676
1918,-2190,272
2565,-2425,-140
2598,-1909,-689
2499,-1353,-1146
2450,-998,-1452
2297,-482,-1815
2074,61,-2135
1872,589,-2461
1464,915,-2379
1072,1287,-2359
565,1588,-2153
37,1881,-1918
-412,2128,-1716
-812,2239,-1427
-1163,2186,-1023
-1468,1691,-223
-1600,1344,256
-1856,1262,594
-2281,1163,1118
-2211,820,1391
-2215,449,1766
-2013,-41,2054
-1757,-565,2322
-1464,-1035,2499
-1056,-1447,2503
-565,-1765,2330
-53,-2128,2181
511,-2433,1922
944,-2607,1663
1414,-2565,1151
1749,-2396,647
2074,-2194,120
2483,-2000,-483
2635,-1687,-948
2780,-1291,-1489
2767,-891,-1876
2611,-420,-2191
2297,144,-2441
1942,660,-2602
1493,1064,-2557
1002,1406,-2408
561,1736,-2297
-66,1951,-1885
-495,1831,-1336
-862,1621,-759
-1233,1839,-606
-1711,1761,-50
-2054,1596,458
-2285,1414,871
-2318,1101,1217
-2248,705,1543
-1984,202,1782
-1740,-342,2082
-1435,-763,2198
-1113,-1113,2226
-577,-1485,2062
-123,-1736,1859
424,-2062,1638
874,-2252,1378
1241,-2338,1097
1612,-2157,545
1897,-2013,116
2289,-1736,-553
2433,-1493,-940
2470,-1138,-1332
2582,-705,-1877
2347,-288,-2059
2202,235,-2437
1782,767,-2549
1369,1113,-2482
862,1472,-2334
280,1695,-1975
-148,1938,-1790
-643,1810,-1167
-1101,1889,-788
-1452,1938,-486
-1798,1806,-8
-2157,1683,474
-2178,1328,850
-2211,985,1226
-2145,581,1564
-1872,74,1798
-1584,-412,1996
-1307,-808,2115
-998,-1221,2219
-511,-1604,2115
45,-1905,1860
499,-2239,1740
981,-2495,1514
1386,-2565,1179
1794,-2454,660
2112,-2293,181
2392,-1955,-437
2598,-1761,-837
2833,-1464,-1369
2734,-858,-1876
2586,-449,-2137
2285,140,-2425
1802,577,-2379
1427,1039,-2466
919,1340,-2259
387,1716,-2103
-140,1951,-1811
-565,2235,-1670
-1089,2231,-1142
-1204,1860,-656
-1579,1687,-108
-2008,1551,457
-2206,1390,816
-2235,1023,1212
-2070,684,1386
-1930,239,1691
-1711,-375,2086
-1361,-820,2181
-1105,-1196,2301
-668,-1584,2252
-127,-1777,1904
350,-2120,1770
759,-2260,1501
1171,-2314,1143
1551,-2219,668
1926,-2041,115
2252,-1794,-458
2495,-1596,-899
2516,-1249,-1267
2404,-709,-1695
2153,-214,-1939
1852,313,-2165
1617,738,-2355
1282,1167,-2449
870,1435,-2305
235,1654,-1889
-156,1889,-1733
-556,2083,-1527
-919,1938,-1019
-1105,1555,-450
-1357,1262,95
-1641,1175,466
-1835,1031,804
-1860,738,1122
-1860,371,1489
-1629,-103,1732
-1365,-540,1905
-1027,-911,1938
-771,-1221,1992
-288,-1513,1801
103,-1757,1654
598,-2091,1493
1018,-2301,1283
1439,-2301,862
1600,-2008,408
1934,-1703,-231
2219,-1456,-763
2289,-1196,-1093
2565,-957,-1608
2788,-701,-2087
2396,-94,-2302
1860,412,-2272
1464,804,-2268
1010,1171,-2181
532,1361,-1893
49,1625,-1674
-412,1860,-1448
-800,1852,-1052
-1155,1786,-631
-1489,1744,-255
-1848,1600,248
-2194,1468,726
-2161,1130,1031
-2095,825,1270
-2008,334,1674
-1815,-156,1971
-1641,-548,2189
-1258,-1043,2301
-1060,-1489,2549
-561,-1889,2450
53,-2062,2009
507,-2198,1691
990,-2351,1361
1336,-2338,1002
1757,-2206,449
2169,-2165,-4
2586,-2070,-516
2920,-1823,-1097
2924,-1472,-1452
2656,-932,-1724
2450,-292,-2158
2074,198,-2272
1827,721,-2548
1431,1204,-2635
932,1485,-2417
379,1736,-2115
-189,2021,-1832
-664,2268,-1604
-1101,2421,-1320
-1361,2277,-916
-1452,1567,-115
-1794,1377,417
-2186,1365,821
-2215,1076,1139
-2223,734,1489
-2079,276,1803
-1815,-338,2153
-1489,-730,2219
-1097,-1138,2235
-668,-1513,2181
-99,-1790,1889
412,-2037,1625
903,-2363,1460
1233,-2429,1196
1687,-2326,639
1980,-2083,103
2244,-1852,-392
2499,-1559,-940
2536,-1249,-1287
2648,-837,-1811
2413,-288,-2125
1885,288,-2173
1621,676,-2297
1225,1097,-2322
775,1394,-2169
210,1740,-1950
-272,1926,-1654
-668,1876,-1208
-1010,1897,-887
-1369,1839,-470
-1625,1625,0
-2017,1526,491
-2136,1200,936
-2046,907,1139
-1852,433,1419
-1683,-16,1699
-1435,-544,1979
-1068,-919,1987
-907,-1183,2090
-342,-1563,1905
57,-1786,1729
552,-2091,1539
924,-2157,1233
1315,-2140,825
1662,-2058,396
2107,-2029,-78
2466,-1852,-614
2417,-1357,-1060
2355,-1010,-1345
2252,-457,-1795
2029,33,-2062
1819,523,-2342
1435,919,-2354
1105,1254,-2359
622,1551,-2173
33,1881,-1914
-404,2145,-1741
-783,2157,-1374
-1130,2186,-1056
-1509,1893,-384
-1575,1493,82
-1654,1101,553
-2054,1060,994
-2079,849,1230
-2070,367,1703
-1914,-53,1967
-1584,-556,2140
-1361,-1002,2363
-965,-1344,2309
-383,-1695,2078
16,-2008,1992
532,-2351,1819
985,-2545,1560
1402,-2479,1077
1757,-2264,507
2095,-2103,8
2483,-1918,-565
2689,-1608,-1081
2813,-1311,-1502
2862,-891,-1971
2586,-255,-2331
2244,317,-2561
1868,754,-2622
1406,1113,-2519
886,1509,-2433
412,1765,-2177
-119,1959,-1840
-643,1967,-1324
-965,1699,-734
-1369,1930,-561
-1744,1724,20
-2103,1608,495
-2314,1410,904
-2338,1142,1196
-2310,668,1642
-1938,189,1749
-1732,-346,2078
-1427,-771,2198
-1084,-1159,2243
-573,-1501,2074
-74,-1695,1769
375,-2046,1671
845,-2256,1411
1287,-2252,965
1707,-2186,479
1930,-1963,33
2235,-1716,-519
2384,-1398,-986
2454,-1101,-1353
2483,-643,-1840
2235,-198,-2037
2021,371,-2392
1621,763,-2384
1266,1142,-2408
717,1439,-2156
297,1534,-1831
-330,1909,-1579
-779,1724,-945
-1134,1930,-796
-1485,1835,-350
-1868,1786,82
-2190,1563,627
-2178,1262,916
-2252,1023,1229
-2083,519,1564
-1786,-16,1802
-1551,-523,2074
-1249,-862,2111
-882,-1258,2140
-371,-1633,2004
156,-1881,1725
577,-2128,1551
1064,-2371,1307
1414,-2392,978
1802,-2260,458
2149,-2103,-46
2524,-1955,-569
2879,-1802,-1077
3015,-1456,-1559
2796,-899,-1897
2631,-350,-2281
2239,173,-2412
1806,697,-2503
1439,1142,-2581
891,1518,-2409
334,1765,-2099
-132,2136,-2004
-573,2318,-1745
-1035,2190,-1155
-1274,1728,-454
-1530,1724,-194
-2017,1588,429
-2157,1402,755
-2202,1014,1188
-2070,672,1398
-1889,198,1691
-1633,-363,1996
-1307,-853,2160
-1027,-1163,2190
-540,-1546,2086
-94,-1761,1855
396,-2062,1666
899,-2281,1382
1221,-2310,1089
1670,-2165,495
1905,-2025,120
2347,-1806,-541
2673,-1687,-986
2549,-1291,-1258
2413,-734,-1679
2066,-132,-1934
1749,330,-2079
1468,771,-2239
1183,1093,-2276
792,1439,-2231
148,1596,-1744
-272,1827,-1555
-664,1720,-1056
-907,1522,-615
-1237,1435,-198
-1472,1245,227
-1782,1175,607
-1947,944,1003
-1872,660,1212
-1901,301,1600
-1584,-210,1794
-1266,-643,1909
-973,-973,1946
-651,-1299,1950
-198,-1518,1716
239,-1753,1514
635,-1996,1361
1031,-2153,1122
1365,-2029,664
1538,-1794,256
1922,-1534,-388
2091,-1361,-730
2223,-981,-1242
2499,-837,-1662
2668,-470,-2198
2153,74,-2227
1699,561,-2260
1274,882,-2156
841,1225,-2066
391,1468,-1859
-119,1674,-1555
-462,1885,-1423
-886,1823,-937
-1122,1612,-490
-1361,1431,-70
-1810,1414,396
-1967,1229,738
-1942,874,1068
-1823,536,1287
-1786,165,1621
-1604,-280,1884
-1287,-676,1963
-1043,-1105,2148
-639,-1497,2136
-165,-1831,1996
358,-1930,1572
763,-2194,1431
1192,-2310,1118
1559,-2235,676
1984,-2239,255
2730,-2561,-169
2932,-2215,-717
2784,-1629,-1155
2619,-1245,-1374
2454,-655,-1799
2178,-90,-2088
1918,375,-2293
1612,911,-2523
1249,1241,-2490
697,1489,-2186
119,1683,-1802
-396,1881,-1485
-812,2087,-1275
-1183,2140,-957
-1489,1959,-470
-1559,1427,132
-2041,1423,618
-2260,1229,1031
-2256,952,1304
-2194,540,1654
-2008,45,1963
-1720,-511,2231
-1332,-891,2223
-1072,-1262,2334
-544,-1662,2206
-8,-1823,1831
490,-2173,1683
936,-2343,1407
1328,-2376,1048
1716,-2297,581
1988,-2029,41
2289,-1786,-503
2437,-1447,-990
2549,-1249,-1300
2561,-787,-1774
2322,-185,-2137
1909,288,-2197
1505,787,-2292
1233,1146,-2379
742,1518,-2260
231,1724,-1955
-288,1926,-1638
-680,1893,-1213
-936,1914,-978
-1262,1769,-507
-1546,1456,90
-1930,1390,540
-2058,1179,879
-1996,833,1163
-1777,474,1303
-1625,8,1617
-1381,-561,1942
-1076,-965,2041
-833,-1303,2136
-367,-1637,2004
103,-1823,1720
540,-2198,1658
985,-2227,1242
1344,-2223,879
1687,-2095,408
2132,-2145,13
2508,-1938,-570
2371,-1435,-936
2314,-1072,-1242
2256,-486,-1770
2046,-37,-2009
1773,499,-2272
1406,911,-2317
1084,1212,-2296
594,1505,-2099
90,1749,-1839
-396,1996,-1600
-709,1984,-1275
-1060,1984,-924
-1258,1480,-222
-1402,1171,231
-1728,1134,594
-2095,1105,990
-2025,759,1266
-1951,309,1642
-1777,-148,1925
-1575,-594,2169
-1336,-1039,2375
-891,-1377,2268
-453,-1645,2098
66,-1959,1893
470,-2194,1724
1002,-2371,1369
1365,-2367,1002
1645,-2128,483
1996,-1922,-74
2297,-1724,-573
2499,-1410,-1089
2673,-1105,-1568
2763,-750,-2013
2371,-181,-2190
2013,408,-2421
1670,841,-2511
1266,1192,-2458
845,1530,-2375
259,1819,-2078
-268,2037,-1769
-693,2140,-1447
-1060,1897,-837
-1443,1971,-528
-1815,1678,137
-2165,1662,503
-2413,1390,1023
-2318,1084,1234
-2252,602,1650
-2013,123,1890
-1786,-305,2091
-1464,-837,2301
-1142,-1175,2317
-610,-1567,2177
-61,-1843,1904
503,-2140,1637
903,-2396,1493
1320,-2466,1146
1637,-2318,681
2013,-2116,103
2322,-1872,-450
2503,-1551,-952
2619,-1208,-1411
2582,-796,-1786
2392,-330,-2062
2186,107,-2293
1856,660,-2516
1447,1117,-2564
1035,1431,-2466
449,1757,-2206
-152,2054,-1902
-651,2297,-1646
-1150,2355,-1205
-1555,2454,-899
-1951,2343,-392
-2334,2107,227
-2582,1885,697
-2689,1497,1192
-2714,1200,1514
-2574,598,1976
-2376,12,2364
-2046,-511,2557
-1670,-1097,2767
-1361,-1563,2924
-730,-2070,2800
-206,-2446,2652
433,-2879,2446
994,-3250,2256
1485,-3390,1905
1930,-3155,1225
2351,-3040,689
2677,-2739,62
3077,-2442,-635
3287,-2041,-1246
3366,-1633,-1733
3180,-1027,-2153
3081,-462,-2619
2739,284,-3023
2293,709,-3002
1827,1344,-3171
1097,1761,-2858
519,2244,-2763
-127,2598,-2471
-647,2899,-2252
-1188,2916,-1728
-1538,2380,-842
-2000,2355,-355
-2508,2235,273
-2796,1967,829
-2912,1530,1382
-2805,1080,1725
-2689,519,2170
-2326,-115,2441
-1984,-792,2776
-1555,-1390,2945
-1076,-1889,2965
-486,-2223,2709
317,-2565,2248
688,-2846,2158
1324,-3089,1765
1773,-3003,1230
2227,-2854,627
2631,-2598,-33
3040,-2330,-710
3180,-1889,-1291
3176,-1406,-1770
3048,-804,-2244
2640,-132,-2508
2417,532,-2949
1975,1072,-3047
1604,1596,-3200
965,2046,-3011
305,2330,-2635
-284,2594,-2310
-957,2784,-1827
-1344,2528,-1184
-1724,2268,-544
-2004,1971,33
-2409,1769,640
-2611,1447,1164
-2598,1093,1505
-2607,503,2104
-2318,-37,2355
-1885,-660,2545
-1485,-1188,2673
-952,-1641,2593
-449,-2103,2552
193,-2425,2232
734,-2759,2025
1390,-2904,1514
1786,-2879,1093
2083,-2578,495
2487,-2314,-173
2821,-2017,-804
2924,-1480,-1444
3036,-1134,-1902
3229,-717,-2512
2965,-90,-2875
2359,610,-2969
1802,1068,-2870
1266,1452,-2718
581,1810,-2391
-74,2169,-2095
-614,2458,-1844
-1138,2413,-1275
-1530,2301,-771
-1893,2140,-247
-2483,1988,495
-2673,1765,908
-2615,1357,1258
-2508,845,1663
-2417,276,2141
-2087,-292,2379
-1786,-907,2693
-1340,-1373,2713
-787,-1868,2655
-189,-2182,2371
391,-2458,2067
882,-2673,1791
1501,-2792,1291
1852,-2677,825
2289,-2512,223
3011,-2656,-355
3300,-2392,-908
3324,-1798,-1526
3159,-1171,-1988
2846,-457,-2389
2462,111,-2573
2190,734,-2924
1769,1332,-3101
1229,1728,-2957
552,2041,-2593
-57,2396,-2339
-651,2706,-2055
-1192,2937,-1745
-1670,2825,-1155
-1988,2380,-392
-2099,1810,289
-2582,1765,817
-2714,1402,1312
-2697,1031,1666
-2615,437,2178
-2301,-222,2523
-1926,-759,2685
-1435,-1419,2854
-998,-1773,2771
-350,-2272,2622
222,-2499,2277
907,-2945,2038
1419,-3196,1777
1959,-3168,1209
2446,-3081,635
2693,-2673,-20
3110,-2326,-784
3159,-1872,-1287
3300,-1456,-1844
3159,-853,-2306
2763,-169,-2594
2388,495,-2883
1881,994,-2875
1493,1575,-3068
841,2054,-2895
123,2400,-2523
-433,2718,-2285
-998,2800,-1802
-1464,2805,-1341
-1848,2503,-655
-2198,2116,82
-2594,1984,610
-2813,1612,1201
-2652,1138,1514
-2454,511,1943
-2252,-86,2338
-1980,-693,2673
-1480,-1196,2676
-1072,-1744,2816
-441,-2103,2544
103,-2462,2359
622,-2714,2092
1258,-2767,1509
1757,-2809,1052
2140,-2697,557
2598,-2400,-198
2941,-2120,-821
3056,-1650,-1406
2945,-1150,-1795
2829,-532,-2297
2582,123,-2705
2264,717,-2981
1782,1237,-3019
1245,1600,-2845
618,2025,-2643
20,2376,-2396
-515,2590,-2075
-1097,2734,-1637
-1468,2536,-1068
-1691,1938,-247
-1856,1493,363
-2244,1369,875
-2598,1241,1357
-2495,738,1757
-2371,214,2157
-2070,-437,2507
-1761,-891,2652
-1332,-1394,2726
-742,-1823,2565
-222,-2182,2404
433,-2582,2149
928,-2743,1815
1435,-2838,1403
1885,-2635,750
2301,-2421,120
2739,-2260,-479
3036,-1889,-1147
3201,-1538,-1663
3196,-1122,-2074
2986,-507,-2479
2503,181,-2684
2145,771,-2916
1674,1258,-2932
1134,1625,-2759
540,2124,-2664
-119,2388,-2269
-614,2574,-1960
-1192,2404,-1212
-1555,2351,-796
-2013,2260,-247
-2413,1980,433
-2747,1839,908
-2751,1348,1403
-2805,924,1881
-2574,325,2249
-2211,-338,2549
-1947,-886,2833
-1443,-1509,2952
-981,-1959,2940
-325,-2343,2668
321,-2718,2397
812,-3130,2318
1443,-3345,1902
1992,-3238,1246
2392,-3031,639
2784,-2751,-33
3110,-2330,-780
3254,-1951,-1303
3271,-1485,-1786
3130,-825,-2305
2899,-214,-2685
2615,486,-3101
2169,1006,-3175
1683,1563,-3246
1093,2025,-3118
375,2318,-2693
-259,2668,-2409
-915,2400,-1485
-1414,2574,-1160
-1885,2565,-680
-2330,2425,-95
-2743,2120,623
-2751,1707,1044
-2846,1340,1506
-2623,705,1918
-2268,41,2227
-1914,-577,2491
-1538,-1097,2635
-1076,-1518,2594
-478,-2033,2511
123,-2367,2244
734,-2706,1972
1229,-2838,1609
1744,-2825,1081
2128,-2681,553
2495,-2376,-119
2751,-2029,-722
3089,-1654,-1435
3102,-1245,-1857
2986,-635,-2351
2842,-74,-2768
2318,561,-2879
1773,1130,-2903
1295,1546,-2841
639,1930,-2569
61,2322,-2383
-523,2652,-2129
-1072,2734,-1662
-1464,2545,-1081
-1856,2231,-375
-2227,2025,202
-2549,1843,706
-2697,1390,1307
-2557,924,1633
-2371,400,1971
-2116,-268,2384
-1782,-808,2590
-1357,-1373,2730
-874,-1843,2717
-297,-2252,2549
358,-2594,2236
841,-2994,2153
1431,-3093,1662
1918,-3011,1093
2343,-2899,556
2850,-2673,-177
3304,-2602,-702
3444,-2079,-1365
3126,-1464,-1662
3007,-730,-2277
2619,-94,-2525
2277,561,-2838
1868,1113,-2981
1588,1629,-3217
915,1992,-2907
61,2268,-2329
-387,2590,-2203
-924,2714,-1790
-1344,2388,-1044
-1810,2256,-446
-2157,1938,219
-2446,1749,697
-2685,1435,1250
-2586,1002,1584
-2545,503,2042
-2272,-140,2412
-1843,-680,2523
-1402,-1229,2631
-998,-1674,2672
-437,-2103,2540
177,-2413,2236
775,-2780,2005
1390,-2941,1551
1806,-2854,1048
2190,-2574,384
2520,-2289,-231
2829,-1942,-887
2904,-1526,-1378
3052,-1080,-1972
3126,-684,-2442
2904,-41,-2863
2400,573,-2973
1695,1060,-2755
1249,1476,-2725
594,1815,-2409
-82,2132,-2050
-585,2289,-1704
-1039,2277,-1238
-1439,2178,-739
-1868,1975,-107
-2334,1897,437
-2607,1596,1011
-2503,1200,1303
-2347,709,1638
-2202,198,2004
-1959,-416,2375
-1596,-919,2515
-1245,-1386,2631
-618,-1827,2445
24,-2182,2158
523,-2429,1906
1051,-2718,1667
1530,-2673,1143
2004,-2602,598
2541,-2706,165
3316,-2891,-425
3151,-2227,-924
3073,-1608,-1465
2891,-994,-1897
2536,-342,-2194
2223,292,-2515
1889,829,-2718
1501,1357,-2858
895,1699,-2594
169,2021,-2190
-297,2289,-1992
-853,2623,-1770
-1361,2648,-1287
-1798,2462,-664
-1959,2025,-66
-2314,1835,479
-2586,1551,1035
-2615,1192,1423
-2611,734,1877
-2396,119,2277
-2136,-445,2581
-1695,-969,2664
-1282,-1501,2783
-705,-1918,2623
-103,-2289,2392
511,-2574,2063
1064,-3040,1976
1662,-3262,1600
2087,-3159,1072
2491,-2879,388
2817,-2557,-260
3040,-2178,-862
3139,-1720,-1419
3229,-1212,-2017
2965,-511,-2454
2516,94,-2610
2211,680,-2891
1852,1212,-3064
1254,1691,-2945
672,2215,-2887
20,2512,-2532
-536,2726,-2190
-1113,2759,-1646
-1522,2664,-1142
-1959,2314,-355
-2202,2025,177
-2623,1930,693
-2681,1452,1229
-2557,973,1584
-2359,375,1984
-2145,-206,2351
-1823,-858,2681
-1369,-1369,2738
-915,-1827,2742
-330,-2297,2627
255,-2545,2290
841,-2850,2009
1427,-2899,1472
1819,-2842,1023
2289,-2730,441
2866,-2706,-160
3159,-2272,-887
3052,-1728,-1324
2937,-1241,-1696
2776,-540,-2236
2433,66,-2499
2095,672,-2767
1650,1188,-2838
1130,1571,-2701
536,1988,-2524
-82,2297,-2215
-622,2462,-1840
-1155,2652,-1497
-1571,2404,-833
-1881,2021,-140
-2136,1691,445
-2367,1509,858
-2586,1159,1427
-2417,655,1762
-2326,127,2199
-1967,-412,2379
-1641,-981,2622
-1229,-1485,2714
-631,-1823,2454
-94,-2178,2272
561,-2590,2029
1080,-2780,1700
1551,-2788,1237
1959,-2586,627
2334,-2351,17
2821,-2215,-606
3073,-1868,-1205
3209,-1513,-1696
3044,-944,-2100
2800,-292,-2508
2409,264,-2673
2083,841,-2924
1559,1357,-2916
1010,1728,-2738
449,2161,-2610
-214,2454,-2240
-688,2640,-1952
-1167,2466,-1299
-1678,2421,-743
-2070,2120,-50
-2429,1893,536
-2714,1703,1011
-2734,1307,1427
-2681,812,1869
-2351,206,2145
-2124,-424,2548
-1782,-932,2714
-1336,-1501,2837
-734,-1942,2676
-132,-2310,2442
441,-2677,2236
985,-3011,2026
1621,-3275,1654
2046,-3097,1051
2466,-2821,355
2858,-2578,-280
3192,-2285,-907
3267,-1716,-1551
3242,-1249,-1993
3023,-655,-2368
2739,28,-2767
2483,655,-3138
1926,1208,-3134
1493,1612,-3105
808,2079,-2887
74,2376,-2450
-532,2656,-2124
-1023,2458,-1435
-1493,2607,-1114
-2008,2462,-454
-2475,2367,108
-2734,2041,693
-2805,1612,1193
-2800,1146,1654
-2602,577,2025
-2264,-41,2305
-1885,-672,2557
-1423,-1225,2648
-1010,-1691,2701
-404,-2128,2532
350,-2433,2083
837,-2800,1963
1307,-2912,1605
1786,-2858,1072
2235,-2611,376
2561,-2310,-251
2871,-2079,-792
3147,-1683,-1464
3180,-1344,-1836
3003,-651,-2352
2829,-53,-2776
2334,540,-2874
1827,1134,-2961
1303,1546,-2849
684,1959,-2643
61,2392,-2453
-536,2701,-2165
-1076,2788,-1712
-1505,2508,-1003
-1860,2305,-445
-2305,2095,210
-2549,1782,767
-2660,1427,1233
-2541,985,1556
-2363,375,1988
-2132,-198,2330
-1749,-800,2549
-1274,-1398,2672
-878,-1835,2713
-280,-2211,2491
400,-2520,2120
928,-2908,1980
1439,-3036,1597
1909,-2978,1069
2396,-2879,483
2866,-2772,-94
3436,-2635,-801
3341,-2029,-1312
3213,-1439,-1774
3036,-771,-2265
2648,-57,-2591
2355,552,-2907
2013,1105,-3118
1588,1650,-3238
994,2095,-3089
214,2351,-2565
-313,2722,-2409
-944,2949,-2005
-1402,2792,-1390
-1856,2516,-660
-2087,2070,17
-2421,1835,586
-2627,1571,1056
-2648,1179,1469
-2693,614,2079
-2499,33,2466
-2058,-639,2697
-1579,-1150,2729
-1200,-1699,2899
-561,-2161,2722
61,-2462,2401
598,-2842,2244
1266,-3073,1807
1782,-3192,1410
2190,-2957,767
2491,-2598,107
2899,-2338,-561
3007,-1810,-1197
3135,-1443,-1692
3159,-891,-2268
3085,-354,-2731
2685,342,-3027
2128,895,-3023
1637,1348,-2985
973,1777,-2750
99,2054,-2153
-371,2499,-2128
-866,2454,-1588
-1369,2355,-986
-1790,2211,-421
-2211,2074,137
-2652,2013,639
-2677,1522,1155
-2508,1010,1498
-2437,490,1947
-2173,-82,2255
-1893,-639,2532
-1406,-1212,2618
-998,-1662,2660
-363,-2066,2429
284,-2334,2050
829,-2623,1794
1357,-2726,1369
1848,-2660,812
2223,-2487,264
2912,-2602,-310
3432,-2528,-904
3238,-1885,-1353
3081,-1278,-1803
2759,-581,-2178
2450,74,-2524
2124,614,-2738
1777,1282,-3059
1249,1687,-2936
598,1938,-2536
-45,2310,-2265
-660,2615,-1955
-1179,2755,-1576
-1604,2615,-1011
-1815,2025,-210
-1951,1567,384
-2462,1650,812
-2574,1262,1312
-2524,837,1687
-2371,247,2124
-2132,-350,2482
-1728,-899,2627
-1258,-1365,2623
-796,-1831,2627
-123,-2272,2395
478,-2512,2034
1060,-3019,1959
1571,-3238,1667
2099,-3172,1073
2491,-2953,462
2809,-2528,-281
3077,-2215,-862
3172,-1732,-1440
3184,-1237,-1947
2994,-561,-2433
2541,90,-2631
2173,680,-2853
1724,1175,-2899
1307,1592,-2899
688,2145,-2833
33,2433,-2466
-536,2652,-2116
-1093,2615,-1522
-1600,2598,-998
-1955,2338,-383
-2310,2083,227
-2697,1914,783
-2693,1452,1241
-2582,998,1584
-2425,363,2062
-2178,-235,2413
-1848,-829,2677
-1386,-1381,2767
-961,-1848,2809
-321,-2248,2569
404,-2644,2240
792,-2941,2149
1369,-3011,1642
1827,-2945,1118
2334,-2871,537
2970,-2842,-128
3205,-2495,-710
3176,-1827,-1349
3126,-1406,-1720
2957,-717,-2240
2722,-70,-2652
2318,594,-2912
1914,1167,-3081
1344,1563,-2907
792,2041,-2833
169,2322,-2491
-453,2677,-2224
-965,2697,-1732
-1439,2557,-1118
-1769,2112,-343
-1955,1650,305
-2314,1551,763
-2722,1357,1365
-2561,907,1654
-2520,334,2186
-2223,-317,2540
-1893,-796,2689
-1509,-1373,2882
-907,-1769,2676
-350,-2198,2548
136,-2615,2479
870,-2928,2058
1472,-3163,1691
1934,-2928,994
2235,-2747,512
2730,-2479,-251
3040,-2161,-879
3126,-1699,-1427
3114,-1233,-1881
2953,-627,-2326
2594,-8,-2586
2198,610,-2808
1769,1142,-2911
1328,1518,-2846
664,1918,-2582
-57,2301,-2244
-581,2495,-1914
-1084,2293,-1209
-1452,2190,-738
-1967,2194,-227
-2252,1848,404
-2627,1724,903
-2623,1258,1365
-2644,845,1799
-2363,313,2050
-2046,-346,2392
-1678,-866,2544
-1282,-1369,2651
-709,-1835,2544
-33,-2140,2173
507,-2466,1959
1018,-2755,1737
1538,-2850,1312
2046,-2767,721
2458,-2611,153
2937,-2462,-475
3081,-2046,-1035
3118,-1538,-1580
3019,-990,-2029
2751,-325,-2426
2508,284,-2792
2165,792,-2957
1662,1344,-3006
1171,1749,-2920
523,2083,-2606
-140,2417,-2277
-688,2590,-1902
-1237,2619,-1382
-1724,2594,-870
-2116,2396,-280
-2586,2186,400
-2714,1806,908
-2871,1423,1448
-2739,998,1741
-2483,383,2100
-2169,-280,2449
-1827,-899,2726
-1348,-1369,2717
-849,-1881,2730
-177,-2310,2487
379,-2652,2273
969,-2982,2013
1497,-3258,1761
1971,-3147,1176
2425,-2899,474
2734,-2561,-173
2998,-2260,-738
3246,-1802,-1444
3250,-1361,-1889
3048,-701,-2347
2809,-198,-2611
2409,478,-2887
1926,1076,-3002
1402,1559,-2961
701,1967,-2668
20,2351,-2371
-449,2689,-2240
-1043,2825,-1782
-1419,2380,-961
-1790,2157,-367
-2223,2033,190
-2565,1872,693
-2640,1427,1213
-2598,973,1625
-2343,433,1910
-2103,-231,2334
-1736,-804,2540
-1311,-1381,2692
-862,-1852,2714
-284,-2178,2462
226,-2454,2228
870,-2805,1935
1406,-2912,1506
1934,-2854,920
2384,-2759,375
2833,-2631,-202
3320,-2479,-841
3229,-1835,-1394
3069,-1295,-1774
2833,-614,-2219
2417,57,-2474
2173,726,-2899
1806,1204,-3010
1398,1637,-3035
705,2041,-2746
94,2334,-2428
-523,2660,-2137
-1146,2772,-1626
-1555,2611,-1056
-1942,2322,-380
-2318,1992,326
-2582,1831,751
-2739,1439,1300
-2635,990,1645
-2627,437,2190
-2256,-235,2491
-1856,-726,2582
-1398,-1295,2693
-973,-1798,2771
-408,-2140,2548
363,-2569,2206
849,-2916,2067
1452,-3060,1608
1914,-3085,1171
2293,-2776,483
2652,-2454,-198
2990,-2182,-808
3060,-1658,-1402
3151,-1332,-1819
3328,-812,-2516
3064,-181,-2883
2503,486,-2989
1934,1006,-2940
1505,1447,-2952
808,1856,-2664
41,2215,-2256
-528,2594,-2066
-1047,2586,-1539
-1472,2553,-1081
-1955,2314,-359
-2297,2124,173
-2697,1971,726
-2668,1464,1204
-2446,985,1461
-2351,470,1881
-2128,-144,2272
-1769,-713,2482
-1348,-1266,2614
-907,-1765,2672
-330,-2128,2458
321,-2450,2129
903,-2730,1827
1468,-2792,1324
1930,-2739,809
2281,-2590,309
3019,-2821,-198
3304,-2508,-796
3176,-1802,-1374
2941,-1192,-1749
2644,-507,-2137
2285,103,-2388
1988,655,-2643
1612,1146,-2758
1031,1633,-2664
474,1947,-2421
-206,2264,-2058
-742,2582,-1840
-1332,2685,-1353
-1683,2557,-874
-1967,2054,-87
-2239,1732,507
-2466,1551,915
-2450,1188,1262
-2429,796,1633
-2305,148,2157
-1967,-449,2416
-1575,-944,2519
-1146,-1357,2503
-499,-1868,2367
70,-2136,2066
610,-2470,1860
1159,-2751,1592
1637,-2800,1163
2140,-2767,627
2475,-2598,123
2763,-2173,-590
2953,-1765,-1188
3048,-1435,-1613
3089,-891,-2198
2627,-193,-2434
2268,371,-2639
1860,911,-2771
1509,1381,-2890
924,1839,-2763
123,2252,-2375
-309,2495,-2186
-858,2569,-1711
-1361,2673,-1312
-1761,2491,-730
-2054,2182,-128
-2466,1984,482
-2627,1592,1035
-2532,1122,1410
-2400,631,1769
-2215,66,2149
-1918,-523,2441
-1468,-1089,2557
-1060,-1567,2627
-594,-2021,2615
82,-2355,2273
585,-2796,2211
1155,-2887,1732
1650,-2982,1332
2206,-2916,710
2751,-3192,441
3312,-2941,-371
3106,-2161,-945
3077,-1617,-1460
3019,-1109,-1910
2838,-495,-2343
2499,243,-2742
2190,742,-2932
1744,1303,-3047
1138,1728,-2866
556,2194,-2750
-160,2549,-2389
-660,2726,-2066
-1216,2821,-1605
-1744,2726,-982
-2008,2281,-273
-2289,1852,437
-2508,1707,801
-2875,1480,1395
-2627,899,1728
-2615,387,2228
-2314,-235,2549
-1893,-825,2718
-1501,-1266,2767
-816,-1728,2544
-280,-2157,2437
280,-2528,2248
928,-2821,1893
1373,-2871,1498
1860,-2673,813
2231,-2499,268
2685,-2252,-433
2887,-1860,-1027
3056,-1423,-1633
2970,-961,-2009
2772,-309,-2463
2417,292,-2709
2046,754,-2800
1588,1266,-2854
1060,1666,-2726
429,2025,-2454
-251,2318,-2067
-746,2359,-1613
-1183,2169,-986
-1666,2231,-565
-2029,1860,169
-2442,1773,669
-2574,1530,1044
-2512,1146,1366
-2384,577,1807
-2058,53,2005
-1823,-478,2301
-1447,-994,2441
-973,-1452,2425
-342,-1831,2173
206,-2165,1959
742,-2483,1741
1324,-2784,1460
1893,-2743,850
2285,-2800,515
2941,-2891,-50
3242,-2479,-763
3180,-1905,-1275
3139,-1464,-1675
3064,-841,-2223
2788,-210,-2578
2578,412,-2990
2256,1023,-3279
1724,1575,-3299
1233,2136,-3369
486,2442,-2928
-210,2895,-2685
-858,3097,-2239
-1435,3262,-1827
-1967,3287,-1320
-2425,3135,-710
-2813,2937,-124
-3267,2623,644
-3349,2107,1242
-3411,1678,1733
-3312,1056,2256
-3069,383,2686
-2652,-416,3068
-2330,-1084,3414
-1753,-1650,3403
-1155,-2277,3432
-470,-2780,3250
297,-3205,2908
870,-3729,2859
1592,-4092,2500
2083,-3955,1872
2635,-3741,1106
3069,-3456,387
3526,-3093,-433
3856,-2722,-1134
3984,-2169,-1815
3993,-1538,-2455
3836,-820,-3016
3576,-160,-3416
3015,655,-3670
2454,1311,-3765
1848,1905,-3753
981,2347,-3328
259,2813,-3072
-457,3250,-2793
-1117,3465,-2348
-1695,2998,-1303
-2136,2825,-689
-2805,2833,-28
-3300,2524,776
-3469,2087,1382
-3473,1546,1927
-3258,874,2384
-2904,152,2752
-2536,-655,3191
-2004,-1320,3324
-1534,-2008,3542
-754,-2495,3249
37,-2916,2879
730,-3295,2565
1410,-3477,2067
1959,-3543,1584
2569,-3349,780
3023,-3097,74
3539,-2813,-726
3885,-2462,-1423
3823,-1835,-1988
3613,-1093,-2520
3254,-259,-2995
2796,519,-3315
2400,1155,-3555
1922,1732,-3654
1216,2264,-3480
416,2697,-3113
-330,3044,-2714
-1134,3345,-2211
-1687,3275,-1588
-2289,3023,-734
-2693,2759,-66
-3069,2347,722
-3275,1951,1324
-3291,1456,1835
-3184,837,2347
-2982,66,2916
-2536,-639,3175
-1959,-1348,3307
-1522,-1901,3423
-742,-2569,3311
-20,-2998,3018
709,-3361,2652
1493,-3762,2269
2120,-4030,1910
2681,-3679,998
3093,-3349,256
3469,-2928,-541
3687,-2380,-1307
3823,-1864,-1959
3819,-1311,-2508
3724,-556,-3168
3366,144,-3510
2739,961,-3700
2116,1559,-3675
1431,2124,-3555
552,2553,-3105
-247,3048,-2801
-903,3258,-2355
-1604,3312,-1708
-2128,3118,-990
-2635,2904,-269
-3151,2656,495
-3366,2272,1094
-3295,1637,1658
-3036,936,2100
-2866,276,2590
-2623,-486,3109
-2091,-1155,3246
-1645,-1831,3476
-891,-2376,3267
-94,-2800,2894
627,-3250,2623
1291,-3423,2132
1926,-3481,1555
2553,-3304,751
3040,-3135,95
3819,-3155,-664
4030,-2722,-1308
3832,-2008,-1824
3601,-1171,-2430
3295,-420,-2875
2842,350,-3192
2433,1068,-3501
1843,1670,-3513
1089,2140,-3229
210,2528,-2738
-474,2879,-2405
-1122,3159,-2037
-1773,3250,-1477
-2219,2978,-759
-2400,2285,115
-2854,2153,701
-3073,1777,1296
-2998,1229,1769
-3011,577,2434
-2706,-111,2817
-2285,-837,3122
-1732,-1476,3208
-1155,-2083,3238
-412,-2549,2961
206,-2879,2673
1043,-3258,2215
1695,-3634,1939
2272,-3621,1349
2817,-3460,643
3106,-2994,-112
3444,-2553,-891
3547,-2017,-1530
3588,-1522,-2066
3415,-746,-2669
2920,53,-2973
2549,680,-3229
2008,1402,-3410
1414,1930,-3344
713,2446,-3159
0,2871,-2871
-750,3048,-2298
-1410,3267,-1857
-1922,3196,-1274
-2417,2941,-524
-2833,2590,243
-3213,2248,965
-3291,1744,1547
-3155,1134,2021
-2908,474,2434
-2673,-292,2965
-2227,-990,3217
-1654,-1683,3337
-1159,-2239,3398
-404,-2689,3093
222,-3093,2871
948,-3510,2562
1666,-3568,1902
2248,-3568,1320
2916,-3625,709
3654,-3663,9
3984,-3209,-775
3782,-2347,-1435
3770,-1720,-2050
3671,-1006,-2665
3353,-259,-3094
2957,523,-3480
2437,1175,-3612
1860,1786,-3646
1122,2351,-3473
416,2821,-3237
-342,3192,-2850
-1089,3258,-2169
-1670,3291,-1621
-2202,2961,-759
-2545,2516,29
-2982,2227,755
-3328,1934,1394
-3456,1472,1984
-3271,775,2496
-3003,99,2904
-2598,-627,3225
-2112,-1324,3436
-1497,-1922,3419
-754,-2479,3233
-37,-2982,3019
709,-3353,2644
1410,-3617,2207
2013,-3621,1608
2545,-3333,788
3011,-3077,66
3456,-2755,-701
3646,-2293,-1353
3675,-1711,-1964
3568,-1010,-2558
3188,-280,-2908
2792,507,-3299
2318,1126,-3444
1699,1650,-3349
1023,2227,-3250
94,2677,-2771
-602,2970,-2368
-1212,3007,-1795
-1790,2932,-1142
-2413,2924,-511
-2784,2495,289
-3172,2338,834
-3279,1819,1460
-3205,1270,1935
-2982,627,2355
-2594,-82,2676
-2231,-858,3089
-1699,-1439,3138
-1051,-2066,3117
-284,-2479,2763
437,-2850,2413
1064,-3221,2157
1707,-3485,1778
2281,-3246,965
2788,-3077,289
3333,-2953,-380
3543,-2450,-1093
3638,-1901,-1737
3522,-1245,-2277
3250,-565,-2685
2945,193,-3138
2524,858,-3382
1963,1493,-3456
1340,1971,-3311
631,2470,-3101
-140,2871,-2731
-841,3176,-2335
-1551,3205,-1654
-2041,3176,-1135
-2512,2908,-396
-3019,2673,346
-3172,2227,945
-3262,1744,1518
-3155,1179,1976
-2937,429,2508
-2524,-305,2829
-2145,-981,3126
-1571,-1645,3216
-907,-2239,3146
-231,-2726,2957
511,-3163,2652
1225,-3597,2372
1835,-3877,2042
2384,-3683,1299
2850,-3423,573
3254,-3011,-243
3617,-2627,-990
3828,-2153,-1675
3861,-1633,-2228
3638,-812,-2826
3444,-140,-3304
2941,635,-3576
2347,1287,-3634
1645,1934,-3579
903,2508,-3411
132,2949,-3081
-556,3366,-2810
-1237,3559,-2322
-1852,3415,-1563
-2272,3064,-792
-2751,2809,-58
-3217,2512,705
-3394,2025,1369
-3366,1493,1873
-3139,750,2389
-2825,4,2821
-2450,-688,3138
-1938,-1373,3311
-1414,-1988,3402
-631,-2520,3151
127,-2916,2789
759,-3361,2602
1538,-3605,2067
2062,-3572,1510
2640,-3419,779
3036,-3060,24
3679,-2862,-817
3935,-2442,-1493
3724,-1810,-1914
3522,-985,-2537
3151,-193,-2958
2710,532,-3242
2314,1245,-3559
1839,1810,-3649
1072,2351,-3423
202,2664,-2866
-449,3126,-2677
-1192,3271,-2079
-1707,3048,-1341
-2285,2932,-647
-2640,2582,58
-3073,2268,805
-3201,1827,1374
-3176,1258,1918
-3147,643,2504
-2817,-127,2944
-2384,-742,3126
-1819,-1443,3262
-1179,-2000,3179
-490,-2582,3072
214,-2912,2698
891,-3324,2433
1637,-3580,1943
2256,-3650,1394
2714,-3374,660
3126,-3085,-41
3539,-2668,-871
3737,-2128,-1609
3931,-1707,-2224
4026,-1163,-2863
3663,-338,-3325
3089,408,-3497
2454,1051,-3505
1881,1650,-3531
1039,2252,-3291
247,2631,-2878
-466,3097,-2631
-1167,3275,-2108
-1749,3254,-1505
-2314,3077,-763
-2788,2800,-12
-3229,2574,655
-3374,2041,1333
-3155,1476,1679
-3019,693,2326
-2805,41,2764
-2437,-693,3130
-1909,-1311,3220
-1369,-2000,3369
-627,-2499,3126
185,-2866,2681
812,-3159,2347
1505,-3407,1902
2107,-3394,1287
2656,-3155,499
3225,-3135,-90
3935,-3089,-846
3836,-2417,-1419
3675,-1732,-1943
3345,-924,-2421
3040,-136,-2904
2615,627,-3242
2186,1245,-3431
1617,1773,-3390
779,2260,-3039
57,2607,-2664
-684,3019,-2335
-1344,3312,-1968
-1926,3267,-1341
-2347,2924,-577
-2578,2367,211
-2941,2103,838
-3110,1617,1493
-2912,1093,1819
-2821,429,2392
-2483,-342,2825
-2054,-948,3002
-1497,-1501,2998
-903,-2066,2969
-94,-2549,2643
598,-2937,2339
1179,-3300,2121
1823,-3382,1559
2392,-3399,1007
2908,-3172,264
3283,-2833,-450
3543,-2392,-1151
3592,-1798,-1794
3749,-1266,-2483
3353,-552,-2801
2825,276,-3101
2367,936,-3303
1835,1530,-3365
1299,2091,-3390
519,2574,-3093
-292,2904,-2612
-882,3056,-2174
-1489,3106,-1617
-1992,2932,-940
-2248,2450,-202
-2759,2231,528
-3052,1893,1159
-3056,1480,1576
-2842,717,2125
-2578,189,2389
-2371,-614,2985
-1827,-1237,3064
-1373,-1893,3266
-647,-2355,3002
-37,-2718,2755
635,-3225,2590
1353,-3349,1996
1843,-3415,1572
2417,-3291,874
3073,-3328,255
3650,-3201,-449
3597,-2363,-1234
3526,-1761,-1765
3394,-1101,-2293
3217,-420,-2797
2788,338,-3126
2371,1002,-3373
1802,1555,-3357
1150,2041,-3191
478,2499,-2977
-255,2928,-2673
-981,3180,-2199
-1559,3246,-1687
-2079,3027,-948
-2421,2541,-120
-2772,2173,599
-3089,1901,1188
-3320,1592,1728
-3130,907,2223
-2932,268,2664
-2549,-449,2998
-2149,-1126,3275
-1608,-1732,3340
-886,-2235,3121
-202,-2668,2870
486,-3163,2677
1216,-3477,2261
1815,-3564,1749
2404,-3432,1028
2875,-3192,317
3415,-3036,-379
3881,-2714,-1167
3828,-2083,-1745
3799,-1472,-2327
3518,-709,-2809
3102,28,-3130
2660,746,-3406
2169,1353,-3522
1567,1802,-3369
841,2425,-3266
0,2796,-2796
-676,2970,-2294
-1287,2908,-1621
-1852,2879,-1027
-2499,2838,-339
-2792,2433,359
-3176,2178,998
-3205,1650,1555
-3110,1084,2026
-2862,375,2487
-2479,-350,2829
-2083,-1080,3163
-1559,-1604,3163
-825,-2219,3044
-78,-2611,2689
594,-3056,2462
1216,-3308,2092
1827,-3460,1633
2380,-3374,994
2833,-3143,310
3267,-2780,-487
3469,-2338,-1131
3485,-1687,-1798
3423,-1122,-2301
3159,-449,-2710
2813,264,-3077
2400,1023,-3423
1835,1551,-3386
1237,2132,-3369
523,2503,-3026
-193,2871,-2678
-948,2974,-2026
-1551,3036,-1485
-2070,2937,-867
-2528,2714,-186
-2978,2516,462
-3056,1992,1064
-3159,1513,1646
-3003,895,2108
-2714,226,2488
-2318,-548,2866
-1786,-1208,2994
-1427,-1744,3171
-664,-2351,3015
57,-2706,2649
709,-3106,2397
1386,-3440,2054
1914,-3522,1608
2532,-3333,801
2920,-3077,157
3403,-2772,-631
3675,-2363,-1312
3939,-2000,-1939
3770,-1315,-2455
3580,-565,-3015
3229,226,-3455
2582,862,-3444
2058,1530,-3588
1254,2017,-3271
622,2586,-3208
-132,3085,-2953
-697,3300,-2603
-1485,3448,-1963
-1934,3176,-1242
-2450,2932,-482
-2887,2557,330
-3254,2297,957
-3436,1765,1671
-3221,1225,1996
-3031,511,2520
-2730,-226,2956
-2305,-940,3245
-1777,-1658,3435
-1241,-2252,3493
-486,-2726,3212
391,-3118,2727
961,-3514,2553
1637,-3687,2050
2281,-3679,1398
2796,-3588,792
3283,-3337,54
3832,-3225,-607
4054,-2553,-1501
3762,-1868,-1894
3642,-1064,-2578
3246,-272,-2974
2821,457,-3278
2376,1200,-3576
2008,1810,-3818
1208,2268,-3476
396,2664,-3060
-375,2986,-2611
-1051,3184,-2133
-1592,3003,-1411
-2198,2895,-697
-2590,2536,54
-2970,2219,751
-3196,1819,1377
-3221,1340,1881
-3110,672,2438
-2862,-24,2886
-2380,-738,3118
-1831,-1468,3299
-1315,-2037,3352
-594,-2520,3114
206,-2920,2714
895,-3361,2466
1571,-3630,2059
2178,-3753,1575
2640,-3366,726
3015,-2978,-37
3432,-2565,-867
3625,-2087,-1538
3654,-1604,-2050
3745,-965,-2780
3572,-264,-3308
3023,503,-3526
2347,1163,-3510
1810,1699,-3509
1010,2277,-3287
53,2627,-2680
-556,3089,-2533
-1249,3205,-1956
-1769,3163,-1394
-2404,3097,-693
-2846,2706,140
-3353,2479,874
-3382,1951,1431
-3271,1443,1828
-3106,701,2405
-2858,37,2821
-2470,-705,3175
-1984,-1406,3390
-1361,-1988,3349
-622,-2578,3200
136,-2965,2829
738,-3353,2615
1518,-3522,2004
2140,-3621,1481
2660,-3328,668
3353,-3485,132
4083,-3489,-594
3931,-2602,-1329
3877,-1938,-1939
3572,-1179,-2393
3275,-334,-2941
2829,371,-3200
2437,1080,-3517
1860,1786,-3646
1113,2264,-3377
325,2640,-2965
-445,3040,-2595
-1183,3345,-2162
-1852,3526,-1674
-2281,3184,-903
-2499,2553,-54
-2928,2264,664
-3238,1963,1275
-3250,1480,1770
-3143,759,2384
-2879,33,2846
-2491,-754,3245
-1934,-1324,3258
-1394,-1996,3390
-631,-2495,3126
321,-2850,2529
787,-3250,2463
1493,-3580,2087
2083,-3601,1518
2668,-3456,788
3011,-3143,132
3394,-2693,-701
3584,-2145,-1439
3625,-1699,-1926
3477,-882,-2595
3040,-115,-2925
2590,614,-3204
2095,1254,-3349
1546,1802,-3348
882,2380,-3262
70,2751,-2821
-573,3073,-2500
-1208,3064,-1856
-1794,2994,-1200
-2272,2726,-454
-2664,2355,309
-2990,2165,825
-3139,1617,1522
-2941,994,1947
-2734,420,2314
-2446,-354,2800
-1951,-969,2920
-1464,-1641,3105
-911,-2112,3023
-239,-2470,2709
470,-2937,2467
1105,-3139,2034
1699,-3163,1464
2285,-3130,845
2879,-3114,235
3621,-3081,-540
3592,-2371,-1221
3489,-1703,-1786
3386,-1076,-2310
3184,-375,-2809
2833,383,-3216
2351,1027,-3378
1794,1555,-3349
1146,2112,-3258
536,2532,-3068
-214,2912,-2698
-940,3234,-2294
-1546,3407,-1861
-2116,3221,-1105
-2491,2689,-198
-2788,2239,549
-3027,1914,1113
-3267,1505,1762
-3155,915,2240
-3048,239,2809
-2586,-453,3039
-2244,-1084,3328
-1740,-1806,3546
-985,-2297,3282
-305,-2809,3114
433,-3262,2829
1056,-3588,2532
1864,-3786,1922
2289,-3576,1287
2772,-3271,499
3291,-3052,-239
3687,-2722,-965
3828,-2161,-1667
3856,-1662,-2194
3646,-862,-2784
3225,-123,-3102
2800,622,-3422
2363,1315,-3678
1711,1852,-3563
1002,2371,-3373
127,2883,-3010
-548,3172,-2624
-1225,3250,-2025
-1790,3151,-1361
-2446,3135,-689
-2829,2693,136
-3275,2462,813
-3390,1988,1402
-3386,1505,1881
-3267,829,2438
-2718,57,2661
-2446,-647,3093
-1876,-1353,3229
-1249,-1955,3204
-528,-2454,2982
251,-2821,2570
924,-3262,2338
1575,-3452,1877
2157,-3382,1225
2652,-3163,511
3069,-2833,-236
3452,-2491,-961
3667,-1996,-1671
3667,-1518,-2149
3498,-771,-2727
3048,-37,-3011
2730,668,-3398
2157,1410,-3567
1650,1864,-3514
825,2363,-3188
24,2763,-2787
-664,2957,-2293
-1311,2924,-1613
-1930,3023,-1093
-2359,2883,-524
-2928,2631,297
-3168,2235,933
-3258,1744,1514
-3077,1150,1927
-2833,429,2404
-2446,-231,2677
-1992,-952,2944
-1522,-1501,3023
-911,-2070,2981
-173,-2565,2738
511,-2970,2459
1188,-3304,2116
1786,-3436,1650
2318,-3283,965
2871,-3130,259
3271,-2871,-400
3613,-2409,-1204
3869,-2058,-1811
3654,-1357,-2297
3407,-585,-2822
3064,107,-3171
2536,829,-3365
1938,1472,-3410
1282,2054,-3336
532,2557,-3089
-235,3019,-2784
-792,3324,-2532
-1505,3452,-1947
-1971,3238,-1267
-2458,3056,-598
-2920,2664,256
-3192,2206,986
-3221,1728,1493
-3122,1142,1980
-2883,437,2446
-2586,-292,2878
-2182,-1043,3225
-1641,-1703,3344
-1060,-2268,3328
-338,-2751,3089
387,-3114,2727
1039,-3555,2516
1732,-3724,1992
2359,-3741,1382
2875,-3621,746
3403,-3345,-58
3976,-3180,-796
4075,-2578,-1497
3931,-1872,-2059
3729,-1142,-2587
3337,-239,-3098
2949,470,-3419
2508,1175,-3683
2033,1852,-3885
1340,2409,-3749
540,2838,-3378
-218,3217,-2999
-940,3382,-2442
-1584,3180,-1596
-2017,2928,-911
-2590,2627,-37
-3019,2355,664
-3300,1942,1358
-3316,1518,1798
-3258,837,2421
-3027,152,2875
-2586,-614,3200
-2058,-1212,3270
-1493,-1856,3349
-734,-2404,3138
4,-2850,2846
717,-3271,2554
1373,-3489,2116
2004,-3555,1551
2454,-3320,866
2961,-2924,-37
3370,-2578,-792
3498,-2033,-1465
3712,-1604,-2108
3960,-1200,-2760
3724,-420,-3304
3102,346,-3448
2392,985,-3377
1823,1551,-3374
981,2169,-3150
123,2524,-2647
-503,2924,-2421
-1225,3089,-1864
-1786,3126,-1340
-2376,2895,-519
-2850,2681,169
-3279,2458,821
-3316,1856,1460
-3155,1353,1802
-3040,610,2430
-2755,-74,2829
-2376,-771,3147
-1885,-1464,3349
-1233,-2062,3295
-528,-2611,3139
325,-2982,2657
944,-3353,2409
1617,-3617,2000
2252,-3654,1402
2862,-3535,673
3625,-3844,219
4125,-3576,-549
3885,-2681,-1204
3856,-1975,-1881
3543,-1171,-2372
3316,-408,-2908
2838,387,-3225
2437,1101,-3538
1885,1707,-3592
1097,2260,-3357
255,2706,-2961
-387,3056,-2669
-1122,3366,-2244
-1716,3485,-1769
-2227,3130,-903
-2355,2301,54
-2813,2145,668
-3209,1881,1328
-3147,1419,1728
-3085,676,2409
-2805,28,2777
-2450,-693,3143
-1897,-1423,3320
-1278,-1876,3154
-507,-2458,2965
301,-2825,2524
816,-3130,2314
1534,-3403,1869
2079,-3291,1212
2607,-3225,618
2994,-2871,-123
3423,-2512,-911
3522,-1988,-1534
3613,-1456,-2157
3572,-709,-2863
2994,53,-3047
2487,697,-3184
1947,1344,-3291
1402,1843,-3245
655,2442,-3097
8,2755,-2763
-697,2895,-2198
-1311,2871,-1560
-1761,2780,-1019
-2248,2413,-165
-2734,2252,482
-2961,1967,994
-2994,1423,1571
-2800,816,1984
-2528,156,2372
-2289,-548,2837
-1744,-1183,2927
-1332,-1802,3134
-664,-2318,2982
-16,-2648,2664
643,-3114,2471
1278,-3234,1956
1860,-3287,1427
2380,-3213,833
3106,-3399,293
3724,-3143,-581
3448,-2248,-1200
3370,-1691,-1679
3267,-1018,-2249
2982,-297,-2685
2611,412,-3023
2178,1018,-3196
1670,1571,-3241
1006,2128,-3134
119,2582,-2701
-391,2916,-2525
-1076,3135,-2059
-1637,3209,-1572
-2153,2941,-788
-2470,2446,24
-2805,2079,726
-3213,1856,1357
-3349,1419,1930
-3258,849,2409
-3184,173,3011
-2800,-618,3418
-2635,-1282,3917
-2066,-2070,4136
-1212,-2429,3641
-515,-2998,3513
297,-3498,3201
903,-3984,3081
1711,-4483,2772
2248,-4178,1930
2796,-3881,1085
3370,-3700,330
3861,-3432,-429
4257,-2974,-1283
4389,-2371,-2018
4389,-1815,-2574
4203,-1023,-3180
3823,-235,-3588
3419,552,-3971
2813,1386,-4199
2264,1992,-4256
1435,2615,-4050
577,3118,-3695
-301,3489,-3188
-1142,3658,-2516
-1839,3531,-1692
-2450,3683,-1233
-3143,3493,-350
-3576,3036,540
-3939,2730,1209
-3988,2128,1860
-3964,1439,2525
-3729,668,3061
-3205,-185,3390
-2858,-1056,3914
-2182,-1815,3997
-1493,-2541,4034
-589,-3143,3732
259,-3601,3342
985,-3972,2987
1819,-4199,2380
2483,-4207,1724
3089,-3960,871
3535,-3642,107
3943,-3168,-775
4137,-2635,-1502
4203,-1959,-2244
4087,-1188,-2899
3691,-342,-3349
3353,490,-3843
2767,1320,-4087
2136,2021,-4157
1315,2668,-3983
416,3064,-3480
-507,3510,-3003
-1332,3399,-2067
-2029,3630,-1601
-2656,3539,-883
-3217,3262,-45
-3650,2916,734
-3753,2305,1448
-3716,1703,2013
-3481,874,2607
-3085,16,3069
-2623,-787,3410
-2041,-1596,3637
-1390,-2227,3617
-610,-2846,3456
346,-3316,2970
1076,-3770,2694
1744,-3918,2174
2425,-3881,1456
3011,-3675,664
3498,-3291,-207
3811,-2838,-973
4145,-2355,-1790
4166,-1753,-2413
3976,-870,-3106
3790,-140,-3650
3184,655,-3839
2503,1419,-3922
1790,2120,-3910
874,2677,-3551
61,3205,-3266
-713,3621,-2908
-1480,3865,-2385
-2037,3720,-1683
-2648,3415,-767
-3143,3044,99
-3568,2631,937
-3704,2091,1613
-3625,1419,2206
-3403,651,2752
-3064,-132,3196
-2611,-948,3559
-2021,-1802,3823
-1431,-2466,3897
-589,-2978,3567
243,-3394,3151
1051,-3889,2838
1794,-4125,2331
2475,-4162,1687
3122,-3964,842
3720,-3766,46
4384,-3654,-730
4562,-2937,-1625
4372,-2153,-2219
4137,-1324,-2813
3757,-342,-3415
3295,486,-3781
2838,1233,-4071
2277,1971,-4248
1505,2656,-4161
606,3159,-3765
-210,3568,-3358
-1084,3902,-2818
-1864,3997,-2133
-2495,3700,-1205
-3060,3448,-388
-3485,2961,524
-3778,2569,1209
-3927,1897,2030
-3745,1208,2537
-3609,466,3143
-3130,-532,3662
-2503,-1291,3794
-1885,-1971,3856
-1175,-2648,3823
-284,-3225,3509
511,-3774,3263
1390,-4046,2656
2132,-4248,2116
2829,-4166,1337
3320,-3753,433
3778,-3407,-371
4137,-2825,-1312
4314,-2198,-2116
4298,-1625,-2673
4343,-899,-3444
3943,-57,-3886
3287,804,-4091
2549,1612,-4161
1823,2334,-4157
919,2904,-3823
-20,3440,-3420
-882,3885,-3003
-1666,4021,-2355
-2371,3889,-1518
-2899,3609,-710
-3473,3192,281
-3939,2912,1027
-3951,2252,1699
-3741,1468,2273
-3555,709,2846
-3300,-185,3485
-2792,-1068,3860
-2178,-1893,4071
-1435,-2631,4066
-602,-3229,3831
371,-3687,3316
1138,-3997,2859
1938,-4219,2281
2706,-4281,1575
3304,-4075,771
4083,-4158,75
4793,-3844,-949
4587,-2965,-1622
4620,-2219,-2401
4277,-1311,-2966
3910,-334,-3576
3460,495,-3955
2961,1406,-4367
2223,2173,-4396
1332,2784,-4116
247,3262,-3509
-391,3741,-3350
-1303,4009,-2706
-2062,4092,-2030
-2677,3667,-990
-2957,2875,82
-3733,2734,999
-3980,2285,1695
-3960,1794,2166
-3877,919,2958
-3547,57,3490
-3007,-787,3794
-2310,-1666,3976
-1567,-2301,3868
-631,-2974,3605
152,-3394,3242
911,-3823,2912
1773,-4133,2360
2524,-4096,1572
3130,-3988,858
3625,-3498,-127
4108,-3064,-1044
4261,-2367,-1894
4368,-1909,-2459
4380,-1084,-3296
3774,-181,-3593
3064,734,-3798
2429,1464,-3893
1794,2202,-3996
882,2899,-3781
78,3394,-3472
-759,3617,-2858
-1571,3691,-2120
-2359,3708,-1349
-2854,3423,-569
-3473,2982,491
-3774,2594,1180
-3762,1992,1770
-3576,1295,2281
-3262,453,2809
-2932,-367,3299
-2392,-1216,3608
-1670,-1922,3592
-932,-2640,3572
-99,-3184,3283
664,-3551,2887
1402,-3720,2318
2145,-3840,1695
2875,-3691,816
3564,-3811,247
4389,-3782,-607
4087,-2706,-1381
4100,-2033,-2067
3951,-1163,-2788
3597,-350,-3247
3205,540,-3745
2714,1204,-3918
1947,1967,-3914
1258,2503,-3761
453,3040,-3493
-445,3539,-3094
-1146,3741,-2595
-1938,3828,-1890
-2541,3613,-1072
-2871,2932,-61
-3184,2326,858
-3539,2136,1403
-3696,1600,2096
-3526,820,2706
-3209,-90,3299
-2734,-783,3517
-2301,-1542,3843
-1526,-2330,3856
-717,-2825,3542
247,-3345,3098
948,-3922,2974
1790,-4277,2487
2347,-4108,1761
2904,-3823,919
3419,-3572,153
4092,-3188,-904
4285,-2582,-1703
4306,-1975,-2331
4116,-1134,-2982
3782,-309,-3473
3304,589,-3893
2767,1274,-4041
2136,1996,-4132
1332,2627,-3959
429,3147,-3576
-453,3597,-3144
-1221,3898,-2677
-1930,3811,-1881
-2602,3601,-999
-3151,3279,-128
-3696,2937,759
-3927,2442,1485
-3889,1889,2000
-3840,1171,2669
-3374,243,3131
-2982,-631,3613
-2487,-1398,3885
-1782,-2116,3898
-874,-2809,3683
4,-3316,3312
750,-3803,3053
1555,-4120,2565
2264,-4257,1993
3003,-4038,1035
3601,-3894,293
4228,-3634,-594
4450,-3019,-1431
4417,-2285,-2132
4310,-1542,-2768
3951,-684,-3267
3580,119,-3699
3176,1039,-4215
2470,1819,-4289
1732,2421,-4153
841,2990,-3831
-49,3460,-3411
-990,3489,-2499
-1670,3510,-1840
-2429,3683,-1254
-3031,3419,-388
-3667,3151,516
-3766,2508,1258
-3914,1967,1947
-3741,1282,2459
-3423,391,3032
-2994,-528,3522
-2396,-1278,3674
-1823,-2037,3860
-961,-2718,3679
-123,-3238,3361
701,-3658,2957
1518,-3964,2446
2140,-4005,1865
2829,-3811,982
3295,-3477,182
3774,-3106,-668
4079,-2578,-1501
4174,-1971,-2203
4046,-1208,-2838
3848,-433,-3415
3390,445,-3835
2718,1208,-3926
2046,1876,-3922
1113,2557,-3670
301,3089,-3390
-429,3506,-3077
-1216,3811,-2595
-1955,3696,-1741
-2491,3436,-945
-3015,3048,-33
-3465,2648,817
-3564,2033,1531
-3547,1497,2050
-3370,796,2574
-3003,-99,3102
-2598,-886,3484
-1942,-1687,3629
-1340,-2384,3724
-536,-2924,3460
400,-3328,2928
1084,-3757,2673
1798,-3960,2162
2470,-3984,1514
3097,-3757,660
3782,-3704,-78
4475,-3539,-936
4450,-2838,-1612
4232,-1971,-2261
4026,-1047,-2979
3609,-202,-3407
3176,618,-3794
2689,1361,-4050
2079,2029,-4108
1336,2714,-4050
363,3180,-3543
-429,3679,-3250
-1291,3993,-2702
-1926,3852,-1926
-2623,3609,-986
-3106,3308,-202
-3642,2838,804
-3819,2380,1439
-3877,1716,2161
-3778,1064,2714
-3555,268,3287
-3060,-660,3720
-2442,-1452,3894
-1864,-2149,4013
-1080,-2858,3938
-189,-3349,3538
594,-3922,3328
1546,-4343,2797
2219,-4727,2508
2928,-4438,1510
3328,-3931,603
3856,-3572,-284
4232,-3019,-1213
4290,-2347,-1943
4351,-1683,-2668
4203,-891,-3312
3865,-16,-3849
3324,812,-4136
2598,1592,-4190
1839,2206,-4045
866,2788,-3654
-78,3221,-3143
-932,3609,-2677
-1674,3712,-2038
-2330,3617,-1287
-2928,3258,-330
-3481,3003,478
-3832,2619,1213
-3753,1860,1893
-3489,1080,2409
-3308,408,2900
-2982,-433,3415
-2413,-1287,3700
-1860,-2091,3951
-1002,-2710,3712
-115,-3209,3324
787,-3543,2756
1443,-3885,2442
2206,-3898,1692
2829,-3749,920
3440,-3650,210
4314,-3663,-651
4438,-3048,-1390
4310,-2198,-2112
3984,-1344,-2640
3646,-429,-3217
3163,437,-3600
2739,1196,-3935
2107,1996,-4103
1315,2565,-3880
363,3052,-3415
-437,3522,-3085
-1282,3819,-2537
-2008,3968,-1960
-2648,3799,-1151
-3044,3234,-190
-3456,2759,697
-3757,2359,1398
-3799,1732,2067
-3675,998,2677
-3423,206,3217
-2953,-697,3650
-2384,-1447,3831
-1765,-2161,3926
-878,-2846,3724
4,-3328,3324
874,-3741,2867
1629,-4108,2479
2351,-4310,1959
3019,-4195,1176
3564,-3976,412
3980,-3403,-577
4219,-2883,-1336
4285,-2202,-2083
4314,-1485,-2829
3947,-606,-3341
3390,264,-3654
2862,1031,-3893
2178,1782,-3960
1472,2499,-3971
610,3081,-3691
-235,3436,-3201
-1138,3597,-2459
-1810,3691,-1881
-2470,3580,-1110
-2941,3163,-222
-3522,2883,639
-3766,2363,1403
-3733,1707,2026
-3448,940,2508
-3143,115,3028
-2829,-705,3534
-2140,-1592,3732
-1579,-2215,3794
-771,-2829,3600
94,-3250,3156
841,-3696,2855
1571,-3869,2298
2277,-3819,1542
2953,-3766,813
3638,-3650,12
4149,-3366,-783
4042,-2470,-1572
3984,-1802,-2182
3762,-952,-2810
3485,-78,-3407
3040,734,-3774
2388,1414,-3802
1736,2091,-3827
965,2681,-3646
12,3130,-3142
-693,3547,-2854
-1480,3823,-2343
-2120,3729,-1609
-2689,3304,-615
-2965,2640,325
-3291,2305,986
-3679,1971,1708
-3547,1299,2248
-3423,552,2871
-2961,-317,3278
-2499,-1006,3505
-1922,-1761,3683
-1163,-2343,3506
-375,-2899,3274
396,-3403,3007
1225,-3766,2541
1893,-3885,1992
2594,-3774,1180
3093,-3432,339
3749,-3345,-404
4327,-3031,-1296
4314,-2297,-2017
4120,-1588,-2532
3823,-726,-3097
3386,82,-3468
2932,849,-3781
2359,1608,-3967
1662,2211,-3873
816,2829,-3645
-94,3304,-3210
-858,3642,-2784
-1604,3667,-2063
-2244,3535,-1291
-2916,3378,-462
-3312,2883,429
-3745,2611,1134
-3790,2054,1736
-3795,1398,2397
-3510,622,2888
-3069,-284,3353
-2685,-1068,3753
-1996,-1823,3819
-1258,-2483,3741
-412,-3036,3448
429,-3506,3077
1163,-3935,2772
1905,-4269,2364
2640,-4240,1600
3213,-4005,792
3638,-3568,-70
4038,-3143,-895
4186,-2483,-1703
4174,-1918,-2256
4001,-994,-3007
3638,-185,-3453
3316,688,-4004
2677,1431,-4108
2025,2198,-4223
1183,2805,-3988
321,3246,-3567
-544,3638,-3094
-1398,3803,-2405
-2062,3865,-1803
-2685,3667,-982
-3192,3312,-120
-3671,3019,652
-3708,2305,1403
-3737,1720,2017
-3568,952,2616
-3192,78,3114
-2763,-726,3489
-2128,-1534,3662
-1571,-2223,3794
-709,-2838,3547
235,-3287,3052
915,-3733,2818
1716,-3906,2190
2359,-3836,1477
2998,-3667,669
3390,-3320,-70
3869,-2891,-978
4116,-2421,-1695
4244,-1839,-2405
4116,-1010,-3106
3836,-202,-3634
3180,606,-3786
2516,1320,-3836
1761,1955,-3716
919,2582,-3501
20,3130,-3150
-643,3498,-2855
-1497,3799,-2302
-2050,3473,-1423
-2652,3196,-544
-3213,2941,272
-3576,2561,1015
-3634,2000,1634
-3547,1303,2244
-3316,552,2764
-2986,-251,3237
-2413,-1027,3440
-1823,-1790,3613
-1175,-2396,3571
-325,-2879,3204
503,-3436,2933
1266,-3733,2467
1918,-3807,1889
2582,-3782,1200
3217,-3658,441
4100,-3716,-384
4533,-3411,-1122
4323,-2479,-1844
3976,-1674,-2302
3795,-750,-3045
3312,94,-3406
2970,870,-3840
2429,1654,-4083
1848,2264,-4112
973,2879,-3852
-37,3349,-3312
-697,3803,-3106
-1505,3943,-2438
-2140,3914,-1774
-2800,3679,-879
-3246,3234,12
-3605,2788,817
-3729,2202,1527
-3568,1526,2042
-3580,783,2797
-3316,41,3275
-2800,-886,3686
-2239,-1670,3909
-1551,-2351,3902
-775,-2978,3753
148,-3432,3284
882,-3964,3082
1658,-4356,2698
2479,-4587,2108
3007,-4244,1237
3423,-3679,256
3955,-3399,-556
4203,-2739,-1464
4343,-2041,-2302
4356,-1435,-2921
4191,-688,-3503
3774,173,-3947
3172,998,-4170
2437,1769,-4206
1716,2409,-4125
697,2970,-3667
-189,3440,-3251
-957,3687,-2730
-1802,3642,-1840
-2371,3489,-1118
-2908,3184,-276
-3564,2998,566
-3927,2602,1325
-3790,1790,2000
-3597,1134,2463
-3436,346,3090
-3003,-482,3485
-2417,-1340,3757
-1860,-2087,3947
-952,-2701,3653
-123,-3188,3311
759,-3609,2850
1497,-3877,2380
2198,-3906,1708
2871,-3753,882
3506,-3592,86
4430,-3700,-730
4545,-3130,-1415
4389,-2248,-2141
4129,-1390,-2739
3762,-565,-3197
3262,354,-3616
2784,1142,-3926
2194,1881,-4075
1419,2479,-3898
515,3056,-3571
-321,3399,-3078
-1221,3852,-2631
-1955,4030,-2075
-2536,3790,-1254
-2953,3221,-268
-3432,2800,632
-3774,2433,1341
-3819,1819,2000
-3786,1113,2673
-3522,255,3267
-3093,-573,3666
-2479,-1377,3856
-1860,-2140,4000
-969,-2833,3802
-136,-3353,3489
754,-3807,3053
1538,-4265,2727
2252,-4516,2264
2970,-4380,1410
3543,-4087,544
3918,-3568,-350
4257,-3130,-1127
4380,-2380,-2000
4426,-1678,-2748
4199,-862,-3337
3601,111,-3712
3089,886,-3975
2429,1711,-4140
1703,2413,-4116
940,3056,-3996
-49,3555,-3506
-800,3786,-2986
-1645,3786,-2141
-2264,3753,-1489
-2879,3460,-581
-3423,3027,396
-3861,2710,1151
-3898,1959,1939
-3663,1245,2418
-3423,445,2978
-3085,-408,3493
-2479,-1270,3749
-1848,-2004,3852
-1122,-2701,3823
-222,-3155,3377
561,-3658,3097
1348,-3922,2574
2099,-4013,1914
2759,-3972,1213
3390,-3828,438
4199,-3828,-371
4273,-2937,-1336
4228,-2252,-1976
4079,-1381,-2698
3836,-569,-3267
3394,268,-3662
2854,1138,-3992
2219,1786,-4005
1443,2437,-3880
627,2937,-3564
-259,3460,-3201
-1080,3568,-2488
-1798,3625,-1827
-2466,3386,-920
-2879,2850,29
-3308,2454,854
-3790,2157,1633
-3778,1662,2116
-3634,858,2776
-3374,28,3346
-2862,-800,3662
-2334,-1600,3934
-1629,-2260,3889
-726,-2776,3502
70,-3390,3320
837,-3848,3011
1687,-4071,2384
2400,-4120,1720
2965,-3815,850
3456,-3427,-29
4063,-3221,-842
4248,-2586,-1662
4248,-1971,-2277
4026,-1109,-2917
3716,-325,-3391
3205,577,-3782
2681,1237,-3918
1992,2029,-4021
1208,2652,-3860
181,3188,-3369
-598,3535,-2937
-1386,3625,-2239
-2000,3531,-1531
-2767,3605,-838
-3213,3064,149
-3704,2714,990
-3823,2186,1637
-3729,1617,2112
-3667,833,2834
-3180,20,3160
-2788,-800,3588
-2169,-1678,3847
-1501,-2334,3835
-561,-2965,3526
375,-3407,3032
985,-3869,2884
1852,-4166,2314
2582,-4360,1778
3184,-4071,887
3634,-3729,95
4162,-3267,-895
4257,-2660,-1597
4285,-2099,-2186
4145,-1175,-2970
3799,-371,-3428
3465,470,-3935
2858,1282,-4140
2161,2021,-4182
1414,2619,-4033
561,3126,-3687
-383,3638,-3255
-1204,3597,-2393
-1963,3712,-1749
-2582,3601,-1019
-3163,3320,-157
-3729,3060,669
-3865,2433,1432
-4001,1914,2087
-3770,1122,2648
-3465,226,3239
-3019,-668,3687
-2442,-1476,3918
-1777,-2103,3880
-944,-2866,3810
-99,-3403,3502
746,-3852,3106
1518,-4125,2607
2223,-4153,1930
2920,-3988,1068
3382,-3667,285
3861,-3275,-586
4170,-2780,-1390
4413,-2153,-2260
4240,-1390,-2850
4009,-602,-3407
3576,284,-3860
2941,1097,-4038
2140,1864,-4004
1361,2450,-3811
495,3060,-3555
-284,3555,-3271
-1105,3906,-2801
-1901,3914,-2013
-2462,3576,-1114
-3027,3382,-355
-3518,2965,553
-3819,2450,1369
-3799,1782,2017
-3638,1084,2554
-3304,235,3069
-2928,-631,3559
-2260,-1456,3716
-1674,-2103,3777
-812,-2805,3617
33,-3213,3180
870,-3745,2875
1629,-3993,2364
2301,-3968,1667
2916,-3795,879
3502,-3522,20
4269,-3518,-751
4562,-2986,-1576
4182,-2095,-2087
3972,-1212,-2760
3510,-321,-3189
3110,544,-3654
2607,1266,-3873
2066,1996,-4062
1208,2673,-3881
321,3040,-3361
-544,3531,-2987
-1299,3733,-2434
-1930,3551,-1621
-2561,3378,-817
-3089,2937,152
-3469,2586,883
-3654,2112,1542
-3580,1472,2108
-3514,705,2809
-3229,-61,3290
-2640,-891,3531
-2025,-1695,3720
-1414,-2388,3802
-606,-2916,3522
354,-3399,3045
1035,-3881,2846
1897,-4343,2446
2520,-4368,1848
2978,-3894,916
3440,-3485,45
3914,-3073,-841
4108,-2413,-1695
4261,-1831,-2430
4343,-1200,-3143
4207,-470,-3737
3584,420,-4004
2825,1245,-4070
2173,1934,-4107
1373,2578,-3951
354,3069,-3423
-420,3605,-3185
-1270,3881,-2611
-1967,3902,-1935
-2681,3696,-1015
-3139,3353,-214
-3803,3015,788
-3988,2590,1398
-3914,1885,2029
-3724,1122,2602
-3485,292,3193
-3118,-495,3613
-2487,-1353,3840
-1947,-2103,4050
-1056,-2825,3881
-132,-3300,3432
622,-3696,3074
1501,-3964,2463
2186,-4054,1868
2945,-3910,965
3460,-3654,194
4265,-3733,-532
4599,-3242,-1357
4426,-2347,-2079
4162,-1505,-2657
3807,-655,-3152
3287,288,-3575
2871,1051,-3922
2256,1860,-4116
1394,2487,-3881
420,2974,-3394
-404,3427,-3023
-1200,3712,-2512
-2037,4030,-1993
-2594,3786,-1192
-3069,3287,-218
-3403,2842,561
-3741,2417,1324
-3675,1716,1959
-3609,1056,2553
-3320,222,3098
-2920,-701,3621
-2231,-1505,3736
-1670,-2136,3806
-792,-2871,3663
152,-3324,3172
961,-3741,2780
1687,-4129,2442
2446,-4285,1839
3023,-4162,1139
3543,-3753,210
3964,-3258,-706
4240,-2652,-1588
4306,-2083,-2223
4405,-1386,-3019
3955,-470,-3485
3341,453,-3794
2796,1204,-4000
2140,1934,-4074
1431,2627,-4058
561,3246,-3807
-297,3588,-3291
-1105,3766,-2661
-1868,3885,-2017
-2561,3720,-1159
-2994,3234,-240
-3592,2941,651
-3885,2470,1415
-3902,1823,2079
-3642,1084,2558
-3366,243,3123
-2974,-672,3646
-2371,-1534,3905
-1740,-2140,3880
-940,-2805,3745
-37,-3295,3332
738,-3749,3011
1505,-3947,2442
2120,-3984,1864
2887,-3856,969
3489,-3700,211
4141,-3551,-590
4240,-2759,-1481
4203,-2017,-2186
4054,-1216,-2838
3778,-408,-3370
3337,408,-3745
2759,1221,-3980
2083,1942,-4025
1336,2569,-3905
424,3031,-3455
-408,3535,-3127
-1188,3716,-2528
-1967,3799,-1832
-2681,3506,-825
-3060,3064,-4
-3539,2660,879
-3955,2347,1608
-4046,1711,2335
-3894,961,2933
-3716,136,3580
-3238,-664,3902
-2730,-1571,4301
-2132,-2330,4462
-1155,-2862,4017
-330,-3489,3819
507,-4017,3510
1394,-4463,3069
2194,-4694,2500
2862,-4405,1543
3489,-4203,714
4079,-3914,-165
4657,-3617,-1040
4822,-2875,-1947
4859,-2244,-2615
4640,-1340,-3300
4207,-400,-3807
3737,499,-4236
3130,1311,-4441
2491,2140,-4631
1555,2776,-4331
660,3390,-4050
-371,3889,-3518
-1241,4050,-2809
-2004,3889,-1885
-2780,4067,-1287
-3440,3774,-334
-3964,3320,644
-4318,2842,1476
-4306,2107,2199
-4298,1452,2846
-3906,519,3387
-3419,-470,3889
-2932,-1353,4285
-2215,-2136,4351
-1282,-2937,4219
-396,-3493,3889
445,-4013,3568
1402,-4368,2966
2289,-4607,2318
2965,-4483,1518
3667,-4207,540
4158,-3770,-388
4570,-3312,-1258
4772,-2668,-2104
4702,-1934,-2768
4512,-1023,-3489
4108,-49,-4059
3691,907,-4598
2937,1707,-4644
2178,2503,-4681
1299,3201,-4500
305,3654,-3959
-701,4162,-3461
-1493,4224,-2731
-2400,4335,-1935
-3122,4092,-970
-3671,3795,-124
-4186,3357,829
-4323,2710,1613
-4376,2054,2322
-4203,1097,3106
-3720,156,3564
-3287,-874,4161
-2565,-1724,4289
-1856,-2536,4392
-928,-3324,4252
82,-3856,3774
965,-4434,3469
1835,-4739,2904
2664,-4830,2166
3403,-4743,1340
4030,-4376,346
4533,-3931,-602
4912,-3366,-1546
5247,-2825,-2422
4987,-1843,-3144
4760,-928,-3832
4331,24,-4355
3613,981,-4594
2858,1885,-4743
1864,2602,-4466
957,3267,-4224
8,3906,-3914
-903,4339,-3436
-1876,4545,-2669
-2586,4042,-1456
-3246,3918,-672
-3951,3572,379
-4306,3052,1254
-4471,2355,2116
-4290,1592,2698
-4034,631,3403
-3630,-292,3922
-3007,-1353,4360
-2244,-2252,4496
-1464,-2974,4438
-457,-3572,4029
429,-4067,3638
1410,-4483,3073
2281,-4632,2351
3048,-4603,1555
3741,-4343,602
4384,-4013,-371
4978,-3724,-1254
5016,-2916,-2100
4797,-1942,-2855
4475,-940,-3535
3856,119,-3975
3423,1076,-4499
2792,1938,-4730
2062,2689,-4751
1109,3382,-4491
111,3815,-3926
-800,4327,-3527
-1716,4471,-2755
-2483,4162,-1679
-3159,3745,-586
-3658,3337,321
-4153,2854,1299
-4364,2272,2092
-4240,1435,2805
-4125,589,3536
-3687,-371,4058
-2920,-1324,4244
-2256,-2334,4590
-1439,-2949,4388
-453,-3625,4078
433,-4158,3725
1410,-4657,3247
2343,-5032,2689
3114,-4917,1803
3687,-4380,693
4265,-4001,-264
4702,-3452,-1250
4867,-2701,-2166
5036,-2058,-2978
5164,-1307,-3857
4818,-429,-4389
4030,552,-4582
3163,1534,-4697
2355,2334,-4689
1282,3114,-4396
115,3650,-3765
-684,4269,-3585
-1658,4529,-2871
-2454,4521,-2067
-3283,4248,-965
-3852,3844,8
-4475,3522,953
-4665,2838,1827
-4545,2025,2520
-4384,1122,3262
-4059,127,3932
-3539,-841,4380
-2899,-1773,4672
-2124,-2677,4801
-1097,-3473,4570
-90,-4067,4157
944,-4549,3605
1856,-4793,2937
2677,-4896,2219
3465,-4669,1204
4125,-4479,354
5073,-4562,-511
5337,-3778,-1559
5176,-2846,-2330
4888,-1872,-3016
4558,-804,-3754
4005,226,-4231
3403,1225,-4628
2734,2178,-4912
1703,2866,-4569
598,3465,-4063
-391,3918,-3527
-1381,4360,-2979
-2314,4636,-2322
-2961,4318,-1357
-3366,3572,-206
-3889,3064,825
-4339,2631,1708
-4261,1934,2327
-4215,1072,3143
-3852,57,3795
-3308,-936,4244
-2520,-1843,4363
-1823,-2652,4475
-763,-3337,4100
433,-3906,3473
1163,-4335,3172
2070,-4681,2611
2871,-4677,1806
3691,-4545,854
4195,-4108,-87
4628,-3551,-1077
4780,-2809,-1971
4970,-2140,-2830
4892,-1241,-3651
4240,-181,-4059
3642,763,-4405
2887,1678,-4565
2161,2561,-4722
1188,3304,-4492
61,3799,-3860
-800,4277,-3477
-1695,4471,-2776
-2479,4574,-2095
-3254,4261,-1007
-3852,3762,90
-4380,3361,1019
-4488,2578,1910
-4409,1860,2549
-4158,870,3288
-3795,-61,3856
-3308,-1056,4364
-2495,-2008,4503
-1777,-2879,4656
-833,-3460,4293
272,-4092,3820
1060,-4582,3522
2041,-4768,2727
2833,-4719,1886
3592,-4554,962
4430,-4665,235
5119,-4244,-875
4941,-3135,-1806
4871,-2297,-2574
4731,-1369,-3362
4389,-400,-3989
3877,627,-4504
3135,1485,-4620
2310,2293,-4603
1452,3040,-4492
466,3696,-4162
-631,4087,-3456
-1555,4232,-2677
-2425,4442,-2017
-3139,3980,-841
-3663,3390,273
-4125,2982,1143
-4508,2536,1972
-4446,1749,2697
-4240,779,3461
-3828,-119,3947
-3221,-1060,4281
-2582,-1980,4562
-1716,-2693,4409
-701,-3394,4095
259,-3960,3701
1113,-4405,3292
2062,-4554,2492
2875,-4504,1629
3493,-4149,656
4141,-3745,-396
4549,-3225,-1324
4760,-2536,-2224
4760,-1749,-3011
4516,-874,-3642
3988,107,-4095
3427,1018,-4445
2635,1868,-4503
1790,2619,-4409
866,3258,-4124
-123,3807,-3684
-1122,4059,-2937
-2025,4137,-2112
-2743,4092,-1349
-3477,3782,-305
-3997,3291,706
-4356,2842,1514
-4343,2124,2219
-4265,1357,2908
-3877,354,3523
-3366,-602,3968
-2718,-1555,4273
-2058,-2297,4355
-1023,-3044,4067
-74,-3568,3642
870,-4071,3201
1732,-4384,2652
2574,-4463,1889
3353,-4228,875
3898,-3931,33
4533,-3675,-858
4896,-3151,-1745
4900,-2396,-2504
4681,-1431,-3250
4314,-495,-3819
3898,420,-4318
3188,1328,-4516
2429,2186,-4615
1584,2945,-4529
589,3456,-4045
-424,4034,-3610
-1410,4323,-2913
-2293,4417,-2124
-3044,4372,-1328
-3625,3951,-326
-4294,3720,574
-4479,3019,1460
-4599,2371,2228
-4438,1497,2941
-4120,618,3502
-3638,-540,4178
-2990,-1377,4367
-2330,-2215,4545
-1357,-3044,4401
-375,-3704,4079
511,-4248,3737
1464,-4686,3222
2326,-4780,2454
3085,-4772,1687
3799,-4471,672
4389,-4017,-372
4756,-3411,-1345
5102,-2891,-2211
5049,-2157,-2892
4801,-1175,-3626
4405,-119,-4286
3819,796,-4615
3097,1720,-4817
2190,2516,-4706
1183,3283,-4466
111,3852,-3963
-701,4389,-3688
-1678,4661,-2983
-2413,4475,-2062
-3077,4013,-936
-3745,3671,74
-4224,3300,924
-4438,2569,1869
-4327,1835,2492
-4067,820,3247
-3663,-136,3799
-3139,-1122,4261
-2347,-2074,4421
-1551,-2825,4376
-540,-3465,4005
396,-3980,3584
1307,-4405,3098
2169,-4686,2517
2932,-4570,1638
3671,-4318,647
4343,-4021,-322
5098,-3980,-1118
5156,-3019,-2137
4863,-2120,-2743
4574,-1043,-3531
3997,-90,-3907
3531,886,-4417
2941,1823,-4764
2235,2528,-4763
1249,3279,-4528
74,3786,-3860
-746,4244,-3498
-1720,4488,-2768
-2470,4224,-1754
-3201,4005,-804
-3852,3580,272
-4273,3135,1138
-4512,2442,2070
-4434,1703,2731
-4285,763,3522
-3873,-202,4075
-3250,-1179,4429
-2466,-2037,4503
-1703,-2858,4561
-738,-3526,4264
301,-4059,3758
1212,-4545,3333
2087,-4826,2739
2949,-4826,1877
3617,-4537,920
4211,-4042,-169
4653,-3514,-1139
4945,-2838,-2107
5110,-2231,-2879
5395,-1575,-3820
5016,-598,-4418
4182,449,-4631
3361,1390,-4751
2615,2227,-4842
1567,3102,-4669
532,3658,-4190
-396,4224,-3828
-1464,4508,-3044
-2367,4644,-2277
-3110,4434,-1324
-3770,4079,-309
-4459,3720,739
-4743,3143,1600
-4739,2305,2434
-4516,1419,3097
-4182,433,3749
-3811,-528,4339
-3114,-1575,4689
-2400,-2442,4842
-1377,-3341,4718
-371,-3972,4343
552,-4475,3923
1621,-4834,3213
2549,-5011,2462
3370,-4933,1563
4261,-4764,503
5209,-5189,-20
5577,-4508,-1069
5432,-3411,-2021
5370,-2541,-2829
5036,-1414,-3622
4582,-358,-4224
4071,639,-4710
3419,1670,-5089
2615,2516,-5131
1584,3316,-4900
470,3865,-4335
-684,4471,-3787
-1563,4677,-3114
-2503,4912,-2409
-3209,4483,-1274
-3559,3588,-29
-4323,3308,1015
-4710,2833,1877
-4653,1992,2661
-4549,1126,3423
-4174,70,4104
-3559,-981,4540
-2743,-1918,4661
-1790,-2854,4644
-738,-3568,4306
433,-3988,3555
1282,-4541,3259
2124,-4851,2727
3036,-4752,1716
3737,-4587,850
4380,-4059,-321
4772,-3477,-1295
4937,-2780,-2157
5065,-2000,-3065
4900,-1027,-3873
4207,-33,-4174
3485,1018,-4503
2842,1885,-4727
1951,2656,-4607
952,3456,-4408
-119,4030,-3911
-1080,4244,-3164
-2087,4339,-2252
-2821,4294,-1473
-3489,3943,-454
-4145,3493,652
-4500,2875,1625
-4488,2153,2335
-4277,1241,3036
-3877,367,3510
-3407,-808,4215
-2664,-1831,4495
-1947,-2532,4479
-1068,-3271,4339
20,-3889,3869
886,-4302,3416
1831,-4529,2698
2706,-4582,1876
3432,-4492,1060
4409,-4636,227
5139,-4368,-771
4867,-3114,-1753
4859,-2334,-2525
4665,-1456,-3209
4335,-404,-3931
3811,606,-4417
3135,1410,-4545
2343,2355,-4698
1344,3114,-4458
437,3625,-4062
-614,4224,-3610
-1497,4467,-2970
-2355,4488,-2133
-3036,4166,-1130
-3432,3320,112
-3877,2842,1035
-4360,2491,1869
-4306,1612,2694
-4203,701,3502
-3675,-264,3939
-3118,-1200,4318
-2532,-2033,4565
-1716,-2689,4405
-721,-3370,4091
358,-3955,3597
1303,-4512,3209
2198,-4665,2467
2895,-4512,1617
3597,-4153,556
4248,-3778,-470
4615,-3180,-1435
4871,-2545,-2326
4780,-1749,-3031
4504,-853,-3651
3997,132,-4129
3361,1051,-4412
2685,1872,-4557
1777,2553,-4330
820,3291,-4111
-239,3836,-3597
-1192,3943,-2751
-2000,3902,-1902
-2854,3922,-1068
-3489,3679,-190
-4054,3246,808
-4376,2734,1642
-4376,2058,2318
-4269,1200,3069
-3790,218,3572
-3333,-726,4059
-2726,-1629,4355
-1955,-2437,4392
-981,-3172,4153
-28,-3671,3699
874,-4211,3337
1769,-4496,2727
2598,-4714,2116
3353,-4549,1196
3939,-4137,198
4508,-3774,-734
4760,-3069,-1691
4834,-2318,-2516
4562,-1390,-3172
4257,-495,-3762
3840,457,-4297
3172,1340,-4512
2421,2173,-4594
1538,2924,-4462
523,3440,-3963
-429,4087,-3658
-1406,4178,-2772
-2256,4228,-1972
-2928,4149,-1221
-3506,3799,-293
-4153,3440,713
-4244,2817,1427
-4409,2099,2310
-4145,1233,2912
-3687,222,3465
-3234,-783,4017
-2549,-1625,4174
-1815,-2417,4232
-816,-3168,3984
198,-3815,3617
1018,-4298,3280
1881,-4591,2710
2640,-4640,2000
3390,-4417,1027
3955,-4100,145
4467,-3638,-829
4822,-3102,-1720
5003,-2479,-2524
4747,-1530,-3217
4459,-544,-3915
3828,441,-4269
3168,1332,-4500
2359,2182,-4541
1480,2862,-4342
495,3568,-4063
-416,4050,-3634
-1233,4442,-3209
-2198,4467,-2269
-2809,4133,-1324
-3465,3745,-280
-4075,3370,705
-4356,2763,1593
-4413,2095,2318
-4252,1208,3044
-3865,276,3589
-3522,-672,4194
-2751,-1612,4363
-2070,-2433,4503
-1225,-3246,4471
-222,-3700,3922
721,-4257,3536
1571,-4681,3110
2466,-4727,2261
3163,-4624,1461
3807,-4290,483
4492,-4005,-487
5036,-3597,-1439
4962,-2751,-2211
4743,-1864,-2879
4401,-808,-3593
3873,140,-4013
3366,1076,-4442
2693,1963,-4656
1918,2763,-4681
932,3349,-4281
-41,3852,-3811
-1043,4331,-3288
-1934,4306,-2372
-2668,3964,-1296
-3320,3753,-433
-3865,3316,549
-4182,2792,1390
-4351,2091,2260
-4112,1328,2784
-3947,453,3494
-3378,-519,3897
-2776,-1394,4170
-2041,-2310,4351
-1163,-3069,4232
-173,-3576,3749
800,-4166,3366
1637,-4479,2842
2479,-4661,2182
3242,-4483,1241
3708,-4001,293
4240,-3481,-759
4516,-2846,-1670
4665,-2215,-2450
4673,-1505,-3168
4611,-668,-3943
3972,284,-4256
3155,1225,-4380
2470,2083,-4553
1493,2780,-4273
408,3287,-3695
-532,3889,-3357
-1431,4166,-2735
-2219,4257,-2038
-2986,4100,-1114
-3592,3630,-38
-4232,3337,895
-4397,2701,1696
-4294,1996,2298
-4112,1076,3036
-3836,206,3630
-3403,-783,4186
-2772,-1699,4471
-1996,-2512,4508
-1031,-3295,4326
-99,-3873,3972
841,-4294,3453
1765,-4632,2867
2582,-4731,2149
3341,-4582,1241
4116,-4529,413
5020,-4636,-384
5106,-3865,-1241
5061,-2842,-2219
4801,-1901,-2900
4591,-940,-3651
4013,94,-4107
3584,1018,-4602
2899,1938,-4837
2099,2784,-4883
1043,3361,-4404
94,3972,-4066
-862,4426,-3564
-1843,4698,-2855
-2611,4731,-2120
-3271,4318,-1047
-3646,3456,190
-4265,3151,1114
-4599,2627,1972
-4578,1881,2697
-4380,985,3395
-4021,-12,4033
-3460,-1064,4524
-2726,-1934,4660
-1843,-2701,4544
-891,-3432,4323
243,-4005,3762
1043,-4467,3424
2062,-4743,2681
2821,-4706,1885
3543,-4591,1048
4141,-4149,8
4673,-3667,-1006
4884,-2949,-1935
5016,-2272,-2744
4888,-1423,-3465
4376,-297,-4079
3716,647,-4363
2998,1546,-4544
2244,2384,-4628
1353,3229,-4582
301,3753,-4054
-643,4211,-3568
-1600,4318,-2718
-2425,4294,-1869
-3192,4129,-937
-3828,3687,141
-4347,3209,1138
-4496,2536,1960
-4335,1753,2582
-4026,812,3214
-3658,-99,3757
-3073,-1126,4199
-2371,-2054,4425
-1584,-2784,4368
-602,-3493,4095
367,-4021,3654
1270,-4446,3176
2124,-4566,2442
2974,-4558,1584
3749,-4459,710
4760,-4752,-8
5065,-4026,-1039
4855,-2970,-1885
4789,-2173,-2616
4632,-1196,-3436
4252,-152,-4100
3712,787,-4499
3036,1753,-4789
2194,2483,-4677
1299,3176,-4475
210,3869,-4079
-664,4389,-3725
-1600,4607,-3007
-2499,4677,-2178
-3188,4277,-1089
-3691,3518,173
-4059,2974,1085
-4512,2598,1914
-4607,1959,2648
-4318,961,3357
-4009,8,4001
-3361,-940,4301
-2763,-1876,4639
-1922,-2685,4607
-969,-3411,4380
78,-3980,3902
985,-4496,3511
1934,-4723,2789
2755,-4714,1959
3419,-4430,1011
4116,-4071,-45
4690,-3638,-1052
4954,-2986,-1968
5069,-2326,-2743
4945,-1394,-3551
4471,-412,-4059
3898,523,-4421
3283,1501,-4784
2483,2281,-4764
1476,3040,-4516
424,3712,-4136
-573,4191,-3618
-1584,4290,-2706
-2293,4182,-1889
-3180,4166,-986
-3815,3704,111
-4351,3349,1002
-4533,2668,1865
-4488,1967,2521
-4298,1113,3185
-3729,4,3725
-3279,-919,4198
-2520,-1827,4347
-1625,-2652,4277
-651,-3361,4012
408,-3819,3411
1163,-4269,3106
2178,-4508,2330
2945,-4521,1576
3584,-4129,545
4133,-3683,-450
4549,-3184,-1365
4822,-2536,-2286
4797,-1819,-2978
4450,-853,-3597
3997,140,-4137
3460,1035,-4495
2594,1942,-4536
1782,2664,-4446
812,3234,-4046
-181,3869,-3688
-1208,4026,-2818
-2021,4145,-2124
-2871,4112,-1241
-3481,3790,-309
-4108,3506,602
-4298,2846,1452
-4459,2169,2290
-4232,1299,2933
-3910,346,3564
-3378,-618,3996
-2726,-1563,4289
-1984,-2293,4277
-1060,-3106,4166
-140,-3613,3753
853,-4211,3358
1658,-4426,2768
2508,-4496,1988
3246,-4335,1089
3927,-4059,132
4409,-3601,-808
4954,-3139,-1815
5259,-2722,-2537
4966,-1711,-3255
4644,-750,-3894
4129,156,-4285
3378,1175,-4553
2623,1980,-4603
1617,2817,-4434
775,3432,-4207
-231,4030,-3799
-1089,4467,-3378
-2054,4677,-2623
-2776,4409,-1633
-3411,4166,-755
-4038,3654,384
-4376,3085,1291
-4450,2338,2112
-4244,1534,2710
-3988,577,3411
-3572,-383,3955
-2978,-1336,4314
-2260,-2277,4537
-1414,-2986,4400
-478,-3675,4153
387,-4129,3742
1468,-4595,3127
2293,-4789,2496
3122,-4690,1568
3877,-4500,623
4636,-4545,-91
5346,-4191,-1155
5218,-3213,-2005
4941,-2310,-2631
4653,-1196,-3457
4174,-193,-3981
3708,825,-4533
3027,1604,-4631
2371,2429,-4800
1377,3258,-4635
239,3704,-3943
-660,4096,-3436
-1662,4277,-2615
-2396,4170,-1774
-3168,4054,-886
-3757,3572,185
-4219,3135,1084
-4422,2487,1935
-4290,1641,2649
-4108,746,3362
-3696,-284,3980
-3110,-1175,4285
-2277,-2033,4310
-1505,-2883,4388
-536,-3526,4062
375,-4100,3725
1274,-4504,3230
2190,-4752,2562
2961,-4706,1745
3601,-4347,746
4170,-3869,-301
4570,-3209,-1361
4789,-2598,-2191
4937,-1922,-3015
5123,-1134,-3989
4954,-226,-4728
4050,763,-4813
3188,1670,-4858
2458,2516,-4974
1423,3349,-4772
375,3914,-4289
-647,4434,-3787
-1575,4789,-3214
-2413,4888,-2475
-3221,4657,-1436
-3795,4215,-420
-4570,3852,718
-4879,3312,1567
-4888,2545,2343
-4574,1522,3052
-4417,598,3819
-3976,-519,4495
-3415,-1485,4900
-2574,-2388,4962
-1782,-3316,5098
-750,-4116,4866
288,-4640,4352
1179,-4970,3791
2173,-5247,3074
3106,-5284,2178
3894,-5073,1179
4710,-4978,268
5581,-5007,-574
5742,-4112,-1630
5667,-3114,-2553
5461,-2095,-3366
5201,-1130,-4071
4620,49,-4669
4108,1018,-5126
3324,2083,-5407
2475,2899,-5374
1307,3737,-5044
20,4269,-4289
-886,4710,-3824
-1942,5160,-3218
-2895,5251,-2356
-3757,4921,-1164
-4203,4224,-21
-4838,3795,1043
-5214,3221,1993
-5214,2343,2871
-5086,1381,3705
-4677,309,4368
-4145,-882,5027
-3341,-1839,5180
-2466,-2825,5291
-1381,-3741,5122
-243,-4372,4615
820,-4912,4092
1909,-5346,3437
2805,-5581,2776
3741,-5370,1629
4492,-5185,693
5057,-4541,-516
5465,-3951,-1514
5667,-3044,-2623
5605,-2231,-3374
5300,-1101,-4199
4628,86,-4714
3976,1155,-5131
3130,2178,-5308
2103,3089,-5192
1105,3881,-4986
-82,4529,-4447
-1262,4632,-3370
-2157,4731,-2574
-3192,4830,-1638
-3894,4438,-544
-4566,3972,594
-4970,3312,1658
-4954,2487,2467
-4669,1373,3296
-4360,387,3973
-3889,-688,4577
-3073,-1901,4974
-2223,-2788,5011
-1200,-3634,4834
-136,-4257,4393
928,-4879,3951
1959,-5016,3057
2916,-5168,2252
3770,-4958,1188
4582,-4842,260
5445,-4574,-871
5445,-3502,-1943
5362,-2640,-2722
5160,-1534,-3626
4846,-445,-4401
4343,585,-4928
3555,1559,-5114
2722,2549,-5271
1674,3353,-5027
660,4046,-4706
-482,4702,-4220
-1534,5032,-3498
-2536,5201,-2665
-3465,4908,-1443
-3988,4240,-252
-4467,3531,936
-4929,3023,1906
-5234,2380,2854
-5020,1340,3680
-4710,383,4327
-4125,-792,4917
-3403,-1769,5172
-2549,-2796,5345
-1452,-3543,4995
-330,-4261,4591
721,-4925,4204
1769,-5337,3568
2788,-5461,2673
3605,-5259,1654
4285,-4871,586
5049,-4500,-549
5449,-3881,-1568
5692,-3023,-2669
5506,-2132,-3374
5115,-895,-4220
4566,132,-4698
3889,1179,-5068
3122,2132,-5254
2004,3027,-5031
899,3828,-4727
-288,4438,-4150
-1377,4648,-3271
-2404,4723,-2319
-3283,4776,-1493
-4067,4368,-301
-4665,3795,870
-5011,3254,1757
-4978,2347,2631
-4830,1443,3387
-4351,379,3972
-3790,-759,4549
-3044,-1823,4867
-2124,-2763,4887
-936,-3609,4545
156,-4162,4006
1093,-4665,3572
2120,-4978,2858
3044,-4908,1864
3877,-4636,759
4417,-4149,-268
4921,-3621,-1300
5106,-2833,-2273
5098,-2037,-3061
4764,-952,-3812
4380,103,-4483
3898,1051,-4949
3019,2041,-5060
2145,2920,-5065
1056,3691,-4747
-74,4248,-4174
-1150,4681,-3531
-2112,4842,-2730
-3064,4789,-1725
-3667,4422,-755
-4455,4067,388
-4793,3394,1399
-4929,2673,2256
-4731,1724,3007
-4413,680,3733
-3906,-490,4396
-3188,-1485,4673
-2400,-2367,4767
-1386,-3258,4644
-313,-3931,4244
746,-4525,3779
1736,-4925,3189
2602,-4991,2389
3432,-4879,1447
4170,-4578,408
4826,-4079,-747
5226,-3642,-1584
5704,-3023,-2681
5457,-2095,-3362
4999,-936,-4063
4525,107,-4632
3778,1105,-4883
2941,2103,-5044
1934,2920,-4854
895,3737,-4632
-198,4380,-4182
-1221,4842,-3621
-2202,5073,-2871
-3106,4921,-1815
-3848,4562,-714
-4492,4092,400
-4884,3572,1312
-5028,2706,2322
-4892,1831,3061
-4533,754,3779
-4079,-288,4367
-3440,-1357,4797
-2615,-2338,4953
-1695,-3221,4916
-618,-3873,4491
375,-4529,4154
1406,-4999,3593
2475,-5164,2689
3320,-5131,1811
4067,-4846,779
4842,-4611,-231
5684,-4376,-1308
5655,-3506,-2149
5383,-2495,-2888
5197,-1353,-3844
4603,-243,-4360
4075,820,-4895
3460,1897,-5357
2677,2755,-5432
1617,3621,-5238
499,4224,-4723
-573,4793,-4220
-1604,5185,-3581
-2578,5082,-2504
-3370,4719,-1349
-3939,4203,-264
-4558,3638,920
-4826,3007,1819
-4917,2145,2772
-4752,1084,3668
-4475,144,4331
-3762,-961,4723
-2965,-1988,4953
-2112,-2842,4954
-1117,-3700,4817
8,-4372,4364
1089,-4855,3766
2116,-5189,3073
2982,-5214,2232
3795,-4958,1163
4413,-4471,58
5016,-3902,-1114
5238,-3151,-2087
5238,-2326,-2912
5362,-1522,-3840
5271,-585,-4686
4488,532,-5020
3551,1530,-5081
2574,2413,-4987
1522,3349,-4871
243,3795,-4038
-796,4426,-3630
-1905,4727,-2822
-2697,4727,-2030
-3576,4488,-912
-4257,4059,198
-4912,3654,1258
-4974,2850,2124
-4809,1922,2887
-4582,928,3654
-4129,-156,4285
-3543,-1167,4710
-2714,-2178,4892
-1782,-2970,4752
-664,-3766,4430
383,-4364,3981
1369,-4760,3391
2359,-4950,2591
3275,-4818,1543
4017,-4459,442
4838,-4351,-487
5581,-4203,-1378
5560,-3184,-2376
5374,-2194,-3180
4983,-1093,-3890
4397,16,-4413
3885,1068,-4953
3130,2074,-5204
2190,2982,-5172
1109,3675,-4784
-20,4290,-4270
-1023,4785,-3762
-2132,5131,-2999
-3015,5131,-2116
-3753,4764,-1011
-4269,4133,136
-4851,3630,1221
-5028,2871,2157
-4917,1996,2921
-4842,1035,3807
-4306,-70,4376
-3745,-1171,4916
-2891,-2153,5044
-1980,-3093,5073
-957,-3906,4863
416,-4467,4051
1254,-5053,3799
2223,-5523,3300
3250,-5688,2438
4071,-5453,1382
4644,-4991,347
5156,-4376,-780
5531,-3646,-1885
5655,-2821,-2834
5638,-1864,-3774
5242,-812,-4430
4624,330,-4954
3906,1270,-5176
3048,2429,-5477
2087,3341,-5428
1010,4075,-5085
-94,4657,-4563
-1262,4851,-3589
-2260,4908,-2648
-3188,4917,-1729
-3935,4558,-623
-4628,4100,528
-5020,3535,1485
-5143,2590,2553
-4917,1584,3333
-4591,561,4030
-4079,-577,4656
-3333,-1645,4978
-2466,-2635,5101
-1526,-3427,4953
-429,-4158,4587
643,-4743,4100
1777,-5077,3300
2697,-5168,2471
3526,-5090,1564
4372,-4867,495
5164,-4471,-693
5486,-3737,-1749
5515,-2800,-2715
5325,-1802,-3523
5024,-709,-4315
4549,342,-4891
3844,1357,-5201
2998,2338,-5336
1971,3209,-5180
866,4009,-4875
-160,4620,-4460
-1336,5040,-3704
-2334,5242,-2908
-3279,5036,-1757
-3918,4405,-487
-4512,3811,701
-4904,3258,1646
-5193,2541,2652
-5024,1596,3428
-4714,548,4166
-4141,-573,4714
-3485,-1600,5085
-2631,-2668,5299
-1522,-3390,4912
-387,-4219,4606
577,-4842,4265
1695,-5267,3572
2722,-5407,2685
3576,-5292,1716
4298,-4851,553
5061,-4467,-594
5515,-3898,-1617
5676,-3019,-2657
5622,-2161,-3461
5234,-998,-4236
4661,53,-4714
4038,1159,-5197
3238,2140,-5378
2244,3060,-5304
1122,3889,-5011
-119,4545,-4426
-1138,4855,-3717
-2186,4756,-2570
-2965,4706,-1741
-3976,4500,-524
-4562,3885,677
-4999,3465,1534
-5065,2536,2529
-5044,1662,3382
-4570,503,4067
-3997,-552,4549
-3324,-1695,5019
-2470,-2598,5068
-1295,-3535,4830
-231,-4207,4438
787,-4752,3965
1823,-5115,3292
2854,-5247,2393
3700,-5057,1357
4376,-4615,239
5024,-4228,-796
5366,-3436,-1930
5473,-2660,-2813
5263,-1658,-3605
4801,-573,-4228
4413,507,-4920
3613,1534,-5147
2755,2446,-5201
1749,3304,-5053
627,3935,-4562
-519,4599,-4080
-1645,4653,-3008
-2549,4640,-2091
-3485,4603,-1118
-4153,4257,-104
-4851,3832,1019
-4937,3064,1873
-5003,2248,2755
-4760,1204,3556
-4306,99,4207
-3704,-998,4702
-2891,-1975,4866
-1980,-2908,4888
-932,-3683,4615
297,-4323,4026
1150,-4797,3647
2161,-5044,2883
3114,-5069,1955
3922,-4772,850
4537,-4331,-206
5077,-3795,-1282
5577,-3415,-2162
5758,-2598,-3160
5337,-1452,-3885
4954,-445,-4509
4273,693,-4966
3423,1683,-5106
2545,2619,-5164
1365,3370,-4735
321,4071,-4392
-734,4611,-3877
-1765,5049,-3284
-2615,4912,-2297
-3419,4393,-974
-4178,4149,29
-4677,3617,1060
-4921,2895,2026
-4805,2091,2714
-4591,998,3593
-4186,-61,4247
-3551,-1221,4772
-2755,-2215,4970
-1897,-3048,4945
-849,-3811,4660
325,-4455,4130
1278,-4958,3680
2244,-5304,3060
3176,-5251,2075
4026,-5189,1163
4789,-4842,53
5399,-4541,-858
5659,-3720,-1939
5482,-2743,-2739
5321,-1728,-3593
4830,-507,-4323
4252,544,-4796
3630,1530,-5160
2866,2508,-5374
1864,3378,-5242
759,4050,-4809
-321,4607,-4286
-1419,4974,-3555
-2413,5049,-2636
-3300,4698,-1398
-4026,4351,-325
-4665,3807,858
-5032,3254,1778
-5127,2396,2731
-4991,1435,3556
-4756,449,4307
-4145,-668,4813
-3333,-1724,5057
-2516,-2685,5201
-1559,-3588,5147
-437,-4265,4702
552,-4797,4245
1666,-5230,3564
2689,-5412,2723
3580,-5284,1704
4261,-4818,557
4925,-4331,-594
5300,-3601,-1699
5453,-2776,-2677
5618,-2070,-3548
5585,-1216,-4369
5086,-99,-4987
4178,1018,-5196
3176,1967,-5143
2227,2887,-5114
903,3630,-4533
-247,4129,-3882
-1270,4723,-3453
-2293,4941,-2648
-3159,4789,-1630
-3939,4364,-425
-4603,3914,689
-5007,3399,1608
-4954,2479,2475
-4681,1497,3184
-4405,449,3956
-3914,-598,4512
-3147,-1695,4842
-2367,-2627,4994
-1249,-3465,4714
-148,-4133,4281
969,-4624,3655
1914,-4941,3027
2895,-4983,2088
3716,-4772,1056
4434,-4558,124
5370,-4463,-907
5610,-3753,-1857
5399,-2701,-2698
4995,-1612,-3383
4632,-511,-4121
3984,622,-4606
3262,1670,-4932
2512,2611,-5123
1377,3328,-4705
99,3997,-4096
-820,4516,-3696
-1959,4908,-2949
-2767,4987,-2220
-3559,4644,-1085
-4075,4009,66
-4661,3555,1106
-4917,2800,2117
-4842,2037,2805
-4710,1047,3663
-4219,-99,4318
-3654,-1150,4804
-2833,-2132,4965
-1897,-3036,4933
-845,-3757,4602
354,-4409,4055
1262,-4904,3642
2260,-5412,3152
3168,-5614,2446
3976,-5259,1283
4595,-4785,190
5156,-4224,-932
5461,-3460,-2001
5572,-2718,-2854
5659,-1835,-3824
5214,-684,-4530
4504,420,-4924
3774,1464,-5238
2945,2404,-5349
1905,3300,-5205
952,4112,-5064
-160,4702,-4542
-1332,5028,-3696
-2297,5185,-2888
-3271,5077,-1806
-4017,4776,-759
-4739,4290,449
-5176,3658,1518
-5284,2875,2409
-5127,1897,3230
-4785,804,3981
-4290,-292,4582
-3572,-1452,5024
-2776,-2442,5218
-1823,-3267,5090
-734,-4042,4776
433,-4669,4236
1398,-5106,3708
2442,-5308,2866
3390,-5168,1778
4182,-4954,772
4917,-4574,-343
5370,-3939,-1431
5449,-3052,-2397
5379,-2083,-3296
5098,-1064,-4034
4558,94,-4652
3947,1117,-5064
3126,2128,-5254
2173,2957,-5130
1068,3778,-4846
-70,4422,-4352
-1159,4723,-3564
-2223,4958,-2735
-3159,4752,-1593
-3815,4236,-421
-4360,3592,768
-4756,3159,1597
-5028,2454,2574
-4838,1423,3415
-4512,429,4083
-4021,-705,4726
-3275,-1687,4962
-2446,-2635,5081
-1348,-3399,4747
-193,-4141,4334
771,-4752,3981
1868,-5156,3288
2763,-5197,2434
3663,-4962,1299
4310,-4504,194
5016,-4162,-854
5379,-3489,-1890
5737,-2842,-2895
5663,-1860,-3803
5201,-796,-4405
4582,317,-4899
3898,1406,-5304
3031,2326,-5357
2004,3180,-5184
924,3922,-4846
-231,4541,-4310
-1254,4879,-3625
-2355,4797,-2442
-3176,4686,-1510
-4059,4516,-457
-4735,3964,771
-5181,3456,1725
-5251,2623,2628
-5168,1678,3490
-4760,643,4117
-4211,-544,4755
-3547,-1530,5077
-2693,-2536,5229
-1629,-3333,4962
-544,-4087,4631
466,-4591,4125
1534,-5024,3490
2569,-5209,2640
3514,-5057,1543
4219,-4686,467
4863,-4129,-734
5255,-3436,-1819
5350,-2623,-2727
5317,-1674,-3643
5024,-713,-4311
4694,280,-4974
4071,1377,-5448
3036,2252,-5288
2091,3011,-5102
895,3778,-4673
-115,4343,-4228
-1419,4339,-2920
-2305,4397,-2092
-3304,4591,-1287
-4034,4273,-239
-4813,3927,886
-4978,3126,1852
-5057,2355,2702
-4793,1332,3461
-4389,206,4183
-3832,-816,4648
-2982,-1831,4813
-2149,-2673,4822
-1117,-3502,4619
37,-4129,4092
1060,-4706,3646
2029,-4958,2929
2941,-4954,2013
3741,-4702,961
4368,-4261,-107
4921,-3654,-1267
5292,-2982,-2310
5358,-2256,-3102
5329,-1291,-4038
5020,-305,-4715
4158,833,-4991
3229,1732,-4961
2355,2648,-5003
1274,3432,-4706
82,4071,-4153
-792,4566,-3774
-1905,4846,-2941
-2664,4516,-1852
-3407,4191,-784
-4281,3935,346
-4764,3469,1295
-4958,2656,2302
-4846,1810,3036
-4607,808,3799
-4145,-243,4388
-3493,-1320,4813
-2652,-2310,4962
-1864,-3201,5065
-812,-3848,4660
309,-4318,4009
1171,-4830,3659
2231,-4995,2764
3073,-4978,1905
3931,-4661,730
4558,-4211,-347
5172,-3844,-1328
5428,-3073,-2355
5403,-2235,-3168
5251,-1266,-3985
4636,-45,-4591
4153,948,-5101
3510,1914,-5424
2710,2833,-5543
1650,3502,-5152
457,4087,-4544
-544,4611,-4067
-1608,4884,-3276
-2553,4615,-2062
-3304,4327,-1023
-4071,3964,107
-4710,3522,1188
-5024,2846,2178
-5016,2050,2966
-4900,1043,3857
-4508,127,4381
-3873,-1031,4904
-3048,-1980,5028
-2206,-2875,5081
-1159,-3667,4826
-24,-4343,4367
928,-4842,3914
2000,-5201,3201
2957,-5284,2327
3774,-5098,1324
4318,-4620,302
4970,-4067,-903
5337,-3291,-2046
5539,-2619,-2920
5874,-1996,-3878
5651,-1010,-4641
4809,189,-4998
3889,1179,-5068
3007,2173,-5180
1881,3106,-4987
672,3551,-4223
-433,4207,-3774
-1452,4785,-3333
-2413,4842,-2429
-3345,4690,-1345
-4001,4376,-375
-4785,3955,830
-5069,3324,1745
-5032,2371,2661
-4859,1485,3374
-4537,412,4125
-4050,-713,4763
-3283,-1749,5032
-2413,-2660,5073
-1439,-3522,4961
-288,-4141,4429
721,-4632,3911
1782,-4929,3147
2739,-5082,2343
3543,-4884,1341
4364,-4558,194
5094,-4306,-788
5684,-3778,-1906
5721,-2924,-2797
5333,-1736,-3597
5028,-792,-4236
4426,297,-4723
3712,1464,-5176
2957,2355,-5312
1951,3196,-5147
849,3774,-4623
-214,4459,-4245
-1270,4797,-3527
-2355,5077,-2722
-3168,4809,-1641
-3646,3840,-194
-4459,3473,986
-5007,3027,1980
-4970,2318,2652
-4900,1381,3519
-4607,350,4257
-4079,-759,4838
-3271,-1876,5147
-2421,-2718,5139
-1419,-3526,4945
-111,-4257,4368
816,-4719,3903
1806,-5197,3391
2755,-5300,2545
3790,-5143,1353
4463,-4780,317
5057,-4323,-734
5374,-3687,-1687
5610,-2871,-2739
5791,-2206,-3585
5346,-895,-4451
4591,255,-4846
3869,1254,-5123
3027,2132,-5159
2062,3192,-5254
1076,3869,-4945
-123,4591,-4468
-1175,4809,-3634
-2264,4859,-2595
-3110,4917,-1807
-3955,4492,-537
-4731,4067,664
-5139,3481,1658
-5267,2619,2648
-5073,1753,3320
-4747,709,4038
-4298,-486,4784
-3617,-1513,5130
-2734,-2454,5188
-1901,-3341,5242
-750,-4063,4813
408,-4673,4265
1369,-5086,3717
2483,-5242,2759
3262,-5218,1956
4158,-4978,820
4912,-4558,-354
5358,-3902,-1456
5494,-3085,-2409
5416,-2198,-3218
5115,-907,-4208
4653,-8,-4645
4079,1109,-5188
3221,2099,-5320
2074,2994,-5068
1229,3675,-4904
-16,4368,-4352
-1122,4793,-3671
-2194,4855,-2661
-2928,4727,-1799
-3683,4083,-400
-4248,3601,647
-4768,3126,1642
-5127,2495,2632
-4908,1530,3378
-4673,391,4282
-4059,-693,4752
-3427,-1633,5060
-2561,-2648,5209
-1625,-3279,4904
-519,-4092,4611
668,-4686,4018
1687,-5036,3349
2660,-5119,2459
3489,-4921,1432
4186,-4492,306
4896,-4026,-870
5251,-3312,-1939
5432,-2611,-2821
5535,-1806,-3729
5230,-705,-4525
4537,424,-4961
3815,1398,-5213
2974,2351,-5325
1922,3163,-5085
882,3906,-4788
-214,4541,-4327
-1365,4768,-3403
-2297,4644,-2347
-3242,4665,-1423
-4092,4393,-301
-4768,3951,817
-5214,3473,1741
-5271,2574,2697
-5251,1662,3589
-4801,606,4195
-4236,-536,4772
-3576,-1596,5172
-2759,-2549,5308
-1744,-3403,5147
-635,-4104,4739
466,-4714,4248
1501,-5098,3597
2503,-5354,2851
3473,-5329,1856
4265,-4991,726
4842,-4479,-363
5358,-3865,-1493
5605,-3052,-2553
5548,-2140,-3408
5280,-1159,-4121
4789,-61,-4728
4294,1014,-5308
3349,1975,-5324
2396,2850,-5246
1315,3654,-4969
-53,4228,-4175
-1097,4438,-3341
-2198,4500,-2302
-3176,4904,-1728
-3955,4578,-623
-4776,4318,458
-5119,3650,1469
-5284,2772,2512
-5061,1872,3189
-4822,816,4006
-4285,-321,4606
-3547,-1394,4941
-2677,-2338,5015
-1716,-3168,4884
-606,-3951,4557
466,-4549,4083
1501,-4937,3436
2483,-5040,2557
3407,-4929,1522
4112,-4611,499
4714,-4050,-664
5164,-3271,-1893
5329,-2520,-2809
5164,-1559,-3605
5086,-717,-4369
4582,375,-4957
3638,1398,-5036
2792,2322,-5114
1707,3159,-4866
647,3881,-4528
-391,4450,-4059
-1431,4867,-3436
-2400,4805,-2405
-3126,4343,-1217
-4005,4129,-124
-4690,3716,974
-5069,3064,2005
-5044,2285,2759
-4941,1192,3749
-4591,193,4398
-4162,-866,5028
-3477,-1914,5391
-2895,-2970,5865
-2017,-3815,5832
-705,-4475,5180
387,-4950,4563
1386,-5478,4092
2421,-5634,3213
3378,-5605,2227
4281,-5449,1168
5007,-5106,99
5820,-4917,-903
6183,-4186,-1997
6084,-3184,-2900
5907,-2128,-3779
5482,-886,-4596
4917,235,-5152
4401,1270,-5671
3489,2289,-5778
2648,3242,-5890
1435,4125,-5560
165,4731,-4896
-878,5280,-4402
-2054,5511,-3457
-3056,5358,-2302
-4034,5234,-1200
-4764,4772,-8
-5403,4281,1122
-5733,3489,2244
-5795,2644,3151
-5585,1501,4084
-5308,408,4900
-4636,-709,5345
-3675,-1872,5547
-2916,-2854,5770
-1757,-3790,5547
-528,-4582,5110
532,-5267,4735
1736,-5746,4010
2846,-5836,2990
3774,-5783,2009
4599,-5300,701
5329,-4797,-532
5799,-4030,-1769
6006,-3159,-2847
6043,-2227,-3816
6228,-1402,-4826
5832,-309,-5523
4879,907,-5786
3840,2037,-5877
2920,2961,-5881
1522,3943,-5465
99,4566,-4665
-948,5061,-4113
-2161,5424,-3263
-3192,5412,-2220
-4116,5172,-1056
-4884,4735,149
-5622,4236,1386
-5758,3320,2438
-5572,2297,3275
-5399,1155,4244
-4925,16,4909
-4252,-1188,5440
-3394,-2343,5737
-2281,-3312,5593
-1150,-4186,5336
82,-4900,4818
1192,-5403,4211
2376,-5684,3308
3469,-5634,2165
4323,-5313,990
5110,-4999,-111
5787,-4384,-1403
6080,-3658,-2422
6179,-2755,-3424
5820,-1530,-4290
5300,-243,-5057
4541,886,-5427
3832,1975,-5807
2813,3048,-5861
1621,3902,-5523
358,4545,-4903
-833,5152,-4319
-2033,5407,-3374
-3077,5511,-2434
-4001,5020,-1019
-4578,4236,342
-5395,3910,1485
-5651,3085,2566
-5577,2091,3486
-5399,1039,4360
-4884,-173,5057
-4219,-1295,5514
-3201,-2442,5643
-2178,-3267,5445
-911,-4125,5036
490,-4764,4274
1456,-5259,3803
2598,-5560,2962
3564,-5445,1881
4459,-5110,651
5193,-4578,-615
5601,-3856,-1745
5762,-2928,-2834
5944,-2050,-3894
5754,-948,-4806
5003,231,-5234
4199,1328,-5527
3155,2499,-5654
2252,3378,-5630
1018,4257,-5275
-152,4900,-4748
-1328,5135,-3807
-2470,5205,-2735
-3489,5176,-1687
-4290,4714,-424
-5102,4331,771
-5494,3621,1873
-5638,2677,2961
-5387,1617,3770
-5069,478,4591
-4549,-721,5270
-3712,-1901,5613
-2891,-2887,5778
-2025,-3856,5881
-742,-4591,5333
404,-5201,4797
1567,-5511,3944
2615,-5647,3032
3687,-5655,1968
4549,-5362,813
5428,-4995,-433
5911,-4331,-1580
6100,-3349,-2751
6059,-2392,-3667
5808,-1241,-4567
5379,-90,-5289
4780,1060,-5840
3856,2124,-5980
2809,3093,-5902
1551,3972,-5523
424,4719,-5143
-808,5275,-4467
-1951,5502,-3551
-3069,5403,-2334
-3968,4962,-994
-4702,4434,268
-5284,3873,1411
-5746,3180,2566
-5680,2227,3453
-5465,1051,4414
-5098,-94,5192
-4298,-1237,5535
-3539,-2338,5877
-2433,-3275,5708
-1254,-4137,5391
-8,-4789,4797
1196,-5399,4203
2338,-5717,3379
3295,-5548,2253
4170,-5172,1002
4987,-4780,-207
5568,-4158,-1410
5886,-3196,-2690
5869,-2326,-3543
5758,-1216,-4542
5251,-53,-5198
4578,1064,-5642
3700,2140,-5840
2648,3023,-5671
1480,3993,-5473
78,4657,-4735
-998,5197,-4199
-2173,5016,-2843
-3081,5065,-1984
-4215,5040,-825
-5011,4422,589
-5643,3918,1725
-5779,3097,2682
-5770,2169,3601
-5527,1051,4476
-4818,-268,5086
-4219,-1377,5596
-3271,-2475,5746
-2268,-3427,5695
-1056,-4310,5366
189,-4954,4765
1249,-5453,4204
2466,-5824,3358
3518,-5770,2252
4516,-5544,1028
5185,-5003,-182
5750,-4351,-1399
6026,-3531,-2495
6224,-2809,-3415
6138,-1666,-4472
5581,-482,-5099
5094,726,-5820
4120,1815,-5935
3163,2821,-5984
1909,3737,-5646
627,4409,-5036
-693,5073,-4380
-1889,4929,-3040
-2945,5308,-2363
-4079,5230,-1151
-4884,4892,-8
-5552,4368,1184
-5733,3444,2289
-5709,2569,3140
-5498,1348,4150
-4999,66,4933
-4248,-1146,5394
-3341,-2235,5576
-2442,-3221,5663
-1163,-4170,5333
37,-4834,4797
1208,-5412,4204
2264,-5725,3461
3378,-5742,2364
4166,-5494,1328
4950,-4871,-79
5585,-4294,-1291
5935,-3489,-2446
5927,-2569,-3358
5783,-1476,-4307
5478,-354,-5124
4760,825,-5585
3708,1852,-5560
2689,2945,-5634
1414,3852,-5266
148,4525,-4673
-849,5156,-4307
-2116,5428,-3312
-2970,4962,-1992
-3910,4628,-718
-4884,4471,413
-5432,3898,1534
-5605,2937,2668
-5440,1984,3456
-5135,800,4335
-4607,-379,4986
-3848,-1567,5415
-2937,-2611,5548
-1980,-3564,5544
-775,-4290,5065
354,-4879,4525
1546,-5407,3861
2623,-5581,2958
3576,-5399,1823
4496,-5098,602
5255,-4615,-640
5676,-3939,-1737
5919,-3110,-2809
5832,-2054,-3778
5519,-878,-4641
4793,272,-5065
4174,1369,-5543
3275,2536,-5811
2371,3378,-5749
1101,4120,-5221
-107,4706,-4599
-1179,5189,-4010
-2338,5102,-2764
-3345,4859,-1514
-4178,4529,-351
-4933,4034,899
-5374,3481,1893
-5449,2524,2925
-5354,1460,3894
-5098,371,4727
-4434,-775,5209
-3638,-1897,5535
-2693,-2895,5588
-1662,-3803,5465
-424,-4525,4949
569,-5127,4558
1777,-5618,3841
2833,-5737,2904
3807,-5531,1724
4549,-5057,508
5230,-4644,-586
5630,-3762,-1868
5878,-2953,-2925
5935,-2099,-3836
5989,-1146,-4843
5445,-4,-5441
4504,1155,-5659
3436,2223,-5659
2384,3180,-5564
1146,4054,-5200
-152,4768,-4616
-1200,5148,-3948
-2384,5354,-2970
-3337,5271,-1934
-4339,5110,-771
-5139,4644,495
-5671,4059,1612
-5828,3139,2689
-5696,2140,3556
-5362,961,4401
-4962,-177,5139
-4244,-1348,5592
-3366,-2437,5803
-2384,-3436,5820
-1188,-4331,5519
-53,-4978,5031
1142,-5424,4282
2314,-5729,3415
3386,-5725,2339
4331,-5461,1130
5135,-5131,-4
5824,-4669,-1155
6257,-3951,-2306
6315,-2978,-3337
5948,-1786,-4162
5527,-581,-4946
4743,639,-5382
4013,1749,-5762
3114,2763,-5877
1860,3658,-5518
594,4298,-4892
-775,4719,-3944
-1889,5255,-3366
-3007,5436,-2429
-3881,5082,-1201
-4512,4331,181
-5313,3984,1329
-5597,3225,2372
-5523,2223,3300
-5341,1080,4261
-4793,-78,4871
-4129,-1295,5424
-3176,-2343,5519
-2182,-3225,5407
-907,-4092,4999
462,-4710,4248
1431,-5300,3869
2607,-5564,2957
3531,-5482,1951
4368,-5168,800
5086,-4628,-458
5527,-3910,-1617
5700,-3015,-2685
5791,-2103,-3688
5577,-965,-4612
4764,218,-4982
4026,1332,-5358
3114,2392,-5506
2013,3333,-5346
957,4215,-5172
-222,4780,-4558
-1390,5164,-3774
-2553,5292,-2739
-3514,5238,-1724
-4285,4793,-508
-5069,4323,746
-5453,3613,1840
-5527,2714,2813
-5358,1608,3750
-4921,478,4443
-4492,-639,5131
-3704,-1827,5531
-2730,-2904,5634
-2004,-3881,5885
-635,-4587,5222
445,-5110,4665
1600,-5482,3882
2677,-5721,3044
3630,-5568,1938
4574,-5288,714
5428,-4954,-474
5919,-4273,-1646
6055,-3390,-2665
6129,-2470,-3659
5841,-1303,-4538
5362,-148,-5214
4797,1056,-5853
3898,2079,-5977
2879,3027,-5906
1749,3898,-5647
503,4710,-5213
-664,5333,-4669
-1843,5585,-3742
-2945,5651,-2706
-3939,5267,-1328
-4653,4694,-41
-5321,4145,1176
-5812,3535,2277
-5960,2668,3292
-5692,1513,4179
-5358,396,4962
-4747,-804,5551
-3927,-1926,5853
-2945,-2904,5849
-1765,-3856,5621
-569,-4595,5164
622,-5284,4662
1868,-5770,3902
2941,-5845,2904
3910,-5622,1712
4706,-5181,475
5449,-4657,-792
5886,-3869,-2017
6051,-2978,-3073
5911,-1926,-3985
5605,-771,-4834
4937,387,-5324
4162,1567,-5729
3254,2528,-5782
2140,3518,-5658
878,4343,-5221
-346,4933,-4587
-1666,5053,-3387
-2664,5011,-2347
-3803,5156,-1353
-4714,4818,-104
-5440,4281,1159
-5795,3572,2223
-5795,2635,3160
-5663,1629,4034
-5098,325,4773
-4562,-829,5391
-3663,-2029,5692
-2706,-2986,5692
-1555,-3968,5523
-239,-4677,4916
924,-5296,4372
2004,-5651,3647
3118,-5721,2603
4100,-5589,1489
4945,-5115,170
5560,-4525,-1035
5948,-3704,-2244
6158,-2937,-3221
6228,-2000,-4228
5845,-738,-5107
5259,367,-5626
4442,1559,-6001
3415,2648,-6063
2264,3580,-5844
1043,4331,-5374
-193,5036,-4843
-1501,5407,-3906
-2594,5461,-2867
-3741,5552,-1811
-4545,5185,-640
-5494,4785,709
-5812,3951,1861
-5931,3122,2809
-5849,2058,3791
-5453,940,4513
-4863,-363,5226
-4059,-1617,5676
-3060,-2648,5708
-2054,-3597,5651
-783,-4483,5266
449,-5119,4670
1584,-5663,4079
2693,-5779,3086
3724,-5676,1952
4607,-5251,644
5354,-4747,-607
5816,-4030,-1786
6059,-3143,-2916
5948,-2033,-3915
5869,-1023,-4846
5473,156,-5629
4525,1328,-5853
3498,2347,-5845
2293,3382,-5675
1076,4174,-5250
-165,4879,-4714
-1266,5267,-4001
-2475,5193,-2718
-3283,4591,-1308
-4442,4669,-227
-5280,4269,1011
-5548,3456,2092
-5659,2598,3061
-5321,1394,3927
-4954,218,4736
-4351,-957,5308
-3448,-2157,5605
-2648,-3110,5758
-1414,-4050,5464
-173,-4681,4854
915,-5247,4332
2029,-5527,3498
3102,-5420,2318
4079,-5337,1258
4875,-4826,-49
5453,-4318,-1135
5758,-3407,-2351
5783,-2450,-3333
5486,-1167,-4319
4958,-12,-4946
4389,1188,-5577
3617,2244,-5861
2883,3172,-6055
1538,4001,-5539
247,4471,-4718
-829,5049,-4220
-2000,5296,-3296
-2970,5123,-2153
-3910,4723,-813
-4723,4236,487
-5284,3733,1551
-5552,2945,2607
-5436,1922,3514
-5313,820,4493
-4912,-276,5188
-4071,-1468,5539
-3159,-2508,5667
-2178,-3440,5618
-1002,-4252,5254
342,-4888,4546
1270,-5379,4109
2409,-5610,3201
3419,-5564,2145
4285,-5263,978
5028,-4760,-268
5572,-3997,-1575
5783,-3130,-2653
5960,-2334,-3626
6298,-1567,-4731
6096,-424,-5672
5094,709,-5803
4030,1831,-5861
3077,2875,-5952
1856,3782,-5638
602,4384,-4986
-668,5011,-4343
-1889,5251,-3362
-2829,5148,-2319
-3852,4970,-1118
-4743,4653,90
-5531,4257,1274
-5762,3394,2368
-5709,2396,3313
-5457,1282,4175
-5077,127,4950
-4504,-1064,5568
-3601,-2202,5803
-2813,-3130,5943
-1637,-4170,5807
-363,-4789,5152
812,-5354,4542
1947,-5626,3679
3036,-5696,2660
4009,-5531,1522
4859,-5168,309
5643,-4752,-891
5985,-3997,-1988
6232,-3147,-3085
6001,-1967,-4034
5647,-804,-4843
4950,408,-5358
4182,1588,-5770
3300,2640,-5940
2157,3498,-5655
928,4327,-5255
-358,4917,-4559
-1542,5230,-3688
-2693,5548,-2855
-3704,5201,-1497
-4273,4409,-136
-5143,4038,1105
-5614,3493,2121
-5659,2569,3090
-5552,1480,4072
-5102,247,4855
-4508,-919,5427
-3572,-2004,5576
-2615,-3019,5634
-1431,-3873,5304
-78,-4587,4665
1060,-5139,4079
2169,-5585,3416
3180,-5544,2364
4100,-5374,1274
4884,-4789,-95
5473,-4207,-1266
5758,-3341,-2417
5836,-2392,-3444
5721,-1336,-4385
5222,-222,-5000
4488,981,-5469
3634,2054,-5688
2660,3031,-5691
1509,3947,-5456
193,4615,-4808
-808,5028,-4220
-2000,5032,-3032
-2891,5032,-2141
-3844,4714,-870
-4706,4207,499
-5288,3720,1568
-5511,2866,2645
-5300,1819,3481
-4941,697,4244
-4459,-540,4999
-3716,-1716,5432
-2842,-2796,5638
-2198,-3729,5927
-928,-4488,5416
375,-4995,4620
1336,-5370,4034
2512,-5498,2986
3481,-5432,1951
4401,-5304,903
5193,-4805,-388
5688,-4021,-1667
5845,-3159,-2686
5853,-2202,-3651
5651,-1031,-4620
5288,8,-5296
4723,1126,-5849
3667,2219,-5886
2619,3089,-5708
1452,3968,-5420
235,4714,-4949
-845,5242,-4397
-2029,5449,-3420
-3130,5486,-2356
-3993,5098,-1105
-4809,4558,251
-5337,3955,1382
-5795,3300,2495
-5841,2404,3437
-5564,1274,4290
-5379,214,5165
-4686,-1068,5754
-3910,-2074,5984
-2895,-3114,6009
-1650,-3964,5614
-363,-4756,5119
767,-5457,4690
1942,-5861,3919
3052,-5907,2855
4013,-5676,1663
4822,-5259,437
5531,-4846,-685
5935,-3993,-1942
6067,-3036,-3031
6010,-2017,-3993
5667,-874,-4793
5007,297,-5304
4364,1435,-5799
3448,2503,-5951
2248,3473,-5721
1105,4290,-5395
-173,5024,-4851
-1431,5172,-3741
-2528,5044,-2516
-3588,5181,-1593
-4516,4805,-289
-5271,4327,944
-5713,3638,2075
-5725,2763,2962
-5655,1716,3939
-5164,486,4678
-4504,-742,5246
-3724,-1947,5671
-2821,-2932,5753
-1555,-3943,5498
-288,-4620,4908
750,-5185,4435
1893,-5601,3708
3036,-5742,2706
4038,-5597,1559
4805,-5148,343
5511,-4570,-941
5865,-3716,-2149
6051,-2871,-3180
6055,-1942,-4113
5696,-693,-5003
5181,416,-5597
4376,1546,-5922
3357,2553,-5910
2194,3551,-5745
1035,4335,-5370
-202,4958,-4756
-1579,5110,-3531
-2635,5218,-2583
-3762,5383,-1621
-4640,4987,-347
-5453,4574,879
-5655,3704,1951
-5869,2879,2990
-5676,1765,3911
-5263,585,4678
-4669,-688,5357
-3811,-1806,5617
-2891,-2908,5799
-1790,-3782,5572
-478,-4653,5131
610,-5226,4616
1848,-5733,3885
2891,-5824,2933
3877,-5659,1782
4756,-5387,631
5403,-4698,-705
5878,-3947,-1931
6216,-3205,-3011
6133,-2231,-3902
5824,-981,-4843
5205,115,-5320
4368,1311,-5679
3357,2392,-5749
2136,3361,-5497
1018,4244,-5262
-231,4925,-4694
-1423,5379,-3956
-2557,5506,-2949
-3510,5106,-1596
-4430,4867,-437
-5185,4343,842
-5585,3597,1988
-5564,2718,2846
-5432,1584,3848
-4908,387,4521
-4380,-763,5143
-3448,-2004,5452
-2594,-3023,5617
-1386,-3861,5247
-160,-4541,4701
1018,-5127,4109
2091,-5482,3391
3147,-5515,2368
4071,-5300,1229
4838,-4863,25
5478,-4248,-1230
5795,-3432,-2363
5770,-2450,-3320
5704,-1414,-4290
5164,-177,-4987
4533,990,-5523
3757,2033,-5790
2908,3015,-5923
1732,3889,-5621
478,4409,-4887
-660,5040,-4380
-1876,5383,-3507
-2891,5135,-2244
-3799,4830,-1031
-4582,4335,247
-5164,3832,1332
-5511,3044,2467
-5535,2140,3395
-5391,1064,4327
-5003,-53,5056
-4277,-1241,5518
-3283,-2351,5634
-2367,-3258,5625
-1241,-4112,5353
-49,-4714,4763
1101,-5350,4249
2244,-5601,3357
3254,-5696,2442
4120,-5341,1221
4834,-4768,-66
5440,-4125,-1315
5725,-3267,-2458
5754,-2450,-3304
5832,-1452,-4380
5750,-482,-5268
4871,709,-5580
3782,1815,-5597
2858,2730,-5588
1567,3621,-5188
243,4318,-4561
-874,4925,-4051
-2091,5123,-3032
-3060,5156,-2096
-4017,4999,-982
-4904,4521,383
-5490,4120,1370
-5593,3188,2405
-5597,2239,3358
-5304,1122,4182
-4900,16,4884
-4248,-1113,5361
-3403,-2293,5696
-2425,-3196,5621
-1307,-4125,5432
16,-4743,4727
1113,-5197,4084
2256,-5506,3250
3366,-5523,2157
4252,-5313,1061
5057,-4945,-112
5812,-4450,-1362
6249,-3848,-2401
6315,-3007,-3308
6014,-1683,-4331
5589,-544,-5045
4912,635,-5547
4281,1843,-6124
3481,2937,-6418
2338,3881,-6219
1093,4636,-5729
-111,5300,-5189
-1361,5857,-4496
-2549,6232,-3683
-3576,6270,-2694
-4434,5927,-1493
-5152,5354,-202
-5902,4731,1171
-6175,3894,2281
-6220,3019,3201
-6113,1819,4294
-5762,631,5131
-5123,-639,5762
-4265,-1918,6183
-3267,-3015,6282
-2169,-3964,6133
-952,-4879,5831
515,-5556,5041
1522,-6150,4628
2813,-6455,3642
3861,-6385,2524
4818,-6249,1431
5589,-5638,49
6162,-5061,-1101
6554,-4125,-2429
6649,-3168,-3481
6534,-2062,-4472
6088,-771,-5317
5432,482,-5914
4558,1678,-6236
3535,2866,-6401
2371,3931,-6302
1122,4797,-5919
-210,5498,-5288
-1641,5494,-3853
-2850,5779,-2929
-3993,5993,-2000
-4958,5519,-561
-5762,4958,804
-6154,4195,1959
-6191,3163,3028
-5960,1930,4030
-5478,738,4740
-4962,-556,5518
-3988,-1930,5918
-3044,-3019,6063
-1757,-4096,5853
-486,-4838,5324
754,-5589,4835
2054,-5935,3881
3271,-6092,2821
4327,-5940,1613
5284,-5568,284
6051,-5032,-1019
6274,-4104,-2170
6410,-3081,-3329
6286,-1930,-4356
5948,-684,-5264
5317,519,-5836
4566,1720,-6286
3452,2817,-6269
2264,3881,-6145
957,4731,-5688
-305,5527,-5222
-1612,5890,-4278
-2854,6241,-3387
-3943,5960,-2017
-4851,5358,-507
-5502,4681,821
-5935,3951,1984
-6261,3089,3172
-5989,1901,4088
-5717,676,5041
-5119,-627,5746
-4257,-1860,6117
-3279,-3110,6389
-2116,-4079,6195
-750,-4945,5695
474,-5742,5268
1765,-6286,4521
3064,-6567,3503
4096,-6509,2413
5061,-6059,998
5795,-5581,-214
6476,-4921,-1555
6785,-4009,-2776
6888,-3052,-3836
6633,-1860,-4773
6055,-490,-5565
5280,849,-6129
4459,2050,-6509
3403,3188,-6591
2013,4277,-6290
697,5168,-5865
-602,5766,-5164
-1971,6080,-4109
-3143,5894,-2751
-4257,5865,-1608
-5214,5308,-94
-5919,4764,1155
-6274,3918,2356
-6327,2904,3423
-6162,1678,4484
-5515,301,5214
-4855,-1031,5886
-3914,-2318,6232
-2805,-3456,6261
-1468,-4508,5976
-45,-5222,5267
1192,-5952,4760
2466,-6311,3845
3625,-6331,2706
4636,-6034,1398
5498,-5490,-8
6133,-4863,-1270
6418,-3902,-2516
6492,-2891,-3601
6319,-1683,-4636
5795,-325,-5470
5300,886,-6186
4368,2103,-6471
3291,3184,-6475
1984,4224,-6208
565,5057,-5622
-763,5680,-4917
-2091,5861,-3770
-3287,6018,-2731
-4384,5861,-1477
-5374,5383,-9
-6030,4785,1245
-6208,3774,2434
-6294,2850,3444
-5960,1485,4475
-5478,103,5375
-4719,-1221,5940
-3687,-2503,6190
-2673,-3588,6261
-1295,-4570,5865
74,-5329,5255
1361,-6076,4715
2545,-6303,3758
3700,-6418,2718
4747,-6133,1386
5601,-5614,13
6228,-4966,-1262
6818,-4298,-2520
7198,-3551,-3647
6748,-2153,-4595
6381,-969,-5412
5581,429,-6010
4694,1621,-6315
3584,2920,-6504
2293,3927,-6220
891,4859,-5750
-334,5671,-5337
-1629,6092,-4463
-2928,6138,-3210
-3910,5634,-1724
-5032,5453,-421
-5857,4859,998
-6253,3997,2256
-6294,2998,3296
-6063,1711,4352
-5585,437,5148
-4945,-952,5897
-3927,-2239,6166
-2994,-3399,6393
-1794,-4430,6224
-379,-5218,5597
919,-5919,5000
2165,-6315,4150
3361,-6377,3016
4471,-6224,1753
5346,-5779,433
6088,-5176,-912
6496,-4318,-2178
6661,-3341,-3320
6480,-2112,-4368
6026,-738,-5288
5346,552,-5898
4554,1823,-6377
3547,2982,-6529
2429,4059,-6488
965,4838,-5803
-251,5519,-5268
-1617,5973,-4356
-2916,5890,-2974
-3943,5453,-1510
-4851,5073,-222
-5676,4450,1226
-6059,3671,2388
-6105,2668,3437
-5968,1365,4603
-5523,99,5424
-4694,-1221,5915
-3642,-2437,6079
-2718,-3510,6228
-1311,-4512,5823
-37,-5172,5209
1274,-5878,4604
2437,-6121,3684
3630,-6133,2503
4607,-5725,1118
5424,-5139,-285
5989,-4380,-1609
6315,-3403,-2912
6340,-2417,-3923
6546,-1612,-4934
6129,-239,-5890
5098,973,-6071
3951,2145,-6096
2825,3234,-6059
1456,4207,-5663
-82,4970,-4888
-1225,5473,-4248
-2524,5610,-3086
-3588,5519,-1931
-4607,5267,-660
-5523,4756,767
-6026,4191,1835
-6047,3027,3020
-5931,1852,4079
-5622,688,4934
-5143,-565,5708
-4298,-1889,6187
-3440,-2970,6410
-2404,-4125,6529
-911,-4987,5898
391,-5498,5107
1513,-6006,4493
2809,-6232,3423
3918,-6117,2199
4941,-5923,982
5713,-5416,-297
6435,-4822,-1613
6872,-4153,-2719
6781,-3031,-3750
6426,-1707,-4719
5791,-330,-5461
5049,1002,-6051
4079,2305,-6384
3110,3374,-6484
1612,4417,-6029
156,5164,-5320
-853,5766,-4913
-2235,6183,-3948
-3374,6430,-3056
-4450,5981,-1531
-5242,5205,37
-5960,4628,1332
-6315,3716,2599
-6261,2866,3395
-6125,1592,4533
-5651,325,5326
-4851,-1183,6034
-3993,-2277,6270
-2780,-3555,6335
-1443,-4549,5992
-173,-5172,5345
1138,-5931,4793
2512,-6377,3865
3663,-6389,2726
4673,-6303,1630
5478,-5787,309
6146,-5090,-1056
6616,-4269,-2347
6789,-3258,-3531
6777,-2202,-4575
6183,-767,-5416
5416,420,-5836
4512,1633,-6145
3456,2875,-6331
2178,4005,-6183
697,4987,-5684
-726,5523,-4797
-2116,5614,-3498
-3225,6030,-2805
-4488,5853,-1365
-5247,5370,-123
-5878,4785,1093
-6204,3869,2335
-6212,2875,3337
-5882,1588,4294
-5362,276,5086
-4628,-1175,5803
-3559,-2557,6116
-2532,-3465,5997
-1254,-4496,5750
86,-5321,5235
1435,-5927,4492
2578,-6154,3576
3811,-6179,2368
4830,-5890,1060
5659,-5432,-227
6253,-4818,-1435
6410,-3828,-2582
6381,-2776,-3605
6034,-1476,-4558
5482,-49,-5433
4863,1122,-5985
3848,2351,-6199
2607,3473,-6080
1472,4401,-5873
-90,5218,-5128
-1192,5861,-4669
-2487,6105,-3618
-3687,6080,-2393
-4607,5577,-970
-5362,4896,466
-5791,4067,1724
-6146,3209,2937
-5973,2079,3894
-5704,825,4879
-5094,-482,5576
-4248,-1777,6025
-3279,-3027,6306
-2017,-3918,5935
-726,-4904,5630
470,-5688,5218
1769,-6212,4443
3073,-6496,3423
4108,-6406,2298
5024,-5944,920
5766,-5453,-313
6381,-4805,-1576
6765,-3877,-2888
6765,-2862,-3903
6608,-1666,-4942
5898,-321,-5577
5181,965,-6146
4318,2173,-6491
3225,3300,-6525
1823,4422,-6245
589,5148,-5737
-853,5882,-5029
-2132,6150,-4018
-3229,6088,-2859
-4409,5973,-1564
-5251,5403,-152
-6018,4805,1213
-6369,3955,2414
-6406,2941,3465
-6224,1740,4484
-5614,371,5243
-4921,-969,5890
-4013,-2268,6281
-2891,-3386,6277
-1579,-4479,6058
-140,-5263,5403
1212,-5960,4748
2400,-6389,3989
3572,-6439,2867
4628,-6162,1534
5465,-5655,190
6129,-4950,-1179
6389,-4092,-2297
6529,-3110,-3419
6311,-1831,-4480
5832,-507,-5325
5242,717,-5959
4265,2050,-6315
3250,3168,-6418
1909,4158,-6067
577,4987,-5564
-754,5721,-4967
-2178,5841,-3663
-3279,5948,-2669
-4401,5824,-1423
-5288,5362,-74
-6018,4698,1320
-6146,3712,2434
-6199,2734,3465
-5836,1435,4401
-5333,61,5272
-4525,-1303,5828
-3543,-2565,6108
-2409,-3634,6043
-1035,-4653,5688
416,-5445,5029
1588,-6043,4455
2817,-6311,3494
3894,-6278,2384
4842,-6010,1168
5684,-5531,-153
6340,-4892,-1448
6810,-4170,-2640
7000,-3234,-3766
6567,-1848,-4719
6195,-672,-5523
5362,742,-6104
4422,1980,-6402
3246,3238,-6484
1963,4219,-6182
680,5218,-5898
-622,5898,-5276
-1926,6381,-4455
-3155,6463,-3308
-4153,6166,-2013
-5102,5713,-611
-5878,5049,829
-6245,4232,2013
-6331,3188,3143
-6096,1922,4174
-5659,577,5082
-4999,-713,5712
-4054,-2124,6178
-3031,-3283,6314
-1728,-4318,6046
-387,-5094,5481
886,-5861,4975
2178,-6237,4059
3448,-6373,2925
4529,-6212,1683
5403,-5770,367
6133,-5090,-1043
6653,-4318,-2335
6649,-3349,-3300
6480,-2095,-4385
5898,-668,-5230
5193,647,-5840
4405,1872,-6277
3399,3003,-6402
2120,4096,-6216
787,4863,-5650
-519,5539,-5020
-1975,5902,-3927
-3052,5750,-2698
-4191,5556,-1365
-5094,4958,136
-5692,4397,1295
-6047,3514,2533
-5989,2404,3585
-5750,1200,4550
-5176,-78,5254
-4372,-1443,5815
-3295,-2611,5906
-2260,-3733,5993
-886,-4681,5567
474,-5440,4966
1716,-5948,4232
2920,-6204,3284
4026,-6059,2033
4846,-5552,706
5647,-4966,-681
6100,-4149,-1951
6278,-3159,-3119
6546,-2396,-4150
6476,-1348,-5128
5676,0,-5676
4743,1311,-6054
3597,2421,-6018
2367,3617,-5984
1150,4483,-5633
-272,5251,-4979
-1666,5865,-4199
-2726,6014,-3288
-3865,5845,-1980
-4747,5428,-681
-5589,4822,767
-5973,4108,1865
-5989,3036,2953
-5746,1897,3849
-5416,614,4802
-4855,-750,5605
-3922,-1934,5856
-2961,-3151,6112
-1674,-4162,5836
-301,-5040,5341
969,-5589,4620
2202,-6022,3820
3316,-6125,2809
4413,-6030,1617
5308,-5766,458
6517,-5890,-627
6748,-4933,-1815
6715,-3766,-2949
6529,-2549,-3980
6113,-1208,-4905
5490,86,-5576
4735,1369,-6104
3856,2627,-6483
2656,3679,-6335
1344,4529,-5873
-94,5284,-5190
-1262,5882,-4620
-2598,6154,-3556
-3617,6080,-2463
-4521,5387,-866
-5189,4595,594
-5977,4191,1786
-6187,3295,2892
-6047,2124,3923
-5799,957,4842
-5222,-470,5692
-4351,-1703,6054
-3349,-2858,6207
-2153,-3922,6075
-853,-4917,5770
565,-5597,5032
1769,-6183,4414
2924,-6509,3585
4087,-6509,2422
5032,-6336,1304
5799,-5713,-86
6443,-4999,-1444
6690,-4038,-2652
6748,-3003,-3745
6583,-1810,-4773
5956,-453,-5503
5143,829,-5972
4145,2087,-6232
3135,3246,-6381
1864,4364,-6228
507,5119,-5626
-825,5700,-4875
-2140,5911,-3771
-3283,6010,-2727
-4405,5808,-1403
-5247,5251,-4
-5902,4624,1278
-6187,3704,2483
-6055,2631,3424
-5721,1258,4463
-5152,-53,5205
-4422,-1410,5832
-3333,-2648,5981
-2314,-3770,6084
-919,-4661,5580
474,-5416,4942
1621,-5935,4314
2817,-6204,3387
4034,-6063,2029
4941,-5836,895
5882,-5420,-462
6492,-4830,-1662
6476,-3671,-2805
6402,-2574,-3828
6051,-1245,-4806
5498,70,-5568
4797,1295,-6092
3716,2450,-6166
2569,3564,-6133
1307,4574,-5881
-74,5337,-5263
-1311,5725,-4414
-2553,6022,-3469
-3687,5799,-2112
-4545,5156,-611
-5255,4364,891
-5684,3807,1877
-6026,2908,3118
-5799,1650,4149
-5494,457,5037
-4768,-866,5634
-3935,-2083,6018
-2953,-3271,6224
-1575,-4207,5782
-358,-5073,5431
961,-5713,4752
2194,-6220,4026
3320,-6270,2950
4347,-6088,1741
5164,-5601,437
5989,-5024,-965
6389,-4277,-2112
6752,-3316,-3436
6591,-2318,-4273
6158,-981,-5177
5436,288,-5724
4632,1526,-6158
3667,2734,-6401
2429,3770,-6199
1117,4735,-5852
-247,5523,-5276
-1452,5915,-4463
-2784,5968,-3184
-3844,5911,-2067
-4813,5548,-735
-5638,4863,775
-6109,4318,1791
-6270,3283,2987
-6212,2272,3940
-5812,895,4917
-5127,-429,5556
-4339,-1728,6067
-3366,-2957,6323
-2140,-4059,6199
-853,-4991,5844
486,-5630,5144
1666,-6204,4538
2953,-6476,3523
4104,-6463,2359
5016,-6237,1221
5845,-5667,-178
6488,-5077,-1411
6694,-3984,-2710
6661,-3044,-3617
6418,-1765,-4653
5919,-367,-5552
5304,886,-6190
4302,2140,-6442
3267,3275,-6542
1942,4285,-6227
635,5077,-5712
-870,5700,-4830
-2190,5799,-3609
-3349,6001,-2652
-4475,5803,-1328
-5304,5511,-207
-6047,4801,1246
-6232,3790,2442
-6245,2825,3420
-5940,1468,4472
-5407,24,5383
-4636,-1204,5840
-3597,-2565,6162
-2524,-3588,6112
-1183,-4653,5836
309,-5445,5136
1373,-6030,4657
2668,-6414,3746
3786,-6393,2607
4797,-6121,1324
5634,-5548,-86
6278,-4888,-1390
6736,-4178,-2558
6938,-3262,-3676
6674,-1967,-4707
6278,-792,-5486
5498,569,-6067
4516,1761,-6277
3415,3023,-6438
2062,4178,-6240
738,5069,-5807
-536,5721,-5185
-1852,6208,-4356
-3122,6290,-3168
-4067,5808,-1741
-5007,5407,-400
-5882,4875,1007
-6290,4026,2264
-6278,3015,3263
-6039,1703,4336
-5585,383,5202
-4950,-944,5894
-3931,-2351,6282
-2970,-3444,6414
-1654,-4512,6166
-268,-5230,5498
973,-5927,4954
2239,-6402,4163
3394,-6459,3065
4529,-6274,1745
5383,-5878,495
6175,-5333,-842
6740,-4628,-2112
6736,-3489,-3247
6546,-2173,-4373
6109,-862,-5247
5329,441,-5770
4516,1740,-6256
3609,2891,-6500
2380,4001,-6381
1047,4908,-5955
-222,5605,-5383
-1695,6039,-4344
-3007,6080,-3073
-3951,5779,-1828
-4933,5308,-375
-5696,4694,1002
-6109,3914,2195
-6121,2928,3193
-5944,1596,4348
-5560,391,5169
-4747,-1010,5757
-3762,-2244,6006
-2722,-3407,6129
-1423,-4413,5836
20,-5214,5194
1237,-5890,4653
2574,-6232,3658
3708,-6237,2529
4644,-5931,1287
5416,-5399,-17
6117,-4624,-1493
6348,-3654,-2694
6608,-2945,-3663
6781,-1984,-4797
6228,-598,-5630
5350,693,-6043
4228,1955,-6183
3106,3040,-6146
1716,4166,-5882
235,4888,-5123
-965,5560,-4595
-2285,5902,-3617
-3477,5923,-2446
-4471,5597,-1126
-5317,5094,223
-5977,4496,1481
-6113,3580,2533
-5997,2429,3568
-5704,1084,4620
-5086,-251,5337
-4397,-1513,5910
-3415,-2743,6158
-2215,-3807,6022
-882,-4768,5650
507,-5478,4971
1637,-5869,4232
2916,-6237,3321
3984,-6059,2075
4941,-5758,817
5857,-5548,-309
6633,-5102,-1531
6666,-4038,-2628
6550,-2862,-3688
6142,-1530,-4612
5544,-74,-5470
4756,1171,-5927
3848,2400,-6248
2755,3510,-6265
1390,4475,-5865
-66,5284,-5218
-1179,5878,-4699
-2545,6232,-3687
-3642,6228,-2586
-4570,5754,-1184
-5242,5077,165
-5861,4417,1444
-6195,3531,2664
-6034,2462,3572
-5754,1146,4608
-5337,-173,5510
-4422,-1472,5894
-3473,-2673,6146
-2334,-3757,6091
-924,-4714,5638
449,-5453,5004
1633,-6096,4463
2899,-6360,3461
3997,-6377,2380
5024,-6216,1192
5816,-5684,-132
6476,-5057,-1419
6711,-4133,-2578
6868,-3176,-3692
6752,-1967,-4785
6026,-540,-5486
5255,668,-5923
4318,1992,-6310
3283,3130,-6413
2013,4273,-6286
726,5172,-5898
-610,5779,-5169
-1959,6088,-4129
-3135,6224,-3089
-4281,6080,-1799
-5135,5511,-376
-5882,4921,961
-6270,4079,2191
-6274,3003,3271
-6022,1707,4315
-5560,391,5169
-4958,-882,5840
-3877,-2272,6149
-2904,-3370,6274
-1571,-4459,6030
-214,-5288,5502
1056,-5973,4917
2314,-6265,3951
3477,-6348,2871
4541,-6121,1580
5432,-5671,239
6195,-5077,-1118
6451,-4149,-2302
6492,-3085,-3407
6303,-1881,-4422
5750,-495,-5255
5168,771,-5939
4191,1988,-6179
3172,3184,-6356
1815,4203,-6018
581,5057,-5638
-808,5737,-4929
-2058,6047,-3989
-3267,6146,-2879
-4281,5733,-1452
-5069,4925,144
-5597,4149,1448
-6080,3452,2628
-5960,2421,3539
-5696,1126,4570
-5127,-165,5292
-4393,-1456,5849
-3394,-2693,6087
-2173,-3724,5897
-866,-4603,5469
416,-5288,4872
1707,-5915,4208
2953,-6088,3135
4005,-5857,1852
4908,-5482,574
5663,-4917,-746
6187,-4149,-2038
6468,-3229,-3239
6690,-2425,-4265
6212,-1130,-5082
5428,214,-5642
4611,1410,-6021
3539,2668,-6207
2384,3704,-6088
1027,4632,-5659
-288,5321,-5033
-1625,5820,-4195
-2817,5927,-3110
-3865,5816,-1951
-4867,5453,-586
-5589,4826,763
-6059,4141,1918
-6162,3143,3019
-6072,2029,4043
-5696,693,5003
-4970,-528,5498
-4182,-1905,6087
-3147,-3073,6220
-1934,-4133,6067
-552,-4991,5543
643,-5754,5111
1934,-6327,4393
3147,-6682,3535
4285,-6583,2298
5098,-6171,1073
5948,-5704,-244
6484,-5098,-1386
6686,-4009,-2677
6756,-3064,-3692
6455,-1670,-4785
5993,-482,-5511
5354,870,-6224
4413,2169,-6582
3460,3333,-6793
2120,4273,-6393
775,5106,-5881
-515,5841,-5326
-1930,6014,-4084
-3122,6129,-3007
-4186,6014,-1828
-5119,5556,-437
-5956,5011,945
-6212,4054,2158
-6290,3085,3205
-6018,1794,4224
-5581,441,5140
-4834,-874,5708
-3823,-2260,6083
-2772,-3345,6117
-1447,-4397,5844
-78,-5230,5308
1208,-5890,4682
2429,-6253,3824
3584,-6257,2673
4570,-5960,1390
5374,-5420,46
6059,-4743,-1316
6422,-3861,-2561
6480,-2809,-3671
6319,-1637,-4682
5960,-358,-5602
5181,903,-6084
4100,2058,-6158
2945,3279,-6224
1592,4261,-5853
301,5094,-5395
-977,5742,-4765
-2202,6117,-3915
-3374,5964,-2590
-4335,5593,-1258
-5288,5094,194
-5919,4442,1477
-6179,3580,2599
-6088,2479,3609
-5750,1196,4554
-5160,-90,5250
-4339,-1505,5844
-3399,-2701,6100
-2338,-3774,6112
-1018,-4785,5803
457,-5416,4959
1604,-6072,4468
2842,-6406,3564
3955,-6278,2323
5007,-6051,1044
5849,-5783,-66
6744,-5374,-1370
6868,-4331,-2537
6600,-3135,-3465
6414,-1860,-4554
5783,-354,-5429
5040,853,-5893
4195,2116,-6311
3238,3234,-6472
1988,4298,-6286
606,5049,-5655
-701,5737,-5036
-1984,6125,-4141
-3192,5935,-2743
-4248,5614,-1366
-5036,5110,-74
-5742,4413,1329
-6051,3531,2520
-5977,2483,3494
-5869,1200,4669
-5321,-66,5387
-4463,-1381,5844
-3436,-2685,6121
-2409,-3630,6039
-1126,-4694,5820
321,-5395,5074
1460,-6051,4591
2722,-6315,3593
3832,-6307,2475
4772,-5948,1176
5478,-5350,-128
6133,-4648,-1485
6356,-3658,-2698
6389,-2668,-3721
6422,-1567,-4855
6022,-330,-5692
5234,907,-6141
4042,2095,-6137
3011,3229,-6240
1530,4306,-5836
107,5020,-5127
-1159,5581,-4422
-2384,5820,-3436
-3489,5692,-2203
-4516,5354,-838
-5420,5032,388
-5993,4331,1662
-6063,3221,2842
-5832,2132,3700
-5527,895,4632
-4954,-495,5449
-4104,-1711,5815
-3151,-2891,6042
-1909,-3984,5893
-519,-4826,5345
655,-5511,4856
1963,-5911,3948
3180,-6138,2958
4252,-5931,1679
5082,-5519,437
6232,-5610,-622
6760,-4896,-1864
6645,-3675,-2970
6311,-2454,-3857
5977,-1155,-4822
5209,235,-5444
4500,1468,-5968
3605,2718,-6323
2355,3658,-6013
1072,4521,-5593
-292,5321,-5029
-1542,5758,-4216
-2722,6047,-3325
-3819,5861,-2042
-4570,5024,-454
-5284,4405,879
-5886,3889,1997
-5989,2866,3123
-5874,1736,4138
-5527,466,5061
-4884,-829,5713
-3947,-2095,6042
-2924,-3217,6141
-1744,-4277,6021
-325,-5135,5460
899,-5684,4785
2107,-6290,4183
3328,-6732,3404
4310,-6542,2232
5127,-6030,903
5832,-5432,-400
6315,-4599,-1716
6505,-3630,-2875
6587,-2668,-3919
6175,-1278,-4897
5539,20,-5559
4731,1262,-5993
3795,2508,-6303
2673,3584,-6257
1493,4624,-6117
-49,5370,-5321
-1171,5882,-4711
-2516,6105,-3589
-3588,5977,-2389
-4533,5684,-1151
-5412,5065,347
-6047,4446,1601
-6228,3448,2780
-6055,2343,3712
-5704,1023,4681
-5205,-169,5374
-4347,-1600,5947
-3328,-2813,6141
-2293,-3844,6137
-965,-4830,5795
424,-5552,5128
1584,-6034,4450
2809,-6278,3469
3972,-6261,2289
4978,-6047,1069
5919,-5894,-25
6715,-5288,-1427
6703,-4120,-2583
6719,-3110,-3609
6501,-1790,-4711
6047,-445,-5602
5333,858,-6191
4504,2062,-6566
3324,3279,-6603
2194,4310,-6504
899,5271,-6170
-350,5968,-5618
-1724,6402,-4678
-2982,6732,-3750
-4170,6534,-2364
-5044,6092,-1048
-5812,5329,483
-6208,4422,1786
-6583,3592,2991
-6426,2388,4038
-6253,1150,5103
-5696,-297,5993
-4933,-1555,6488
-3960,-2854,6814
-2788,-3968,6756
-1468,-4900,6368
12,-5857,5845
1282,-6463,5181
2574,-6913,4339
3712,-6864,3152
4830,-6670,1840
5585,-6100,515
6492,-5572,-920
6843,-4595,-2248
7095,-3613,-3482
6942,-2351,-4591
6542,-1051,-5491
5820,272,-6092
5073,1645,-6718
4030,2928,-6958
2734,4009,-6743
1390,5049,-6439
-74,5902,-5828
-1435,6336,-4901
-2891,6455,-3564
-3935,6257,-2322
-5123,6039,-916
-5968,5370,598
-6604,4785,1819
-6835,3675,3160
-6727,2607,4120
-6381,1196,5185
-5717,-185,5902
-4855,-1641,6496
-3873,-2924,6797
-2582,-4153,6735
-1117,-5172,6289
346,-5981,5635
1501,-6653,5152
2949,-7012,4063
4158,-7103,2945
5234,-6785,1551
6129,-6418,289
6909,-5795,-1114
7288,-4785,-2503
7350,-3605,-3745
7214,-2462,-4752
6678,-957,-5721
6105,313,-6418
5193,1827,-7020
4046,3114,-7160
2805,4265,-7070
1410,5242,-6652
-94,5989,-5895
-1608,6455,-4847
-2965,6439,-3474
-4302,6711,-2409
-5341,6286,-945
-6298,5828,470
-6793,4892,1901
-7000,3865,3135
-6831,2561,4270
-6443,1155,5288
-5816,-338,6154
-4818,-1802,6620
-3696,-3069,6765
-2371,-4314,6685
-924,-5350,6274
511,-6187,5676
1881,-6719,4838
3225,-6913,3688
4463,-6888,2425
5461,-6505,1044
6294,-5779,-515
6892,-4978,-1914
7152,-3935,-3217
7111,-2722,-4389
6785,-1406,-5379
6282,-78,-6204
5313,1402,-6715
4191,2710,-6901
2722,3898,-6620
1328,4966,-6294
-111,5783,-5672
-1505,6451,-4946
-2920,6740,-3820
-4158,6319,-2161
-5181,5935,-754
-6080,5416,664
-6579,4549,2030
-6789,3514,3275
-6554,2157,4397
-6117,783,5334
-5412,-697,6109
-4430,-2140,6570
-3320,-3448,6768
-2017,-4554,6571
-523,-5478,6001
792,-6257,5465
2281,-6715,4434
3543,-6921,3378
4727,-6806,2079
5766,-6426,660
6789,-6171,-618
7387,-5473,-1914
7354,-4083,-3271
7119,-2772,-4347
6711,-1332,-5379
6026,82,-6108
5251,1571,-6822
4219,2862,-7081
2970,4149,-7119
1608,5077,-6685
0,5964,-5964
-1266,6587,-5321
-2722,6954,-4232
-3984,6736,-2752
-5032,6389,-1357
-5907,5651,256
-6488,4867,1621
-6789,3790,2999
-6756,2582,4174
-6484,1175,5309
-5907,-268,6175
-4917,-1732,6649
-3757,-3056,6813
-2602,-4232,6834
-1159,-5230,6389
379,-6072,5693
1740,-6707,4967
3130,-7037,3907
4302,-6987,2685
5391,-6534,1143
6298,-5931,-367
6806,-5082,-1724
7132,-3935,-3197
7152,-2891,-4261
7247,-1835,-5412
6789,-478,-6311
5647,1060,-6707
4483,2409,-6892
3225,3605,-6830
1621,4698,-6319
-28,5535,-5507
-1435,6212,-4777
-2858,6517,-3659
-4030,6463,-2433
-5168,6121,-953
-6096,5572,524
-6645,4756,1889
-6777,3625,3152
-6554,2272,4282
-6171,965,5206
-5548,-532,6080
-4558,-1947,6505
-3489,-3267,6756
-2066,-4434,6500
-594,-5346,5940
825,-6121,5296
2211,-6550,4339
3547,-6740,3193
4752,-6575,1823
5618,-6154,536
6703,-5857,-846
7297,-5176,-2121
7288,-3889,-3399
6950,-2561,-4389
6492,-1064,-5428
5783,375,-6158
4925,1753,-6678
3889,3151,-7040
2545,4281,-6826
1080,5181,-6261
-317,6014,-5697
-1732,6517,-4785
-3126,6859,-3733
-4290,6649,-2359
-5131,5907,-776
-5915,5049,866
-6468,4343,2125
-6604,3196,3408
-6418,1942,4476
-5985,478,5507
-5304,-940,6244
-4248,-2318,6566
-3093,-3526,6619
-1716,-4727,6443
-115,-5544,5659
1175,-6278,5103
2553,-6719,4166
3807,-6934,3127
4941,-6773,1832
5915,-6410,495
6649,-5663,-986
7107,-4743,-2364
7330,-3642,-3688
7400,-2673,-4727
6744,-1035,-5709
5931,309,-6240
4995,1658,-6653
3840,3048,-6888
2648,4191,-6839
1216,5176,-6392
-276,5973,-5697
-1744,6253,-4509
-3089,6480,-3391
-4393,6426,-2033
-5350,5985,-635
-6278,5412,866
-6715,4455,2260
-6835,3333,3502
-6538,2029,4509
-6055,581,5474
-5424,-792,6216
-4356,-2244,6600
-3312,-3539,6851
-1951,-4681,6632
-486,-5539,6025
750,-6364,5614
2202,-6740,4538
3531,-6884,3353
4727,-6806,2079
5680,-6430,750
6831,-6191,-640
7189,-5267,-1922
7210,-3898,-3312
7037,-2730,-4307
6657,-1303,-5354
6018,148,-6166
5238,1559,-6797
4083,2809,-6892
2772,4104,-6876
1406,5115,-6521
-115,5981,-5866
-1485,6521,-5036
-2866,6864,-3998
-4120,6595,-2475
-5032,5919,-887
-5836,5082,754
-6360,4351,2009
-6682,3399,3283
-6525,2066,4459
-6109,721,5388
-5449,-730,6179
-4471,-2140,6611
-3386,-3473,6859
-1938,-4525,6463
-466,-5544,6010
899,-6274,5375
2297,-6851,4554
3559,-7029,3470
4768,-6773,2005
5626,-6331,705
6484,-5758,-726
7078,-4912,-2166
7260,-3828,-3432
7140,-2565,-4575
6674,-1208,-5466
5968,185,-6153
5135,1612,-6747
3947,2982,-6929
2673,4050,-6723
1295,5090,-6385
-169,5956,-5787
-1703,6393,-4690
-3052,6232,-3180
-4166,6047,-1881
-5288,5626,-338
-6100,5024,1076
-6628,4170,2458
-6620,3147,3473
-6484,1757,4727
-5894,363,5531
-5193,-1035,6228
-4075,-2475,6550
-2978,-3679,6657
-1447,-4760,6207
-53,-5601,5654
1324,-6290,4966
2611,-6628,4017
3914,-6752,2838
5011,-6484,1473
5923,-5894,-29
6686,-5325,-1361
7029,-4364,-2665
7070,-3275,-3795
6855,-1881,-4974
6336,-573,-5763
5721,820,-6541
4694,2161,-6855
3526,3407,-6933
2186,4537,-6723
717,5387,-6104
-664,6096,-5432
-2227,6443,-4216
-3514,6604,-3090
-4636,6439,-1803
-5610,5944,-334
-6426,5292,1134
-6703,4335,2368
-6789,3271,3518
-6546,1852,4694
-6121,499,5622
-5288,-998,6286
-4323,-2371,6694
-3176,-3580,6756
-1773,-4710,6483
-325,-5725,6050
1031,-6463,5432
2371,-6963,4592
3683,-7189,3506
4888,-7033,2145
5754,-6567,813
6554,-5890,-664
7099,-5073,-2026
7404,-4059,-3345
7284,-2875,-4409
6967,-1505,-5462
6364,-78,-6286
5465,1287,-6752
4290,2689,-6979
2924,3939,-6863
1518,4892,-6410
-82,5841,-5759
-1299,6463,-5164
-2788,6814,-4026
-3852,6323,-2471
-4966,6006,-1040
-5989,5506,483
-6517,4653,1864
-6707,3576,3131
-6517,2285,4232
-6113,874,5239
-5407,-589,5996
-4413,-2087,6500
-3394,-3394,6788
-2074,-4562,6636
-627,-5461,6088
713,-6191,5478
2165,-6682,4517
3452,-6839,3387
4677,-6719,2042
5605,-6352,747
6534,-5919,-615
7280,-5329,-1951
7297,-4083,-3214
7074,-2739,-4335
6620,-1258,-5362
5911,169,-6080
5123,1538,-6661
4125,2862,-6987
2899,4038,-6937
1410,5082,-6492
-66,5890,-5824
-1443,6463,-5020
-2866,6682,-3816
-4034,6410,-2376
-5185,6018,-833
-6030,5424,606
-6558,4620,1938
-6851,3469,3382
-6633,2194,4439
-6340,874,5466
-5638,-532,6170
-4632,-1955,6587
-3510,-3229,6739
-2297,-4446,6743
-787,-5440,6227
569,-6199,5630
1959,-6814,4855
3366,-7074,3708
4479,-6938,2459
5445,-6480,1035
6298,-5874,-424
6831,-4970,-1861
7107,-3869,-3238
7115,-2850,-4265
7033,-1633,-5400
6534,-259,-6275
5552,1163,-6715
4360,2528,-6888
3081,3724,-6805
1526,4904,-6430
-78,5828,-5750
-1431,6364,-4933
-2838,6628,-3790
-3972,6538,-2566
-5127,6092,-965
-6010,5568,442
-6571,4805,1766
-6674,3646,3028
-6397,2326,4071
-6059,874,5185
-5428,-561,5989
-4500,-1959,6459
-3399,-3267,6666
-1848,-4644,6492
-412,-5552,5964
1010,-6183,5173
2351,-6633,4282
3502,-6769,3267
4739,-6591,1852
5618,-6187,569
6831,-6080,-751
7330,-5172,-2158
7255,-3976,-3279
6934,-2644,-4290
6447,-1175,-5272
5758,288,-6046
4954,1612,-6566
3733,3139,-6872
2520,4178,-6698
1027,5053,-6080
-375,5849,-5474
-2004,6414,-4410
-3295,6645,-3350
-4380,6336,-1956
-5123,5535,-412
-5977,4892,1085
-6480,4145,2335
-6558,2990,3568
-6364,1711,4653
-5869,177,5692
-5106,-1237,6343
-4030,-2598,6628
-2970,-3617,6587
-1592,-4780,6372
-70,-5564,5634
1423,-6290,4867
2743,-6661,3918
3861,-6723,2862
4966,-6492,1526
5836,-5915,79
6600,-5098,-1502
6934,-4232,-2702
7095,-3238,-3857
7115,-2112,-5003
6290,-391,-5899
5399,833,-6232
4483,2095,-6578
3300,3390,-6690
1988,4578,-6566
375,5490,-5865
-1035,6105,-5070
-2293,6340,-4047
-3663,6505,-2842
-4830,6146,-1316
-5601,5667,-66
-6389,4999,1390
-6674,3881,2793
-6534,2866,3668
-6191,1390,4801
-5671,78,5593
-4805,-1497,6302
-3671,-2904,6575
-2520,-4026,6546
-1126,-5065,6191
214,-5808,5594
1501,-6410,4909
2879,-6674,3795
4265,-6756,2491
5164,-6501,1337
6352,-6645,293
7103,-5816,-1287
7016,-4479,-2537
7004,-3234,-3770
6806,-1951,-4855
6373,-693,-5680
5700,759,-6459
4785,2025,-6810
3617,3353,-6970
2256,4479,-6735
895,5420,-6315
-577,6208,-5631
-1914,6678,-4764
-3271,6950,-3679
-4500,6732,-2232
-5370,6067,-697
-6133,5201,932
-6550,4298,2252
-6892,3333,3559
-6604,1975,4629
-6315,635,5680
-5564,-783,6347
-4587,-2153,6740
-3514,-3469,6983
-2087,-4521,6608
-684,-5527,6211
631,-6356,5725
2054,-6777,4723
3382,-6996,3614
4562,-6769,2207
5539,-6348,809
6393,-5704,-689
6909,-4785,-2124
7082,-3683,-3399
6892,-2499,-4393
6521,-1010,-5511
5841,346,-6187
4974,1744,-6718
3873,3007,-6880
2611,4174,-6785
1221,5143,-6364
-243,5923,-5680
-1765,6385,-4620
-3085,6100,-3015
-4240,6039,-1799
-5370,5655,-285
-6158,5007,1151
-6616,4219,2397
-6633,3069,3564
-6430,1819,4611
-5766,317,5449
-5061,-1023,6084
-4038,-2495,6533
-2792,-3687,6479
-1311,-4780,6091
177,-5552,5375
1534,-6183,4649
2895,-6620,3725
4129,-6472,2343
5098,-6208,1110
6030,-5614,-416
6637,-4805,-1832
7012,-3881,-3131
7078,-2904,-4174
6769,-1571,-5198
6084,-169,-5915
5391,1142,-6533
4248,2553,-6801
3097,3671,-6768
1732,4739,-6471
70,5593,-5663
-1155,6249,-5094
-2648,6480,-3832
-3823,6653,-2830
-4917,6303,-1386
-5886,5845,41
-6509,5086,1423
-6727,4046,2681
-6773,2932,3841
-6447,1551,4896
-5836,82,5754
-5094,-1336,6430
-3997,-2697,6694
-2829,-3848,6677
-1501,-4983,6484
49,-5944,5895
1402,-6567,5165
2677,-7070,4393
3964,-7210,3246
5065,-7008,1943
5915,-6488,573
6686,-5820,-866
7152,-4995,-2157
7474,-3955,-3519
7326,-2751,-4575
7004,-1410,-5594
6463,-49,-6414
5453,1381,-6834
4380,2751,-7131
2998,3993,-6991
1584,5020,-6604
12,5944,-5956
-1208,6587,-5379
-2590,6987,-4397
-3844,6727,-2883
-4838,6286,-1448
-5902,5688,214
-6600,4941,1659
-6810,3922,2888
-6769,2772,3997
-6356,1282,5074
-5770,-177,5947
-4867,-1629,6496
-3799,-3048,6847
-2602,-4166,6768
-1076,-5218,6294
466,-6047,5581
1699,-6604,4905
3081,-6975,3894
4277,-6859,2582
5362,-6492,1130
6261,-5886,-375
6967,-5143,-1824
7239,-4133,-3106
7140,-2916,-4224
6835,-1571,-5264
6047,-74,-5973
5354,1348,-6702
4335,2652,-6987
3246,3865,-7111
1769,4937,-6706
115,5775,-5890
-1175,6447,-5272
-2565,6822,-4257
-3848,6604,-2756
-4991,6265,-1274
-5890,5597,293
-6562,4822,1740
-6781,3823,2958
-6690,2574,4116
-6492,1225,5267
-5882,-239,6121
-4863,-1678,6541
-3753,-3031,6784
-2536,-4252,6788
-1113,-5288,6401
416,-6125,5709
1732,-6818,5086
3176,-7152,3976
4422,-7169,2747
5436,-6752,1316
6204,-6113,-91
6958,-5350,-1608
7198,-4290,-2908
7371,-3320,-4051
7293,-2074,-5219
6855,-688,-6167
6055,750,-6805
4842,2112,-6954
3679,3374,-7053
2157,4653,-6810
614,5494,-6108
-862,6311,-5449
-2318,6723,-4405
-3609,6715,-3106
-4772,6488,-1716
-5700,5898,-198
-6583,5284,1299
-6822,4232,2590
-6682,2957,3725
-6311,1571,4740
-5964,111,5853
-5135,-1348,6483
-4054,-2788,6842
-2850,-3964,6814
-1295,-5115,6410
132,-5907,5775
1518,-6562,5044
2871,-6806,3935
4108,-6822,2714
5251,-6525,1274
6133,-6051,-82
6975,-5564,-1411
7350,-4496,-2854
7371,-3386,-3985
6925,-1914,-5011
6245,-313,-5932
5511,1064,-6575
4554,2413,-6967
3415,3663,-7078
1806,4710,-6516
412,5544,-5956
-1130,6315,-5185
-2545,6748,-4203
-3786,6711,-2925
-4752,6109,-1357
-5531,5135,396
-6331,4665,1666
-6699,3630,3069
-6558,2392,4166
-6253,1035,5218
-5659,-441,6100
-4681,-1848,6529
-3456,-3205,6661
-2190,-4327,6517
-688,-5308,5996
701,-5968,5267
2173,-6616,4443
3448,-6930,3482
4690,-6727,2037
5626,-6439,813
6447,-5803,-644
6991,-4912,-2079
7202,-3848,-3354
7330,-2821,-4509
6847,-1315,-5532
5973,136,-6109
4966,1538,-6504
3881,2858,-6739
2631,4108,-6739
1179,5106,-6285
-317,5923,-5606
-1790,6212,-4422
-3060,6443,-3383
-4351,6447,-2096
-5399,5861,-462
-6265,5317,948
-6703,4438,2265
-6723,3267,3456
-6550,1971,4579
-6014,548,5466
-5358,-853,6211
-4351,-2305,6656
-3217,-3617,6834
-1971,-4702,6673
-474,-5676,6150
726,-6509,5783
2153,-6892,4739
3481,-6979,3498
4636,-6946,2310
5700,-6707,1007
6756,-6430,-326
7156,-5333,-1823
7189,-4116,-3073
7115,-2924,-4191
6831,-1497,-5334
6212,-61,-6151
5457,1328,-6785
4318,2677,-6995
3064,3906,-6970
1662,4954,-6616
185,5886,-6071
-1101,6496,-5395
-2541,6880,-4339
-3836,6938,-3102
-4937,6237,-1300
-5729,5453,276
-6348,4686,1662
-6872,3906,2966
-6810,2635,4175
-6509,1295,5214
-5960,-136,6096
-5086,-1571,6657
-4017,-2932,6949
-2718,-4125,6843
-1229,-5164,6393
313,-6047,5734
1584,-6707,5123
2965,-7074,4109
4191,-7008,2817
5313,-6645,1332
6162,-6117,-45
6868,-5280,-1588
7222,-4351,-2871
7181,-3205,-3976
6938,-1848,-5090
6340,-367,-5973
5506,998,-6504
4529,2281,-6810
3312,3597,-6909
1802,4719,-6521
136,5605,-5741
-1237,6195,-4958
-2706,6414,-3708
-3840,6336,-2496
-5106,6105,-999
-5935,5370,565
-6595,4747,1848
-6760,3588,3172
-6666,2499,4167
-6265,1018,5247
-5490,-441,5931
-4653,-1938,6591
-3535,-3155,6690
-2091,-4376,6467
-651,-5399,6050
672,-6129,5457
2161,-6600,4439
3460,-6793,3333
4686,-6657,1971
5535,-6150,615
6381,-5626,-755
6872,-4673,-2199
6987,-3572,-3415
6868,-2347,-4521
6348,-903,-5445
5770,462,-6232
4871,1790,-6661
3724,3159,-6883
2404,4294,-6698
911,5230,-6141
-412,6055,-5643
-1938,6435,-4497
-3242,6653,-3411
-4438,6455,-2017
-5403,6018,-615
-6232,5395,837
-6575,4459,2116
-6707,3399,3308
-6542,2013,4529
-5973,561,5412
-5242,-895,6137
-4277,-2235,6512
-3151,-3543,6694
-1753,-4702,6455
-239,-5601,5840
1089,-6356,5267
2417,-6888,4471
3716,-7041,3325
4830,-6859,2029
5750,-6492,742
6575,-5725,-850
7045,-4908,-2137
7474,-4059,-3415
7400,-2899,-4501
7020,-1468,-5552
6513,-132,-6381
5506,1237,-6743
4450,2582,-7032
3023,3786,-6809
1600,5011,-6611
94,5919,-6013
-1134,6546,-5412
-2640,6950,-4310
-3786,6864,-3078
-4945,6389,-1444
-5898,5886,12
-6595,5193,1402
-6917,4153,2764
-6872,2953,3919
-6455,1538,4917
-5944,86,5858
-5139,-1390,6529
-4042,-2800,6842
-2932,-3997,6929
-1464,-5090,6554
111,-6001,5890
1394,-6624,5230
2821,-6963,4142
4026,-7045,3019
5300,-6744,1444
6059,-6204,145
6925,-5618,-1307
7284,-4723,-2561
7260,-3436,-3824
6954,-2058,-4896
6228,-474,-5754
5564,845,-6409
4533,2285,-6818
3547,3518,-7065
2107,4657,-6764
536,5585,-6121
-849,6282,-5433
-2347,6703,-4356
-3642,6492,-2850
-4838,6270,-1432
-5721,5597,124
-6410,4925,1485
-6653,3964,2689
-6694,2751,3943
-6426,1315,5111
-5799,-90,5889
-4954,-1518,6472
-3856,-2908,6764
-2619,-4054,6673
-1167,-5242,6409
482,-6034,5552
1629,-6686,5057
3027,-7008,3981
4298,-7074,2776
5341,-6612,1271
6175,-5989,-186
6789,-5255,-1534
7095,-4158,-2937
7218,-3172,-4046
7189,-1967,-5222
6831,-602,-6229
5902,858,-6760
4632,2252,-6884
3539,3473,-7012
1955,4702,-6657
507,5593,-6100
-903,6356,-5453
-2355,6699,-4344
-3592,6810,-3218
-4805,6447,-1642
-5688,5853,-165
-6492,5176,1316
-6793,4191,2602
-6682,2994,3688
-6319,1456,4863
-5878,74,5804
-5077,-1336,6413
-4038,-2838,6876
-2788,-4005,6793
-1270,-5123,6393
313,-5886,5573
1522,-6468,4946
2908,-6826,3918
4219,-6826,2607
5308,-6468,1160
6237,-6030,-207
7173,-5585,-1588
7342,-4566,-2776
7288,-3370,-3918
6868,-1897,-4971
6199,-325,-5874
5424,1068,-6492
4446,2404,-6850
3180,3663,-6843
1645,4653,-6298
33,5568,-5601
-1278,6183,-4905
-2730,6649,-3919
-3939,6612,-2673
-4921,6113,-1192
-5750,5259,491
-6381,4620,1761
-6620,3506,3114
-6509,2310,4199
-6187,874,5313
-5511,-523,6034
-4545,-1897,6442
-3394,-3196,6590
-2066,-4302,6368
-486,-5370,5856
792,-6063,5271
2206,-6575,4369
3489,-6707,3218
4669,-6612,1943
5589,-6109,520
6389,-5531,-858
6934,-4595,-2339
7156,-3592,-3564
7321,-2652,-4669
6670,-1060,-5610
5791,379,-6170
4809,1703,-6512
3724,3019,-6743
2479,4236,-6715
1072,5267,-6339
-334,5993,-5659
-1703,6447,-4744
-3085,6678,-3593
-4306,6616,-2310
-5168,6014,-846
-6100,5321,779
-6496,4479,2017
-6583,3275,3308
-6311,1980,4331
-5836,573,5263
-5156,-837,5993
-4096,-2367,6463
-3007,-3514,6521
-1703,-4681,6384
-239,-5577,5816
1159,-6290,5131
2479,-6633,4154
3683,-6711,3028
4888,-6534,1646
5973,-6360,387
6835,-5907,-928
7020,-4706,-2314
6971,-3543,-3428
6822,-2293,-4529
6348,-882,-5466
5717,581,-6298
4826,1848,-6674
3613,3143,-6756
2305,4294,-6599
907,5255,-6162
-416,6018,-5602
-1905,6439,-4534
-3159,6562,-3403
-4364,6274,-1910
-5251,5502,-251
-6001,4780,1221
-6513,4046,2467
-6756,2974,3782
-6426,1711,4715
-6088,342,5746
-5333,-1031,6364
-4360,-2413,6773
-3258,-3597,6855
-1761,-4731,6492
-383,-5626,6009
1031,-6336,5305
2326,-6938,4612
3609,-6975,3366
4735,-6760,2025
5700,-6257,557
6513,-5676,-837
7066,-4760,-2306
7272,-3778,-3494
7218,-2569,-4649
6736,-1216,-5520
6051,206,-6257
5205,1559,-6764
4104,2883,-6987
2772,4063,-6835
1353,5139,-6492
-144,5973,-5829
-1542,6505,-4963
-2916,6608,-3692
-4046,6410,-2364
-5143,6006,-863
-5964,5288,676
-6567,4665,1902
-6657,3506,3151
-6579,2367,4212
-6092,858,5234
-5321,-569,5890
-4397,-2050,6447
-3320,-3357,6677
-1885,-4521,6406
-420,-5473,5893
936,-6171,5235
2301,-6666,4365
3597,-6859,3262
4756,-6633,1877
5684,-6146,462
6455,-5634,-821
6946,-4764,-2182
7008,-3518,-3490
6859,-2318,-4541
6435,-845,-5590
5836,404,-6240
4892,1889,-6781
3790,3081,-6871
2421,4261,-6682
998,5205,-6203
-334,5915,-5581
-1885,6232,-4347
-3262,6336,-3074
-4442,6212,-1770
-5379,5865,-486
-6232,5152,1080
-6521,4211,2310
-6645,3118,3527
-6373,1753,4620
-5791,342,5449
-5077,-1155,6232
-4034,-2446,6480
-2846,-3696,6542
-1460,-4793,6253
-4,-5700,5704
1340,-6344,5004
2635,-6798,4163
3861,-6810,2949
5007,-6587,1580
5775,-5981,206
6608,-5358,-1250
7107,-4632,-2475
7495,-3663,-3832
7136,-2371,-4765
6798,-1056,-5742
6113,346,-6459
5032,1650,-6682
3873,3077,-6950
2569,4228,-6797
1122,5247,-6369
-276,6080,-5804
-1662,6653,-4991
-2982,6934,-3952
-4170,6637,-2467
-5209,6241,-1032
-6154,5560,594
-6657,4801,1856
-6905,3729,3176
-6694,2413,4281
-6257,1084,5173
-5680,-363,6043
-4776,-1868,6644
-3621,-3176,6797
-2479,-4397,6876
-985,-5436,6421
482,-6150,5668
1790,-6864,5074
3102,-7161,4059
4368,-7132,2764
5486,-6843,1357
6447,-6538,91
7214,-6133,-1081
7466,-4987,-2479
7301,-3634,-3667
7053,-2260,-4793
6451,-713,-5738
5733,713,-6446
4822,2099,-6921
3786,3345,-7131
2421,4512,-6933
837,5486,-6323
-556,6237,-5681
-2037,6616,-4579
-3378,6554,-3176
-4541,6298,-1757
-5482,5709,-227
-6249,5028,1221
-6641,4087,2554
-6587,2809,3778
-6443,1551,4892
-5977,136,5841
-5065,-1390,6455
-3951,-2755,6706
-2805,-4001,6806
-1439,-5090,6529
127,-5915,5788
1464,-6612,5148
2792,-7012,4220
4092,-7165,3073
5135,-6744,1609
5993,-6072,79
6690,-5337,-1353
7008,-4298,-2710
7156,-3250,-3906
7235,-2083,-5152
6905,-825,-6080
6076,660,-6736
4867,2025,-6892
3704,3287,-6991
2169,4500,-6669
627,5370,-5997
-825,6216,-5391
-2173,6558,-4385
-3543,6711,-3168
-4727,6364,-1637
-5737,5874,-137
-6567,5271,1296
-6855,4265,2590
-6781,3077,3704
-6509,1687,4822
-6047,214,5833
-5300,-1249,6549
-4281,-2569,6850
-3064,-3898,6962
-1650,-4995,6645
-74,-5874,5948
1258,-6505,5247
2648,-6958,4310
3960,-7004,3044
5131,-6699,1568
6026,-6356,330
7152,-6220,-932
7491,-5160,-2331
7392,-3885,-3507
7115,-2470,-4645
6591,-990,-5601
5832,536,-6368
4983,1864,-6847
3852,3250,-7102
2437,4401,-6838
899,5370,-6269
-561,6117,-5556
-1951,6694,-4743
-3337,6946,-3609
-4500,6711,-2211
-5416,5816,-400
-6059,5106,953
-6682,4269,2413
-6719,3155,3564
-6554,1794,4760
-6072,321,5751
-5308,-1130,6438
-4149,-2495,6644
-3040,-3778,6818
-1526,-4954,6480
-8,-5812,5820
1361,-6517,5156
2772,-6897,4125
4054,-7062,3008
5110,-6798,1688
6088,-6270,182
6715,-5581,-1134
7111,-4562,-2549
7272,-3510,-3762
7123,-2149,-4974
6455,-742,-5713
5622,734,-6356
4636,2066,-6702
3531,3366,-6897
2099,4574,-6673
639,5515,-6154
-771,6154,-5383
-2318,6360,-4042
-3592,6542,-2950
-4793,6224,-1431
-5692,5651,41
-6468,4958,1510
-6723,3877,2846
-6616,2710,3906
-6216,1200,5016
-5618,-103,5721
-4756,-1678,6434
-3625,-3011,6636
-2400,-4129,6529
-957,-5172,6129
548,-5981,5433
1790,-6459,4669
3143,-6653,3510
4434,-6587,2153
5445,-6187,742
6373,-5725,-648
6855,-4863,-1992
7057,-3687,-3370
6831,-2545,-4286
6509,-1105,-5404
5931,247,-6178
5069,1575,-6644
3815,2912,-6727
2607,4063,-6670
1241,5139,-6380
-189,5894,-5705
-1633,6439,-4806
-2990,6781,-3791
-4195,6661,-2466
-5193,6076,-883
-5981,5333,648
-6414,4488,1926
-6732,3498,3234
-6488,2116,4372
-6166,882,5284
-5457,-672,6129
-4578,-1992,6570
-3493,-3234,6727
-2145,-4446,6591
-688,-5391,6079
668,-6241,5573
2095,-6732,4637
3440,-7008,3568
4529,-6740,2211
5560,-6373,813
6459,-5977,-482
7202,-5247,-1955
7375,-4170,-3205
7321,-3003,-4318
6979,-1699,-5280
6245,-247,-5998
5457,1175,-6632
4471,2532,-7003
3213,3770,-6983
1765,4896,-6661
136,5808,-5944
-1064,6476,-5412
-2607,6760,-4153
-3704,6641,-2937
-5007,6418,-1411
-5841,5729,112
-6534,5106,1428
-6855,4054,2801
-6855,2974,3881
-6628,1530,5098
-5857,-24,5881
-5123,-1423,6546
-3997,-2784,6781
-2792,-4026,6818
-1320,-5061,6381
309,-5902,5593
1443,-6525,5082
2941,-6864,3923
4141,-6876,2735
5242,-6517,1275
6117,-5907,-210
6744,-5148,-1596
7037,-4100,-2937
7045,-3093,-3952
6756,-1633,-5123
6228,-173,-6055
5531,1216,-6747
4471,2574,-7045
3262,3716,-6978
1815,4805,-6620
383,5585,-5968
-1122,6249,-5127
-2594,6377,-3783
-3823,6451,-2628
-4888,6224,-1336
-5927,5737,190
-6554,4892,1662
-6715,3894,2821
-6637,2706,3931
-6241,1274,4967
-5506,-334,5840
-4620,-1683,6303
-3473,-3015,6488
-2211,-4232,6443
-660,-5222,5882
664,-5956,5292
2095,-6567,4472
3349,-6645,3296
4554,-6468,1914
5564,-6051,487
6336,-5399,-937
6810,-4471,-2339
7383,-3790,-3593
7185,-2574,-4611
6773,-1225,-5548
6022,243,-6265
4995,1571,-6566
3815,2945,-6760
2483,4083,-6566
1060,5127,-6187
-222,5977,-5755
-1650,6571,-4921
-3081,6765,-3684
-4219,6529,-2310
-5238,6080,-842
-6154,5515,639
-6583,4657,1926
-6756,3559,3197
-6583,2355,4228
-6096,899,5197
-5552,-581,6133
-4558,-1955,6513
-3440,-3320,6760
-2215,-4496,6711
-808,-5424,6232
565,-6199,5634
2004,-6876,4872
3312,-7062,3750
4471,-6991,2520
5614,-6760,1146
6509,-6443,-66
7301,-5944,-1357
7429,-4706,-2723
7280,-3456,-3824
7012,-2017,-4995
6406,-544,-5862
5704,891,-6595
4764,2248,-7012
3700,3535,-7235
2281,4694,-6975
858,5585,-6443
-523,6327,-5804
-1909,6822,-4913
-3312,6694,-3382
-4430,6360,-1930
-5519,5750,-231
-6179,5003,1176
-6591,4141,2450
-6653,2908,3745
-6521,1699,4822
-6018,231,5787
-5201,-1208,6409
-4075,-2520,6595
-2879,-3811,6690
-1567,-4867,6434
-4,-5799,5803
1365,-6455,5090
2805,-6831,4026
4063,-6859,2796
5106,-6443,1337
5993,-5869,-124
6666,-4978,-1688
6946,-3947,-2999
6967,-2970,-3997
7123,-1864,-5259
6826,-523,-6303
5799,940,-6739
4488,2289,-6777
3353,3465,-6818
1786,4628,-6414
251,5449,-5700
-1134,6199,-5065
-2574,6579,-4005
-3786,6554,-2768
-4974,6129,-1155
-5902,5605,297
-6616,4925,1691
-6760,3811,2949
-6595,2578,4017
-6319,1258,5061
-5733,-193,5926
-4888,-1650,6538
-3790,-3044,6834
-2574,-4182,6756
-1072,-5321,6393
482,-6043,5561
1736,-6604,4868
3163,-6946,3783
4401,-6905,2504
5478,-6661,1183
6628,-6897,269
7458,-6245,-1213
7396,-4900,-2496
7338,-3667,-3671
7037,-2285,-4752
6435,-767,-5668
5733,804,-6537
4908,2070,-6978
3679,3427,-7106
2272,4537,-6809
763,5453,-6216
-548,6187,-5639
-2083,6703,-4620
-3349,6950,-3601
-4504,6554,-2050
-5205,5403,-198
-6125,4871,1254
-6674,4203,2471
-6715,3007,3708
-6534,1621,4913
-6088,243,5845
-5230,-1270,6500
-4141,-2656,6797
-2990,-3828,6818
-1505,-4999,6504
53,-5754,5701
1497,-6426,4929
2776,-6814,4038
4005,-6802,2797
5148,-6509,1361
6014,-5869,-145
6657,-5123,-1534
6991,-4108,-2883
7057,-2965,-4092
6822,-1621,-5201
6117,-193,-5924
5304,1188,-6492
4153,2524,-6677
2986,3774,-6760
1625,4888,-6513
12,5659,-5671
-1274,6224,-4950
-2701,6336,-3635
-3935,6237,-2302
-4941,5857,-916
-5993,5234,759
-6430,4475,1955
-6587,3324,3263
-6323,2058,4265
-5853,635,5218
-5164,-849,6013
-4174,-2202,6376
-3064,-3411,6475
-1711,-4521,6232
-272,-5407,5679
1113,-6195,5082
2503,-6501,3998
3712,-6558,2846
4875,-6397,1522
5919,-6191,272
6876,-5911,-965
6991,-4562,-2429
6872,-3419,-3453
6657,-2128,-4529
6113,-627,-5486
5416,717,-6133
4471,2074,-6545
3320,3308,-6628
2013,4393,-6406
602,5379,-5981
-771,6030,-5259
-2231,6443,-4212
-3477,6567,-3090
-4640,6125,-1485
-5420,5341,79
-6030,4591,1439
-6476,3848,2628
-6501,2640,3861
-6237,1332,4905
-5737,-45,5782
-4822,-1427,6249
-3939,-2784,6723
-2652,-3964,6616
-1282,-4995,6277
181,-5853,5672
1439,-6558,5119
2747,-7074,4327
3964,-6975,3011
5016,-6558,1542
5795,-5985,190
6645,-5424,-1221
6958,-4455,-2503
7152,-3341,-3811
6864,-2107,-4757
6377,-697,-5680
5696,754,-6450
4797,2029,-6826
3642,3308,-6950
2363,4368,-6731
895,5412,-6307
-569,6138,-5569
-1938,6616,-4678
-3262,6661,-3399
-4413,6443,-2030
-5395,5927,-532
-6117,5160,957
-6661,4393,2268
-6727,3320,3407
-6595,2087,4508
-6039,589,5450
-5449,-816,6265
-4417,-2198,6615
-3308,-3493,6801
-1955,-4698,6653
-474,-5589,6063
862,-6294,5432
2244,-6732,4488
3638,-7057,3419
4776,-6851,2075
5746,-6393,647
6538,-5968,-570
7082,-5065,-2017
7206,-3881,-3325
7078,-2734,-4344
6670,-1270,-5400
6043,103,-6146
5201,1522,-6723
4096,2838,-6934
2846,3968,-6814
1365,4933,-6298
-177,5729,-5552
-1728,6018,-4290
-3064,6208,-3144
-4356,6472,-2116
-5317,5989,-672
-6261,5502,759
-6579,4554,2025
-6682,3481,3201
-6505,2136,4369
-6072,705,5367
-5255,-746,6001
-4252,-2136,6388
-3196,-3432,6628
-1720,-4591,6311
-292,-5548,5840
1130,-6228,5098
2413,-6661,4248
3609,-6727,3118
4785,-6451,1666
5638,-5968,330
6402,-5263,-1139
6806,-4302,-2504
6975,-3361,-3614
6806,-2103,-4703
6435,-738,-5697
5692,606,-6298
4562,1992,-6554
3411,3300,-6711
1980,4413,-6393
610,5387,-5997
-717,6154,-5437
-2074,6583,-4509
-3386,6657,-3271
-4500,6381,-1881
-5457,5853,-396
-6179,5086,1093
-6521,4137,2384
-6501,3003,3498
-6199,1625,4574
-5704,214,5490
-4962,-1200,6162
-3939,-2611,6550
-2796,-3823,6619
-1423,-4945,6368
28,-5742,5714
1340,-6501,5161
2640,-6851,4211
3881,-6913,3032
4999,-6732,1733
5940,-6373,433
6888,-6076,-812
7346,-5222,-2124
7218,-3869,-3349
7066,-2569,-4497
6571,-1130,-5441
5869,396,-6265
5102,1662,-6764
4112,2990,-7102
2833,4145,-6978
1435,5127,-6562
-86,5977,-5891
-1410,6513,-5103
-2809,6657,-3848
-4038,6435,-2397
-5148,6080,-932
-6010,5515,495
-6567,4690,1877
-6756,3605,3151
-6633,2359,4274
-6430,981,5449
-5605,-441,6046
-4723,-1852,6575
-3634,-3168,6802
-2371,-4290,6661
-952,-5329,6281
552,-6092,5540
1885,-6711,4826
3238,-6983,3745
4467,-6901,2434
5370,-6435,1065
6208,-5803,-405
6818,-5003,-1815
7045,-3856,-3189
7074,-2788,-4286
7107,-1720,-5387
6542,-226,-6316
5473,1101,-6574
4335,2483,-6818
3064,3774,-6838
1625,4863,-6488
-82,5680,-5598
-1332,6373,-5041
-2718,6670,-3952
-4009,6653,-2644
-5057,6212,-1155
-6001,5655,346
-6620,5007,1613
-6765,3856,2909
-6620,2611,4009
-6199,1101,5098
-5750,-218,5968
-4760,-1864,6624
-3658,-3238,6896
-2532,-4269,6801
-1068,-5325,6393
466,-6216,5750
1864,-6760,4896
3143,-7049,3906
4442,-6983,2541
5523,-6682,1159
6476,-6653,177
7371,-6175,-1196
7305,-4822,-2483
7367,-3485,-3882
7037,-2153,-4884
6406,-503,-5903
5733,783,-6516
4851,2227,-7078
3535,3691,-7226
2293,4636,-6929
627,5614,-6241
-787,6336,-5549
-2095,6826,-4731
-3493,6946,-3453
-4438,6550,-2112
-5280,5387,-107
-6150,4950,1200
-6765,4133,2632
-6822,2937,3885
-6620,1716,4904
-6133,276,5857
-5280,-1188,6468
-4195,-2590,6785
-2800,-3947,6747
-1324,-5020,6344
90,-5779,5689
1394,-6402,5008
2858,-6855,3997
4178,-6930,2752
5193,-6604,1411
6043,-6055,12
6798,-5160,-1638
7078,-4240,-2838
7251,-3229,-4022
7152,-1992,-5160
6364,-449,-5915
5445,911,-6356
4356,2248,-6604
3073,3708,-6781
1794,4727,-6521
231,5626,-5857
-1130,6105,-4975
-2751,6410,-3659
-3885,6488,-2603
-4995,6183,-1188
-6030,5494,536
-6620,4768,1852
-6732,3691,3041
-6525,2458,4067
-6022,961,5061
-5539,-334,5873
-4603,-1843,6446
-3460,-3159,6619
-2087,-4455,6542
-750,-5325,6075
569,-6043,5474
2066,-6608,4542
3345,-6781,3436
4702,-6546,1844
5618,-6336,718
6785,-6150,-635
7066,-5156,-1910
6913,-3828,-3085
6818,-2450,-4368
6435,-1101,-5334
5869,292,-6161
4925,1765,-6690
3856,2998,-6854
2574,4162,-6736
1138,5152,-6290
-334,6051,-5717
-1633,6529,-4896
-2982,6769,-3787
-4170,6595,-2425
-5057,6059,-1002
-5812,5040,772
-6154,4083,2071
-6517,3163,3354
-6307,1777,4530
-5894,457,5437
-5209,-1006,6215
-4203,-2367,6570
-3027,-3671,6698
-1584,-4665,6249
-160,-5676,5836
1150,-6340,5190
2561,-6888,4327
3741,-6954,3213
4838,-6591,1753
5766,-6133,367
6633,-5589,-1044
7074,-4677,-2397
7247,-3663,-3584
7033,-2355,-4678
6649,-944,-5705
5816,478,-6294
4970,1827,-6797
3914,3122,-7036
2536,4195,-6731
1188,5226,-6414
-276,6001,-5725
-1732,6472,-4740
-3126,6439,-3313
-4257,6331,-2074
-5366,5931,-565
-6171,5205,966
-6690,4504,2186
-6740,3403,3337
-6666,2128,4538
-6113,668,5445
-5416,-787,6203
-4533,-2178,6711
-3390,-3465,6855
-1984,-4578,6562
-532,-5556,6088
796,-6282,5486
2211,-6789,4578
3518,-7148,3630
4694,-6971,2277
5655,-6562,907
6525,-6026,-499
7078,-5197,-1881
7210,-4059,-3151
7206,-2945,-4261
6831,-1530,-5301
6307,-78,-6229
5519,1282,-6801
4438,2681,-7119
3250,3848,-7098
1835,4937,-6772
346,5832,-6178
-1084,6488,-5404
-2524,6591,-4067
-3770,6703,-2933
-4884,6352,-1468
-5853,5832,21
-6447,4962,1485
-6608,3848,2760
-6480,2681,3799
-6175,1155,5020
-5478,-346,5824
-4644,-1740,6384
-3502,-3135,6637
-2252,-4323,6575
-779,-5304,6083
598,-6034,5436
2070,-6661,4591
3328,-6876,3548
4533,-6736,2203
5453,-6303,850
6307,-5643,-664
6859,-4789,-2070
7251,-3873,-3378
7090,-2668,-4422
6744,-1328,-5416
6146,103,-6249
5057,1452,-6509
3943,2767,-6710
2528,4054,-6582
1142,4983,-6125
-301,5874,-5573
-1563,6414,-4851
-3044,6562,-3518
-4063,5989,-1926
-5127,5634,-507
-6051,5082,969
-6455,4191,2264
-6447,3093,3354
-6241,1749,4492
-5676,292,5384
-4966,-1142,6108
-3861,-2499,6360
-2866,-3766,6632
-1460,-4801,6261
28,-5605,5577
1344,-6327,4983
2644,-6666,4022
3927,-6719,2792
5003,-6501,1498
5940,-6133,193
6958,-5853,-1105
7272,-4842,-2430
7107,-3559,-3548
6831,-2202,-4629
6323,-676,-5647
5630,721,-6351
4805,1996,-6801
3848,3333,-7181
2635,4500,-7135
1221,5436,-6657
-193,6253,-6060
-1633,6839,-5206
-2994,7140,-4146
-4174,7062,-2888
-5321,6769,-1448
-6216,6146,70
-6872,5358,1514
-7202,4401,2801
-7210,3250,3960
-7029,1938,5091
-6661,445,6216
-5968,-886,6854
-4933,-2347,7280
-3811,-3741,7552
-2813,-4925,7738
-1365,-6055,7420
119,-6888,6769
1377,-7565,6188
2722,-7986,5264
4067,-8167,4100
5259,-7800,2541
6150,-7301,1151
6996,-6579,-417
7594,-5713,-1881
7833,-4549,-3284
7965,-3432,-4533
7651,-2070,-5581
7086,-462,-6624
6406,837,-7243
5288,2371,-7659
4067,3696,-7763
2223,4945,-7168
635,5828,-6463
-899,6769,-5870
-2388,7231,-4843
-3716,7297,-3581
-5024,6930,-1906
-5948,6294,-346
-6921,5721,1200
-7255,4615,2640
-7037,3196,3841
-6711,1571,5140
-6373,177,6196
-5572,-1398,6970
-4401,-2908,7309
-3238,-4244,7482
-1695,-5424,7119
-94,-6331,6425
1386,-6925,5539
2776,-7371,4595
4294,-7478,3184
5457,-7082,1625
6418,-6637,219
7482,-6282,-1200
7874,-5218,-2656
7903,-3947,-3956
7474,-2433,-5041
6909,-787,-6122
6179,680,-6859
5164,2145,-7309
4026,3601,-7627
2450,4752,-7202
858,5803,-6661
-622,6587,-5965
-2293,7099,-4806
-3700,7371,-3671
-4954,7024,-2070
-5894,6204,-310
-6715,5502,1213
-7317,4644,2673
-7264,3349,3915
-7082,1868,5214
-6550,321,6229
-5783,-1130,6913
-4603,-2602,7205
-3361,-4009,7370
-1848,-5271,7119
-173,-6175,6348
1386,-6938,5552
2784,-7515,4731
4228,-7519,3291
5428,-7441,2013
6476,-6917,441
7181,-6232,-949
7656,-5152,-2504
7734,-3947,-3787
7693,-2685,-5008
7169,-1068,-6101
6232,507,-6739
5242,1992,-7234
3988,3440,-7428
2541,4813,-7354
998,5828,-6826
-528,6628,-6100
-2281,6967,-4686
-3564,7152,-3588
-4892,6954,-2062
-5923,6290,-367
-6699,5597,1102
-7156,4496,2660
-7033,3238,3795
-6703,1645,5058
-6133,169,5964
-5370,-1414,6784
-4149,-3007,7156
-2862,-4290,7152
-1340,-5440,6780
354,-6393,6039
1637,-7123,5486
3118,-7272,4154
4492,-7309,2817
5630,-7082,1452
6723,-6921,198
7532,-6117,-1415
7437,-4624,-2813
7425,-3411,-4014
7132,-1901,-5231
6525,-292,-6233
5766,1183,-6949
4558,2697,-7255
3234,4001,-7235
1839,5119,-6958
115,6162,-6277
-1254,6810,-5556
-2829,7165,-4336
-4149,7140,-2991
-5238,6463,-1225
-6088,5659,429
-6707,4785,1922
-7210,3790,3420
-6983,2450,4533
-6707,973,5734
-5985,-507,6492
-5024,-1938,6962
-3852,-3440,7292
-2355,-4648,7003
-870,-5684,6554
503,-6430,5927
2070,-7140,5070
3518,-7363,3845
4743,-7136,2393
5828,-6616,788
6769,-6022,-747
7330,-5127,-2203
7651,-4092,-3559
7544,-2833,-4711
7169,-1402,-5767
6426,127,-6553
5453,1625,-7078
4405,3015,-7420
2990,4323,-7313
1464,5407,-6871
-94,6331,-6237
-1546,6930,-5384
-3073,7140,-4067
-4389,7053,-2664
-5527,6641,-1114
-6389,5874,515
-7000,5057,1943
-7181,3848,3333
-7090,2644,4446
-6678,1093,5585
-5907,-532,6439
-5003,-2004,7007
-3745,-3477,7222
-2326,-4702,7028
-664,-5758,6422
676,-6620,5944
2256,-7194,4938
3658,-7495,3837
4937,-7486,2549
5944,-7049,1105
6876,-6430,-446
7404,-5667,-1737
7668,-4516,-3152
7569,-3159,-4410
7247,-1765,-5482
6666,-144,-6522
5845,1357,-7202
4752,2751,-7503
3535,4050,-7585
1996,5251,-7247
367,6228,-6595
-1072,6925,-5853
-2681,7227,-4546
-3951,7321,-3370
-5193,7078,-1885
-6228,6534,-306
-7016,5647,1369
-7280,4521,2759
-7309,3361,3948
-6991,1757,5234
-6294,177,6117
-5461,-1431,6892
-4335,-2904,7239
-3036,-4195,7231
-1604,-5333,6937
99,-6307,6208
1555,-7037,5482
2986,-7301,4315
4244,-7346,3102
5515,-6934,1419
6414,-6418,4
7115,-5539,-1576
7503,-4512,-2991
7627,-3279,-4348
7288,-1798,-5490
7082,-536,-6546
6117,1031,-7148
4838,2483,-7321
3378,3819,-7197
1881,4970,-6851
288,6022,-6310
-1117,6789,-5672
-2697,7165,-4468
-4009,6872,-2863
-5106,6439,-1333
-6220,5960,260
-6872,5090,1782
-7152,3997,3155
-6930,2623,4307
-6554,1208,5346
-5878,-334,6212
-4818,-2008,6826
-3663,-3361,7024
-2239,-4653,6892
-680,-5651,6331
721,-6459,5738
2239,-7029,4790
3658,-7177,3519
4958,-7024,2066
6010,-6645,635
7053,-6356,-697
7866,-5721,-2145
7689,-4215,-3474
7272,-2780,-4492
6868,-1183,-5685
6080,309,-6389
5313,1736,-7049
4240,3201,-7441
2875,4442,-7317
1307,5572,-6879
-177,6430,-6253
-1687,7053,-5366
-3139,7383,-4244
-4438,7251,-2813
-5531,6835,-1304
-6480,6067,413
-7053,5292,1761
-7309,4071,3238
-7082,2718,4364
-6835,1303,5532
-6307,-243,6550
-5242,-1794,7036
-3988,-3345,7333
-2776,-4607,7383
-1241,-5721,6962
482,-6641,6159
1703,-7305,5602
3130,-7854,4724
4442,-8031,3589
5535,-7433,1898
6418,-6760,342
7206,-6006,-1200
7627,-4888,-2739
7775,-3716,-4059
7684,-2446,-5238
7330,-1043,-6287
6765,449,-7214
5597,1984,-7581
4323,3361,-7684
2912,4624,-7536
1282,5770,-7052
-354,6600,-6246
-1848,7099,-5251
-3312,7185,-3873
-4615,6917,-2302
-5684,6422,-738
-6851,5820,1031
-7309,4892,2417
-7247,3539,3708
-7033,2087,4946
-6505,598,5907
-5832,-957,6789
-4694,-2466,7160
-3460,-3828,7288
-1942,-5148,7090
-272,-6109,6381
1183,-6769,5586
2763,-7194,4431
4186,-7301,3115
5403,-7045,1642
6389,-6579,190
7317,-6059,-1258
7944,-5156,-2788
7862,-3968,-3894
7482,-2384,-5098
6905,-816,-6089
6109,713,-6822
5106,2169,-7275
3922,3630,-7552
2384,4801,-7185
792,5898,-6690
-705,6682,-5977
-2293,7288,-4995
-3774,7462,-3688
-4970,7194,-2224
-5952,6294,-342
-6674,5523,1151
-7222,4599,2623
-7222,3407,3815
-7095,1909,5186
-6534,420,6114
-5783,-1138,6921
-4533,-2743,7276
-3320,-4042,7362
-1823,-5226,7049
-99,-6249,6348
1447,-7074,5627
2838,-7598,4760
4323,-7891,3568
5424,-7792,2368
6439,-7194,755
7194,-6381,-813
7660,-5354,-2306
7849,-4178,-3671
7887,-2970,-4917
7400,-1311,-6089
6579,173,-6752
5597,1720,-7317
4384,3229,-7613
2953,4624,-7577
1476,5709,-7185
-127,6604,-6477
-1658,7033,-5375
-3221,7334,-4113
-4479,7218,-2739
-5663,6703,-1040
-6608,6030,578
-7177,5094,2083
-7400,3881,3519
-7074,2421,4653
-6575,792,5783
-5931,-787,6718
-4863,-2351,7214
-3568,-3737,7305
-2198,-4987,7185
-540,-6043,6583
903,-6905,6002
2437,-7317,4880
3856,-7412,3556
5201,-7260,2059
6232,-6822,590
7189,-6356,-833
7651,-5288,-2363
7631,-3881,-3750
7441,-2508,-4933
7012,-936,-6076
6228,569,-6797
5280,2083,-7363
4038,3477,-7515
2582,4702,-7284
1027,5754,-6781
-573,6678,-6105
-2070,7111,-5041
-3522,7309,-3787
-4904,6868,-1964
-5721,6026,-305
-6550,5086,1464
-7053,4393,2660
-7313,3201,4112
-6938,1625,5313
-6397,210,6187
-5473,-1410,6883
-4488,-2858,7346
-3052,-4203,7255
-1513,-5313,6826
136,-6381,6245
1526,-7082,5556
3093,-7515,4422
4446,-7552,3106
5498,-7119,1621
6484,-6591,107
7326,-5931,-1395
7689,-4842,-2847
7734,-3638,-4096
7408,-2128,-5280
6864,-594,-6270
5989,907,-6896
4954,2417,-7371
3621,3790,-7411
2079,4987,-7066
499,6051,-6550
-1109,6781,-5672
-2664,7082,-4418
-3960,7016,-3056
-5234,6851,-1617
-6232,6051,181
-6958,5399,1559
-7247,4215,3032
-7177,3040,4137
-6930,1447,5483
-6162,-107,6269
-5292,-1683,6975
-4133,-3143,7276
-2693,-4508,7201
-1109,-5638,6747
433,-6422,5989
1823,-7082,5259
3283,-7557,4274
4620,-7573,2953
5799,-7173,1374
6616,-6501,-115
7354,-5721,-1633
7618,-4554,-3064
7676,-3328,-4348
7371,-1885,-5486
6777,-272,-6505
6191,1138,-7329
5024,2578,-7602
3799,3881,-7680
2277,5065,-7342
660,6006,-6666
-866,6781,-5915
-2499,7057,-4558
-3770,7284,-3514
-5098,6963,-1865
-6129,6414,-285
-7000,5688,1312
-7235,4541,2694
-7400,3324,4076
-7029,1769,5260
-6389,177,6212
-5581,-1423,7004
-4393,-2833,7226
-3180,-4182,7362
-1559,-5428,6987
-37,-6348,6385
1526,-7099,5573
2904,-7561,4657
4294,-7573,3279
5502,-7284,1782
6443,-6703,260
7280,-5948,-1332
7734,-5016,-2718
8068,-3964,-4104
7788,-2536,-5252
7227,-1002,-6225
6451,453,-6904
5321,1955,-7276
3976,3370,-7346
2376,4665,-7041
816,5779,-6595
-688,6641,-5953
-2326,7264,-4938
-3737,7305,-3568
-4966,6934,-1968
-6030,6476,-446
-6958,5692,1266
-7297,4607,2690
-7359,3423,3936
-7000,1914,5086
-6492,379,6113
-5676,-1064,6740
-4409,-2730,7139
-3324,-3984,7308
-1732,-5300,7032
-115,-6179,6294
1431,-6971,5540
2854,-7404,4550
4228,-7425,3197
5449,-7128,1679
6410,-6604,194
7317,-6026,-1291
7825,-5135,-2690
7656,-3696,-3960
7354,-2244,-5110
6616,-552,-6064
5791,1002,-6793
4830,2433,-7263
3671,3799,-7470
2107,4983,-7090
490,5968,-6458
-1002,6773,-5771
-2508,7165,-4657
-3914,7103,-3189
-5090,6579,-1489
-6096,5952,144
-6769,5148,1621
-7123,4021,3102
-7012,2730,4282
-6785,1254,5531
-6158,-313,6471
-5098,-1827,6925
-3910,-3320,7230
-2590,-4525,7115
-1035,-5667,6702
519,-6542,6023
1909,-7181,5272
3407,-7717,4310
4702,-7734,3032
5676,-7156,1480
6534,-6397,-137
7280,-5531,-1749
7548,-4389,-3159
7709,-3205,-4504
7668,-2050,-5618
7359,-606,-6753
6253,899,-7152
5024,2417,-7441
3778,3712,-7490
2145,5028,-7173
486,5952,-6438
-1031,6785,-5754
-2541,7210,-4669
-3914,7280,-3366
-5218,6958,-1740
-6208,6369,-161
-7144,5729,1415
-7478,4657,2821
-7396,3378,4018
-7136,1893,5243
-6645,412,6233
-5812,-1126,6938
-4723,-2664,7387
-3460,-4005,7465
-1934,-5292,7226
-325,-6195,6520
1266,-6938,5672
2743,-7408,4665
4174,-7552,3378
5399,-7243,1844
6410,-6765,355
7371,-6323,-1048
7961,-5494,-2467
7920,-4129,-3791
7668,-2656,-5012
7062,-1142,-5920
6232,552,-6784
5292,2029,-7321
4129,3432,-7561
2479,4714,-7193
866,5651,-6517
-771,6468,-5697
-2330,7095,-4765
-3782,7453,-3671
-4983,7107,-2124
-5948,6294,-346
-6756,5519,1237
-7177,4562,2615
-7243,3386,3857
-6996,1773,5223
-6496,292,6204
-5556,-1348,6904
-4422,-2846,7268
-3118,-4166,7284
-1534,-5296,6830
148,-6249,6101
1518,-6967,5449
3036,-7519,4483
4430,-7557,3127
5610,-7354,1744
6538,-6798,260
7309,-5948,-1361
7705,-4908,-2797
7849,-3700,-4149
7903,-2565,-5338
7272,-907,-6365
6282,627,-6909
5230,2145,-7375
3980,3605,-7585
2627,4859,-7486
1018,5944,-6962
-346,6694,-6348
-2103,7161,-5058
-3584,7363,-3779
-4818,7144,-2326
-5861,6571,-710
-6913,5882,1031
-7379,4842,2537
-7354,3621,3733
-7123,2091,5032
-6608,561,6047
-5874,-994,6868
-4719,-2561,7280
-3531,-3972,7503
-1984,-5181,7165
-367,-6096,6463
1122,-6888,5766
2561,-7297,4736
4001,-7445,3444
5308,-7202,1894
6364,-6789,425
7272,-6179,-1093
7610,-5053,-2557
7656,-3803,-3853
7491,-2396,-5095
6983,-812,-6171
6146,750,-6896
5164,2107,-7271
3819,3551,-7370
2392,4772,-7164
816,5869,-6685
-787,6624,-5837
-2446,7070,-4624
-3823,7156,-3333
-5102,6814,-1712
-6043,5968,75
-6748,5197,1551
-7227,4294,2933
-7268,2998,4270
-6835,1460,5375
-6282,-53,6335
-5412,-1530,6942
-4298,-2961,7259
-2941,-4244,7185
-1270,-5416,6686
437,-6377,5940
1691,-6979,5288
3242,-7293,4051
4537,-7185,2648
5647,-6674,1027
6620,-6047,-573
7222,-5230,-1992
7486,-4001,-3485
7499,-2875,-4624
7194,-1435,-5759
6575,66,-6641
5651,1468,-7119
4426,2887,-7313
3031,4240,-7271
1509,5370,-6879
-148,6352,-6204
-1575,6806,-5231
-3093,7053,-3960
-4376,6901,-2525
-5506,6513,-1007
-6426,5676,750
-6987,4842,2145
-7140,3679,3461
-7041,2429,4612
-6468,833,5635
-5758,-717,6475
-4686,-2285,6971
-3510,-3671,7181
-1975,-4838,6813
-375,-5911,6286
1023,-6637,5614
2549,-7123,4574
3894,-7317,3423
5164,-7062,1898
6113,-6525,412
6938,-5911,-1027
7528,-5049,-2479
7680,-3877,-3803
7511,-2598,-4913
7033,-1089,-5944
6381,358,-6739
5469,1843,-7312
4178,3242,-7420
2734,4516,-7250
1262,5490,-6752
-259,6402,-6143
-1905,6752,-4847
-3279,7008,-3729
-4690,6938,-2248
-5725,6513,-788
-6826,5935,891
-7148,4925,2223
-7350,3790,3560
-7152,2413,4739
-6678,882,5796
-5894,-693,6587
-4908,-2165,7073
-3691,-3555,7246
-2297,-4756,7053
-684,-5865,6549
726,-6645,5919
2235,-7293,5058
3638,-7581,3943
4925,-7441,2516
5968,-7008,1040
6892,-6418,-474
7491,-5589,-1902
8089,-4793,-3296
8151,-3531,-4620
7676,-2099,-5577
7156,-577,-6579
6311,895,-7206
5115,2392,-7507
3815,3782,-7597
2248,5049,-7297
742,6047,-6789
-713,6826,-6113
-2248,7367,-5119
-3720,7375,-3655
-4855,6818,-1963
-5989,6352,-363
-6802,5713,1089
-7198,4620,2578
-7206,3394,3812
-6930,1876,5054
-6348,276,6072
-5531,-1307,6838
-4339,-2829,7168
-3040,-4240,7280
-1563,-5321,6884
57,-6311,6254
1489,-6987,5498
2990,-7363,4373
4368,-7396,3028
5511,-7132,1621
6501,-6521,20
7326,-5944,-1382
7792,-4950,-2842
7610,-3543,-4067
7251,-2128,-5123
6525,-404,-6121
5746,1105,-6851
4756,2495,-7251
3555,3815,-7370
1996,5040,-7036
284,5956,-6240
-1109,6633,-5524
-2706,6872,-4166
-4005,6534,-2529
-5131,6261,-1130
-6187,5655,532
-6798,4859,1939
-7041,3667,3374
-6872,2301,4571
-6542,862,5680
-5853,-684,6537
-4747,-2157,6904
-3568,-3568,7136
-2244,-4731,6975
-606,-5841,6447
713,-6509,5796
2264,-7115,4851
3696,-7552,3856
4966,-7359,2393
5828,-6707,879
6744,-5985,-759
7309,-4999,-2310
7577,-3889,-3688
7713,-2875,-4838
7874,-1732,-6142
7012,-198,-6814
5845,1328,-7173
4615,2734,-7349
3316,4021,-7337
1695,5185,-6880
-12,6166,-6154
-1365,6971,-5606
-2891,7247,-4356
-4211,7210,-2999
-5341,6855,-1514
-6389,6125,264
-7165,5515,1650
-7416,4343,3073
-7255,3060,4195
-6983,1493,5490
-6418,53,6365
-5601,-1505,7106
-4467,-2990,7457
-3139,-4331,7470
-1654,-5597,7251
-33,-6451,6484
1427,-7165,5738
2899,-7507,4608
4236,-7684,3448
5502,-7367,1865
6583,-7082,499
7693,-7074,-619
7998,-5878,-2120
8002,-4459,-3543
7738,-3048,-4690
7330,-1476,-5854
6525,136,-6661
5581,1724,-7305
4471,3196,-7667
3011,4467,-7478
1348,5552,-6900
-214,6414,-6200
-1819,6996,-5177
-3242,7420,-4178
-4620,7301,-2681
-5519,6340,-821
-6286,5424,862
-7086,4768,2318
-7272,3588,3684
-7070,2091,4979
-6670,647,6023
-5927,-973,6900
-4789,-2541,7330
-3564,-3840,7404
-2066,-5131,7197
-325,-6039,6364
1163,-6868,5705
2598,-7392,4794
4059,-7623,3564
5247,-7515,2268
6286,-6938,652
7103,-6195,-908
7627,-5189,-2438
7767,-3968,-3799
7990,-2941,-5049
7499,-1315,-6184
6488,259,-6747
5486,1757,-7243
4261,3250,-7511
2833,4611,-7444
1332,5725,-7057
-231,6600,-6369
-1765,7037,-5272
-3324,7338,-4014
-4673,7189,-2516
-5779,6723,-944
-6760,6072,688
-7371,5123,2248
-7495,3931,3564
-7305,2487,4818
-6843,952,5891
-6109,-569,6678
-5143,-2132,7275
-3885,-3621,7506
-2524,-4888,7412
-952,-5931,6883
528,-6765,6237
2140,-7342,5202
3539,-7656,4117
4950,-7478,2528
6084,-7156,1072
7156,-6864,-292
7796,-5923,-1873
7804,-4554,-3250
7779,-3295,-4484
7383,-1699,-5684
6727,-107,-6620
5812,1377,-7189
4657,2850,-7507
3205,4166,-7371
1736,5399,-7135
4,6406,-6410
-1501,7012,-5511
-2970,7309,-4339
-4467,7313,-2846
-5544,6558,-1014
-6393,5667,726
-6946,4818,2128
-7400,3844,3556
-7136,2392,4744
-6781,907,5874
-5968,-730,6698
-4904,-2281,7185
-3745,-3638,7383
-2173,-4892,7065
-581,-5964,6545
825,-6789,5964
2392,-7425,5033
3819,-7598,3779
5135,-7227,2092
6026,-6678,652
7037,-6059,-978
7540,-5189,-2351
7792,-3951,-3841
7528,-2631,-4897
7095,-1084,-6011
6319,412,-6731
5284,1876,-7160
4021,3320,-7341
2590,4615,-7205
965,5704,-6669
-482,6529,-6047
-2219,6917,-4698
-3601,6942,-3341
-4908,6818,-1910
-6014,6228,-214
-6876,5482,1394
-7268,4574,2694
-7235,3304,3931
-7049,1889,5160
-6352,243,6109
-5564,-1229,6793
-4426,-2780,7206
-3060,-4096,7156
-1559,-5308,6867
61,-6150,6089
1526,-6806,5280
2990,-7276,4286
4430,-7334,2904
5531,-6897,1366
6418,-6282,-136
7169,-5457,-1712
7528,-4438,-3090
7680,-3386,-4294
7441,-1897,-5544
6822,-445,-6377
6179,1031,-7210
4925,2499,-7424
3679,3819,-7498
2169,5007,-7176
556,5989,-6545
-961,6810,-5849
-2491,7090,-4599
-3894,7330,-3436
-5127,6987,-1860
-6195,6517,-322
-7024,5783,1241
-7297,4698,2599
-7404,3498,3906
-7132,1980,5152
-6583,449,6134
-5680,-1179,6859
-4529,-2685,7214
-3238,-3976,7214
-1773,-5296,7069
-165,-6241,6406
1427,-7066,5639
2776,-7466,4690
4224,-7581,3357
5329,-7445,2116
6352,-6954,602
7181,-6138,-1043
7759,-5308,-2451
8019,-4174,-3845
7833,-2858,-4975
7359,-1303,-6056
6740,177,-6917
5622,1662,-7284
4496,3122,-7618
2821,4537,-7358
1406,5634,-7040
-202,6562,-6360
-1637,7206,-5569
-3135,7515,-4380
-4450,7210,-2760
-5630,6756,-1126
-6694,6158,536
-7140,5247,1893
-7416,4063,3353
-7313,2780,4533
-6818,1113,5705
-6133,-404,6537
-5086,-2087,7173
-3856,-3465,7321
-2594,-4686,7280
-845,-5820,6665
548,-6562,6014
2153,-7239,5086
3543,-7482,3939
4888,-7342,2454
6034,-6793,759
6905,-6146,-759
7474,-5325,-2149
7767,-4178,-3589
7577,-2796,-4781
7049,-1192,-5857
6270,383,-6653
5403,1831,-7234
4232,3254,-7486
2937,4492,-7429
1406,5531,-6937
-222,6451,-6229
-1732,7029,-5297
-3262,7156,-3894
-4508,6707,-2199
-5659,6212,-553
-6587,5535,1052
-7049,4603,2446
-7156,3341,3815
-6925,1889,5036
-6463,400,6063
-5498,-1113,6611
-4331,-2718,7049
-3110,-3960,7070
-1567,-5205,6772
45,-6047,6002
1480,-6781,5301
2974,-7189,4215
4281,-7247,2966
5420,-6859,1439
6340,-6175,-165
7049,-5341,-1708
7383,-4137,-3246
7689,-3275,-4414
7858,-2239,-5619
7251,-655,-6596
6092,915,-7007
4921,2318,-7239
3588,3700,-7288
2079,4970,-7049
400,5952,-6352
-1159,6670,-5511
-2648,7136,-4488
-4005,7161,-3156
-5234,6785,-1551
-6191,6290,-99
-7078,5601,1477
-7346,4500,2846
-7260,3258,4002
-6930,1563,5367
-6472,280,6192
-5643,-1336,6979
-4393,-2986,7379
-3110,-4252,7362
-1835,-5337,7172
-202,-6340,6542
1460,-7111,5651
2842,-7478,4636
4166,-7656,3490
5407,-7392,1985
6410,-7070,660
7717,-7123,-594
7994,-5882,-2112
8010,-4620,-3390
7849,-3308,-4541
7445,-1691,-5754
6624,103,-6727
5787,1588,-7375
4719,3089,-7808
3415,4347,-7762
1724,5539,-7263
61,6439,-6500
-1241,7082,-5841
-2899,7486,-4587
-4252,7536,-3284
-5242,6810,-1568
-6055,5614,441
-7148,5168,1980
-7420,4240,3180
-7346,2858,4488
-7078,1431,5647
-6331,-305,6636
-5387,-1926,7313
-4116,-3262,7378
-2912,-4479,7391
-1113,-5762,6875
589,-6521,5932
1815,-7140,5325
3300,-7511,4211
4698,-7429,2731
5836,-7070,1234
6835,-6307,-528
7511,-5350,-2161
7627,-4195,-3432
7709,-3073,-4636
7561,-1621,-5940
6740,-16,-6724
5556,1654,-7210
4413,3102,-7515
3031,4434,-7465
1711,5527,-7238
4,6422,-6426
-1464,7057,-5593
-2949,7429,-4480
-4525,7491,-2966
-5680,7161,-1481
-6649,6513,136
-7392,5717,1675
-7689,4549,3140
-7664,3341,4323
-7305,1695,5610
-6732,82,6650
-5964,-1534,7498
-4727,-3085,7812
-3869,-4269,8138
-2619,-5647,8266
-796,-6604,7400
503,-7313,6810
2244,-7961,5717
3621,-8126,4505
5011,-8171,3160
6241,-7981,1740
7425,-7948,523
8324,-7090,-1234
8270,-5651,-2619
8357,-4248,-4109
8188,-2965,-5223
7796,-1311,-6435
6971,462,-7433
6022,1938,-7960
4653,3493,-8146
3328,4727,-8055
1575,6072,-7647
-115,7156,-7041
-1732,7771,-6039
-3295,8014,-4719
-4776,7965,-3189
-5874,7194,-1320
-6765,6228,537
-7445,5399,2046
-8047,4417,3630
-7849,2920,4929
-7478,1315,6163
-6822,-264,7086
-5770,-1914,7684
-4554,-3572,8126
-2990,-4863,7853
-1357,-6129,7486
462,-7148,6686
1852,-7837,5985
3415,-8241,4826
4900,-8085,3185
6105,-7639,1534
7095,-6925,-170
7854,-6084,-1770
8217,-4879,-3338
8283,-3539,-4744
7845,-1897,-5948
7305,-226,-7079
6356,1336,-7692
5102,2883,-7985
3691,4281,-7972
2099,5651,-7750
429,6653,-7082
-1336,7293,-5957
-3073,7408,-4335
-4397,7214,-2817
-5898,7156,-1258
-6913,6298,615
-7656,5552,2104
-7895,4252,3643
-7833,2908,4925
-7346,1266,6080
-6521,-536,7057
-5515,-2157,7672
-4178,-3663,7841
-2739,-5086,7825
-919,-6232,7151
627,-7082,6455
2268,-7767,5499
3832,-8134,4302
5304,-7903,2599
6364,-7458,1094
7317,-6740,-577
8126,-5952,-2174
8324,-4665,-3659
8303,-3320,-4983
7771,-1641,-6130
7107,0,-7107
6245,1559,-7804
4888,3102,-7990
3502,4500,-8002
1835,5709,-7544
-16,6752,-6736
-1575,7383,-5808
-3316,7511,-4195
-4756,7643,-2887
-6051,7194,-1143
-7169,6703,466
-7672,5671,2001
-7907,4417,3490
-7833,2974,4859
-7301,1270,6031
-6562,-441,7003
-5395,-2046,7441
-4104,-3638,7742
-2574,-5028,7602
-787,-6154,6941
717,-7103,6386
2409,-7713,5304
3939,-7870,3931
5317,-7701,2384
6447,-7194,747
7321,-6505,-816
7920,-5358,-2562
8386,-4401,-3985
8262,-3052,-5210
7874,-1435,-6439
7144,136,-7280
5944,1724,-7668
4686,3295,-7981
3056,4764,-7820
1443,5948,-7391
-231,6892,-6661
-1749,7585,-5836
-3460,7944,-4484
-4772,7664,-2892
-5977,7119,-1142
-7066,6435,631
-7680,5465,2215
-7833,4067,3766
-7656,2611,5045
-7247,998,6249
-6459,-643,7102
-5362,-2330,7692
-4087,-3885,7972
-2586,-5205,7791
-948,-6278,7226
573,-7206,6633
2206,-7767,5561
3749,-8171,4422
5131,-8064,2933
6364,-7730,1366
7400,-7136,-264
8316,-6476,-1840
8472,-5255,-3217
8307,-3774,-4533
7837,-2103,-5734
7140,-317,-6823
6278,1270,-7548
5164,2895,-8059
3803,4285,-8088
2173,5605,-7778
379,6562,-6941
-1229,7346,-6117
-2937,7701,-4764
-4389,7507,-3118
-5729,7214,-1485
-6843,6488,355
-7532,5671,1861
-7866,4384,3482
-7713,2953,4760
-7342,1390,5952
-6661,-226,6887
-5535,-1905,7440
-4178,-3510,7688
-2809,-4929,7738
-1056,-6125,7181
589,-7000,6411
2215,-7594,5379
3712,-8023,4311
5172,-7854,2682
6270,-7194,924
7136,-6534,-602
7730,-5445,-2285
8027,-4174,-3853
8068,-2887,-5181
7911,-1588,-6323
7272,24,-7296
6034,1641,-7675
4632,3168,-7800
3147,4607,-7754
1315,5832,-7147
-305,6740,-6435
-2013,7375,-5362
-3531,7631,-4100
-4933,7449,-2516
-6121,6847,-726
-7136,6228,908
-7693,5304,2389
-7763,3844,3919
-7445,2301,5144
-7057,713,6344
-6261,-886,7147
-5077,-2536,7613
-3898,-4046,7944
-2239,-5395,7634
-684,-6509,7193
919,-7334,6415
2545,-7779,5234
4059,-8122,4063
5395,-7862,2467
6608,-7524,916
7833,-7528,-305
8505,-6567,-1938
8505,-5119,-3386
8357,-3687,-4670
7986,-2070,-5916
7276,-309,-6967
6402,1320,-7722
5300,2920,-8220
3927,4327,-8254
2239,5618,-7857
618,6661,-7279
-1031,7420,-6389
-2718,7961,-5243
-4112,8266,-4154
-5577,7936,-2359
-6501,6859,-358
-7392,6022,1370
-8068,5131,2937
-8072,3803,4269
-7915,2244,5671
-7392,594,6798
-6583,-1060,7643
-5350,-2656,8006
-4005,-4079,8084
-2396,-5519,7915
-532,-6571,7103
1080,-7387,6307
2673,-7977,5304
4211,-8212,4001
5651,-8006,2355
6707,-7441,734
7647,-6661,-986
8196,-5589,-2607
8336,-4265,-4071
8320,-2842,-5478
7746,-1225,-6521
6835,453,-7288
5787,2066,-7853
4446,3625,-8071
2862,5061,-7923
1113,6253,-7366
-499,7123,-6624
-2347,7433,-5086
-3906,7631,-3725
-5436,7614,-2178
-6534,6991,-457
-7548,6220,1328
-7911,5082,2829
-7957,3679,4278
-7540,2046,5494
-6975,363,6612
-6125,-1270,7395
-4826,-2990,7816
-3564,-4393,7957
-1782,-5729,7511
-148,-6727,6875
1588,-7507,5919
3126,-7944,4818
4636,-7973,3337
5968,-7709,1741
7189,-7590,401
8291,-6983,-1308
8295,-5473,-2822
8233,-3935,-4298
8064,-2487,-5577
7491,-808,-6683
6670,841,-7511
5634,2437,-8071
4211,3968,-8179
2619,5333,-7952
1047,6447,-7494
-594,7387,-6793
-2260,7953,-5693
-3869,8138,-4269
-5218,7969,-2751
-6352,7156,-804
-7181,5960,1221
-7713,5082,2631
-8060,3885,4175
-7833,2293,5540
-7383,676,6707
-6468,-994,7462
-5362,-2594,7956
-4112,-4153,8265
-2343,-5457,7800
-660,-6608,7268
874,-7458,6584
2565,-8047,5482
4071,-8229,4158
5502,-7940,2438
6587,-7449,862
7590,-6674,-916
8200,-5601,-2599
8382,-4277,-4105
8270,-2949,-5321
7858,-1307,-6551
7037,383,-7420
6030,1955,-7985
4677,3465,-8142
3118,4917,-8035
1460,6092,-7552
-354,7123,-6769
-2021,7528,-5507
-3708,7581,-3873
-5185,7565,-2380
-6488,7049,-561
-7437,6303,1134
-7969,5325,2644
-8068,3894,4174
-7878,2487,5391
-7214,713,6501
-6360,-911,7271
-5214,-2627,7841
-3819,-4133,7952
-2157,-5436,7593
-371,-6480,6851
1344,-7326,5982
2945,-7878,4933
4471,-7973,3502
5832,-7643,1811
6876,-7004,128
7651,-6067,-1584
8093,-4888,-3205
8188,-3737,-4451
7973,-2099,-5874
7363,-552,-6811
6703,1068,-7771
5440,2631,-8071
4038,4083,-8121
2363,5358,-7721
581,6389,-6970
-1014,7235,-6221
-2726,7581,-4855
-4248,7742,-3494
-5634,7387,-1753
-6760,6806,-46
-7569,5989,1580
-7788,4710,3078
-7845,3324,4521
-7383,1633,5750
-6781,-4,6785
-5709,-1749,7458
-4430,-3287,7717
-3064,-4727,7791
-1332,-6026,7358
523,-6909,6386
1971,-7627,5656
3568,-7903,4335
4875,-7837,2962
6245,-7412,1167
7111,-6727,-384
7816,-5795,-2021
8456,-4904,-3552
8575,-3654,-4921
8101,-1988,-6113
7544,-495,-7049
6501,1155,-7656
5226,2706,-7932
3687,4170,-7857
2000,5552,-7552
420,6600,-7020
-1287,7404,-6117
-2875,7895,-5020
-4372,7849,-3477
-5651,7474,-1823
-6818,6897,-79
-7602,5940,1662
-7920,4714,3206
-7878,3432,4446
-7486,1662,5824
-6814,70,6744
-5919,-1621,7540
-4665,-3234,7899
-3217,-4595,7812
-1621,-5890,7511
123,-6897,6774
1691,-7606,5915
3345,-8035,4690
4768,-8072,3304
6183,-7796,1613
7161,-7156,-5
8303,-6967,-1336
8782,-5894,-2888
8489,-4323,-4166
8221,-2718,-5503
7585,-994,-6591
6727,680,-7407
5824,2268,-8092
4533,3733,-8266
3143,5193,-8336
1336,6257,-7593
-309,7189,-6880
-1938,7816,-5878
-3621,7891,-4270
-5032,7470,-2438
-6224,7004,-780
-7280,6278,1002
-7746,5238,2508
-7866,3766,4100
-7660,2223,5437
-7210,660,6550
-6340,-1010,7350
-5044,-2726,7770
-3786,-4219,8005
-2058,-5568,7626
-408,-6678,7086
1233,-7491,6258
2879,-8031,5152
4347,-8262,3915
5655,-7936,2281
6657,-7255,598
7594,-6455,-1139
8089,-5214,-2875
8167,-3914,-4253
8039,-2487,-5552
7750,-1023,-6727
7045,606,-7651
5704,2231,-7935
4331,3696,-8027
2607,5106,-7713
845,6179,-7024
-767,6971,-6204
-2450,7433,-4983
-3964,7519,-3555
-5465,7194,-1729
-6505,6521,-16
-7511,5898,1613
-7738,4599,3139
-7639,3176,4463
-7321,1575,5746
-6670,-111,6781
-5684,-1707,7391
-4504,-3386,7890
-2957,-4743,7700
-1324,-6034,7358
511,-6892,6381
1897,-7515,5618
3551,-7837,4286
5020,-7821,2801
6270,-7371,1101
7387,-7123,-264
8485,-6715,-1770
8501,-5201,-3300
8365,-3799,-4566
7953,-2149,-5804
7255,-354,-6901
6426,1183,-7609
5362,2734,-8096
3972,4219,-8191
2330,5494,-7824
676,6484,-7160
-990,7326,-6336
-2594,7936,-5342
-4203,8113,-3910
-5552,7833,-2281
-6587,6831,-244
-7420,6072,1348
-8023,5024,2999
-8080,3737,4343
-7796,2087,5709
-7346,490,6856
-6435,-1105,7540
-5226,-2743,7969
-3889,-4248,8137
-2202,-5622,7824
-462,-6620,7082
1183,-7507,6324
2722,-8113,5391
4314,-8390,4076
5647,-8159,2512
6802,-7726,924
7767,-7000,-767
8245,-5935,-2310
8509,-4677,-3832
8464,-3295,-5169
8097,-1699,-6398
7136,4,-7140
6084,1728,-7812
4793,3320,-8113
3333,4743,-8076
1674,6047,-7721
-111,7008,-6897
-1736,7433,-5697
-3440,7581,-4141
-4929,7713,-2784
-6175,7132,-957
-7198,6356,842
-7734,5333,2401
-7862,4005,3857
-7590,2380,5210
-7012,594,6418
-6220,-1084,7304
-4937,-2759,7696
-3704,-4323,8027
-1975,-5630,7605
-363,-6575,6938
1315,-7420,6105
2928,-7858,4930
4372,-7944,3572
5816,-7676,1860
6913,-7326,413
8014,-6806,-1208
8278,-5506,-2772
8192,-4096,-4096
8023,-2503,-5520
7503,-849,-6654
6703,742,-7445
5618,2380,-7998
4207,3906,-8113
2664,5218,-7882
1010,6364,-7374
-598,7222,-6624
-2310,7812,-5502
-3840,8093,-4253
-5329,7722,-2393
-6389,6901,-512
-7206,5898,1308
-7862,5057,2805
-8167,3753,4414
-7866,2235,5631
-7367,622,6745
-6558,-998,7556
-5440,-2582,8022
-4120,-4063,8183
-2409,-5387,7796
-643,-6558,7201
862,-7499,6637
2541,-8130,5589
4129,-8349,4220
5577,-8113,2536
6616,-7565,949
7680,-6884,-796
8291,-5977,-2314
8584,-4727,-3857
8435,-3337,-5098
7973,-1650,-6323
7136,41,-7177
6171,1625,-7796
4863,3279,-8142
3295,4673,-7968
1621,6001,-7622
-235,6963,-6728
-1975,7429,-5454
-3502,7536,-4034
-4987,7507,-2520
-6278,7095,-817
-7243,6220,1023
-7713,5205,2508
-7816,3832,3984
-7664,2293,5371
-6950,536,6414
-6138,-1126,7264
-4933,-2833,7766
-3502,-4335,7837
-1691,-5647,7338
4,-6674,6670
1526,-7359,5833
3242,-7940,4698
4727,-7911,3184
5923,-7507,1584
6958,-6802,-156
7697,-5997,-1700
8035,-4826,-3209
8085,-3477,-4608
7713,-1864,-5849
7024,-136,-6888
6286,1328,-7614
4925,2941,-7866
3576,4397,-7973
1835,5622,-7457
49,6600,-6649
-1447,7284,-5837
-3056,7647,-4591
-4479,7717,-3238
-5787,7247,-1460
-6958,6624,334
-7548,5643,1905
-7742,4405,3337
-7701,2854,4847
-7321,1266,6055
-6513,-445,6958
-5428,-2066,7494
-4059,-3597,7656
-2594,-4970,7564
-915,-6100,7015
581,-6987,6406
2227,-7548,5321
3869,-7829,3960
5168,-7693,2525
6356,-7264,908
7305,-6426,-879
7866,-5391,-2475
8485,-4657,-3828
8468,-3155,-5313
7953,-1645,-6308
7202,-74,-7128
6030,1641,-7671
4793,3110,-7903
3172,4578,-7750
1559,5725,-7284
-189,6831,-6642
-1633,7552,-5919
-3357,7882,-4525
-4719,7511,-2792
-5956,7057,-1101
-7078,6513,565
-7627,5469,2158
-7887,4186,3701
-7676,2706,4970
-7115,1039,6076
-6414,-540,6954
-5329,-2235,7564
-4030,-3803,7833
-2574,-5139,7713
-833,-6290,7123
631,-7111,6480
2351,-7804,5453
3869,-8064,4195
5255,-7866,2611
6476,-7585,1109
7557,-7185,-372
8349,-6534,-1815
8377,-5065,-3312
8188,-3675,-4513
7783,-1909,-5874
6996,-251,-6745
6245,1361,-7606
5044,3011,-8055
3733,4422,-8155
2157,5725,-7882
363,6736,-7099
-1225,7474,-6249
-2796,7899,-5103
-4306,7986,-3680
-5597,7495,-1898
-6649,6777,-128
-7375,5894,1481
-7779,4648,3131
-7693,3295,4398
-7524,1629,5895
-6917,53,6864
-5902,-1592,7494
-4603,-3242,7845
-3229,-4686,7915
-1579,-5878,7457
74,-6925,6851
1666,-7594,5928
3275,-8043,4768
4743,-8126,3383
5944,-7651,1707
6987,-7004,17
7738,-6092,-1646
8122,-4780,-3342
8200,-3551,-4649
8295,-2330,-5965
8047,-783,-7264
6917,738,-7655
5552,2400,-7952
4145,3811,-7956
2413,5263,-7676
581,6278,-6859
-1084,7024,-5940
-2718,7519,-4801
-4232,7573,-3341
-5597,7202,-1605
-6699,6505,194
-7573,5816,1757
-7812,4566,3246
-7581,3027,4554
-7235,1427,5808
-6595,-264,6859
-5502,-1856,7358
-4273,-3477,7750
-2772,-4818,7590
-1150,-5993,7143
585,-6884,6299
2087,-7470,5383
3753,-7734,3981
5156,-7602,2446
6352,-7173,821
7346,-6657,-689
8245,-6076,-2169
8382,-4677,-3705
8122,-3262,-4860
7643,-1579,-6064
6876,140,-7016
5841,1786,-7627
4657,3394,-8051
3147,4690,-7837
1530,5849,-7379
-193,6818,-6625
-1860,7511,-5651
-3427,7911,-4484
-4871,7878,-3007
-6001,7243,-1242
-6888,6294,594
-7585,5494,2091
-7915,4215,3700
-7730,2751,4979
-7330,1192,6138
-6641,-478,7119
-5581,-2169,7750
-4195,-3675,7870
-2763,-4983,7746
-1023,-6270,7293
577,-7099,6522
2161,-7767,5606
3650,-8295,4645
5119,-8353,3234
6344,-7920,1576
7284,-7239,-45
8019,-6311,-1708
8373,-5069,-3304
8476,-3914,-4562
8481,-2532,-5949
7775,-833,-6942
6818,833,-7651
5692,2359,-8051
4257,3865,-8122
2747,5362,-8109
1113,6435,-7548
-523,7280,-6757
-2318,7623,-5305
-3774,7788,-4014
-5304,7643,-2339
-6422,7066,-644
-7486,6323,1163
-7998,5234,2764
-7977,3716,4261
-7639,2211,5428
-7045,540,6505
-6249,-1183,7432
-4991,-2805,7796
-3687,-4269,7956
-2046,-5614,7660
-358,-6678,7036
1299,-7507,6208
2928,-7882,4954
4438,-8010,3572
5791,-7792,2001
6979,-7210,231
7903,-6542,-1361
8188,-5366,-2822
8270,-3927,-4343
8006,-2404,-5602
7532,-705,-6827
6765,882,-7647
5634,2409,-8043
4244,3951,-8195
2689,5255,-7944
1051,6393,-7444
-544,7321,-6777
-2289,7833,-5544
-3828,8146,-4318
-5313,7854,-2541
-6422,7012,-590
-7206,6043,1163
-7812,5123,2689
-8134,3790,4344
-7833,2301,5532
-7363,664,6699
-6496,-1014,7510
-5362,-2660,8022
-4026,-4166,8192
-2338,-5502,7840
-602,-6604,7206
895,-7581,6686
2557,-8155,5598
4170,-8336,4166
5552,-8155,2603
6637,-7598,961
7693,-6868,-825
8303,-5927,-2376
8613,-4681,-3932
8419,-3234,-5185
8002,-1604,-6398
7239,86,-7325
6327,1654,-7981
5044,3258,-8302
3498,4723,-8221
1893,6001,-7894
-49,7074,-7025
-1608,7672,-6064
-3341,7722,-4381
-4743,7573,-2830
-6162,7354,-1192
-7165,6484,681
-7837,5626,2211
-8002,4215,3787
-7907,2829,5078
-7387,1006,6381
-6492,-651,7143
-5379,-2404,7783
-4087,-3918,8005
-2347,-5317,7664
-606,-6492,7098
919,-7198,6279
2677,-7887,5210
4203,-8072,3869
5622,-7882,2260
6686,-7243,557
7590,-6422,-1168
8068,-5284,-2784
8320,-4067,-4253
8159,-2565,-5594
7577,-899,-6678
7012,660,-7672
5902,2248,-8150
4463,3762,-8225
2842,5090,-7932
1183,6113,-7296
-449,7082,-6633
-2301,7441,-5140
-3918,7540,-3622
-5346,7462,-2116
-6538,6905,-367
-7515,6183,1332
-7800,4954,2846
-7994,3601,4393
-7660,2033,5627
-6991,313,6678
-6039,-1447,7486
-4797,-3073,7870
-3386,-4475,7861
-1765,-5733,7498
-82,-6769,6851
1621,-7528,5907
3172,-7994,4822
4657,-8014,3357
5977,-7726,1749
6971,-7074,103
7767,-6241,-1526
8295,-5234,-3061
8695,-4133,-4562
8278,-2520,-5758
7701,-973,-6728
6765,684,-7449
5581,2297,-7878
4170,3807,-7977
2433,5218,-7651
738,6327,-7065
-837,7247,-6410
-2491,7849,-5358
-4059,7788,-3729
-5374,7346,-1972
-6571,6876,-305
-7482,6026,1456
-7874,4879,2995
-7783,3498,4285
-7486,1856,5630
-6847,264,6583
-5861,-1563,7424
-4640,-3163,7803
-3345,-4620,7965
-1645,-5820,7465
94,-6851,6757
1604,-7544,5940
3320,-7915,4595
4657,-8027,3370
6059,-7647,1588
7016,-7090,74
8043,-6517,-1526
8575,-5552,-3023
8398,-4054,-4344
8080,-2425,-5655
7354,-680,-6674
6649,1010,-7659
5531,2491,-8022
4215,3984,-8199
2813,5362,-8175
1018,6356,-7374
-495,7239,-6744
-2293,7788,-5495
-3807,7940,-4133
-5247,7519,-2272
-6369,6859,-490
-7330,6105,1225
-7862,5032,2830
-7944,3683,4261
-7738,2153,5585
-7321,490,6831
-6381,-1175,7556
-5201,-2788,7989
-3869,-4207,8076
-2318,-5610,7928
-581,-6690,7271
957,-7573,6616
2685,-8159,5474
4108,-8415,4307
5519,-8221,2702
6608,-7548,940
7491,-6798,-693
8142,-5742,-2400
8365,-4450,-3915
8328,-3102,-5226
8151,-1617,-6534
7515,-45,-7470
6369,1538,-7907
4974,3147,-8121
3469,4558,-8027
1555,5795,-7350
-284,6798,-6514
-1872,7495,-5623
-3535,7755,-4220
-4999,7664,-2665
-6232,7111,-879
-7334,6410,924
-7849,5494,2355
-7887,4042,3845
-7631,2462,5169
-7169,882,6287
-6410,-812,7222
-5139,-2557,7696
-3877,-4063,7940
-2194,-5449,7643
-474,-6488,6962
1179,-7243,6064
2850,-7796,4946
4413,-7891,3478
5750,-7478,1728
6785,-6991,206
7742,-6249,-1493
8287,-5333,-2954
8328,-3914,-4414
7878,-2264,-5614
7247,-569,-6678
6286,998,-7284
5230,2594,-7824
3737,4162,-7899
2124,5354,-7478
437,6381,-6818
-1291,7235,-5944
-2862,7713,-4851
-4380,7755,-3375
-5663,7268,-1605
-6562,6315,247
-7342,5486,1856
-7788,4343,3445
-7668,2866,4802
-7346,1414,5932
-6637,-358,6995
-5626,-2037,7663
-4298,-3526,7824
-2875,-4900,7775
-1233,-6121,7354
569,-6967,6398
1984,-7672,5688
3580,-8229,4649
4966,-8311,3345
6208,-7907,1699
7128,-7156,28
7948,-6270,-1678
8295,-5040,-3255
8448,-3906,-4542
8415,-2425,-5990
7680,-742,-6938
6744,833,-7577
5581,2392,-7973
4174,3927,-8101
2673,5280,-7953
990,6468,-7458
-668,7264,-6596
-2388,7800,-5412
-3906,7981,-4075
-5379,7915,-2536
-6604,7305,-701
-7536,6624,912
-8060,5519,2541
-8237,4244,3993
-7940,2681,5259
-7433,994,6439
-6703,-606,7309
-5515,-2388,7903
-4182,-3861,8043
-2743,-5271,8014
-1039,-6385,7424
581,-7326,6745
2235,-7911,5676
3869,-8204,4335
5317,-8130,2813
6534,-7647,1113
7557,-7165,-392
8171,-6158,-2013
8410,-4723,-3687
8163,-3341,-4822
7816,-1666,-6150
7107,0,-7107
6142,1670,-7812
4846,3271,-8117
3238,4673,-7911
1571,5865,-7436
-243,6996,-6753
-1881,7557,-5676
-3514,7920,-4406
-5020,7775,-2755
-6171,7045,-874
-6987,6026,961
-7565,5082,2483
-7944,3877,4067
-7631,2343,5288
-7206,701,6505
-6331,-1006,7337
-5176,-2701,7877
-3881,-4174,8055
-2087,-5506,7593
-363,-6624,6987
1167,-7524,6357
2776,-7998,5222
4327,-8237,3910
5688,-7816,2128
6727,-7231,504
7684,-6521,-1163
8266,-5506,-2760
8592,-4306,-4286
8481,-2862,-5619
7957,-1336,-6621
7181,325,-7506
6121,1922,-8043
4756,3502,-8258
3155,4888,-8043
1542,6133,-7675
-169,7128,-6959
-1806,7730,-5924
-3469,7899,-4430
-4970,7767,-2797
-6278,7350,-1072
-7280,6496,784
-7961,5643,2318
-8146,4318,3828
-8056,2924,5132
-7585,1163,6422
-6723,-565,7288
-5643,-2256,7899
-4384,-3790,8174
-2800,-5201,8001
-1043,-6352,7395
573,-7189,6616
2173,-7821,5648
3799,-8151,4352
5300,-8064,2764
6426,-7482,1056
7466,-6719,-747
8056,-5680,-2376
8316,-4343,-3973
8188,-2982,-5206
7750,-1332,-6418
7177,193,-7370
6265,1815,-8080
4834,3390,-8224
3324,4690,-8014
1546,5927,-7473
-115,6892,-6777
-1926,7214,-5288
-3539,7387,-3848
-5209,7482,-2273
-6414,7090,-676
-7524,6439,1085
-7882,5242,2640
-8052,3972,4080
-7808,2400,5408
-7264,684,6580
-6344,-919,7263
-5028,-2578,7606
-3848,-3968,7816
-2211,-5383,7594
-383,-6447,6830
1237,-7317,6080
2821,-7742,4921
4384,-7812,3428
5713,-7474,1761
6769,-6851,82
7651,-5882,-1769
8035,-4797,-3238
8109,-3531,-4578
8010,-2066,-5944
7854,-594,-7260
6814,965,-7779
5346,2545,-7891
3927,4067,-7994
2206,5280,-7486
573,6385,-6958
-1006,7260,-6254
-2697,7746,-5049
-4145,7293,-3148
-5428,6864,-1436
-6793,6521,272
-7548,5630,1918
-7915,4422,3493
-7767,2937,4830
-7367,1365,6002
-6732,-247,6979
-5775,-1848,7623
-4492,-3456,7948
-3304,-4789,8093
-1567,-5989,7556
193,-6818,6625
1695,-7577,5882
3250,-7928,4678
4710,-7812,3102
6039,-7478,1439
7053,-6880,-173
7845,-5977,-1868
8179,-4743,-3436
8138,-3361,-4777
7895,-1823,-6072
7095,-119,-6976
6261,1464,-7725
5214,2986,-8200
3976,4285,-8261
2330,5539,-7869
602,6410,-7012
-998,7210,-6212
-2697,7606,-4909
-4182,7359,-3177
-5605,6996,-1391
-6818,6472,346
-7573,5634,1939
-7986,4459,3527
-7854,3040,4814
-7676,1559,6117
-7293,111,7182
-6162,-1600,7762
-4830,-3110,7940
-3489,-4455,7944
-1815,-5746,7561
-127,-6703,6830
1588,-7503,5915
3077,-7903,4826
4599,-7961,3362
5931,-7598,1667
6954,-6864,-90
7759,-5973,-1786
8142,-4776,-3366
8435,-3716,-4719
8716,-2648,-6068
8423,-1035,-7388
7346,515,-7861
5989,2128,-8117
4681,3634,-8315
3176,5110,-8286
1414,6303,-7717
-239,7313,-7074
-1835,7920,-6085
-3481,8303,-4822
-4904,8361,-3457
-6410,7903,-1493
-7338,7247,91
-8130,6435,1695
-8468,5061,3407
-8406,3766,4640
-8072,2128,5944
-7689,507,7182
-6719,-1196,7915
-5548,-2871,8419
-4129,-4591,8720
-2594,-5861,8455
-961,-7016,7977
610,-7816,7206
2433,-8427,5994
3922,-8712,4790
5564,-8559,2995
6661,-8241,1580
7845,-7668,-177
8765,-6996,-1769
9042,-5812,-3230
9054,-4442,-4612
8753,-2730,-6023
8085,-1018,-7067
7173,825,-7998
6096,2462,-8558
4566,4162,-8728
2842,5560,-8402
1122,6546,-7668
-594,7404,-6810
-2466,8027,-5561
-4087,8464,-4377
-5680,8080,-2400
-6657,6917,-260
-7697,6138,1559
-8320,5341,2979
-8382,3745,4637
-8155,2083,6072
-7565,255,7310
-6727,-1237,7964
-5424,-3023,8447
-4001,-4516,8517
-2223,-5902,8125
-210,-7115,7325
1311,-7858,6547
2949,-8443,5494
4587,-8670,4083
5968,-8435,2467
7165,-7841,676
8179,-7012,-1167
8802,-5791,-3011
9079,-4500,-4579
9396,-3382,-6014
8943,-1864,-7079
7767,99,-7866
6628,1782,-8410
5230,3436,-8666
3518,5119,-8637
2000,6336,-8336
74,7433,-7507
-1860,8052,-6192
-3568,8299,-4731
-5044,8406,-3362
-6612,7957,-1345
-7726,7185,541
-8485,6199,2286
-8761,4958,3803
-8658,3493,5165
-8262,1711,6551
-7429,-231,7660
-6575,-1819,8394
-5152,-3531,8683
-3708,-5036,8744
-1963,-6447,8410
-226,-7453,7679
1662,-8349,6687
3378,-8790,5412
5094,-8819,3725
6319,-8621,2302
7693,-7944,251
8699,-7255,-1444
8996,-6055,-2941
9009,-4599,-4410
8806,-2767,-6039
8192,-891,-7301
7326,796,-8122
6109,2466,-8575
4657,4199,-8856
2858,5618,-8476
1076,6789,-7865
-697,7755,-7058
-2714,8064,-5350
-4314,8316,-4002
-5886,7928,-2042
-7111,7053,58
-7915,6063,1852
-8439,5032,3407
-8600,3588,5012
-8192,1790,6402
-7511,49,7462
-6435,-1782,8217
-5172,-3407,8579
-3646,-4978,8624
-1732,-6282,8014
86,-7466,7380
1749,-8200,6451
3506,-8637,5131
5102,-8555,3453
6472,-8080,1608
7585,-7449,-136
8435,-6414,-2021
8860,-5135,-3725
8996,-3844,-5152
8831,-2272,-6559
8151,-449,-7702
7123,1221,-8344
5783,2974,-8757
4277,4483,-8760
2499,5948,-8447
672,7090,-7762
-1196,7899,-6703
-3019,8258,-5239
-4620,8109,-3489
-6232,8010,-1778
-7499,7206,293
-8336,6393,1943
-8732,5176,3556
-8782,3691,5091
-8489,2062,6427
-7697,177,7520
-6690,-1579,8269
-5379,-3312,8691
-3997,-4830,8827
-2219,-6241,8460
-367,-7371,7738
1402,-8105,6703
3139,-8646,5507
4752,-8881,4129
6286,-8476,2190
7429,-7895,466
8406,-6905,-1501
8860,-5713,-3147
9017,-4306,-4711
8881,-2800,-6081
8299,-915,-7384
7664,655,-8319
6463,2318,-8781
4962,3927,-8889
3275,5387,-8662
1336,6525,-7861
-474,7453,-6979
-2586,7585,-4999
-4248,7994,-3746
-5997,8014,-2017
-7313,7528,-215
-8266,6649,1617
-8641,5325,3316
-8703,3844,4859
-8357,2128,6229
-7680,317,7363
-6690,-1563,8253
-5247,-3262,8509
-3894,-4665,8559
-2095,-6125,8220
-210,-7198,7408
1555,-8076,6521
3196,-8534,5338
4846,-8497,3651
6241,-8109,1868
7433,-7371,-62
8250,-6381,-1869
8687,-5110,-3577
8765,-3543,-5222
8336,-1823,-6513
8068,-268,-7800
7029,1386,-8415
5593,3102,-8695
3997,4628,-8625
2132,5952,-8084
346,7119,-7465
-1377,7891,-6514
-3085,8365,-5280
-4813,7816,-3003
-6006,7293,-1287
-7524,6888,636
-8221,5882,2339
-8571,4516,4055
-8410,2895,5515
-7878,1175,6703
-7206,-561,7767
-6076,-2371,8447
-4743,-3943,8686
-3320,-5325,8645
-1518,-6538,8056
433,-7416,6983
2017,-8151,6134
3757,-8423,4666
5308,-8245,2937
6649,-7726,1077
7755,-7095,-660
8464,-5911,-2553
8625,-4587,-4038
8625,-2998,-5627
8080,-1208,-6872
7202,511,-7713
6389,2165,-8554
5193,3712,-8905
3675,5044,-8719
1831,6261,-8092
-123,7173,-7050
-1674,7849,-6175
-3559,7825,-4266
-5061,7590,-2529
-6571,7218,-647
-7680,6480,1200
-8349,5457,2892
-8563,3993,4570
-8373,2371,6002
-8303,1072,7231
-7651,-589,8240
-5997,-2310,8307
-4615,-3976,8591
-3093,-5350,8443
-1258,-6595,7853
561,-7577,7016
2182,-8274,6092
3951,-8571,4620
5395,-8394,2999
6719,-7825,1106
7775,-7103,-672
8415,-5902,-2513
8716,-4537,-4179
8749,-3110,-5639
8815,-1909,-6906
8307,-222,-8085
6954,1497,-8451
5424,3159,-8583
3881,4714,-8595
2128,6105,-8233
70,7152,-7222
-1546,7878,-6332
-3415,8241,-4826
-4925,8221,-3296
-6410,7837,-1427
-7598,7156,442
-8448,6265,2183
-8662,4925,3737
-8530,3394,5136
-8146,1625,6521
-7474,-119,7593
-6336,-1947,8283
-5131,-3564,8695
-3460,-5090,8550
-1740,-6344,8084
20,-7420,7400
1716,-8101,6385
3539,-8501,4962
5115,-8509,3394
6587,-8019,1432
7660,-7453,-207
8555,-6488,-2067
8922,-5280,-3642
9037,-3832,-5205
8625,-2198,-6427
7977,-391,-7586
6971,1320,-8291
5737,2994,-8731
4285,4479,-8764
2450,5808,-8258
631,6971,-7602
-1216,7676,-6460
-3056,8118,-5062
-4706,8270,-3564
-6084,7643,-1559
-7161,6608,553
-8270,5977,2293
-8604,4731,3873
-8439,3135,5304
-8122,1480,6642
-7499,-132,7631
-6550,-1885,8435
-5016,-3609,8625
-3448,-5011,8459
-1559,-6261,7820
511,-7288,6777
2041,-7973,5932
3815,-8373,4558
5329,-8274,2945
6715,-7746,1031
7684,-6983,-701
8419,-5935,-2484
8695,-4529,-4166
8674,-3052,-5622
8382,-1534,-6848
7557,202,-7759
6381,1922,-8303
4904,3572,-8476
3390,5057,-8447
1584,6331,-7915
-235,7392,-7157
-1980,7874,-5894
-3675,8056,-4381
-5247,7977,-2730
-6645,7462,-817
-7763,6769,994
-8377,5610,2767
-8551,4273,4278
-8320,2594,5726
-7750,903,6847
-7074,-800,7874
-5907,-2594,8501
-4492,-4129,8621
-3052,-5622,8674
-1249,-6773,8022
536,-7709,7173
2136,-8233,6097
3889,-8555,4666
5478,-8373,2895
6810,-8118,1308
8006,-7519,-487
8679,-6422,-2257
8967,-5044,-3923
8943,-3650,-5293
8666,-1967,-6699
8006,-206,-7800
7189,1394,-8583
5820,2994,-8814
4252,4479,-8731
2553,5836,-8389
829,7041,-7870
-1031,7907,-6876
-2895,8303,-5408
-4562,8365,-3803
-6034,7849,-1815
-7173,7062,111
-8035,6133,1902
-8646,5049,3597
-8687,3658,5029
-8328,1835,6493
-7693,177,7516
-6628,-1579,8207
-5527,-3139,8666
-3898,-4731,8629
-2083,-6076,8159
-239,-7235,7474
1559,-8101,6542
3291,-8559,5268
4863,-8485,3622
6257,-7944,1687
7400,-7247,-153
8336,-6364,-1972
8757,-5102,-3655
8864,-3700,-5164
8567,-2083,-6484
7915,-334,-7581
7024,1274,-8298
5770,3015,-8785
4149,4483,-8632
2437,5841,-8278
556,7008,-7564
-1287,7833,-6546
-3254,7986,-4732
-4657,7792,-3135
-6369,7891,-1522
-7499,7016,483
-8373,6183,2190
-8745,4867,3878
-8658,3411,5247
-8373,1831,6542
-7532,-8,7540
-6496,-1806,8302
-5251,-3477,8728
-3749,-4995,8744
-1901,-6348,8249
-78,-7330,7408
1596,-8142,6546
3349,-8613,5264
5032,-8773,3741
6435,-8324,1889
7511,-7656,145
8448,-6707,-1741
8860,-5436,-3424
8947,-4096,-4851
8922,-2541,-6381
8320,-833,-7487
7660,792,-8452
6348,2524,-8872
4855,4050,-8905
3147,5511,-8658
1204,6752,-7956
-499,7693,-7194
-2644,7924,-5280
-4178,8179,-4001
-5919,8175,-2256
-7136,7651,-515
-8212,6905,1307
-8497,5564,2933
-8724,4116,4608
-8394,2409,5985
-7755,565,7190
-6748,-1278,8026
-5440,-3011,8451
-3968,-4554,8522
-2248,-5985,8233
-334,-7144,7478
1386,-8019,6633
3064,-8460,5396
4698,-8559,3861
6183,-8225,2042
7359,-7548,189
8204,-6571,-1633
8736,-5280,-3456
8794,-3931,-4863
8617,-2202,-6415
8402,-796,-7606
7392,1002,-8394
5845,2648,-8493
4413,4257,-8670
2491,5713,-8204
754,6831,-7585
-1002,7614,-6612
-2842,8192,-5350
-4488,7540,-3052
-5911,7272,-1361
-7437,6930,507
-8184,5968,2216
-8559,4566,3993
-8448,3056,5392
-7957,1303,6654
-7210,-449,7659
-6199,-2173,8372
-4933,-3741,8674
-3448,-5259,8707
-1592,-6435,8027
288,-7371,7083
1893,-8089,6196
3592,-8410,4818
5214,-8299,3085
6546,-7858,1312
7668,-7206,-462
8489,-6113,-2376
8736,-4727,-4009
8674,-3258,-5416
8151,-1513,-6638
7354,218,-7572
6509,1868,-8377
5251,3485,-8736
3766,4925,-8691
1992,6154,-8146
-12,7173,-7161
-1687,7924,-6237
-3522,8068,-4546
-5049,7668,-2619
-6414,7297,-883
-7524,6546,978
-8212,5519,2693
-8394,4129,4265
-8245,2499,5746
-7771,878,6893
-7045,-816,7861
-5725,-2508,8233
-4327,-4166,8493
-2780,-5527,8307
-936,-6711,7647
684,-7573,6889
2512,-8212,5700
4162,-8522,4360
5626,-8250,2624
6756,-7581,825
7849,-6781,-1068
8365,-5638,-2727
8707,-4211,-4496
8666,-2916,-5750
8811,-1596,-7215
8043,107,-8150
6595,1740,-8335
5193,3390,-8583
3514,4925,-8439
1769,6138,-7907
-231,7161,-6930
-1909,7775,-5866
-3642,7969,-4327
-5255,7858,-2603
-6612,7449,-837
-7816,6802,1014
-8501,5869,2632
-8637,4331,4306
-8406,2805,5601
-8068,1047,7021
-7771,-358,8129
-6678,-2091,8769
-5247,-3658,8905
-3803,-5168,8971
-2062,-6426,8488
-264,-7400,7664
1567,-8122,6555
3217,-8530,5313
4867,-8617,3750
6348,-8320,1972
7540,-7742,202
8472,-7020,-1452
9029,-5795,-3234
9149,-4376,-4773
8806,-2743,-6063
8217,-886,-7331
7293,808,-8101
6216,2417,-8633
4813,4034,-8847
3155,5457,-8612
1274,6591,-7865
-449,7491,-7042
-2429,7990,-5561
-4158,8353,-4195
-5700,8109,-2409
-6897,7024,-127
-7940,6430,1510
-8538,5317,3221
-8629,3898,4731
-8332,2169,6163
-7792,466,7326
-6826,-1295,8121
-5519,-2961,8480
-4026,-4463,8489
-2157,-5824,7981
-136,-6954,7090
1563,-7730,6167
3382,-8307,4925
4921,-8357,3436
6385,-7928,1543
7445,-7251,-194
8270,-6146,-2124
8580,-4818,-3762
8588,-3349,-5239
8241,-1666,-6575
7433,90,-7523
6352,1765,-8117
4962,3399,-8361
3419,4958,-8377
1724,6187,-7911
-144,7202,-7058
-1843,7775,-5932
-3634,7965,-4331
-5098,7837,-2739
-6443,7177,-734
-7647,6476,1171
-8225,5387,2838
-8410,3964,4446
-8155,2314,5841
-7557,664,6893
-7144,-981,8125
-5989,-2730,8719
-4438,-4257,8695
-3172,-5527,8699
-1353,-6740,8093
536,-7511,6975
2091,-8208,6117
3782,-8377,4595
5420,-8303,2883
6752,-7915,1163
7845,-7326,-519
8608,-6224,-2384
8860,-4797,-4063
8794,-3361,-5433
8538,-1798,-6740
8159,-268,-7891
7255,1410,-8665
5737,3102,-8839
4265,4529,-8794
2532,5890,-8422
812,7070,-7882
-977,7936,-6959
-2850,8365,-5515
-4500,8336,-3836
-5985,7981,-1996
-7218,7272,-54
-8159,6298,1861
-8720,5288,3432
-8889,3885,5004
-8596,2178,6418
-8402,825,7577
-7606,-899,8505
-6212,-2619,8831
-4735,-4211,8946
-2924,-5597,8521
-1138,-6826,7964
705,-7833,7128
2475,-8522,6047
4087,-8703,4616
5737,-8394,2657
6859,-7647,788
8109,-7053,-1056
8757,-5952,-2805
9087,-4632,-4455
8901,-3143,-5758
8460,-1353,-7107
7631,292,-7923
6509,1996,-8505
5139,3630,-8769
3452,5156,-8608
1608,6443,-8051
-334,7466,-7132
-2285,7783,-5498
-4013,7796,-3783
-5700,7977,-2277
-7082,7449,-367
-8080,6542,1538
-8604,5539,3065
-8703,4067,4636
-8600,2495,6105
-7899,697,7202
-7000,-1109,8109
-5770,-2908,8678
-4269,-4384,8653
-2631,-5890,8521
-701,-6967,7668
936,-7821,6885
2755,-8398,5643
4438,-8674,4236
6034,-8427,2393
7206,-7812,606
8175,-6938,-1237
8757,-5684,-3073
8918,-4290,-4628
8955,-2883,-6072
8625,-1221,-7404
8019,354,-8373
6831,2091,-8922
5325,3650,-8975
3687,5143,-8830
1769,6406,-8175
-90,7408,-7318
-1963,8060,-6097
-3712,8155,-4443
-5362,8270,-2908
-6707,7862,-1155
-8056,7239,817
-8617,6063,2554
-8848,4673,4175
-8769,3031,5738
-8336,1328,7008
-7544,-445,7989
-6389,-2161,8550
-5011,-3795,8806
-3423,-5271,8694
-1662,-6550,8212
338,-7598,7260
1942,-8287,6345
3625,-8670,5045
5251,-8485,3234
6641,-7928,1287
7693,-7099,-594
8509,-6043,-2466
9009,-4813,-4196
8811,-3246,-5565
8505,-1509,-6996
7887,132,-8019
6707,1876,-8583
5267,3522,-8789
3555,4983,-8538
1732,6257,-7989
-66,7400,-7334
-1740,8027,-6287
-3679,8134,-4455
-5082,7470,-2388
-6670,7297,-627
-7961,6653,1308
-8489,5511,2978
-8580,3997,4583
-8291,2277,6014
-7676,552,7124
-6864,-1233,8097
-5601,-2941,8542
-4318,-4471,8789
-2574,-5820,8394
-693,-6868,7561
998,-7709,6711
2838,-8208,5370
4475,-8287,3812
5952,-8023,2071
7239,-7371,132
8184,-6554,-1630
8683,-5280,-3403
8720,-3733,-4987
8402,-2029,-6373
7631,-235,-7396
6765,1443,-8208
5713,3056,-8769
4413,4537,-8950
2739,5787,-8526
721,6760,-7481
-1043,7569,-6526
-2937,8043,-5106
-4541,7742,-3201
-5989,7375,-1386
-7177,6686,491
-8023,5783,2240
-8435,4537,3898
-8340,2970,5370
-8093,1291,6802
-7722,-144,7866
-6496,-1988,8484
-5053,-3551,8604
-3671,-4974,8645
-1893,-6331,8224
-90,-7321,7411
1608,-8014,6406
3361,-8501,5140
4925,-8514,3589
6224,-7948,1724
7429,-7268,-161
8229,-6171,-2058
8584,-4867,-3717
8716,-3477,-5239
8650,-2025,-6625
8555,-627,-7928
7491,1068,-8559
5894,2685,-8579
4525,4199,-8724
2668,5709,-8377
721,6810,-7531
-1043,7639,-6596
-2879,7998,-5119
-4459,8002,-3543
-5993,7701,-1708
-7363,7111,252
-8250,6385,1865
-8654,5148,3506
-8534,3539,4995
-8229,1856,6373
-7672,123,7549
-6789,-1596,8385
-5412,-3279,8691
-4079,-4772,8851
-2367,-6063,8430
-486,-7148,7634
1353,-7907,6554
3031,-8394,5363
4661,-8592,3931
6224,-8175,1951
7363,-7701,338
8390,-6925,-1465
8943,-5845,-3098
9207,-4471,-4736
8967,-2961,-6006
8382,-1171,-7211
7433,627,-8060
6340,2235,-8575
4950,3902,-8852
3258,5308,-8566
1406,6484,-7890
-391,7449,-7058
-2363,7948,-5585
-4009,8262,-4253
-5593,8060,-2467
-6810,7000,-190
-7845,6360,1485
-8534,5350,3184
-8592,3914,4678
-8377,2206,6171
-7779,507,7272
-7037,-1229,8266
-5696,-2912,8608
-4219,-4376,8595
-2437,-5849,8286
-474,-6967,7441
1225,-7796,6571
3007,-8419,5412
4582,-8501,3919
6088,-8241,2153
7272,-7478,206
8159,-6633,-1526
8547,-5313,-3234
8699,-3869,-4830
8526,-2190,-6336
7742,-391,-7351
6798,1320,-8118
5498,3007,-8505
4149,4471,-8620
2384,5832,-8216
660,6991,-7651
-1122,7709,-6587
-2932,7986,-5054
-4504,7911,-3407
-5985,7466,-1481
-7247,6740,507
-8056,5911,2145
-8431,4541,3890
-8307,2998,5309
-7746,1200,6546
-7037,-519,7556
-5911,-2293,8204
-4566,-3935,8501
-3143,-5337,8480
-1386,-6480,7866
379,-7404,7025
1980,-8014,6034
3745,-8237,4492
5370,-8163,2793
6661,-7759,1098
7816,-7161,-655
8456,-5985,-2471
8699,-4574,-4125
8584,-3044,-5540
8485,-1629,-6856
7948,123,-8071
6925,1670,-8595
5436,3357,-8793
3823,4665,-8488
2046,6063,-8109
321,7156,-7477
-1505,7821,-6316
-3234,8192,-4958
-4958,8146,-3188
-6237,7701,-1464
-7482,6884,598
-8184,5865,2319
-8699,4805,3894
-8617,3225,5392
-8332,1604,6728
-8122,132,7990
-7020,-1518,8538
-5721,-3135,8856
-4067,-4694,8761
-2376,-6018,8394
-486,-7268,7754
1171,-8126,6955
2908,-8699,5791
4607,-8848,4241
6022,-8493,2471
7222,-7998,776
8245,-7152,-1093
8806,-5981,-2825
9046,-4628,-4418
9009,-3163,-5846
8468,-1468,-7000
7631,325,-7956
6678,1872,-8550
5284,3555,-8839
3650,5049,-8699
1839,6352,-8191
-189,7532,-7343
-1914,8056,-6142
-3762,7891,-4129
-5296,7940,-2644
-6765,7660,-895
-7858,6810,1048
-8551,5808,2743
-8641,4351,4290
-8584,2838,5746
-7994,1060,6934
-7099,-833,7932
-5919,-2528,8447
-4483,-4207,8690
-2780,-5704,8484
-820,-6880,7700
796,-7705,6909
2536,-8423,5887
4261,-8637,4376
5849,-8443,2594
7041,-7812,771
8076,-7049,-1027
8629,-5824,-2805
8831,-4488,-4343
8753,-2833,-5920
8394,-1262,-7132
7870,363,-8233
6868,1938,-8806
5259,3605,-8864
3683,5082,-8765
1798,6327,-8125
-185,7375,-7190
-2025,7870,-5845
-3733,7944,-4211
-5461,8167,-2706
-6806,7734,-928
-8047,7045,1002
-8526,5902,2624
-8786,4471,4315
-8567,2875,5692
-8151,1126,7025
-7367,-569,7936
-6257,-2363,8620
-4760,-4005,8765
-3225,-5432,8657
-1406,-6670,8076
507,-7684,7177
2157,-8386,6229
3848,-8769,4921
5535,-8584,3049
6760,-8138,1378
7932,-7400,-532
8654,-6220,-2434
9062,-4999,-4063
8984,-3415,-5569
8749,-1947,-6802
8217,-272,-7945
6963,1427,-8390
5498,3155,-8653
3766,4710,-8476
1971,6051,-8022
-20,7165,-7145
-1650,7907,-6257
-3605,8208,-4603
-5139,7697,-2558
-6637,7429,-792
-7800,6843,957
-8435,5762,2673
-8600,4244,4356
-8402,2644,5758
-7717,903,6814
-6897,-940,7837
-5676,-2660,8336
-4306,-4310,8616
-2644,-5709,8353
-858,-6806,7664
870,-7796,6926
2640,-8270,5630
4397,-8476,4079
5832,-8171,2339
7082,-7618,536
8056,-6719,-1337
8592,-5498,-3094
8712,-4034,-4678
8386,-2355,-6031
7779,-639,-7140
6934,1159,-8093
6022,2710,-8732
4723,4310,-9033
3102,5700,-8802
1150,6711,-7861
-515,7697,-7182
-2437,8200,-5763
-4125,8435,-4310
-5692,8076,-2384
-6938,7548,-610
-8019,6616,1403
-8588,5556,3032
-8790,4087,4703
-8637,2487,6150
-8703,1233,7470
-8151,-441,8592
-6480,-2190,8670
-5201,-3856,9057
-3671,-5288,8959
-1905,-6678,8583
-49,-7722,7771
1542,-8555,7013
3341,-9046,5705
4950,-9215,4265
6426,-8951,2525
7598,-8295,697
8608,-7466,-1142
9165,-6191,-2974
9442,-4834,-4608
9751,-3762,-5989
9673,-2351,-7322
8835,-660,-8175
7627,1229,-8856
6113,3003,-9116
4587,4628,-9215
2392,6080,-8472
437,7099,-7536
-1485,8258,-6773
-3275,8778,-5503
-4962,8889,-3927
-6534,8592,-2058
-7775,7911,-136
-8765,7029,1736
-9231,5865,3366
-9211,4219,4992
-8852,2528,6324
-8278,622,7656
-7396,-1150,8546
-6047,-2990,9037
-4554,-4636,9190
-2817,-6212,9029
-886,-7387,8273
903,-8291,7388
2772,-8951,6179
4533,-9120,4587
6220,-8827,2607
7511,-8464,953
8662,-7664,-998
9306,-6517,-2789
9627,-5160,-4467
9438,-3568,-5870
8947,-1658,-7289
8179,160,-8339
6975,2041,-9016
5729,3749,-9478
4054,5370,-9424
2289,6637,-8926
210,7812,-8022
-1559,8646,-7087
-3469,9227,-5758
-5156,9244,-4088
-6633,8563,-1930
-7689,7466,223
-8749,6711,2038
-9252,5391,3861
-9165,3799,5366
-8881,1934,6947
-8134,61,8073
-7103,-1810,8913
-5634,-3588,9222
-3980,-5209,9189
-1992,-6752,8744
-24,-7788,7812
1885,-8621,6736
3683,-9120,5437
5358,-9141,3783
6831,-8732,1901
8118,-8006,-112
8881,-6950,-1931
9413,-5523,-3890
9334,-3976,-5358
9079,-2087,-6992
8266,-243,-8023
7243,1480,-8723
5828,3328,-9156
4195,4999,-9194
2376,6389,-8765
412,7627,-8039
-1621,8270,-6649
-3559,8357,-4798
-5263,8468,-3205
-6884,8134,-1250
-8142,7284,858
-8823,6278,2545
-9141,4698,4443
-8905,2982,5923
-8311,1134,7177
-7437,-701,8138
-6216,-2598,8814
-4677,-4265,8942
-3106,-5733,8839
-1167,-6983,8150
668,-8014,7346
2640,-8575,5935
4467,-8798,4331
6067,-8497,2430
7437,-8047,610
8489,-7095,-1394
8980,-5754,-3226
9132,-4244,-4888
8872,-2516,-6356
8481,-816,-7665
7717,977,-8694
6525,2627,-9152
4813,4306,-9119
3003,5766,-8769
1171,7037,-8208
-668,8035,-7367
-2631,8679,-6048
-4446,8868,-4422
-6051,8522,-2471
-7354,7656,-302
-8287,6657,1630
-8905,5544,3361
-9083,4100,4983
-8736,2260,6476
-8357,622,7735
-7375,-1262,8637
-6138,-3003,9141
-4636,-4677,9313
-2648,-6158,8806
-750,-7350,8100
903,-8419,7516
2858,-9033,6175
4636,-9372,4736
6195,-9087,2892
7507,-8435,928
8538,-7709,-829
9322,-6591,-2731
9669,-5247,-4422
9834,-4026,-5808
9433,-2260,-7173
8505,-309,-8196
7433,1493,-8926
6117,3312,-9429
4422,4991,-9413
2586,6484,-9070
602,7767,-8369
-1241,8518,-7277
-3238,9025,-5787
-4925,8765,-3840
-6587,8633,-2046
-7792,7833,-41
-8790,6938,1852
-9211,5531,3680
-9244,4087,5157
-8971,2215,6756
-8109,247,7862
-6991,-1678,8669
-5647,-3547,9194
-3889,-5205,9094
-2025,-6694,8719
-53,-7825,7878
1707,-8559,6852
3605,-9132,5527
5362,-9132,3770
6868,-8773,1905
8076,-7986,-90
8959,-6930,-2029
9289,-5461,-3828
9359,-4038,-5321
8959,-2074,-6885
8250,-177,-8073
7515,1443,-8958
6026,3366,-9392
4488,4904,-9392
2516,6327,-8843
565,7486,-8051
-1435,8456,-7021
-3427,8720,-5293
-5106,8868,-3762
-6678,8476,-1798
-7981,7895,86
-8831,6847,1984
-9190,5449,3741
-9223,3795,5428
-8736,1872,6864
-8019,-33,8052
-6855,-1881,8736
-5416,-3679,9095
-3782,-5296,9078
-1914,-6752,8666
86,-7928,7842
1823,-8732,6909
3704,-9186,5482
5432,-9285,3853
6909,-8806,1897
8085,-8085,0
8963,-7024,-1939
9537,-5783,-3754
9858,-4512,-5346
9607,-2891,-6716
9095,-1072,-8023
7969,779,-8748
6534,2623,-9157
5016,4335,-9351
3077,6026,-9103
1216,7239,-8455
-581,8324,-7743
-2652,8959,-6307
-4496,9046,-4550
-5964,8377,-2413
-7491,8039,-548
-8559,7136,1423
-9120,5874,3246
-9211,4310,4901
-8893,2396,6497
-8134,437,7697
-7132,-1443,8575
-5667,-3349,9016
-4252,-4966,9218
-2359,-6505,8864
-334,-7668,8002
1480,-8625,7145
3283,-9058,5775
5073,-9165,4092
6649,-8976,2327
7903,-8250,347
8815,-7346,-1469
9359,-5973,-3386
9458,-4438,-5020
9281,-2739,-6542
8588,-812,-7776
7672,994,-8666
6476,2776,-9252
5024,4409,-9433
3184,6001,-9185
1225,7169,-8394
-602,8122,-7520
-2809,8666,-5857
-4549,8489,-3940
-6191,8254,-2063
-7602,7606,-4
-8563,6682,1881
-9054,5292,3762
-9042,3729,5313
-8778,1897,6881
-8204,152,8052
-7128,-1720,8848
-5626,-3522,9148
-3922,-5143,9065
-2132,-6517,8649
-202,-7631,7833
1629,-8538,6909
3576,-8971,5395
5267,-9042,3775
6752,-8464,1712
7920,-7705,-215
8732,-6492,-2240
9215,-5139,-4076
9235,-3630,-5605
9108,-2004,-7104
8757,-449,-8308
7449,1406,-8855
5795,3205,-9000
4133,4896,-9029
2182,6348,-8530
74,7466,-7540
-1942,8349,-6407
-3630,8575,-4945
-5511,8555,-3044
-6851,8014,-1163
-8130,7309,821
-8798,6195,2603
-9029,4450,4579
-8794,2978,5816
-8212,911,7301
-7453,-804,8257
-6191,-2652,8843
-4834,-4343,9177
-3048,-6076,9124
-1287,-7239,8526
565,-8146,7581
2384,-8732,6348
4413,-9157,4744
5977,-8910,2933
7400,-8423,1023
8443,-7891,-552
9454,-6946,-2508
9834,-5775,-4059
9532,-3947,-5585
9136,-2301,-6835
8316,-334,-7982
7165,1662,-8827
5746,3473,-9219
4294,4937,-9231
2380,6323,-8703
371,7573,-7944
-1530,8369,-6839
-3650,9013,-5363
-5346,9046,-3700
-6703,8489,-1786
-7816,7507,309
-8856,6525,2331
-9211,5160,4051
-9153,3531,5622
-8856,1843,7013
-8171,-33,8204
-7202,-1864,9066
-5684,-3729,9413
-4149,-5139,9288
-2062,-6752,8814
8,-7858,7850
1625,-8646,7021
3419,-9202,5783
5143,-9359,4216
6666,-9087,2421
7961,-8402,441
8951,-7396,-1555
9458,-6125,-3333
9623,-4504,-5119
9549,-3052,-6497
8897,-1204,-7693
7940,606,-8546
6406,2631,-9037
4917,4413,-9330
3106,5981,-9087
1262,7227,-8489
-742,8262,-7520
-2912,8522,-5610
-4483,8806,-4323
-6282,8782,-2500
-7540,8060,-520
-8625,7235,1390
-9108,5750,3358
-9165,4298,4867
-8765,2421,6344
-7940,264,7676
-6826,-1617,8443
-5490,-3300,8790
-3988,-5003,8991
-2000,-6517,8517
-49,-7705,7754
1922,-8641,6719
3807,-9021,5214
5420,-8984,3564
6814,-8608,1794
8179,-7837,-342
8893,-6806,-2087
9190,-5247,-3943
9091,-3613,-5478
8749,-1790,-6959
7998,-24,-7974
6859,1922,-8781
5304,3757,-9061
3559,5263,-8822
1749,6686,-8435
-210,7911,-7701
-2099,8530,-6431
-3980,8930,-4950
-5614,8782,-3168
-6991,7986,-995
-8035,6971,1064
-8641,5857,2784
-9033,4446,4587
-8794,2668,6126
-8278,911,7367
-7437,-928,8365
-6232,-2677,8909
-4785,-4500,9285
-2924,-5968,8892
-973,-7202,8175
787,-8245,7458
2689,-8971,6282
4438,-9194,4756
6051,-9033,2982
7425,-8456,1031
8427,-7717,-710
9169,-6529,-2640
9545,-5292,-4253
9763,-3852,-5911
9322,-2153,-7169
8361,-148,-8213
7251,1592,-8843
5907,3370,-9277
4302,5032,-9334
2392,6529,-8921
482,7841,-8323
-1414,8584,-7170
-3287,9099,-5812
-5053,8996,-3943
-6587,8740,-2153
-7862,7870,-8
-8885,6987,1898
-9281,5696,3585
-9330,4125,5205
-8984,2297,6687
-8192,363,7829
-7206,-1501,8707
-5832,-3316,9148
-4120,-5057,9177
-2215,-6591,8806
-292,-7816,8108
1579,-8629,7050
3469,-9260,5791
5127,-9301,4174
6719,-8967,2248
7932,-8328,396
8881,-7367,-1514
9351,-5960,-3391
9458,-4471,-4987
9198,-2784,-6414
8530,-858,-7672
7680,1027,-8707
6323,2846,-9169
4780,4566,-9346
2904,6076,-8980
965,7334,-8299
-990,8316,-7326
-3130,8662,-5532
-4797,8815,-4018
-6435,8629,-2194
-7742,8035,-293
-8757,6987,1770
-9009,5572,3437
-9083,4046,5037
-8716,2190,6526
-7924,127,7797
-6802,-1794,8596
-5346,-3617,8963
-3729,-5238,8967
-1819,-6777,8596
86,-7899,7813
2037,-8749,6712
3782,-9169,5387
5519,-9178,3659
6967,-8724,1757
8134,-7965,-169
9000,-6950,-2050
9590,-5915,-3675
9920,-4644,-5276
9454,-2722,-6732
8930,-969,-7961
7750,961,-8711
6472,2800,-9272
4863,4554,-9417
2883,6154,-9037
1072,7396,-8468
-746,8410,-7664
-2631,9070,-6439
-4459,9306,-4847
-6084,9025,-2941
-7441,8353,-912
-8637,7429,1208
-9149,6278,2871
-9310,4648,4662
-9099,2945,6154
-8509,973,7536
-7573,-874,8447
-6237,-2825,9062
-4739,-4578,9317
-2866,-6142,9008
-928,-7392,8320
754,-8390,7636
2780,-9054,6274
4554,-9343,4789
6228,-9136,2908
7561,-8472,911
8695,-7676,-1019
9268,-6373,-2895
9442,-4900,-4542
9289,-3188,-6101
8604,-1130,-7474
7742,726,-8468
6480,2470,-8950
5003,4277,-9280
3291,5762,-9053
1386,7140,-8526
-416,8142,-7726
-2475,8790,-6315
-4417,8712,-4295
-5940,8295,-2355
-7404,7709,-305
-8402,6777,1625
-8872,5469,3403
-8893,3889,5004
-8637,2004,6633
-7911,198,7713
-6736,-1794,8530
-5218,-3634,8852
-3638,-5189,8827
-1621,-6661,8282
367,-7800,7433
2124,-8575,6451
3997,-9033,5036
5700,-8938,3238
7000,-8328,1328
8134,-7441,-693
8815,-6274,-2541
9136,-4888,-4248
9372,-3502,-5870
9351,-2025,-7326
8415,-160,-8255
7086,1617,-8703
5478,3444,-8922
3836,5094,-8930
1815,6542,-8357
-251,7750,-7499
-2050,8439,-6389
-3873,8716,-4843
-5585,8646,-3061
-6979,8113,-1134
-8258,7309,949
-8856,6187,2669
-8947,4603,4344
-8662,2875,5787
-8217,1072,7145
-7416,-816,8232
-6138,-2685,8823
-4657,-4389,9046
-2862,-5968,8830
-899,-7293,8192
878,-8208,7330
2726,-8815,6089
4512,-9103,4591
6146,-8794,2648
7478,-8320,842
8600,-7689,-911
9376,-6727,-2649
9656,-5383,-4273
9351,-3584,-5767
8819,-1732,-7087
7990,140,-8130
6917,1901,-8818
5515,3720,-9235
3815,5300,-9115
1934,6612,-8546
-53,7779,-7726
-1823,8559,-6736
-3708,9083,-5375
-5300,8980,-3680
-6666,8179,-1513
-7763,7070,693
-8699,6253,2446
-8992,4842,4150
-8852,3217,5635
-8476,1266,7210
-7693,-594,8287
-6455,-2413,8868
-4830,-4141,8971
-3143,-5729,8872
-1192,-7119,8311
705,-8056,7351
2495,-8827,6332
4323,-9273,4950
5894,-9149,3255
7387,-8720,1333
8476,-7907,-569
9244,-6979,-2265
9578,-5531,-4047
9730,-4248,-5482
9400,-2404,-6996
8386,-515,-7871
7293,1353,-8646
5898,3163,-9061
4294,4908,-9202
2462,6364,-8826
602,7631,-8233
-1410,8415,-7005
-3378,8658,-5280
-5053,8835,-3782
-6608,8559,-1951
-7911,7755,156
-8765,6822,1943
-9149,5313,3836
-9017,3795,5222
-8497,1773,6724
-7755,-78,7833
-6645,-2017,8662
-5181,-3799,8980
-3485,-5473,8958
-1538,-6901,8439
466,-7990,7524
2161,-8753,6592
3906,-9037,5131
5638,-8930,3292
7099,-8559,1460
8241,-7779,-462
8967,-6744,-2223
9227,-5181,-4046
9194,-3642,-5552
8790,-1835,-6955
8006,33,-8039
6921,1831,-8752
5502,3642,-9144
3873,5205,-9078
1905,6633,-8538
-37,7742,-7705
-1798,8526,-6728
-3716,8893,-5177
-5379,8778,-3399
-6624,7986,-1362
-7759,6839,920
-8431,5812,2619
-8823,4401,4422
-8625,2714,5911
-8138,808,7330
-7148,-1043,8191
-5919,-2879,8798
-4438,-4549,8987
-2528,-6043,8571
-647,-7301,7948
1221,-8291,7070
3077,-8835,5758
4809,-8984,4175
6286,-8707,2421
7486,-8039,553
8571,-7165,-1406
9186,-5890,-3296
9557,-4752,-4805
9607,-3267,-6340
8868,-1390,-7478
7887,400,-8287
6732,2198,-8930
5201,3997,-9198
3423,5502,-8925
1662,6930,-8592
-424,7998,-7574
-2223,8625,-6402
-4001,8819,-4818
-5643,8637,-2994
-7082,8138,-1056
-8208,7284,924
-9013,6257,2756
-9149,4818,4331
-9116,3217,5899
-8538,1295,7243
-7643,-598,8241
-6484,-2450,8934
-4933,-4265,9198
-3324,-5766,9090
-1431,-7181,8612
437,-8221,7784
2178,-8881,6703
4050,-9351,5301
5688,-9240,3552
7136,-8901,1765
8245,-8217,-28
9116,-7206,-1910
9508,-5894,-3614
9590,-4430,-5160
9396,-2718,-6678
8617,-775,-7842
7808,965,-8773
6451,2788,-9239
4908,4463,-9371
3073,6026,-9099
1175,7227,-8402
-647,8225,-7578
-2953,8542,-5589
-4628,8786,-4158
-6331,8728,-2397
-7631,8134,-503
-8654,7227,1427
-9046,5836,3210
-9182,4318,4864
-8823,2491,6332
-8204,540,7664
-7016,-1423,8439
-5577,-3320,8897
-4030,-5020,9050
-2178,-6529,8707
-214,-7746,7960
1629,-8608,6979
3427,-9211,5784
5176,-9355,4179
6694,-8885,2191
7878,-8163,285
8905,-7313,-1592
9417,-6018,-3399
9805,-4863,-4942
9590,-3122,-6468
9194,-1460,-7734
8184,416,-8600
6814,2260,-9074
5317,4129,-9446
3427,5659,-9086
1604,7111,-8715
-334,8142,-7808
-2178,8947,-6769
-4042,9277,-5235
-5742,8790,-3048
-7132,8245,-1113
-8402,7495,907
-9112,6402,2710
-9339,4793,4546
-9132,3093,6039
-8452,1122,7330
-7598,-701,8299
-6294,-2685,8979
-4805,-4475,9280
-3048,-6034,9082
-1035,-7371,8406
701,-8340,7639
2623,-9091,6468
4475,-9392,4917
6105,-9227,3122
7486,-8703,1217
8608,-7833,-775
9363,-6913,-2450
9685,-5432,-4253
9471,-3790,-5681
8992,-1901,-7091
8052,86,-8138
6905,1901,-8806
5511,3762,-9273
3894,5346,-9240
1868,6822,-8690
-202,7915,-7713
-1988,8691,-6703
-3984,8852,-4868
-5663,8629,-2966
-7107,8142,-1035
-8258,7161,1097
-8856,6014,2842
-9021,4455,4566
-8794,2714,6080
-8287,841,7446
-7231,-1109,8340
-5820,-2970,8790
-4261,-4702,8963
-2446,-6241,8687
-433,-7548,7981
1460,-8493,7033
3283,-9013,5730
5003,-9186,4183
6517,-8778,2261
7730,-8113,383
8666,-7169,-1497
9132,-5700,-3432
9310,-4252,-5058
9466,-2858,-6608
9103,-1159,-7944
7944,676,-8620
6542,2495,-9037
4842,4306,-9148
3064,5865,-8929
1035,7173,-8208
-841,8208,-7367
-2796,8794,-5998
-4566,8934,-4368
-6117,8505,-2388
-7474,7866,-392
-8534,7000,1534
-8951,5709,3242
-8893,3988,4905
-8526,2120,6406
-7870,222,7648
-6789,-1678,8467
-5407,-3543,8950
-3733,-5275,9008
-1893,-6666,8559
86,-7763,7677
1909,-8551,6642
3786,-9095,5309
5490,-9029,3539
6888,-8629,1741
8109,-8060,-49
9293,-7458,-1835
9664,-6162,-3502
9586,-4500,-5086
9128,-2598,-6530
8287,-614,-7673
7404,1138,-8542
6080,2974,-9054
4500,4714,-9214
2520,6162,-8682
602,7363,-7965
-1460,8328,-6868
-3275,8889,-5614
-4983,8984,-4001
-6529,8439,-1910
-7635,7474,161
-8588,6612,1976
-9004,5259,3745
-8938,3642,5296
-8633,1790,6843
-7854,-132,7986
-6773,-1947,8720
-5263,-3795,9058
-3663,-5374,9037
-1621,-6736,8357
404,-7887,7483
2153,-8683,6530
3881,-9116,5235
5597,-9149,3552
7066,-8732,1666
8105,-7849,-256
9033,-6954,-2079
9466,-5626,-3840
9652,-4318,-5334
9537,-2656,-6881
8547,-655,-7892
7387,1163,-8550
6047,3011,-9058
4541,4743,-9284
2677,6286,-8963
841,7598,-8439
-1068,8431,-7363
-3019,9042,-6023
-4686,9157,-4471
-6286,8905,-2619
-7598,8171,-573
-8600,7243,1357
-9128,5865,3263
-9120,4273,4847
-8778,2499,6279
-8080,532,7548
-7132,-1377,8509
-5610,-3366,8976
-4145,-4950,9095
-2277,-6517,8794
-354,-7709,8063
1559,-8650,7091
3345,-9054,5709
5061,-9235,4174
6645,-8955,2310
7829,-8349,520
8893,-7503,-1390
9380,-6158,-3222
9462,-4603,-4859
9198,-2846,-6352
8547,-973,-7574
7585,932,-8517
6319,2718,-9037
4719,4463,-9182
2904,5944,-8848
928,7297,-8225
-907,8250,-7343
-2895,8679,-5784
-4648,8844,-4196
-6261,8427,-2166
-7569,7478,91
-8361,6422,1939
-8922,5214,3708
-8918,3568,5350
-8460,1716,6744
-7804,-99,7903
-6591,-1980,8571
-5300,-3724,9024
-3423,-5341,8764
-1526,-6674,8200
536,-7874,7338
2215,-8538,6323
4026,-9009,4983
5713,-8712,2999
7095,-8080,985
8212,-7379,-833
8852,-6076,-2776
9157,-4739,-4418
9149,-3155,-5994
8794,-1431,-7363
7907,330,-8237
6727,2124,-8851
5168,3865,-9033
3452,5424,-8876
1518,6884,-8402
-379,7899,-7520
-2248,8505,-6257
-4083,8802,-4719
-5696,8637,-2941
-7136,8064,-928
-8233,7115,1118
-8868,5993,2875
-9037,4467,4570
-8806,2792,6014
-8196,969,7227
-7326,-915,8241
-6010,-2821,8831
-4521,-4492,9013
-2730,-6063,8793
-816,-7334,8150
969,-8324,7355
2780,-8934,6154
4570,-9384,4814
6138,-9215,3077
7482,-8798,1316
8567,-8039,-528
9314,-7029,-2285
9598,-5618,-3980
9598,-4116,-5482
9281,-2314,-6967
8518,-470,-8048
7672,1315,-8987
6220,3184,-9404
4842,4772,-9614
2970,6319,-9289
1060,7420,-8480
-787,8464,-7677
-2805,8827,-6022
-4541,9083,-4542
-6224,8811,-2587
-7453,8212,-759
-8658,7400,1258
-9075,6010,3065
-9211,4533,4678
-8918,2710,6208
-8283,693,7590
-7272,-1188,8460
-5898,-3040,8938
-4339,-4764,9103
-2367,-6282,8649
-457,-7532,7989
1332,-8489,7157
3271,-8980,5709
4950,-9120,4170
6534,-8811,2277
7804,-8052,248
8683,-7020,-1663
9273,-5758,-3515
9372,-4269,-5103
9009,-2421,-6588
8534,-697,-7837
7618,1155,-8773
6154,2891,-9045
4471,4681,-9152
2520,6154,-8674
688,7408,-8096
-1171,8340,-7169
-3110,8910,-5800
-4818,8637,-3819
-6360,8192,-1832
-7771,7656,115
-8720,6666,2054
-9124,5350,3774
-9070,3737,5333
-8567,1901,6666
-7779,-90,7869
-6661,-1959,8620
-5288,-3733,9021
-3658,-5366,9024
-1782,-6810,8592
156,-7870,7714
1963,-8740,6777
3848,-9190,5342
5457,-9169,3712
6950,-8765,1815
8146,-8138,-8
9268,-7602,-1666
9739,-6290,-3449
9516,-4636,-4880
9202,-2788,-6414
8377,-787,-7590
7511,1068,-8579
6286,2788,-9074
4747,4582,-9329
3015,6121,-9136
1047,7313,-8360
-804,8324,-7520
-2747,9029,-6282
-4500,9128,-4628
-6109,8745,-2636
-7334,7862,-528
-8291,6785,1506
-8790,5593,3197
-8827,3869,4958
-8621,2091,6530
-8006,259,7747
-6822,-1637,8459
-5350,-3514,8864
-3869,-5164,9033
-1918,-6711,8629
115,-7866,7751
1889,-8650,6761
3720,-9202,5482
5395,-9182,3787
6769,-8662,1893
7924,-8002,78
8848,-6950,-1898
9202,-5494,-3708
9347,-4071,-5276
9235,-2421,-6814
8827,-775,-8052
7693,1047,-8740
6125,2916,-9041
4479,4562,-9041
2607,6117,-8724
470,7301,-7771
-1427,8184,-6757
-3361,8604,-5243
-5024,8604,-3580
-6616,8179,-1563
-7878,7478,400
-8778,6546,2232
-9017,4999,4018
-8868,3316,5552
-8340,1472,6868
-7569,-363,7932
-6352,-2293,8645
-4863,-4050,8913
-3209,-5622,8831
-1299,-6991,8290
668,-8052,7384
2409,-8695,6286
4269,-8988,4719
5907,-8860,2953
7301,-8361,1060
8431,-7808,-623
9347,-6950,-2397
9631,-5564,-4067
9306,-3840,-5466
8823,-1996,-6827
7936,41,-7977
6777,1839,-8616
5473,3634,-9107
3786,5214,-9000
1885,6620,-8505
-181,7722,-7541
-1905,8526,-6621
-3778,9004,-5226
-5440,8848,-3408
-6732,7887,-1155
-7738,6888,850
-8608,5997,2611
-8856,4512,4344
-8712,2838,5874
-8188,961,7227
-7321,-919,8240
-5964,-2776,8740
-4442,-4512,8954
-2668,-5993,8661
-655,-7247,7902
1134,-8146,7012
2990,-8934,5944
4727,-9198,4471
6224,-9083,2859
7557,-8654,1097
8613,-7755,-858
9260,-6534,-2726
9487,-5168,-4319
9627,-3762,-5865
9194,-1967,-7227
8262,-57,-8205
7132,1815,-8947
5737,3605,-9342
4232,5271,-9503
2470,6744,-9214
804,7915,-8719
-1101,8778,-7677
-2912,9198,-6286
-4632,9582,-4950
-6224,9413,-3189
-7569,8811,-1242
-8794,7986,808
-9475,6839,2636
-9726,5337,4389
-9574,3720,5854
-9050,1798,7252
-8419,-16,8435
-7359,-1876,9235
-5993,-3745,9738
-4455,-5457,9912
-2875,-6942,9817
-940,-8134,9074
763,-9054,8291
2681,-9685,7004
4512,-9875,5363
6212,-9871,3659
7717,-9405,1688
8967,-8790,-177
9693,-7717,-1976
10098,-6319,-3779
10118,-4653,-5465
9776,-2788,-6988
9087,-965,-8122
8122,1010,-9132
6715,2932,-9647
5077,4714,-9791
3036,6364,-9400
1018,7639,-8657
-907,8687,-7780
-2998,9330,-6332
-4871,9623,-4752
-6583,9223,-2640
-7812,8386,-574
-8740,7119,1621
-9334,5940,3394
-9504,4339,5165
-9149,2347,6802
-8538,354,8184
-7375,-1650,9025
-5993,-3588,9581
-4215,-5284,9499
-2244,-6892,9136
-206,-8225,8431
1716,-9132,7416
3704,-9656,5952
5519,-9669,4150
7033,-9178,2145
8266,-8489,223
9194,-7453,-1741
9664,-6001,-3663
9796,-4446,-5350
9442,-2623,-6819
8683,-606,-8077
7730,1361,-9091
6253,3258,-9511
4529,5057,-9586
2627,6633,-9260
536,7973,-8509
-1439,8848,-7409
-3345,9388,-6043
-5197,9339,-4142
-6835,8967,-2132
-8126,8002,124
-9062,7070,1992
-9561,5589,3972
-9557,4026,5531
-9198,2054,7144
-8274,-20,8294
-7165,-1992,9157
-5696,-3914,9610
-3988,-5671,9659
-1959,-7227,9186
-8,-8336,8344
1815,-9227,7412
3654,-9825,6171
5560,-9879,4319
7074,-9516,2442
8336,-8852,516
9392,-7953,-1439
9933,-6571,-3362
10147,-5057,-5090
10015,-3394,-6621
9347,-1291,-8056
8613,437,-9050
7412,2392,-9804
5799,4191,-9990
4087,5878,-9965
2050,7288,-9338
-82,8514,-8432
-2062,9194,-7132
-4116,9363,-5247
-5931,9471,-3540
-7441,8963,-1522
-8856,8303,553
-9504,7029,2475
-9854,5457,4397
-9735,3729,6006
-9194,1736,7458
-8332,-321,8653
-6979,-2281,9260
-5399,-4236,9635
-3642,-5964,9606
-1522,-7441,8963
585,-8613,8028
2458,-9417,6959
4360,-9809,5449
6179,-9718,3539
7643,-9128,1485
8798,-8328,-470
9578,-7049,-2529
9957,-5671,-4286
9879,-3951,-5928
9417,-1959,-7458
8798,-148,-8650
7470,1815,-9285
5935,3737,-9672
4009,5556,-9565
2029,7024,-9053
-189,8320,-8131
-1988,9219,-7231
-3988,9565,-5577
-5787,9215,-3428
-7367,8691,-1324
-8683,7957,726
-9339,6686,2653
-9660,5094,4566
-9442,3304,6138
-8839,1303,7536
-7944,-767,8711
-6542,-2850,9392
-4912,-4706,9618
-3069,-6348,9417
-1097,-7734,8831
845,-8848,8003
2850,-9565,6715
4714,-9875,5161
6451,-9739,3288
7854,-9198,1344
9190,-8633,-557
10015,-7792,-2223
10192,-6055,-4137
10023,-4290,-5733
9627,-2289,-7338
8695,-99,-8596
7618,1728,-9346
6249,3704,-9953
4587,5366,-9953
2619,7033,-9652
602,8200,-8802
-1443,9157,-7714
-3316,9763,-6447
-5181,9759,-4578
-6901,9334,-2433
-8229,8402,-173
-9165,7342,1823
-9722,5931,3791
-9726,4199,5527
-9458,2314,7144
-8753,276,8477
-7466,-1757,9223
-5948,-3646,9594
-4302,-5519,9821
-2322,-7049,9371
-173,-8278,8451
1724,-9198,7474
3630,-9747,6117
5552,-9871,4319
7090,-9429,2339
8476,-8567,91
9417,-7540,-1877
9829,-5985,-3844
9933,-4356,-5577
9669,-2495,-7174
9318,-726,-8592
8303,1229,-9532
6670,2990,-9660
4875,4838,-9713
2866,6529,-9395
627,7796,-8423
-1431,8798,-7367
-3568,9260,-5692
-5407,9264,-3857
-7074,8749,-1675
-8534,8080,454
-9417,7004,2413
-9660,5387,4273
-9442,3654,5788
-9013,1666,7347
-8151,-416,8567
-6855,-2355,9210
-5230,-4290,9520
-3407,-6026,9433
-1410,-7495,8905
647,-8559,7912
2594,-9289,6695
4591,-9603,5012
6352,-9487,3135
7833,-8856,1023
9021,-8373,-648
9978,-7507,-2471
10238,-5865,-4373
9933,-4017,-5916
9380,-2000,-7380
8489,24,-8513
7309,1984,-9293
5754,4034,-9788
3980,5709,-9689
1914,7177,-9091
-181,8377,-8196
-2050,9186,-7136
-4129,9710,-5581
-5820,9586,-3766
-7293,8877,-1584
-8423,7746,677
-9289,6649,2640
-9619,5073,4546
-9413,3184,6229
-8922,1311,7611
-8076,-730,8806
-6637,-2772,9409
-5016,-4521,9537
-3176,-6241,9417
-1006,-7610,8616
849,-8637,7788
2974,-9355,6381
4793,-9677,4884
6509,-9491,2982
7891,-8856,965
9000,-8023,-977
9714,-6604,-3110
9999,-5065,-4934
10159,-3630,-6529
9664,-1658,-8006
8472,288,-8760
7152,2277,-9429
5589,4153,-9742
3749,5824,-9573
1881,7288,-9169
-292,8464,-8172
-2211,9037,-6826
-4219,9281,-5062
-6063,9207,-3144
-7598,8571,-973
-8864,7709,1155
-9537,6451,3086
-9640,4793,4847
-9388,2945,6443
-8732,899,7833
-7763,-1060,8823
-6360,-3011,9371
-4743,-4904,9647
-2994,-6513,9507
-928,-7854,8782
961,-8951,7990
2965,-9499,6534
4879,-9763,4884
6645,-9607,2962
7990,-9145,1155
9388,-8773,-615
9949,-7371,-2578
10040,-5651,-4389
9924,-3968,-5956
9475,-2004,-7471
8555,66,-8621
7429,2013,-9442
5853,3828,-9681
4021,5581,-9602
2083,7194,-9277
-49,8394,-8345
-1963,9227,-7264
-3927,9631,-5704
-5845,9570,-3725
-7251,8844,-1593
-8485,7882,603
-9145,6575,2570
-9677,5242,4435
-9388,3275,6113
-8992,1361,7631
-8101,-627,8728
-6756,-2586,9342
-5259,-4521,9780
-3353,-6117,9470
-1287,-7594,8881
688,-8712,8024
2627,-9483,6856
4570,-9817,5247
6274,-9644,3370
7717,-9087,1370
8823,-8221,-602
9656,-6991,-2665
9974,-5506,-4468
10073,-3943,-6130
9570,-2116,-7454
8753,-33,-8720
7503,1947,-9450
6001,3815,-9816
4158,5539,-9697
2305,7062,-9367
-49,8316,-8267
-1794,9033,-7239
-3877,9301,-5424
-5597,8988,-3391
-7272,8538,-1266
-8427,7528,899
-9363,6447,2916
-9516,4851,4665
-9372,3077,6295
-8749,1023,7726
-7722,-928,8650
-6402,-2982,9384
-4747,-4846,9593
-2800,-6517,9317
-639,-7755,8394
1212,-8819,7607
3110,-9396,6286
5098,-9640,4542
6723,-9384,2661
8130,-8650,520
9116,-7709,-1407
9714,-6360,-3354
10003,-4970,-5033
9887,-3238,-6649
9215,-1225,-7990
8452,552,-9004
7115,2462,-9577
5535,4314,-9849
3646,5960,-9606
1699,7317,-9016
-358,8493,-8135
-2495,9124,-6629
-4455,9388,-4933
-6278,9355,-3077
-7693,8811,-1118
-9033,7994,1039
-9499,6715,2784
-9730,5106,4624
-9491,3287,6204
-8947,1262,7685
-7994,-759,8753
-6682,-2685,9367
-5065,-4570,9635
-3221,-6257,9478
-1237,-7755,8992
688,-8827,8139
2656,-9578,6922
4578,-9961,5383
6290,-9821,3531
7709,-9396,1687
8922,-8530,-392
9706,-7437,-2269
10287,-6088,-4199
10386,-4628,-5758
9829,-2635,-7194
9252,-750,-8502
8031,1262,-9293
6583,3176,-9759
4888,5016,-9904
2751,6666,-9417
800,8043,-8843
-1089,8980,-7891
-3093,9615,-6522
-5003,9483,-4480
-6628,8860,-2232
-8130,8373,-243
-9132,7387,1745
-9598,5836,3762
-9516,4112,5404
-9141,2099,7042
-8316,45,8271
-7049,-2062,9111
-5465,-4096,9561
-3881,-5766,9647
-1786,-7342,9128
375,-8476,8101
2161,-9285,7124
4116,-9763,5647
5894,-9689,3795
7458,-9268,1810
8728,-8592,-136
9792,-7750,-2042
10246,-6393,-3853
10106,-4615,-5491
9763,-2677,-7086
8922,-598,-8324
7845,1414,-9259
6505,3262,-9767
4925,5024,-9949
3023,6608,-9631
957,7903,-8860
-961,8877,-7916
-3126,9549,-6423
-5007,9565,-4558
-6723,9136,-2413
-8118,8299,-181
-9161,7330,1831
-9710,5940,3770
-9673,4207,5466
-9400,2318,7082
-8683,325,8358
-7462,-1703,9165
-5964,-3683,9647
-4273,-5412,9685
-2293,-7115,9408
-173,-8365,8538
1691,-9219,7528
3609,-9850,6241
5506,-10027,4521
7115,-9611,2496
8299,-8827,528
9396,-7779,-1617
9854,-6323,-3531
10027,-4706,-5321
9895,-3027,-6868
9508,-1258,-8250
8365,895,-9260
6921,2701,-9622
5242,4549,-9791
3168,6303,-9471
932,7664,-8596
-1146,8720,-7574
-3151,9322,-6171
-5292,9487,-4195
-6983,9050,-2067
-8278,8307,-29
-9182,7445,1737
-9611,5746,3865
-9520,4116,5404
-9058,2132,6926
-8402,136,8266
-7181,-1889,9070
-5473,-4104,9577
-3737,-5853,9590
-1604,-7375,8979
507,-8489,7982
2388,-9231,6843
4153,-9640,5487
6154,-9565,3411
7433,-9112,1679
8749,-8448,-301
9809,-7812,-1997
10197,-6327,-3870
10147,-4607,-5540
9631,-2586,-7045
8707,-235,-8472
7717,1452,-9169
6369,3415,-9784
4657,5176,-9833
2433,6897,-9330
631,7973,-8604
-1596,8980,-7384
-3617,9574,-5957
-5412,9640,-4228
-6810,8893,-2083
-7957,7664,293
-9112,6793,2319
-9574,5341,4233
-9417,3572,5845
-9046,1691,7355
-8192,-569,8761
-6851,-2549,9400
-5172,-4467,9639
-3522,-5874,9396
-1505,-7346,8851
676,-8468,7792
2722,-9339,6617
4426,-9648,5222
6385,-9578,3193
7783,-8922,1139
8757,-8163,-594
9561,-6901,-2660
9846,-5288,-4558
9891,-3729,-6162
9516,-1914,-7602
8320,264,-8584
7156,2062,-9218
5370,4112,-9482
3729,5696,-9425
1757,7231,-8988
-400,8328,-7928
-2314,8926,-6612
-4372,9186,-4814
-6183,9157,-2974
-7639,8514,-875
-8893,7585,1308
-9512,6204,3308
-9594,4694,4900
-9252,2838,6414
-8435,618,7817
-7602,-1113,8715
-6133,-3184,9317
-4500,-4991,9491
-2590,-6538,9128
-342,-7915,8257
1571,-8963,7392
3498,-9425,5927
5218,-9594,4376
6905,-9281,2376
8291,-8790,499
9549,-8093,-1456
9887,-6810,-3077
9920,-4892,-5028
9631,-3110,-6521
9066,-1130,-7936
8138,853,-8991
6897,2710,-9607
5296,4558,-9854
3419,6175,-9594
1460,7627,-9087
-367,8666,-8299
-2466,9405,-6939
-4351,9825,-5474
-6067,9722,-3655
-7536,9116,-1580
-8736,8089,647
-9285,6777,2508
-9739,5267,4472
-9619,3460,6159
-9103,1501,7602
-8291,-486,8777
-7037,-2429,9466
-5527,-4318,9845
-3667,-6039,9706
-1645,-7470,9115
482,-8699,8217
2186,-9512,7326
4219,-9945,5726
5853,-9916,4063
7404,-9372,1968
8654,-8613,-41
9528,-7515,-2013
9953,-6063,-3890
10077,-4450,-5627
9644,-2458,-7186
8823,-523,-8300
7771,1431,-9202
6331,3353,-9684
4644,5102,-9746
2640,6736,-9376
519,8031,-8550
-1522,8889,-7367
-3712,9116,-5404
-5370,8889,-3519
-7227,8732,-1505
-8468,7821,647
-9380,6736,2644
-9598,5234,4364
-9565,3506,6059
-8934,1468,7466
-7998,-523,8521
-6711,-2594,9305
-5036,-4417,9453
-3036,-6080,9116
-940,-7491,8431
903,-8567,7664
2998,-9219,6221
4884,-9479,4595
6612,-9186,2574
7998,-8522,524
9025,-7486,-1539
9524,-6138,-3386
9673,-4455,-5218
9574,-2776,-6798
9050,-919,-8131
8266,882,-9148
6909,2763,-9672
5115,4570,-9685
3283,6195,-9478
1249,7449,-8698
-651,8559,-7908
-2879,9202,-6323
-4822,9454,-4632
-6451,9256,-2805
-7907,8617,-710
-9013,7730,1283
-9504,6422,3082
-9714,4752,4962
-9405,2932,6473
-8703,853,7850
-7697,-1117,8814
-6228,-3163,9391
-4739,-4921,9660
-2813,-6513,9326
-779,-7932,8711
1068,-8947,7879
3056,-9751,6695
4904,-9990,5086
6579,-9871,3292
7924,-9202,1278
9079,-8452,-627
9788,-7268,-2520
10353,-6001,-4352
10341,-4356,-5985
9933,-2466,-7467
9281,-577,-8704
8122,1381,-9503
6567,3267,-9834
4896,5102,-9998
2891,6649,-9540
882,8097,-8979
-1018,9095,-8077
-3015,9751,-6736
-4921,9904,-4983
-6521,9376,-2855
-7928,8646,-718
-9116,7635,1481
-9664,6327,3337
-9718,4632,5086
-9450,2660,6790
-8707,631,8076
-7651,-1447,9098
-6133,-3460,9593
-4471,-5325,9796
-2487,-6954,9441
-391,-8159,8550
1526,-9112,7586
3452,-9673,6221
5403,-9821,4418
6979,-9458,2479
8435,-8761,326
9363,-7779,-1584
9937,-6430,-3507
10027,-4686,-5341
9751,-2883,-6868
9050,-845,-8205
7998,1130,-9128
6777,3003,-9780
5280,4780,-10060
3345,6513,-9858
1270,7804,-9074
-726,8835,-8109
-2772,9520,-6748
-4793,9652,-4859
-6447,9334,-2887
-7932,8559,-627
-9009,7544,1465
-9582,6224,3358
-9689,4479,5210
-9466,2561,6905
-8831,709,8122
-7722,-1447,9169
-6166,-3432,9598
-4587,-5209,9796
-2557,-6872,9429
-540,-8225,8765
1530,-9227,7697
3473,-9854,6381
5292,-10036,4744
6967,-9763,2796
8262,-8918,656
9384,-8039,-1345
9953,-6616,-3337
10234,-5119,-5115
10320,-3658,-6662
10032,-1872,-8160
9083,99,-9182
7643,2120,-9763
5931,4034,-9965
4054,5783,-9837
1926,7338,-9264
-231,8547,-8316
-2231,9392,-7161
-4203,9714,-5511
-5989,9549,-3560
-7569,8860,-1291
-8806,8023,783
-9520,6748,2772
-9718,5098,4620
-9343,3077,6266
-8790,1056,7734
-7940,-1014,8954
-6455,-3143,9598
-4921,-4917,9838
-2957,-6661,9618
-829,-8035,8864
1076,-8955,7879
3176,-9660,6484
5073,-9904,4831
6752,-9541,2789
8134,-8914,780
9281,-8283,-998
10089,-7082,-3007
10362,-5511,-4851
9982,-3597,-6385
9396,-1584,-7812
8431,499,-8930
7161,2450,-9611
5568,4401,-9969
3613,6100,-9713
1530,7453,-8983
-474,8633,-8159
-2499,9293,-6794
-4587,9681,-5094
-6278,9380,-3102
-7610,8311,-701
-8786,7264,1522
-9561,6100,3461
-9627,4422,5205
-9417,2499,6918
-8679,523,8156
-7623,-1546,9169
-6026,-3498,9524
-4389,-5288,9677
-2334,-6864,9198
-103,-8118,8221
1868,-8984,7116
3823,-9644,5821
5700,-9693,3993
7218,-9322,2104
8596,-8485,-111
9405,-7342,-2063
9871,-5857,-4014
10106,-4430,-5676
10135,-2838,-7297
9017,-627,-8390
7713,1357,-9070
6224,3246,-9470
4558,5094,-9652
2615,6699,-9314
486,8056,-8542
-1612,8831,-7219
-3642,9178,-5536
-5527,9314,-3787
-7140,8938,-1798
-8468,8043,425
-9289,6925,2364
-9586,5374,4212
-9400,3510,5890
-8827,1439,7388
-8023,-519,8542
-6666,-2677,9343
-5016,-4549,9565
-3304,-6199,9503
-1254,-7656,8910
635,-8716,8081
2648,-9561,6913
4508,-9801,5293
6265,-9821,3556
7726,-9339,1613
9207,-9083,-124
9871,-7911,-1960
9982,-6063,-3919
9945,-4380,-5565
9524,-2388,-7136
8782,-325,-8457
7792,1542,-9334
6249,3456,-9705
4537,5292,-9829
2528,6826,-9354
598,8134,-8732
-1439,9136,-7697
-3427,9714,-6287
-5296,9817,-4521
-6963,9289,-2326
-8159,8344,-185
-9054,7066,1988
-9656,5836,3820
-9751,4178,5573
-9405,2178,7227
-8802,292,8510
-7524,-1732,9256
-6195,-3634,9829
-4405,-5478,9883
-2417,-7008,9425
-292,-8320,8612
1559,-9260,7701
3506,-9879,6373
5412,-10027,4615
7020,-9574,2554
8357,-8815,458
9421,-7920,-1501
9966,-6480,-3486
10114,-4904,-5210
9945,-3143,-6802
9273,-1138,-8135
8208,787,-8995
6901,2776,-9677
5325,4591,-9916
3394,6249,-9643
1225,7680,-8905
-726,8732,-8006
-3081,9289,-6208
-4871,9132,-4261
-6723,9017,-2294
-8155,8134,21
-9099,7260,1839
-9570,5733,3837
-9565,4170,5395
-9227,2116,7111
-8245,45,8200
-7169,-1996,9165
-5490,-3976,9466
-3671,-5795,9466
-1555,-7243,8798
614,-8435,7821
2417,-9211,6794
4343,-9697,5354
6125,-9524,3399
7602,-8967,1365
8736,-8093,-643
9425,-6892,-2533
9730,-5391,-4339
9681,-3708,-5973
9149,-1629,-7520
8287,272,-8559
7165,2206,-9371
5502,4092,-9594
3733,5853,-9586
1691,7231,-8922
-375,8435,-8060
-2371,9116,-6745
-4335,9450,-5115
-6113,9314,-3201
-7548,8695,-1147
-8831,7915,916
-9372,6579,2793
-9640,4987,4653
-9425,3196,6229
-8782,1179,7603
-7771,-936,8707
-6418,-2866,9284
-4867,-4731,9598
-2916,-6439,9355
-870,-7775,8645
969,-8811,7842
2978,-9627,6649
4826,-9937,5111
6480,-9722,3242
7837,-9136,1299
8959,-8274,-685
9693,-6950,-2743
10131,-5676,-4455
10159,-4054,-6105
9937,-2388,-7549
9273,-412,-8861
7924,1555,-9479
6389,3423,-9812
4545,5234,-9779
2541,6859,-9400
643,8175,-8818
-1344,9153,-7809
-3300,9755,-6455
-5189,9792,-4603
-6814,9252,-2438
-8188,8646,-458
-9273,7565,1708
-9730,6241,3489
-9821,4566,5255
-9388,2594,6794
-8753,602,8151
-7602,-1485,9087
-6175,-3510,9685
-4549,-5313,9862
-2640,-6925,9565
-437,-8250,8687
1497,-9182,7685
3498,-9759,6261
5321,-9908,4587
6991,-9652,2661
8299,-8926,627
9318,-8093,-1225
10003,-6855,-3148
10118,-5214,-4904
9838,-3345,-6493
9141,-1216,-7925
8113,697,-8810
6909,2681,-9590
5313,4611,-9924
3390,6278,-9668
1287,7627,-8914
-602,8662,-8060
-2813,9483,-6670
-4723,9524,-4801
-6468,9174,-2706
-7936,8452,-516
-8992,7453,1539
-9528,6072,3456
-9491,4310,5181
-9285,2512,6773
-8695,495,8200
-7453,-1559,9012
-5989,-3572,9561
-4203,-5436,9639
-2281,-6991,9272
-185,-8324,8509
1765,-9273,7508
3630,-9829,6199
5478,-10110,4632
7020,-9652,2632
8221,-8839,618
9363,-7874,-1489
9842,-6451,-3391
10065,-4875,-5190
10007,-3238,-6769
9603,-1386,-8217
8765,511,-9276
7284,2429,-9713
5601,4384,-9985
3716,6096,-9812
1567,7552,-9119
-416,8687,-8271
-2450,9483,-7033
-4450,9751,-5301
-6228,9578,-3350
-7717,8844,-1127
-9103,8064,1039
-9776,6892,2884
-9999,5230,4769
-9788,3382,6406
-9314,1402,7912
-8613,-569,9182
-7317,-2536,9853
-6072,-4405,10477
-4578,-6154,10732
-2553,-7618,10171
-495,-8699,9194
1551,-9607,8056
3432,-10164,6732
5416,-10382,4966
7140,-10135,2995
8497,-9545,1048
9726,-8901,-825
10518,-7821,-2697
10819,-6294,-4525
10700,-4529,-6171
10242,-2574,-7668
9285,-350,-8935
8241,1625,-9866
6707,3642,-10349
5011,5490,-10501
2866,7107,-9973
569,8336,-8905
-1575,9388,-7813
-3650,10093,-6443
-5548,10316,-4768
-7227,9829,-2602
-8547,8691,-144
-9504,7689,1815
-10135,6249,3886
-10110,4405,5705
-9850,2499,7351
-9079,301,8778
-7858,-1794,9652
-6303,-3865,10168
-4450,-5692,10142
-2355,-7359,9714
-103,-8687,8790
1938,-9681,7743
3968,-10275,6307
5857,-10353,4496
7544,-10056,2512
8860,-9281,421
9838,-8151,-1687
10403,-6756,-3647
10588,-5102,-5486
10580,-3390,-7190
9743,-1130,-8613
8637,825,-9462
7177,2932,-10109
5440,4958,-10398
3465,6707,-10172
1390,8217,-9607
-589,9285,-8696
-2817,9978,-7161
-4826,10345,-5519
-6583,10159,-3576
-8113,9409,-1296
-9363,8386,977
-9982,6934,3048
-10192,5152,5040
-9920,3176,6744
-9095,998,8097
-8151,-1159,9310
-6587,-3337,9924
-4904,-5313,10217
-2780,-7024,9804
-680,-8353,9033
1410,-9466,8056
3415,-9999,6584
5478,-10271,4793
7247,-9900,2653
8699,-9268,569
9772,-8311,-1461
10329,-6839,-3490
10494,-5110,-5384
10225,-3201,-7024
9590,-1167,-8423
8674,911,-9585
7313,2846,-10159
5465,4838,-10303
3473,6542,-10015
1336,8027,-9363
-643,9190,-8547
-2957,9854,-6897
-4925,10085,-5160
-6868,9516,-2648
-8188,8526,-338
-9322,7367,1955
-9978,6076,3902
-10155,4364,5791
-9689,2231,7458
-9025,235,8790
-7841,-1848,9689
-6340,-3861,10201
-4504,-5721,10225
-2305,-7396,9701
-156,-8687,8843
1848,-9685,7837
3902,-10263,6361
5754,-10366,4612
7474,-9966,2492
8827,-9116,289
9961,-8229,-1732
10456,-6682,-3774
10663,-5127,-5536
10436,-3349,-7087
9801,-1254,-8547
8761,808,-9569
7359,2800,-10159
5655,4879,-10534
3663,6521,-10184
1390,8167,-9557
-589,9281,-8692
-2842,9990,-7148
-4789,10221,-5432
-6575,10048,-3473
-8109,9359,-1250
-9281,8142,1139
-9999,6868,3131
-10151,5115,5036
-10003,3217,6786
-9165,1031,8134
-8101,-1237,9338
-6678,-3316,9994
-4785,-5346,10131
-2668,-7156,9824
-449,-8419,8868
1575,-9454,7879
3580,-10118,6538
5605,-10386,4781
7317,-10011,2694
8662,-9248,586
9743,-8229,-1514
10357,-6723,-3634
10514,-5069,-5445
10329,-3238,-7091
9619,-1105,-8514
8844,775,-9619
7383,2883,-10266
5663,4834,-10497
3679,6525,-10204
1538,7969,-9507
-540,9112,-8572
-2809,9570,-6761
-4846,9735,-4889
-6756,9557,-2801
-8258,8992,-734
-9512,7944,1568
-9912,6463,3449
-10098,4570,5528
-9706,2541,7165
-8860,354,8506
-7618,-1802,9420
-6067,-3877,9944
-4257,-5758,10015
-2074,-7404,9478
57,-8629,8572
2116,-9532,7416
4046,-10122,6076
5968,-10164,4196
7680,-9726,2046
8943,-8872,-71
9875,-7660,-2215
10477,-6414,-4063
10778,-4978,-5800
10465,-3023,-7442
9920,-1109,-8811
8720,994,-9714
7057,3036,-10093
5325,4970,-10295
3213,6694,-9907
1142,8208,-9350
-874,9297,-8423
-3073,10139,-7066
-5073,10263,-5190
-6777,9949,-3172
-8344,9322,-978
-9483,8291,1192
-10122,6917,3205
-10287,5176,5111
-10044,3159,6885
-9306,1064,8242
-8316,-1051,9367
-6765,-3209,9974
-5152,-5197,10349
-3180,-7000,10180
-965,-8382,9347
981,-9483,8502
3102,-10267,7165
5044,-10654,5610
6921,-10461,3540
8311,-10056,1745
9681,-9446,-235
10667,-8613,-2054
10923,-6864,-4059
10729,-4966,-5763
10312,-2879,-7433
9433,-668,-8765
8402,1464,-9866
6934,3543,-10477
5280,5358,-10638
3262,7053,-10315
1093,8518,-9611
-948,9528,-8580
-3246,10151,-6905
-5255,10106,-4851
-6987,9570,-2583
-8522,8769,-247
-9549,7561,1988
-10056,6084,3972
-10019,4252,5767
-9784,2157,7627
-9013,20,8993
-7647,-2145,9792
-5977,-4203,10180
-4108,-6129,10237
-1872,-7792,9664
363,-9033,8670
2186,-9949,7763
4318,-10506,6188
6187,-10560,4373
7709,-10048,2339
9112,-9174,62
10060,-7957,-2103
10527,-6385,-4142
10692,-4747,-5945
10671,-3081,-7590
10263,-1159,-9104
8992,924,-9916
7276,3023,-10299
5482,4970,-10452
3349,6835,-10184
1056,8287,-9343
-1089,9384,-8295
-3221,10011,-6790
-5263,10073,-4810
-7111,9669,-2558
-8703,8947,-244
-9817,8122,1695
-10357,6472,3885
-10324,4570,5754
-9895,2503,7392
-9165,391,8774
-7998,-1835,9833
-6443,-3885,10328
-4628,-5849,10477
-2458,-7491,9949
-288,-8831,9119
1901,-9743,7842
3902,-10378,6476
5948,-10473,4525
7643,-10007,2364
8951,-9462,511
10275,-8806,-1469
10865,-7437,-3428
10927,-5605,-5322
10452,-3473,-6979
9706,-1390,-8316
8687,845,-9532
7359,2908,-10267
5564,4941,-10505
3432,6715,-10147
1142,8184,-9326
-981,9318,-8337
-3159,10102,-6943
-5156,10407,-5251
-7041,9994,-2953
-8431,8926,-495
-9454,7783,1671
-10135,6344,3791
-10122,4595,5527
-9792,2442,7350
-9075,181,8894
-7829,-1934,9763
-6171,-4050,10221
-4265,-5931,10196
-2013,-7614,9627
214,-8889,8675
2235,-9825,7590
4285,-10436,6151
6212,-10489,4277
7858,-10135,2277
9128,-9351,223
10151,-8200,-1951
10634,-6550,-4084
10745,-4933,-5812
10667,-3188,-7479
9644,-907,-8737
8501,1183,-9684
6892,3287,-10179
5156,5214,-10370
3081,6967,-10048
919,8443,-9362
-1361,9429,-8068
-3559,9883,-6324
-5432,10048,-4616
-7305,9607,-2302
-8765,8699,66
-9788,7606,2182
-10234,5964,4270
-10081,4120,5961
-9557,1909,7648
-8687,-280,8967
-7392,-2413,9805
-5593,-4463,10056
-3819,-6315,10134
-1596,-7899,9495
573,-9079,8506
2627,-9809,7182
4632,-10164,5532
6641,-10102,3461
8118,-9557,1439
9442,-8773,-669
10180,-7408,-2772
10456,-5671,-4785
10320,-3955,-6365
9801,-1740,-8061
8827,346,-9173
7590,2396,-9986
5795,4372,-10167
3873,6199,-10072
1757,7717,-9474
-457,9091,-8634
-2520,9796,-7276
-4611,10234,-5623
-6534,10036,-3502
-7977,9223,-1246
-9211,8039,1172
-9784,6649,3135
-10135,5077,5058
-9846,3007,6839
-9174,1002,8172
-8155,-1113,9268
-6694,-3196,9890
-5003,-5230,10233
-2866,-6954,9820
-610,-8410,9020
1423,-9429,8006
3518,-10172,6654
5403,-10308,4905
7194,-9986,2792
8575,-9227,652
9809,-8472,-1337
10584,-7198,-3386
10753,-5589,-5164
10605,-3861,-6744
10011,-1744,-8267
9091,297,-9388
7788,2285,-10073
6125,4339,-10464
4174,6142,-10316
2074,7759,-9833
-185,9075,-8890
-2124,9850,-7726
-4215,10291,-6076
-6125,10151,-4026
-7759,9611,-1852
-9037,8534,503
-9953,7420,2533
-10296,5750,4546
-10246,3927,6319
-9788,1806,7982
-8765,-342,9107
-7486,-2433,9919
-5816,-4578,10394
-3848,-6426,10274
-1683,-7977,9660
511,-9182,8671
2355,-9982,7627
4471,-10494,6023
6323,-10403,4080
7907,-9871,1964
9235,-9025,-210
10056,-7767,-2289
10568,-6261,-4307
10576,-4479,-6097
10110,-2351,-7759
9306,-276,-9030
8188,1777,-9965
6612,3819,-10431
4785,5622,-10407
2747,7210,-9957
556,8608,-9164
-1695,9516,-7821
-3922,9702,-5780
-5944,9908,-3964
-7590,9413,-1823
-9161,8753,408
-9858,7408,2450
-10242,5770,4472
-10135,3877,6258
-9483,1678,7805
-8464,-503,8967
-7020,-2627,9647
-5275,-4681,9956
-3275,-6459,9734
-977,-7998,8975
1084,-9145,8061
3275,-9862,6587
5280,-10040,4760
7045,-9702,2657
8518,-9062,544
9537,-7874,-1663
10168,-6406,-3762
10436,-4888,-5548
10213,-3085,-7128
10044,-1348,-8696
8749,849,-9598
7090,2908,-9998
5313,4879,-10192
3163,6653,-9816
1060,8167,-9227
-911,9202,-8291
-3122,10060,-6938
-5119,10151,-5032
-6884,9772,-2888
-8320,9062,-742
-9516,8019,1497
-10023,6587,3436
-10155,4789,5366
-9801,2792,7009
-9070,701,8369
-7953,-1452,9405
-6455,-3547,10002
-4681,-5531,10212
-2598,-7227,9825
-515,-8485,9000
1501,-9636,8135
3568,-10357,6789
5321,-10560,5239
7078,-10353,3275
8559,-9842,1283
9792,-9050,-742
10634,-7965,-2669
10836,-6344,-4492
10642,-4455,-6187
10151,-2289,-7862
9190,-70,-9120
8089,1947,-10036
6534,4021,-10555
4772,5923,-10695
2759,7491,-10250
676,8703,-9379
-1369,9743,-8374
-3469,10362,-6893
-5391,10349,-4958
-7177,9825,-2648
-8571,8815,-244
-9574,7495,2079
-10118,6076,4042
-10089,4162,5927
-9838,2198,7640
-9070,16,9054
-7680,-2112,9792
-5964,-4120,10084
-4129,-6055,10184
-1980,-7623,9603
165,-8930,8765
2231,-9796,7565
4314,-10283,5969
6237,-10250,4013
7833,-9615,1782
9132,-8753,-379
9978,-7408,-2570
10337,-5742,-4595
10337,-4021,-6316
10027,-2132,-7895
9524,-214,-9310
8212,1819,-10031
6402,3910,-10312
4455,5783,-10238
2235,7375,-9610
-115,8761,-8646
-2149,9623,-7474
-4244,10019,-5775
-6204,9883,-3679
-7837,9231,-1394
-9186,8472,714
-9994,7235,2759
-10234,5498,4736
-9961,3518,6443
-9438,1452,7986
-8592,-556,9148
-7070,-2858,9928
-5453,-4830,10283
-3477,-6633,10110
-1274,-8188,9462
767,-9334,8567
2862,-10093,7231
4966,-10436,5470
6732,-10353,3621
8344,-9809,1465
9796,-9714,-82
10848,-8621,-2227
10844,-6855,-3989
10799,-4987,-5812
10353,-2904,-7449
9545,-676,-8869
8419,1414,-9833
6967,3506,-10473
5259,5391,-10650
3180,7136,-10316
965,8481,-9446
-1097,9528,-8431
-3271,10267,-6996
-5189,10489,-5300
-7012,9999,-2987
-8229,8460,-231
-9421,7561,1860
-10221,6278,3943
-10176,4471,5705
-9875,2305,7570
-9194,247,8947
-7920,-1971,9891
-6323,-4005,10328
-4356,-5857,10213
-2281,-7515,9796
103,-8794,8691
2062,-9640,7578
4199,-10279,6080
6051,-10366,4315
7755,-9821,2066
9054,-8930,-124
10056,-7701,-2355
10440,-6067,-4373
10428,-4285,-6143
9970,-2211,-7759
9009,-82,-8927
7750,1992,-9742
6129,4087,-10216
4285,5911,-10196
2107,7610,-9717
-181,8802,-8621
-2136,9541,-7405
-4331,9834,-5503
-6216,9702,-3486
-7895,9066,-1171
-9211,8047,1164
-9945,6715,3230
-10056,4937,5119
-9768,2941,6827
-8959,763,8196
-7924,-1320,9244
-6348,-3460,9808
-4640,-5379,10019
-2541,-7111,9652
-424,-8344,8768
1757,-9413,7656
3848,-9941,6093
5836,-10040,4204
7474,-9689,2215
8963,-9149,186
10114,-8443,-1671
10366,-6682,-3684
10357,-4875,-5482
10098,-2965,-7133
9306,-808,-8498
8221,1200,-9421
6694,3295,-9989
4991,5226,-10217
2838,6917,-9755
841,8303,-9144
-1348,9318,-7970
-3374,9966,-6592
-5346,10139,-4793
-7012,9586,-2574
-8398,8547,-149
-9248,7165,2083
-9871,5845,4026
-9875,4083,5792
-9421,1955,7466
-8732,-94,8826
-7420,-2190,9610
-5865,-4261,10126
-3947,-6121,10068
-1827,-7581,9408
264,-8963,8699
2256,-9862,7606
4178,-10555,6377
6001,-10436,4435
7507,-9772,2265
8831,-9013,182
9858,-7953,-1905
10312,-6439,-3873
10489,-4797,-5692
10106,-2784,-7322
9359,-726,-8633
8299,1291,-9590
6822,3312,-10134
5086,5226,-10312
3093,6888,-9981
1018,8340,-9358
-1089,9380,-8291
-3267,9920,-6653
-5127,10102,-4975
-6925,9834,-2909
-8402,8905,-503
-9499,7891,1608
-10110,6476,3634
-10217,4772,5445
-10015,2854,7161
-9095,569,8526
-7994,-1472,9466
-6579,-3547,10126
-4731,-5519,10250
-2623,-7189,9812
-462,-8575,9037
1526,-9537,8011
3526,-10283,6757
5478,-10448,4970
7255,-10209,2954
8662,-9471,809
9722,-8621,-1101
10452,-7301,-3151
10692,-5647,-5045
10593,-3828,-6765
9933,-1724,-8209
9062,251,-9313
7750,2351,-10101
6059,4285,-10344
4285,6088,-10373
2000,7660,-9660
-210,8914,-8704
-2396,9475,-7079
-4525,9681,-5156
-6439,9813,-3374
-8027,9260,-1233
-9429,8452,977
-9933,6983,2950
-10201,5337,4864
-9949,3341,6608
-9244,1117,8127
-8188,-1031,9219
-6575,-3225,9800
-4929,-5189,10118
-2755,-6971,9726
-540,-8390,8930
1476,-9409,7933
3547,-10069,6522
5457,-10217,4760
7235,-9858,2623
8460,-9149,689
9594,-7986,-1608
10147,-6604,-3543
10329,-4888,-5441
10052,-2994,-7058
9516,-1014,-8502
8472,1018,-9490
6826,3081,-9907
5036,5057,-10093
2846,6802,-9648
783,8266,-9049
-1258,9285,-8027
-3407,9974,-6567
-5346,10032,-4686
-7029,9607,-2578
-8542,8835,-293
-9438,7693,1745
-9986,6191,3795
-9970,4417,5553
-9545,2235,7310
-8666,111,8555
-7449,-2025,9474
-5824,-4133,9957
-4174,-5898,10072
-2074,-7482,9556
94,-8786,8692
2112,-9660,7548
4104,-10217,6113
5940,-10291,4351
7606,-9912,2306
8943,-9297,354
10147,-8757,-1390
10729,-7363,-3366
10576,-5350,-5226
10378,-3394,-6984
9611,-1282,-8329
8575,779,-9354
7416,2726,-10142
5750,4710,-10460
3927,6476,-10403
1786,7907,-9693
-321,9157,-8836
-2343,9937,-7594
-4438,10341,-5903
-6274,10048,-3774
-7928,9339,-1411
-9182,8485,697
-9966,7128,2838
-10275,5383,4892
-10060,3588,6472
-9607,1526,8081
-8687,-627,9314
-7132,-2772,9904
-5519,-4747,10266
-3646,-6496,10142
-1435,-8072,9507
693,-9256,8563
2739,-10048,7309
4764,-10465,5701
6567,-10312,3745
8118,-9652,1534
9326,-8815,-511
10126,-7466,-2660
10481,-5671,-4810
10407,-4100,-6307
10073,-2202,-7871
9355,-61,-9294
8184,1765,-9949
6208,4054,-10262
4521,5770,-10291
2239,7532,-9771
-181,8938,-8757
-2289,9796,-7507
-4133,10114,-5981
-6006,10040,-4034
-7849,9347,-1498
-9219,8505,714
-9990,7470,2520
-10201,5754,4447
-10065,3828,6237
-9611,1711,7900
-8646,-676,9322
-7239,-2895,10134
-5671,-4694,10365
-3782,-6439,10221
-1683,-8019,9702
631,-9268,8637
2520,-9974,7454
4554,-10506,5952
6418,-10531,4113
8138,-9924,1786
9438,-9557,119
10576,-8934,-1642
10774,-7169,-3605
10828,-5127,-5701
10362,-2974,-7388
9603,-763,-8840
8654,1105,-9759
7119,3320,-10439
5634,5148,-10782
3465,6880,-10345
1320,8274,-9594
-957,9454,-8497
-3147,10263,-7116
-4954,10535,-5581
-6983,9966,-2983
-8179,8757,-578
-9359,7783,1576
-10184,6600,3584
-10341,4797,5544
-10098,2739,7359
-9400,622,8778
-8060,-1687,9747
-6600,-3559,10159
-4842,-5502,10344
-2446,-7359,9805
-115,-8695,8810
2029,-9652,7623
3823,-10242,6419
5787,-10370,4583
7755,-9945,2190
8980,-9099,119
9970,-7878,-2092
10452,-6406,-4046
10522,-4686,-5836
10172,-2635,-7537
9264,-449,-8815
7944,1786,-9730
6443,3646,-10089
4488,5725,-10213
2549,7288,-9837
8,8720,-8728
-2099,9458,-7359
-4273,9875,-5602
-5997,9858,-3861
-7726,9314,-1588
-9281,8221,1060
-9933,7004,2929
-10192,5185,5007
-9895,3427,6468
-9194,1051,8143
-8270,-936,9206
-6917,-2994,9911
-4995,-5086,10081
-3229,-6678,9907
-787,-8241,9028
1171,-9343,8172
3328,-10019,6691
5354,-10184,4830
7198,-9957,2759
8563,-9479,916
9953,-8815,-1138
10341,-7251,-3090
10444,-5432,-5012
10213,-3506,-6707
9537,-1369,-8168
8588,779,-9367
7202,2838,-10040
5453,4809,-10262
3415,6595,-10010
1365,8064,-9429
-594,9244,-8650
-2908,9957,-7049
-4838,10291,-5453
-6628,10077,-3449
-8101,9244,-1143
-9194,8064,1130
-9809,6645,3164
-10032,4851,5181
-9722,2904,6818
-9178,763,8415
-8023,-1299,9322
-6591,-3386,9977
-4801,-5407,10208
-2685,-7016,9701
-449,-8509,8958
1584,-9532,7948
3531,-10131,6600
5544,-10275,4731
7198,-9813,2615
8621,-9128,507
9681,-8192,-1489
10366,-6678,-3688
10543,-5016,-5527
10461,-3246,-7215
9867,-1340,-8527
8782,783,-9565
7371,2755,-10126
5605,4669,-10274
3625,6426,-10051
1542,7990,-9532
-573,9112,-8539
-2759,9768,-7009
-4888,9763,-4875
-6633,9570,-2937
-8332,8889,-557
-9429,7874,1555
-10159,6637,3522
-10188,4743,5445
-10048,3027,7021
-9178,713,8465
-8109,-1344,9453
-6616,-3510,10126
-4842,-5379,10221
-2784,-7119,9903
-573,-8485,9058
1390,-9504,8114
3432,-10180,6748
5440,-10551,5111
7169,-10234,3065
8633,-9541,908
9747,-8749,-998
10452,-7379,-3073
10745,-5816,-4929
10560,-4013,-6547
10007,-1926,-8081
9091,210,-9301
7932,2235,-10167
6294,4195,-10489
4500,6072,-10572
2318,7639,-9957
70,8943,-9013
-1951,9825,-7874
-4001,10168,-6167
-5907,10271,-4364
-7548,9755,-2207
-8967,9025,-58
-9883,7614,2269
-10151,5985,4166
-10065,4100,5965
-9479,1819,7660
-8588,-342,8930
-7144,-2611,9755
-5473,-4628,10101
-3535,-6480,10015
-1266,-8031,9297
709,-9169,8460
2792,-9937,7145
4875,-10242,5367
6690,-10098,3408
8167,-9479,1312
9429,-8501,-928
10143,-7235,-2908
10543,-5647,-4896
10382,-3720,-6662
10003,-1823,-8180
9326,37,-9363
7713,2260,-9973
5977,4252,-10229
3828,6076,-9904
1782,7590,-9372
-371,8934,-8563
-2446,9710,-7264
-4578,9945,-5367
-6344,9277,-2933
-8052,8769,-717
-9256,7887,1369
-9904,6422,3482
-10048,4628,5420
-9623,2545,7078
-8815,441,8374
-7627,-1695,9322
-6018,-3819,9837
-4314,-5663,9977
-2293,-7268,9561
-37,-8592,8629
2021,-9528,7507
4050,-9961,5911
5960,-10040,4080
7552,-9586,2034
8947,-8835,-112
10077,-8126,-1951
10671,-6806,-3865
10407,-4818,-5589
10073,-2788,-7285
9054,-556,-8498
8068,1427,-9495
6624,3465,-10089
4987,5321,-10308
2965,6983,-9948
837,8299,-9136
-1328,9376,-8048
-3390,10085,-6695
-5346,10213,-4867
-7074,9850,-2776
-8505,9013,-508
-9504,7899,1605
-10044,6492,3552
-10122,4739,5383
-9846,2619,7227
-9211,589,8622
-8027,-1472,9499
-6439,-3658,10097
-4780,-5581,10361
-2664,-7272,9936
-610,-8617,9227
1460,-9739,8279
3320,-10560,7240
5288,-11079,5791
6897,-10626,3729
8245,-9768,1523
9454,-8881,-573
10234,-7569,-2665
10588,-5882,-4706
10560,-4236,-6324
10283,-2268,-8015
9636,-317,-9319
8571,1617,-10188
6868,3691,-10559
5057,5618,-10675
2871,7309,-10180
783,8712,-9495
-1287,9710,-8423
-3349,10267,-6918
-5300,10560,-5260
-7144,10221,-3077
-8625,9396,-771
-9813,8464,1349
-10485,7045,3440
-10485,5148,5337
-10197,3155,7042
-9755,1018,8737
-8732,-1138,9870
-7288,-3180,10468
-5671,-5185,10856
-3881,-7029,10910
-1782,-8526,10308
577,-9710,9133
2417,-10353,7936
4525,-10972,6447
6426,-10956,4530
8093,-10485,2392
9495,-9937,442
10712,-9169,-1543
11290,-7792,-3498
11426,-6096,-5330
11042,-3943,-7099
10452,-1893,-8559
9495,284,-9779
8155,2462,-10617
6653,4512,-11165
4582,6389,-10971
2396,7973,-10369
-16,9264,-9248
-2165,10221,-8056
-4339,10832,-6493
-6294,10881,-4587
-7998,10143,-2145
-9359,8996,363
-10353,7932,2421
-10890,6331,4559
-10824,4434,6390
-10386,2206,8180
-9549,33,9516
-8254,-2186,10440
-6542,-4380,10922
-4578,-6270,10848
-2392,-7981,10373
82,-9442,9360
2140,-10353,8213
4232,-11017,6785
6245,-11162,4917
7990,-10745,2755
9466,-9970,504
10440,-8893,-1547
11145,-7350,-3795
11323,-5610,-5713
11154,-3617,-7537
10337,-1386,-8951
9124,808,-9932
7623,3048,-10671
5779,5176,-10955
3687,7053,-10740
1369,8703,-10072
-717,9735,-9018
-3201,10419,-7218
-5304,10663,-5359
-7218,10362,-3144
-8844,9532,-688
-10060,8373,1687
-10588,6868,3720
-10613,4822,5791
-10023,2565,7458
-9301,284,9017
-8027,-2079,10106
-6307,-4269,10576
-4335,-6331,10666
-2095,-8019,10114
330,-9363,9033
2322,-10357,8035
4533,-10737,6204
6562,-10803,4241
8270,-10345,2075
9739,-9941,202
10807,-8720,-2087
10984,-6831,-4153
10935,-4917,-6018
10560,-2780,-7780
9730,-445,-9285
8580,1658,-10238
6864,3885,-10749
4888,5845,-10733
2734,7606,-10340
466,9037,-9503
-1716,10052,-8336
-3947,10539,-6592
-6034,10667,-4633
-7755,9875,-2120
-9186,8773,413
-10040,7412,2628
-10749,5911,4838
-10601,3869,6732
-10098,1716,8382
-9219,-363,9582
-7709,-2648,10357
-6138,-4776,10914
-4013,-6612,10625
-1790,-8188,9978
598,-9475,8877
2532,-10333,7801
4859,-10865,6006
6723,-10646,3923
8344,-9957,1613
9702,-9161,-541
10601,-7775,-2826
10956,-6055,-4901
10799,-4096,-6703
10271,-2000,-8271
9347,214,-9561
8068,2343,-10411
6422,4376,-10798
4360,6307,-10667
2103,8002,-10105
-301,9417,-9116
-2343,10172,-7829
-4611,10609,-5998
-6517,10378,-3861
-8258,9747,-1489
-9586,8596,990
-10353,7400,2953
-10634,5560,5074
-10506,3687,6819
-9788,1307,8481
-8674,-903,9577
-7189,-3172,10361
-5391,-5280,10671
-3143,-7152,10295
-754,-8580,9334
1295,-9743,8448
3518,-10564,7046
5589,-10774,5185
7478,-10527,3049
8955,-9829,874
10168,-8996,-1172
10906,-7643,-3263
11195,-5977,-5218
10989,-4017,-6972
10390,-1839,-8551
9438,284,-9722
8175,2466,-10641
6468,4508,-10976
4525,6406,-10931
2281,8052,-10333
-94,9314,-9220
-2116,10180,-8064
-4310,10675,-6365
-6369,10766,-4397
-8010,10263,-2253
-9598,9392,206
-10407,8105,2302
-10828,6402,4426
-10778,4434,6344
-10234,2182,8052
-9388,-107,9495
-7969,-2338,10307
-6237,-4475,10712
-4298,-6439,10737
-2087,-8188,10275
321,-9446,9125
2334,-10366,8032
4393,-10857,6464
6397,-10791,4394
8179,-10357,2178
9565,-9479,-86
10428,-8105,-2323
10947,-6567,-4380
11030,-4764,-6266
10617,-2652,-7965
9966,-515,-9451
8728,1575,-10303
7012,3675,-10687
4966,5742,-10708
2689,7561,-10250
466,9000,-9466
-1711,10003,-8292
-3885,10605,-6720
-5973,10234,-4261
-7750,9664,-1914
-9372,8930,442
-10238,7606,2632
-10609,5894,4715
-10428,3906,6522
-9710,1596,8114
-8769,-610,9379
-7161,-2866,10027
-5428,-4966,10394
-3427,-6831,10258
-1010,-8415,9425
1047,-9549,8502
3411,-10279,6868
5548,-10543,4995
7392,-10263,2871
8901,-9520,619
10073,-8555,-1518
10980,-7458,-3522
11088,-5601,-5487
10663,-3498,-7165
9862,-1212,-8650
8724,965,-9689
7408,3064,-10472
5663,5110,-10773
3741,6921,-10662
1555,8394,-9949
-635,9590,-8955
-2961,10452,-7491
-5007,10758,-5751
-6975,10535,-3560
-8534,9846,-1312
-9751,8782,969
-10485,7350,3135
-10679,5502,5177
-10456,3522,6934
-9966,1328,8638
-8889,-932,9821
-7342,-3081,10423
-5651,-5193,10844
-3531,-7111,10642
-1324,-8600,9924
614,-9772,9158
2739,-10650,7911
4846,-11413,6567
6703,-11302,4599
8278,-10498,2220
9524,-9652,128
10535,-8443,-2092
11046,-6810,-4236
11195,-4987,-6208
10947,-3003,-7944
10357,-940,-9417
9359,1109,-10468
7651,3271,-10922
5878,5300,-11178
3724,7173,-10897
1369,8674,-10043
-697,9834,-9137
-2998,10597,-7599
-5172,10679,-5507
-7078,10366,-3288
-8716,9446,-730
-10110,8687,1423
-10733,7181,3552
-10733,5164,5569
-10411,2978,7433
-9656,709,8947
-8555,-1505,10060
-6925,-3679,10604
-5011,-5775,10786
-2854,-7544,10398
-387,-9054,9441
1740,-9941,8201
3939,-10613,6674
6080,-10766,4686
7899,-10242,2343
9363,-9574,211
10510,-8489,-2021
11067,-6925,-4142
11224,-5172,-6052
10844,-3097,-7747
10007,-787,-9220
8794,1439,-10233
7272,3539,-10811
5473,5519,-10992
3328,7334,-10662
1056,8745,-9801
-1208,9920,-8712
-3469,10613,-7144
-5610,10964,-5354
-7466,10498,-3032
-8959,9479,-520
-10027,8324,1703
-10712,6818,3894
-10852,4954,5898
-10514,2772,7742
-9693,507,9186
-8493,-1728,10221
-6843,-3918,10761
-4917,-5874,10791
-2660,-7722,10382
-280,-9190,9470
1934,-10168,8234
4063,-10844,6781
6092,-11088,4996
7920,-10836,2916
9334,-10102,768
10452,-8980,-1472
11059,-7532,-3527
11335,-5799,-5536
11364,-3972,-7392
10642,-1707,-8935
9438,507,-9945
7944,2743,-10687
6187,4863,-11050
4203,6789,-10992
1860,8472,-10332
-358,9681,-9323
-2607,10477,-7870
-4780,10815,-6035
-6798,10725,-3927
-8460,9854,-1394
-9801,8877,924
-10613,7437,3176
-10782,5560,5222
-10494,3411,7083
-9780,1134,8646
-8786,-1245,10031
-7049,-3493,10542
-5193,-5581,10774
-3143,-7491,10634
-730,-8864,9594
1303,-10098,8795
3617,-10597,6980
5688,-10795,5107
7610,-10576,2966
9145,-9900,755
10341,-8885,-1456
10844,-7194,-3650
11001,-5387,-5614
10799,-3374,-7425
10098,-1101,-8997
9021,1093,-10114
7614,3184,-10798
5680,5292,-10972
3543,7115,-10658
1307,8674,-9981
-820,9809,-8989
-3192,10522,-7330
-5366,10819,-5453
-7301,10345,-3044
-8773,9223,-450
-9817,7903,1914
-10593,6571,4022
-10799,4752,6047
-10353,2524,7829
-9557,325,9232
-8208,-1967,10175
-6657,-4050,10707
-4628,-6030,10658
-2429,-7763,10192
-152,-9178,9330
2083,-10283,8200
4281,-10927,6646
6323,-10815,4492
8023,-10395,2372
9458,-9557,99
10535,-8452,-2083
11104,-6930,-4174
11215,-5205,-6010
10857,-3093,-7764
10019,-808,-9211
8815,1320,-10135
7330,3448,-10778
5325,5531,-10856
3056,7359,-10415
816,8877,-9693
-1493,9904,-8411
-3745,10518,-6773
-5828,10386,-4558
-7643,10114,-2471
-9165,9058,107
-10188,7878,2310
-10687,6257,4430
-10572,4405,6167
-10155,2116,8039
-9087,-185,9272
-7783,-2487,10270
-6051,-4677,10728
-3988,-6641,10629
-1650,-8274,9924
552,-9462,8910
2607,-10374,7767
4743,-10976,6233
6760,-10964,4204
8336,-10283,1947
9693,-9343,-350
10527,-8221,-2306
10976,-6459,-4517
11017,-4686,-6331
10539,-2429,-8110
9730,-264,-9466
8670,1835,-10505
7041,3947,-10988
5230,5845,-11075
3003,7639,-10642
841,8922,-9763
-1431,10015,-8584
-3737,10564,-6827
-5709,10745,-5036
-7548,10345,-2797
-9108,9644,-536
-10275,8419,1856
-10683,6777,3906
-10811,4925,5886
-10341,2648,7693
-9499,330,9169
-8245,-1992,10237
-6571,-4141,10712
-4644,-6100,10744
-2429,-7866,10295
-119,-9281,9400
1963,-10254,8291
4092,-10844,6752
6146,-10968,4822
7957,-10510,2553
9380,-9747,367
10494,-8559,-1935
11071,-7099,-3972
11434,-5577,-5857
11158,-3675,-7483
10551,-1485,-9066
9396,664,-10060
7763,2821,-10584
5890,4966,-10856
3621,6843,-10464
1336,8514,-9850
-775,9743,-8968
-3077,10518,-7441
-5308,10683,-5375
-7144,10271,-3127
-8815,9631,-816
-10118,8493,1625
-10626,6888,3738
-10704,5032,5672
-10349,2858,7491
-9557,618,8939
-8377,-1678,10055
-6678,-3955,10633
-4851,-5898,10749
-2656,-7750,10406
-189,-9194,9383
1951,-10131,8180
4005,-10712,6707
6109,-10795,4686
7858,-10423,2565
9322,-9664,342
10522,-8720,-1802
11141,-7342,-3799
11030,-5304,-5726
10605,-3126,-7479
9673,-808,-8865
8600,1381,-9981
7099,3543,-10642
5263,5634,-10897
3003,7462,-10465
771,8844,-9615
-1464,9891,-8427
-3667,10564,-6897
-5696,10580,-4884
-7524,10106,-2582
-9017,9075,-58
-9966,7767,2199
-10465,6088,4377
-10349,4112,6237
-10003,1914,8089
-9128,-305,9433
-7565,-2640,10205
-5812,-4719,10531
-3856,-6682,10538
-1584,-8328,9912
627,-9516,8889
2697,-10448,7751
4838,-11050,6212
6686,-11063,4377
8237,-10209,1972
9549,-9347,-202
10502,-8031,-2471
10939,-6397,-4542
11088,-4644,-6444
11017,-2796,-8221
10494,-928,-9566
9095,1287,-10382
7363,3427,-10790
5350,5486,-10836
3147,7346,-10493
759,8811,-9570
-1402,9920,-8518
-3584,10551,-6967
-5766,10712,-4946
-7581,10279,-2698
-9145,9429,-284
-10374,8435,1939
-10832,6839,3993
-10758,4834,5924
-10403,2706,7697
-9722,544,9178
-8501,-1716,10217
-6876,-3885,10761
-5040,-5874,10914
-2846,-7660,10506
-532,-9103,9635
1678,-10188,8510
3803,-10815,7012
5898,-10972,5074
7713,-10663,2950
9240,-9945,705
10452,-9169,-1283
11236,-7800,-3436
11323,-5993,-5330
11005,-3844,-7161
10324,-1658,-8666
9161,660,-9821
7800,2829,-10629
6030,4978,-11008
3799,6835,-10634
1419,8468,-9887
-754,9582,-8828
-3196,10440,-7244
-5321,10927,-5606
-7189,10547,-3358
-8745,9512,-767
-9862,8274,1588
-10601,6892,3709
-10687,5028,5659
-10378,2829,7549
-9685,598,9087
-8464,-1699,10163
-6765,-3881,10646
-4863,-5886,10749
-2602,-7722,10324
-272,-9161,9433
1930,-10192,8262
4050,-10852,6802
6105,-11001,4896
7862,-10749,2887
9314,-9966,652
10390,-8889,-1501
11067,-7317,-3750
11248,-5539,-5709
11294,-3803,-7491
10601,-1617,-8984
9318,668,-9986
7783,2846,-10629
6051,4945,-10996
4034,6880,-10914
1794,8485,-10279
-404,9706,-9302
-2607,10411,-7804
-4830,10844,-6014
-6822,10737,-3915
-8505,9928,-1423
-9883,8930,953
-10683,7536,3147
-10902,5614,5288
-10560,3510,7050
-9900,1287,8613
-8947,-969,9916
-7268,-3267,10535
-5494,-5440,10934
-3316,-7235,10551
-1018,-8728,9746
1072,-9904,8832
3370,-10568,7198
5577,-10836,5259
7495,-10597,3102
9091,-9949,858
10296,-8893,-1403
10844,-7297,-3547
11005,-5445,-5560
10799,-3485,-7314
10118,-1196,-8922
9042,1014,-10056
7491,3176,-10667
5622,5197,-10819
3436,7082,-10518
1221,8600,-9821
-1051,9788,-8737
-3357,10477,-7120
-5564,10675,-5111
-7474,10172,-2698
-8951,9054,-103
-9961,7816,2145
-10671,6381,4290
-10650,4521,6129
-10172,2277,7895
-9384,136,9248
-8047,-2145,10192
-6443,-4261,10704
-4360,-6249,10609
-2103,-7994,10097
416,-9417,9001
2326,-10308,7982
4554,-10819,6265
6513,-10659,4146
8229,-10102,1873
9557,-9219,-338
10456,-7891,-2565
10881,-6220,-4661
10910,-4455,-6455
10448,-2359,-8089
9594,-173,-9421
8353,2004,-10357
6649,4170,-10819
4640,6109,-10749
2462,7899,-10361
8,9256,-9264
-1996,10131,-8135
-4219,10605,-6386
-6146,10551,-4405
-7977,10085,-2108
-9273,8963,310
-10234,7623,2611
-10527,5935,4592
-10527,3972,6555
-9891,1728,8163
-8819,-606,9425
-7379,-2862,10241
-5548,-5077,10625
-3370,-6963,10333
-1064,-8464,9528
977,-9549,8572
3234,-10324,7090
5292,-10774,5482
7239,-10399,3160
8728,-9714,986
9912,-8749,-1163
10642,-7288,-3354
10972,-5548,-5424
10910,-3741,-7169
10345,-1683,-8662
9454,482,-9936
8130,2491,-10621
6282,4533,-10815
4290,6426,-10716
2025,7986,-10011
-321,9260,-8939
-2607,9978,-7371
-4826,10155,-5329
-6851,10205,-3354
-8468,9594,-1126
-9916,8703,1213
-10469,7231,3238
-10720,5407,5313
-10551,3465,7086
-9722,1179,8543
-8679,-1043,9722
-7128,-3250,10378
-5354,-5284,10638
-3271,-7107,10378
-1047,-8629,9676
1080,-9772,8692
3250,-10576,7326
5370,-10894,5524
7173,-10650,3477
8753,-10093,1340
9953,-9091,-862
10819,-7866,-2953
11512,-6562,-4950
11463,-4801,-6662
10927,-2677,-8250
10110,-610,-9500
8757,1575,-10332
7185,3650,-10835
5222,5680,-10902
3036,7548,-10584
862,9083,-9945
-1278,10110,-8832
-3361,10795,-7434
-5436,10927,-5491
-7301,10568,-3267
-8889,9768,-879
-10052,8530,1522
-10580,6975,3605
-10584,4999,5585
-10234,2813,7421
-9471,614,8857
-8270,-1716,9986
-6509,-4005,10514
-4690,-6080,10770
-2450,-7825,10275
-111,-9289,9400
1926,-10192,8266
4153,-10795,6642
6162,-10918,4756
7882,-10469,2587
9351,-9677,326
10461,-8629,-1832
11145,-7239,-3906
11104,-5313,-5791
10663,-3118,-7545
9784,-812,-8972
8666,1390,-10056
7165,3580,-10745
5374,5461,-10835
3155,7305,-10460
866,8695,-9561
-1332,9722,-8390
-3770,10324,-6554
-5832,10003,-4171
-7610,9516,-1906
-9198,8608,590
-10003,7375,2628
-10415,5544,4871
-10246,3502,6744
-9792,1373,8419
-8802,-853,9655
-7136,-3036,10172
-5440,-5143,10583
-3465,-6905,10370
-1039,-8497,9536
1035,-9607,8572
3246,-10436,7190
5284,-10807,5523
7222,-10584,3362
8703,-9735,1032
9846,-8720,-1126
10588,-7231,-3357
10910,-5515,-5395
11154,-3997,-7157
11063,-2310,-8753
9970,-8,-9962
8278,2149,-10427
6472,4261,-10733
4442,6232,-10674
2178,7878,-10056
-202,9260,-9058
-2186,10139,-7953
-4450,10659,-6209
-6389,10601,-4212
-8093,9974,-1881
-9499,9112,387
-10452,7891,2561
-10729,6142,4587
-10584,4153,6431
-10048,1914,8134
-9297,-214,9511
-7932,-2503,10435
-6224,-4644,10868
-4314,-6550,10864
-2120,-8311,10431
243,-9631,9388
2145,-10498,8353
4331,-11013,6682
6261,-11104,4843
8031,-10671,2640
9512,-10217,705
10918,-9743,-1175
11426,-8113,-3313
11442,-6199,-5243
11129,-4149,-6980
10535,-1963,-8572
9524,330,-9854
8163,2516,-10679
6492,4665,-11157
4417,6587,-11004
2128,8163,-10291
-222,9487,-9265
-2417,10300,-7883
-4657,10803,-6146
-6529,10741,-4212
-8204,9446,-1242
-9376,8212,1164
-10514,7264,3250
-10852,5412,5440
-10564,3374,7190
-9957,1035,8922
-8860,-1188,10048
-7264,-3436,10700
-5424,-5407,10831
-3225,-7326,10551
-882,-8819,9701
1315,-9895,8580
3493,-10716,7223
5605,-10976,5371
7511,-10729,3218
9004,-10003,999
10205,-9075,-1130
11046,-7515,-3531
11273,-5787,-5486
11446,-4170,-7276
10898,-2112,-8786
9578,235,-9813
8064,2454,-10518
6336,4628,-10964
4277,6542,-10819
2054,8287,-10341
-272,9570,-9298
-2536,10291,-7755
-4776,10700,-5924
-6752,10630,-3878
-8530,9961,-1431
-9891,9017,874
-10733,7639,3094
-10939,5791,5148
-10696,3741,6955
-10007,1452,8555
-9058,-783,9841
-7639,-3044,10683
-5700,-5247,10947
-3671,-7078,10749
-1373,-8707,10080
763,-9928,9165
2965,-10696,7731
5193,-11038,5845
7119,-10918,3799
8749,-10448,1699
10221,-10060,-161
11121,-8654,-2467
11207,-6686,-4521
11129,-4830,-6299
10704,-2598,-8106
9768,-214,-9554
8522,2000,-10522
6785,4104,-10889
4793,6150,-10943
2516,7924,-10440
189,9388,-9577
-1963,10275,-8312
-4261,10791,-6530
-6356,10778,-4422
-8010,9838,-1828
-9334,8514,820
-10168,7210,2958
-10778,5610,5168
-10506,3440,7066
-9891,1258,8633
-8802,-998,9800
-7268,-3234,10502
-5539,-5391,10930
-3163,-7239,10402
-870,-8852,9722
1278,-10003,8725
3518,-10828,7310
5601,-11121,5520
7416,-10712,3296
8963,-9928,965
10172,-9033,-1139
10980,-7623,-3357
11261,-5845,-5416
11026,-3931,-7095
10428,-1711,-8717
9425,437,-9862
7953,2631,-10584
6117,4846,-10963
4067,6682,-10749
1720,8435,-10155
-462,9652,-9190
-2899,10362,-7463
-5016,10522,-5506
-7000,10271,-3271
-8732,9528,-796
-9945,8382,1563
-10659,6987,3672
-10762,5028,5734
-10597,3118,7479
-9681,647,9034
-8431,-1621,10052
-6909,-3749,10658
-4987,-5832,10819
-2656,-7660,10316
-408,-9095,9503
1852,-10040,8188
3993,-10733,6740
6001,-10844,4843
7816,-10366,2550
9223,-9590,367
10308,-8369,-1939
10832,-6769,-4063
11001,-4966,-6035
10687,-2879,-7808
9854,-680,-9174
9062,1266,-10328
7420,3543,-10963
5490,5461,-10951
3328,7243,-10571
1018,8674,-9692
-1241,9850,-8609
-3630,10415,-6785
-5692,10597,-4905
-7585,10242,-2657
-9128,9557,-429
-10300,8320,1980
-10716,6727,3989
-10782,4888,5894
-10333,2640,7693
-9471,379,9092
-8146,-1947,10093
-6476,-4137,10613
-4537,-6067,10604
-2338,-7903,10241
49,-9273,9224
2215,-10308,8093
4384,-10795,6411
6348,-10894,4546
8118,-10423,2305
9524,-9702,178
10514,-8530,-1984
11323,-7218,-4105
11694,-5680,-6014
11133,-3514,-7619
10502,-1501,-9001
9367,754,-10121
7800,2937,-10737
5981,5102,-11083
3753,6958,-10711
1592,8588,-10180
-540,9821,-9281
-2767,10679,-7912
-4945,11075,-6130
-6814,10729,-3915
-8501,10139,-1638
-9924,9066,858
-10617,7631,2986
-10865,5828,5037
-10650,3729,6921
-10007,1443,8564
-9062,-763,9825
-7429,-3089,10518
-5663,-5181,10844
-3621,-7119,10740
-1221,-8662,9883
899,-9867,8968
3122,-10605,7483
5143,-10993,5850
7165,-10795,3630
8786,-10184,1398
10069,-9182,-887
10885,-7866,-3019
11182,-6121,-5061
10947,-4129,-6818
10337,-1773,-8564
9306,523,-9829
7969,2611,-10580
6270,4677,-10947
4343,6600,-10943
2046,8196,-10242
-321,9508,-9187
-2516,10419,-7903
-4780,10621,-5841
-6723,10147,-3424
-8431,9454,-1023
-9850,8394,1456
-10407,6991,3416
-10564,5007,5557
-10312,2858,7454
-9623,684,8939
-8332,-1604,9936
-6505,-3861,10366
-4739,-5779,10518
-2429,-7610,10039
-49,-9075,9124
2186,-10011,7825
4380,-10613,6233
6356,-10588,4232
8097,-9970,1873
9541,-8868,-673
10374,-7466,-2908
10753,-5989,-4764
10819,-4046,-6773
10968,-2508,-8460
10300,-569,-9731
8344,1905,-10249
6587,3980,-10567
4521,5993,-10514
2178,7821,-9999
-165,9202,-9037
-2066,10036,-7970
-4364,10547,-6183
-6307,10469,-4162
-8080,9829,-1749
-9545,8963,582
-10423,7680,2743
-10720,5865,4855
-10543,4005,6538
-9970,1542,8428
-9136,-383,9519
-7590,-2850,10440
-6014,-4780,10794
-4092,-6620,10712
-1769,-8518,10287
363,-9648,9285
2359,-10382,8023
4657,-10960,6303
6451,-10931,4480
8336,-10399,2063
9656,-9937,281
11059,-9211,-1848
11352,-7639,-3713
11397,-5882,-5515
11038,-3778,-7260
10324,-1311,-9013
9347,660,-10007
7994,2792,-10786
6265,4929,-11194
4273,6810,-11083
2050,8349,-10399
-449,9751,-9302
-2640,10510,-7870
-4574,11026,-6452
-6529,11026,-4497
-8188,9933,-1745
-9351,8571,780
-10551,7606,2945
-10956,5680,5276
-10733,3588,7145
-10159,1390,8769
-9252,-742,9994
-7585,-3069,10654
-5981,-4933,10914
-3716,-7053,10769
-1278,-8551,9829
738,-9640,8902
3031,-10423,7392
5115,-10865,5750
7111,-10749,3638
8790,-10122,1332
10147,-8959,-1188
10824,-7540,-3284
11162,-5832,-5330
11154,-3927,-7227
10803,-1872,-8931
9747,280,-10027
8320,2458,-10778
6418,4879,-11297
4673,6567,-11240
2549,8431,-10980
354,9755,-10109
-1662,10564,-8902
-4092,11187,-7095
-5890,11380,-5490
-7821,11129,-3308
-9495,10201,-706
-10675,9087,1588
-11224,7734,3490
-11459,6047,5412
-11244,3922,7322
-10543,1641,8902
-9594,-631,10225
-8010,-3192,11202
-6125,-5325,11450
-4446,-7066,11512
-2256,-8732,10988
391,-10258,9867
2281,-11220,8939
4615,-11665,7050
6608,-11781,5173
8456,-11438,2982
9904,-11187,1283
11331,-10481,-850
11752,-8584,-3168
11908,-6748,-5160
11772,-4673,-7099
11224,-2380,-8844
10357,-90,-10267
9087,2062,-11149
7305,4475,-11780
5176,6509,-11685
3011,8258,-11269
635,9788,-10423
-1641,10832,-9191
-3972,11405,-7433
-6150,11484,-5334
-8052,10745,-2693
-9528,9450,78
-10568,8155,2413
-11422,6789,4633
-11430,4694,6736
-10877,2371,8506
-10093,57,10036
-8679,-2392,11071
-7008,-4644,11652
-4768,-6719,11487
-2363,-8464,10827
12,-9945,9933
2178,-10951,8773
4525,-11537,7012
6690,-11488,4798
8505,-10840,2335
10011,-9970,-41
11067,-8662,-2405
11644,-6888,-4756
11628,-4945,-6683
11141,-2722,-8419
10238,-297,-9941
8967,1881,-10848
7272,4252,-11524
5193,6286,-11479
2883,8093,-10976
470,9627,-10097
-1876,10580,-8704
-4384,10943,-6559
-6505,10663,-4158
-8641,10316,-1675
-10048,9248,800
-10976,7932,3044
-11352,6055,5297
-11269,3993,7276
-10601,1604,8997
-9413,-825,10238
-7862,-3229,11091
-6034,-5337,11371
-3894,-7354,11248
-1414,-9004,10418
874,-10221,9347
3320,-11063,7743
5535,-11442,5907
7577,-11253,3676
9240,-10531,1291
10543,-9615,-928
11426,-8179,-3247
11863,-6521,-5342
11772,-4525,-7247
11133,-2264,-8869
10168,24,-10192
8827,2248,-11075
6938,4475,-11413
4896,6521,-11417
2512,8283,-10795
4,9788,-9792
-2421,10626,-8205
-4838,10931,-6093
-7000,11013,-4013
-8761,10403,-1642
-10386,9594,792
-11096,8002,3094
-11401,6146,5255
-11191,4009,7182
-10485,1641,8844
-9417,-775,10192
-7775,-3085,10860
-5919,-5325,11244
-3638,-7297,10935
-1188,-9025,10213
1006,-10221,9215
3399,-11050,7651
5568,-11352,5784
7664,-11059,3395
9240,-10291,1051
10477,-9207,-1270
11302,-7585,-3717
11616,-5836,-5780
11405,-3716,-7689
10960,-1633,-9327
9978,569,-10547
8217,2883,-11100
6294,5007,-11301
4063,7041,-11104
1736,8782,-10518
-412,10073,-9661
-2829,10989,-8160
-5176,11347,-6171
-7218,10890,-3672
-8967,10143,-1176
-10353,9075,1278
-11088,7524,3564
-11277,5593,5684
-11038,3403,7635
-10283,990,9293
-9165,-1262,10427
-7412,-3708,11120
-5643,-5865,11508
-3386,-7717,11103
-1109,-9215,10324
1093,-10436,9343
3477,-11281,7804
5581,-11484,5903
7660,-11389,3729
9297,-10782,1485
10712,-9908,-804
11772,-8901,-2871
12036,-7012,-5024
11702,-4912,-6790
11149,-2635,-8514
10085,-177,-9908
8897,2008,-10905
7177,4298,-11475
5209,6393,-11602
2862,8155,-11017
338,9644,-9982
-2037,10617,-8580
-4455,11088,-6633
-6657,10832,-4175
-8567,10428,-1861
-10089,9438,651
-10956,8097,2859
-11393,6216,5177
-11158,4092,7066
-10621,1852,8769
-9607,-540,10147
-7944,-2904,10848
-6105,-5185,11290
-3968,-7140,11108
-1509,-8864,10373
841,-10126,9285
3180,-10976,7796
5370,-11455,6085
7449,-11174,3725
9013,-10378,1365
10357,-9363,-994
11055,-7771,-3284
11405,-5894,-5511
11248,-3815,-7433
10824,-1798,-9026
9994,445,-10439
8402,2726,-11128
6340,4978,-11318
4137,6954,-11091
1592,8633,-10225
-655,9916,-9261
-3155,10704,-7549
-5412,11005,-5593
-7449,10679,-3230
-9124,9805,-681
-10485,8786,1699
-11149,7169,3980
-11088,5098,5990
-10753,2932,7821
-9970,437,9533
-8736,-1823,10559
-7024,-4186,11210
-5094,-6216,11310
-2883,-8076,10959
-561,-9565,10126
1728,-10584,8856
3960,-11277,7317
6191,-11418,5227
8089,-11046,2957
9631,-10456,825
11092,-9887,-1205
11851,-8493,-3358
11913,-6529,-5384
11599,-4335,-7264
11034,-2062,-8972
9986,255,-10241
8617,2516,-11133
6876,4772,-11648
4904,6736,-11640
2549,8443,-10992
0,9920,-9920
-2165,10848,-8683
-4442,11508,-7066
-6600,11558,-4958
-8415,10906,-2491
-9850,9520,330
-10964,8448,2516
-11616,6773,4843
-11550,4752,6798
-11170,2491,8679
-10345,210,10135
-9050,-2107,11157
-7260,-4323,11583
-5218,-6385,11603
-2982,-8225,11207
-391,-9656,10047
1963,-10762,8799
4178,-11521,7343
6410,-11673,5263
8332,-11281,2949
9900,-10370,470
11001,-9207,-1794
11673,-7557,-4116
11814,-5597,-6217
11479,-3465,-8014
10626,-1117,-9509
9462,1200,-10662
7713,3514,-11227
5816,5700,-11516
3469,7705,-11174
1105,9301,-10406
-1381,10378,-8997
-3939,10720,-6781
-6237,11013,-4776
-8295,10749,-2454
-9912,9867,45
-10976,8530,2446
-11409,6777,4632
-11376,4723,6653
-10729,2310,8419
-9821,-4,9825
-8497,-2462,10959
-6620,-4694,11314
-4562,-6769,11331
-2268,-8534,10802
243,-10015,9772
2425,-10923,8498
4752,-11459,6707
6880,-11438,4558
8753,-10923,2170
10316,-10362,46
11438,-9219,-2219
11735,-7346,-4389
11768,-5370,-6398
11347,-3048,-8299
10568,-787,-9781
9400,1555,-10955
7693,3877,-11570
5659,5948,-11607
3440,7854,-11294
1150,9380,-10530
-1130,10617,-9487
-3580,11286,-7706
-5808,11677,-5869
-7829,11191,-3362
-9413,10077,-664
-10531,8530,2001
-11302,7161,4141
-11653,5308,6345
-11129,2908,8221
-10419,717,9702
-9161,-1732,10893
-7544,-3918,11462
-5630,-6096,11726
-3155,-7986,11141
-734,-9578,10312
1476,-10737,9261
3881,-11492,7611
6125,-11611,5486
8027,-11154,3127
9652,-10308,656
10927,-9186,-1741
11558,-7491,-4067
11706,-5519,-6187
11418,-3403,-8015
10646,-1105,-9541
9549,1159,-10708
7920,3460,-11380
5894,5643,-11537
3580,7536,-11116
1188,9190,-10378
-1225,10349,-9124
-3704,10923,-7219
-6006,10770,-4764
-8196,10770,-2574
-9821,9735,86
-10980,8538,2442
-11484,6810,4674
-11484,4900,6584
-11145,2660,8485
-10114,165,9949
-8798,-2046,10844
-7004,-4393,11397
-4958,-6472,11430
-2565,-8377,10942
-12,-9801,9813
2198,-10729,8531
4504,-11405,6901
6682,-11442,4760
8604,-10857,2253
10044,-9933,-111
11096,-8501,-2595
11583,-6872,-4711
11657,-4875,-6782
11191,-2615,-8576
10324,-259,-10065
9339,1777,-11116
7536,4067,-11603
5432,6113,-11545
3110,7940,-11050
693,9413,-10106
-1773,10601,-8828
-4261,11009,-6748
-6414,11125,-4711
-8295,10663,-2368
-9912,9858,54
-10931,8452,2479
-11327,6558,4769
-11339,4620,6719
-10696,2116,8580
-9747,-214,9961
-8171,-2722,10893
-6232,-4925,11157
-4166,-6934,11100
-1777,-8683,10460
688,-10056,9368
2862,-10914,8052
5148,-11376,6228
7227,-11228,4001
8947,-10531,1584
10320,-9565,-755
11215,-8039,-3176
11653,-6315,-5338
11566,-4281,-7285
11323,-2264,-9059
10535,-119,-10416
8790,2194,-10984
6864,4455,-11319
4615,6604,-11219
2215,8287,-10502
-243,9796,-9553
-2425,10753,-8328
-4826,11224,-6398
-6851,10770,-3919
-8798,10114,-1316
-10353,9244,1109
-11108,7779,3329
-11413,5849,5564
-11149,3757,7392
-10440,1377,9063
-9433,-882,10315
-7845,-3291,11136
-5997,-5399,11396
-3947,-7346,11293
-1518,-9013,10531
688,-10164,9476
3023,-11108,8085
5296,-11405,6109
7420,-11339,3919
9190,-10720,1530
10555,-9722,-833
11624,-8658,-2966
12115,-7140,-4975
11847,-5016,-6831
11319,-2784,-8535
10225,-255,-9970
9017,1922,-10939
7425,4174,-11599
5605,6179,-11784
3312,8126,-11438
870,9545,-10415
-1377,10630,-9253
-3774,11356,-7582
-6018,11372,-5354
-7948,10885,-2937
-9648,10011,-363
-10700,8757,1943
-11352,7024,4328
-11277,4917,6360
-10869,2689,8180
-10098,309,9789
-8559,-2136,10695
-6798,-4488,11286
-4710,-6628,11338
-2322,-8427,10749
86,-9900,9814
2417,-10910,8493
4661,-11537,6876
6773,-11562,4789
8526,-10906,2380
10007,-9970,-37
11038,-8613,-2425
11479,-6769,-4710
11566,-4954,-6612
11281,-2767,-8514
10696,-602,-10094
9351,1621,-10972
7371,3955,-11326
5346,6030,-11376
2949,7944,-10893
453,9450,-9903
-1996,10477,-8481
-4368,10873,-6505
-6583,10758,-4175
-8435,10069,-1634
-10011,9157,854
-10972,7829,3143
-11207,5861,5346
-10902,3605,7297
-10267,1287,8980
-9219,-1163,10382
-7499,-3489,10988
-5696,-5638,11334
-3378,-7635,11013
-1039,-9128,10167
1150,-10213,9063
3617,-10918,7301
5849,-11236,5387
7870,-10898,3028
9462,-10225,763
10861,-9425,-1436
11818,-8196,-3622
11937,-6253,-5684
11488,-4059,-7429
10894,-1823,-9071
9817,565,-10382
8328,2858,-11186
6690,5016,-11706
4455,7029,-11484
2095,8547,-10642
-297,9904,-9607
-2594,10857,-8263
-4772,11488,-6716
-6909,11347,-4438
-8786,10547,-1761
-10147,9248,899
-11141,8019,3122
-11504,6166,5338
-11306,4050,7256
-10824,1835,8989
-9850,-499,10349
-8423,-2706,11129
-6595,-4987,11582
-4467,-6983,11450
-2041,-8753,10794
573,-10085,9512
2640,-11108,8468
4900,-11706,6806
7020,-11789,4769
8848,-11174,2326
10213,-10300,87
11228,-9103,-2125
11867,-7458,-4409
11983,-5671,-6312
11875,-3584,-8291
10885,-1150,-9735
9532,1163,-10695
7841,3452,-11293
5857,5647,-11504
3646,7672,-11318
1258,9322,-10580
-1068,10399,-9331
-3675,10964,-7289
-5857,11100,-5243
-7961,10910,-2949
-9594,9908,-314
-10745,8699,2046
-11298,6925,4373
-11286,4859,6427
-10696,2359,8337
-9817,53,9764
-8415,-2417,10832
-6455,-4801,11256
-4496,-6806,11302
-2074,-8547,10621
499,-10011,9512
2635,-10873,8238
4912,-11413,6501
7049,-11314,4265
8844,-10786,1942
10399,-10093,-306
11413,-8811,-2602
11764,-6938,-4826
11698,-4917,-6781
11203,-2652,-8551
10271,-276,-9995
9132,1959,-11091
7375,4211,-11586
5247,6241,-11488
2970,8089,-11059
672,9598,-10270
-1802,10708,-8906
-4054,11327,-7273
-6360,11455,-5095
-8287,10741,-2454
-9718,9574,144
-10766,8159,2607
-11570,6690,4880
-11599,4727,6872
-11137,2458,8679
-10366,210,10156
-9029,-2054,11083
-7392,-4219,11611
-5346,-6348,11694
-2928,-8097,11025
-453,-9772,10225
1815,-10865,9050
4104,-11686,7582
6364,-11809,5445
8258,-11327,3069
9829,-10456,627
11038,-9359,-1679
11673,-7755,-3918
11925,-5997,-5928
11727,-3922,-7805
10927,-1546,-9381
9887,647,-10534
8373,2998,-11371
6410,5263,-11673
4145,7264,-11409
1666,9000,-10666
-602,10304,-9702
-3304,10972,-7668
-5605,10885,-5280
-7705,10947,-3242
-9417,10007,-590
-10634,8773,1861
-11281,7078,4203
-11269,5127,6142
-10943,2825,8118
-9846,239,9607
-8509,-2186,10695
-6633,-4582,11215
-4512,-6641,11153
-1984,-8518,10502
585,-9945,9360
2734,-10857,8123
5065,-11310,6245
7165,-11253,4088
8835,-10630,1795
10267,-9631,-636
11178,-8122,-3056
11541,-6307,-5234
11504,-4298,-7206
10902,-2050,-8852
9999,210,-10209
8695,2470,-11165
6818,4648,-11466
4640,6645,-11285
2223,8443,-10666
-268,9780,-9512
-2578,10663,-8085
-4904,10923,-6019
-7099,10869,-3770
-8839,10221,-1382
-10432,9202,1230
-11112,7631,3481
-11368,5770,5598
-11055,3522,7533
-10353,1159,9194
-9211,-1171,10382
-7486,-3440,10926
-5676,-5610,11286
-3506,-7540,11046
-1097,-9132,10229
1105,-10291,9186
3572,-11026,7454
5729,-11298,5569
7709,-10972,3263
9367,-10242,875
10572,-9042,-1530
11294,-7445,-3849
11591,-5647,-5944
11430,-3650,-7780
11026,-1575,-9451
9966,606,-10572
8163,2850,-11013
6298,5044,-11342
3951,6975,-10926
1551,8699,-10250
-631,10040,-9409
-3130,10918,-7788
-5523,11009,-5486
-7412,10395,-2983
-9347,9867,-520
-10613,8728,1885
-11207,7140,4067
-11286,5168,6118
-10869,2957,7912
-9945,503,9442
-8716,-1790,10506
-7016,-4050,11066
-4958,-6208,11166
-2796,-8035,10831
-255,-9475,9730
1967,-10560,8593
4277,-11170,6893
6381,-11269,4888
8283,-10894,2611
9796,-10131,335
11112,-9384,-1728
11892,-7990,-3902
11657,-5841,-5816
11401,-3782,-7619
10473,-1196,-9277
9355,977,-10332
7895,3295,-11190
6092,5412,-11504
3939,7379,-11318
1546,8988,-10534
-556,10172,-9616
-3036,11112,-8076
-5288,11405,-6117
-7330,11129,-3799
-9062,10349,-1287
-10374,9190,1184
-11141,7722,3419
-11405,5816,5589
-11162,3679,7483
-10646,1431,9215
-9512,-903,10415
-7882,-3312,11194
-6034,-5473,11507
-3927,-7338,11265
-1542,-9004,10546
726,-10263,9537
2986,-11092,8106
5251,-11628,6377
7276,-11475,4199
8930,-10737,1807
10337,-9722,-615
11228,-8212,-3016
11624,-6397,-5227
11533,-4430,-7103
11281,-2446,-8835
10758,-429,-10329
9219,1815,-11034
7334,4112,-11446
5234,6191,-11425
2656,8093,-10749
78,9512,-9590
-2285,10506,-8221
-4566,10927,-6361
-6765,10795,-4030
-8641,10118,-1477
-10258,9235,1023
-11092,7825,3267
-11310,5882,5428
-10951,3625,7326
-10300,1278,9022
-9285,-998,10283
-7569,-3390,10959
-5684,-5535,11219
-3366,-7499,10865
-928,-9103,10031
1315,-10225,8910
3753,-10956,7203
5993,-11088,5095
8027,-10646,2619
9607,-10003,396
10749,-8872,-1877
11529,-7470,-4059
11768,-5552,-6216
11306,-3489,-7817
10514,-1051,-9463
9240,1204,-10444
7717,3411,-11128
5779,5564,-11343
3452,7503,-10955
1056,9013,-10069
-1254,10184,-8930
-3605,10989,-7384
-5791,11327,-5536
-7804,10873,-3069
-9347,9842,-495
-10510,8621,1889
-11240,7082,4158
-11281,5168,6113
-10947,2916,8031
-10213,602,9611
-9091,-1645,10736
-7375,-3914,11289
-5465,-6001,11466
-3176,-7812,10988
-721,-9367,10088
1460,-10502,9042
3790,-11269,7479
5902,-11665,5763
7878,-11446,3568
9413,-10696,1283
10737,-9710,-1027
11533,-8254,-3279
11875,-6513,-5362
11995,-4719,-7276
11607,-2598,-9009
10432,-165,-10267
8988,2021,-11009
7214,4281,-11495
5259,6323,-11582
3036,8233,-11269
701,9689,-10390
-1625,10716,-9091
-4021,11199,-7178
-6216,11286,-5070
-8221,10840,-2619
-9763,9966,-203
-10980,8633,2347
-11500,6901,4599
-11413,4921,6492
-10836,2466,8370
-9986,140,9846
-8707,-2256,10963
-6835,-4558,11393
-4768,-6612,11380
-2421,-8398,10819
-20,-9805,9825
2165,-10782,8617
4525,-11360,6835
6748,-11372,4624
8654,-10873,2219
10176,-10114,-62
11224,-8691,-2533
11632,-6930,-4702
11624,-4941,-6683
11145,-2627,-8518
10312,-358,-9954
9301,1827,-11128
7515,4046,-11561
5506,6088,-11594
3159,7969,-11128
853,9549,-10402
-1559,10679,-9120
-3910,11368,-7458
-6171,11558,-5387
-8122,11034,-2912
-9664,10007,-343
-10758,8481,2277
-11426,7020,4406
-11649,5152,6497
-11158,2784,8374
-10452,499,9953
-9128,-1831,10959
-7540,-4001,11541
-5531,-6228,11759
-3093,-8126,11219
-721,-9714,10435
1637,-10910,9273
3869,-11657,7788
6100,-11917,5817
8052,-11517,3465
9660,-10704,1044
10906,-9726,-1180
11632,-8184,-3448
12065,-6439,-5626
11875,-4356,-7519
11191,-2021,-9170
10254,255,-10509
8794,2590,-11384
6930,4879,-11809
4727,6921,-11648
2442,8670,-11112
-214,10180,-9966
-2433,11038,-8605
-4904,11244,-6340
-6975,11059,-4084
-8951,10564,-1613
-10357,9322,1035
-11211,8002,3209
-11500,5977,5523
-11372,3947,7425
-10650,1456,9194
-9433,-1031,10464
-7825,-3460,11285
-5894,-5638,11532
-3489,-7746,11235
-1006,-9334,10340
1324,-10436,9112
3712,-11248,7536
5968,-11488,5520
7940,-11207,3267
9574,-10407,833
10836,-9240,-1596
11541,-7486,-4055
11768,-5568,-6200
11574,-3448,-8126
10951,-1241,-9710
10671,589,-11260
9186,2833,-12019
7095,5057,-12152
4978,6975,-11953
2549,8724,-11273
132,10114,-10246
-2120,11170,-9050
-4545,11694,-7149
-6670,11789,-5119
-8592,11269,-2677
-10221,10514,-293
-11347,9153,2194
-11867,7458,4409
-12003,5465,6538
-11607,3118,8489
-10745,717,10028
-9504,-1629,11133
-7858,-3955,11813
-5993,-6092,12085
-3708,-8142,11850
-1266,-9776,11042
915,-10972,10057
3324,-11847,8523
5614,-12276,6662
7676,-12193,4517
9425,-11562,2137
10848,-10692,-156
11871,-9211,-2660
12449,-7717,-4732
12610,-5770,-6840
12189,-3588,-8601
11434,-1365,-10069
10283,985,-11268
8542,3345,-11887
6517,5655,-12172
4013,7825,-11838
1600,9537,-11137
-738,10890,-10152
-3324,11768,-8444
-5742,12065,-6323
-7792,11541,-3749
-9611,10869,-1258
-11063,9706,1357
-11776,8105,3671
-11958,6010,5948
-11661,3737,7924
-10844,1159,9685
-9619,-1266,10885
-7800,-3910,11710
-5779,-6212,11991
-3415,-8270,11685
-808,-9834,10642
1497,-11071,9574
3984,-11818,7834
6224,-12131,5907
8349,-11814,3465
10081,-11001,920
11265,-9920,-1345
12102,-8460,-3642
12387,-6451,-5936
12205,-4257,-7948
11446,-1732,-9714
10250,746,-10996
8740,3097,-11837
6930,5403,-12333
4801,7491,-12292
2330,9207,-11537
-202,10510,-10308
-2483,11525,-9042
-5007,11962,-6955
-7313,11665,-4352
-9240,10811,-1571
-10799,9706,1093
-11739,8217,3522
-12057,6216,5841
-11822,3960,7862
-11302,1600,9702
-10287,-874,11161
-8621,-3262,11883
-6657,-5544,12201
-4644,-7552,12196
-2087,-9433,11520
511,-10749,10238
2689,-11739,9050
5119,-12313,7194
7284,-12313,5029
9141,-11682,2541
10720,-10720,0
11805,-9301,-2504
12383,-7470,-4913
12449,-5523,-6926
12177,-3267,-8910
11805,-1315,-10490
10382,1196,-11578
8365,3580,-11945
6265,5907,-12172
3605,8064,-11669
787,9677,-10464
-1761,10947,-9186
-4277,11710,-7433
-6595,11888,-5293
-8712,11360,-2648
-10390,10395,-5
-11591,9132,2459
-12036,7210,4826
-11859,4941,6918
-11347,2450,8897
-10399,-70,10469
-8860,-2557,11417
-6917,-5044,11961
-4648,-7185,11833
-2136,-9091,11227
647,-10477,9830
2883,-11422,8539
5432,-11826,6394
7713,-11640,3927
9549,-10877,1328
10935,-9974,-961
11892,-8406,-3486
12177,-6505,-5672
12003,-4335,-7668
11236,-1773,-9463
10069,742,-10811
8398,3155,-11553
6435,5494,-11929
4079,7565,-11644
1555,9227,-10782
-882,10568,-9686
-3506,11451,-7945
-5865,11785,-5920
-7981,11347,-3366
-9706,10019,-313
-10918,8666,2252
-11706,7107,4599
-11715,5069,6646
-11290,2569,8721
-10489,169,10320
-9268,-2231,11499
-7449,-4558,12007
-5218,-6637,11855
-2796,-8542,11338
-136,-10060,10196
2145,-11112,8967
4578,-11892,7314
6806,-12024,5218
8831,-11545,2714
10407,-10568,161
11508,-9343,-2165
12177,-7573,-4604
12412,-5779,-6633
12527,-3997,-8530
11607,-1472,-10135
10155,952,-11107
8439,3320,-11759
6389,5696,-12085
4116,7730,-11846
1670,9466,-11136
-655,10803,-10148
-3258,11587,-8329
-5655,11946,-6291
-7825,11818,-3993
-9702,11063,-1361
-11195,9900,1295
-11950,8311,3639
-12234,6369,5865
-11946,4075,7871
-11232,1662,9570
-10188,-816,11004
-8575,-3246,11821
-6542,-5593,12135
-4417,-7693,12110
-1955,-9429,11384
589,-10840,10251
2788,-11797,9009
5234,-12234,7000
7433,-12193,4760
9339,-11607,2268
10869,-10906,37
11950,-9557,-2393
12370,-7709,-4661
12370,-5618,-6752
11937,-3279,-8658
10997,-664,-10333
9722,1695,-11417
7796,4145,-11941
5667,6340,-12007
3102,8349,-11451
519,10098,-10617
-2079,11182,-9103
-4620,11702,-7082
-6892,11863,-4971
-8872,11071,-2199
-10461,9900,561
-11294,8299,2995
-11925,6505,5420
-11814,4199,7615
-11195,1848,9347
-10159,-668,10827
-8460,-3213,11673
-6579,-5478,12057
-4133,-7672,11805
-1678,-9438,11116
812,-10840,10028
3316,-11739,8423
5605,-12280,6675
7726,-12028,4302
9499,-11215,1716
10956,-10291,-665
11913,-8811,-3102
12379,-6921,-5458
12375,-4888,-7487
11995,-2722,-9273
10964,-169,-10795
9532,2128,-11660
7734,4426,-12160
5482,6699,-12181
3147,8613,-11760
511,10254,-10765
-1930,11331,-9401
-4318,12003,-7685
-6604,11966,-5362
-8720,11541,-2821
-10399,10473,-74
-11525,9124,2401
-12111,7264,4847
-12131,5185,6946
-11649,2689,8960
-10601,160,10441
-9153,-2318,11471
-7293,-4752,12045
-5214,-6938,12152
-2697,-8893,11590
-132,-10407,10539
2227,-11385,9158
4599,-12094,7495
7016,-12144,5128
8934,-11657,2723
10551,-10692,141
11587,-9289,-2298
12214,-7470,-4744
12325,-5432,-6893
11785,-3015,-8770
10881,-437,-10444
9598,1839,-11437
7750,4265,-12015
5651,6476,-12127
3097,8369,-11466
622,10011,-10633
-1963,11162,-9199
-4620,11529,-6909
-6925,11595,-4670
-8955,11050,-2095
-10766,10267,499
-11599,8650,2949
-12003,6633,5370
-11867,4537,7330
-11253,2058,9195
-10139,-536,10675
-8452,-3023,11475
-6455,-5420,11875
-4120,-7511,11631
-1555,-9339,10894
820,-10704,9884
3353,-11574,8221
5733,-11950,6217
7920,-11690,3770
9702,-10898,1196
11083,-9772,-1311
11896,-8171,-3725
12362,-6294,-6068
12313,-4294,-8019
11871,-2091,-9780
10807,189,-10996
9004,2619,-11623
7062,4999,-12061
4595,7231,-11826
2173,9066,-11239
-358,10531,-10173
-2689,11446,-8757
-5176,11937,-6761
-7392,11517,-4125
-9297,10782,-1485
-10881,9726,1155
-11715,8089,3626
-11929,6117,5812
-11673,3803,7870
-10890,1398,9492
-9792,-1113,10905
-8052,-3613,11665
-5997,-5923,11920
-3766,-7994,11760
-1109,-9669,10778
1130,-10885,9755
3675,-11756,8081
6006,-11979,5973
8052,-11760,3708
9854,-11055,1201
11158,-9912,-1246
12073,-8481,-3592
12296,-6501,-5795
12036,-4277,-7759
11265,-1769,-9496
10044,701,-10745
8613,3106,-11719
6616,5354,-11970
4533,7408,-11941
1872,9268,-11140
-400,10568,-10168
-2957,11492,-8535
-5465,11900,-6435
-7618,11438,-3820
-9425,10531,-1106
-10873,9376,1497
-11644,7792,3852
-11867,5643,6224
-11566,3440,8126
-10898,1006,9892
-9578,-1468,11046
-7783,-3927,11710
-5766,-6109,11875
-3436,-8155,11591
-841,-9817,10658
1439,-11034,9595
4005,-11822,7817
6496,-12135,5639
8336,-11768,3432
9945,-10931,986
11244,-9792,-1452
12082,-7948,-4134
12436,-6030,-6406
12713,-4438,-8275
12222,-2301,-9921
11088,-107,-10981
9405,2202,-11607
7478,4603,-12081
4966,7074,-12040
2359,8922,-11281
-284,10469,-10185
-2326,11319,-8993
-4991,11904,-6913
-7012,11814,-4802
-9186,11030,-1844
-10621,10106,515
-11698,8555,3143
-11950,6430,5520
-11698,4323,7375
-11096,1827,9269
-10168,-589,10757
-8530,-3102,11632
-6538,-5461,11999
-4290,-7664,11954
-1806,-9421,11227
688,-10716,10028
3316,-11611,8295
5502,-12036,6534
7647,-11867,4220
9442,-11145,1703
11088,-10209,-879
11933,-8885,-3048
12412,-7041,-5371
12234,-4912,-7322
11500,-2198,-9302
10522,123,-10645
9021,2470,-11491
7198,4896,-12094
4941,7016,-11957
2376,8831,-11207
-420,10407,-9987
-2961,11327,-8366
-5119,11797,-6678
-7437,11492,-4055
-9285,9941,-656
-10712,8786,1926
-11698,7458,4240
-11838,5280,6558
-11537,3168,8369
-10762,688,10074
-9499,-1736,11235
-7594,-4298,11892
-5556,-6257,11813
-3130,-8208,11338
-466,-9817,10283
2161,-11005,8844
4389,-11710,7321
6666,-11818,5152
8658,-11426,2768
10312,-10481,169
11364,-9153,-2211
12040,-7342,-4698
12313,-5461,-6852
12618,-3770,-8848
11595,-1369,-10226
10077,1076,-11153
8332,3473,-11805
6109,5968,-12077
4042,7796,-11838
1650,9466,-11116
-1027,10848,-9821
-3741,11566,-7825
-6030,11785,-5755
-8208,11554,-3346
-9970,10564,-594
-11215,9541,1674
-11991,7783,4208
-12148,5849,6299
-11715,3308,8407
-10918,936,9982
-9755,-1551,11306
-8035,-3869,11904
-6100,-6067,12167
-3960,-8109,12069
-1390,-9801,11191
800,-11030,10230
3349,-11834,8485
5651,-12247,6596
7854,-12090,4236
9673,-11479,1806
11261,-10692,-569
12135,-9301,-2834
12498,-7268,-5230
12408,-5185,-7223
11859,-2767,-9092
10906,-301,-10605
9615,1988,-11603
7722,4455,-12177
5539,6538,-12077
3015,8567,-11582
598,10197,-10795
-2095,11174,-9079
-4603,11665,-7062
-7004,11673,-4669
-8934,10869,-1935
-10547,9627,920
-11430,8233,3197
-12123,6439,5684
-11925,4166,7759
-11257,1753,9504
-10126,-746,10872
-8493,-3188,11681
-6591,-5577,12168
-4294,-7548,11842
-1724,-9417,11141
754,-10749,9995
3225,-11698,8473
5630,-12135,6505
7759,-11875,4116
9586,-11104,1518
11001,-10056,-945
11917,-8435,-3482
12333,-6546,-5787
12238,-4496,-7742
11842,-2277,-9565
10836,94,-10930
9409,2458,-11867
7482,4793,-12275
5209,6946,-12155
2796,8872,-11668
53,10452,-10505
-2264,11352,-9088
-4871,11793,-6922
-7057,11570,-4513
-9227,11187,-1960
-10832,9941,891
-11785,8691,3094
-12222,6736,5486
-12201,4665,7536
-11611,2136,9475
-10527,-251,10778
-9029,-2796,11825
-7222,-5086,12308
-5172,-7099,12271
-2739,-9103,11842
-78,-10531,10609
2202,-11504,9302
4603,-12267,7664
6942,-12309,5367
8893,-11826,2933
10630,-10877,247
11735,-9549,-2186
12379,-7759,-4620
12544,-5770,-6774
12181,-3469,-8712
11339,-990,-10349
10522,1097,-11619
8732,3526,-12258
6633,5643,-12276
4281,7771,-12052
1575,9508,-11083
-969,10712,-9743
-4071,11088,-7017
-6348,11537,-5189
-8646,11306,-2660
-10415,10543,-128
-11603,9244,2359
-12082,7276,4806
-12131,5143,6988
-11566,2701,8865
-10543,86,10457
-8996,-2483,11479
-7049,-4838,11887
-4813,-7004,11817
-2421,-8959,11380
424,-10469,10045
2656,-11504,8848
5139,-11954,6815
7301,-11888,4587
9277,-11207,1930
10852,-10180,-672
11793,-8588,-3205
12280,-6756,-5524
12078,-4475,-7603
11735,-2334,-9401
10997,24,-11021
9301,2380,-11681
7346,4723,-12069
4925,6950,-11875
2462,8811,-11273
-185,10374,-10189
-2458,11331,-8873
-5069,11892,-6823
-7330,11397,-4067
-9248,10646,-1398
-10989,9726,1263
-11793,8241,3552
-12102,6195,5907
-11834,3844,7990
-11059,1485,9574
-9970,-940,10910
-8245,-3510,11755
-6278,-5775,12053
-3972,-7804,11776
-1456,-9442,10898
907,-10774,9867
3452,-11632,8180
5803,-11995,6192
8019,-11719,3700
9850,-10947,1097
11178,-9759,-1419
12003,-8200,-3803
12226,-6133,-6093
12003,-4001,-8002
11294,-1555,-9739
10089,878,-10967
8584,3234,-11818
6682,5457,-12139
4488,7495,-11983
1827,9194,-11021
-589,10551,-9962
-3279,11380,-8101
-5766,11467,-5701
-7953,11005,-3052
-9825,10213,-388
-11137,9004,2133
-11801,7334,4467
-11851,5222,6629
-11488,2858,8630
-10815,598,10217
-9355,-1905,11260
-7379,-4281,11660
-5358,-6451,11809
-2932,-8468,11400
-375,-10065,10440
2058,-11133,9075
4492,-11851,7359
6732,-12028,5296
8716,-11496,2780
10304,-10531,227
11463,-9124,-2339
11999,-7293,-4706
12131,-5515,-6616
12218,-3576,-8642
11768,-1522,-10246
10324,952,-11276
8402,3366,-11768
6278,5709,-11987
3856,7874,-11730
1258,9532,-10790
-1109,10811,-9702
-3737,11644,-7907
-6063,11904,-5841
-8138,11587,-3449
-9912,10766,-854
-11281,9594,1687
-11925,7911,4014
-11991,5750,6241
-11599,3452,8147
-10861,952,9909
-9644,-1530,11174
-7924,-3960,11884
-5923,-6175,12098
-3399,-8221,11620
-961,-9883,10844
1423,-11042,9619
3844,-11785,7941
6171,-12007,5836
8291,-11702,3411
9953,-11005,1052
11368,-9937,-1431
12255,-8625,-3630
12606,-6682,-5924
12358,-4525,-7833
11616,-2041,-9575
10485,453,-10938
8980,2829,-11809
7148,5131,-12279
4867,7222,-12089
2388,8976,-11364
-226,10403,-10177
-2660,11380,-8720
-5061,11904,-6843
-7363,11743,-4380
-9136,10378,-1242
-10568,9141,1427
-11789,7990,3799
-12061,5940,6121
-11772,3663,8109
-11026,1254,9772
-9862,-1175,11037
-8167,-3551,11718
-6105,-5882,11987
-3716,-7866,11582
-924,-9565,10489
1534,-10762,9228
4026,-11554,7528
6356,-11809,5453
8394,-11471,3077
10110,-10597,487
11389,-9310,-2079
11946,-7408,-4538
12073,-5432,-6641
11834,-3304,-8530
11009,-800,-10209
9730,1480,-11210
7837,3918,-11755
5746,6154,-11900
3341,8163,-11504
820,9763,-10583
-1720,10906,-9186
-4236,11492,-7256
-6488,11591,-5103
-8567,11174,-2607
-10341,10234,107
-11343,8872,2471
-11913,6967,4946
-11888,4933,6955
-11244,2380,8864
-10333,16,10317
-8831,-2479,11310
-6991,-4830,11821
-4962,-6967,11929
-2582,-8819,11401
-119,-10296,10415
2297,-11360,9063
4673,-11900,7227
6983,-11954,4971
8885,-11488,2603
10568,-10803,235
11785,-9854,-1931
12292,-8027,-4265
12346,-5907,-6439
12069,-3634,-8435
11240,-1204,-10036
10106,1126,-11232
8575,3394,-11969
6525,5659,-12184
4203,7713,-11916
1889,9409,-11298
-478,10803,-10325
-3122,11710,-8588
-5465,12181,-6716
-7643,11880,-4237
-9380,10844,-1464
-10708,9367,1341
-11628,7895,3733
-12172,6080,6092
-11838,3795,8043
-11203,1410,9793
-10027,-1002,11029
-8382,-3427,11809
-6468,-5766,12234
-4092,-7738,11830
-1534,-9541,11075
820,-10869,10049
3312,-11686,8374
5680,-12057,6377
7829,-11801,3972
9640,-10960,1320
11059,-9912,-1147
11929,-8179,-3750
12201,-6237,-5964
12073,-4009,-8064
11401,-1670,-9731
10300,672,-10972
8827,2986,-11813
6872,5280,-12152
4488,7412,-11900
2025,9198,-11223
-499,10634,-10135
-3007,11389,-8382
-5556,11603,-6047
-7693,11442,-3749
-9627,10770,-1143
-11079,9532,1547
-11921,8035,3886
-12086,6030,6056
-11950,3894,8056
-11141,1353,9788
-9871,-1134,11005
-8196,-3592,11788
-6253,-5890,12143
-3836,-7998,11834
-1320,-9726,11046
977,-10910,9933
3498,-11768,8270
5890,-12267,6377
8047,-12028,3981
9809,-11174,1365
11088,-10188,-900
11995,-8518,-3477
12432,-6682,-5750
12309,-4694,-7615
11805,-2305,-9500
10848,107,-10955
9483,2396,-11879
7618,4669,-12287
5350,6925,-12275
2904,8736,-11640
358,10296,-10654
-2128,11352,-9224
-4677,11785,-7108
-6983,11896,-4913
-8893,11257,-2364
-10675,10428,247
-11644,8930,2714
-12007,7033,4974
-11974,4809,7165
-11323,2256,9067
-10291,-338,10629
-8633,-2792,11425
-6633,-5193,11826
-4356,-7379,11735
-1765,-9273,11038
796,-10646,9850
3044,-11517,8473
5506,-11991,6485
7680,-11801,4121
9541,-10997,1456
10964,-9966,-998
11884,-8382,-3502
12271,-6443,-5828
12061,-4153,-7908
11661,-2025,-9636
10939,177,-11116
9083,2586,-11669
7173,4966,-12139
4719,7177,-11896
2244,8943,-11187
-305,10444,-10139
-2689,11409,-8720
-5156,11735,-6579
-7416,11075,-3659
-9483,10551,-1068
-11088,9458,1630
-11785,7936,3849
-11991,5845,6146
-11731,3518,8213
-10869,1068,9801
-9652,-1377,11029
-7903,-3885,11788
-5894,-6100,11994
-3584,-8089,11673
-1014,-9706,10720
1340,-10964,9624
3902,-11805,7903
6179,-11970,5791
8336,-11686,3350
10040,-10914,874
11360,-9718,-1642
12131,-8295,-3836
12280,-6232,-6048
11987,-4104,-7883
11125,-1439,-9686
9941,915,-10856
8311,3295,-11606
6435,5638,-12073
4174,7627,-11801
1551,9425,-10976
-796,10642,-9846
-3568,11496,-7928
-5915,11545,-5630
-8105,11104,-2999
-9875,10275,-400
-11096,8943,2153
-11756,7210,4546
-11781,5115,6666
-11306,2668,8638
-10428,276,10152
-8922,-2211,11133
-6979,-4611,11590
-4818,-6798,11616
-2376,-8707,11083
136,-10209,10073
2512,-11253,8741
4978,-11838,6860
7132,-11772,4640
8951,-11178,2227
10506,-10188,-318
11467,-8670,-2797
11974,-6748,-5226
12045,-4875,-7170
12123,-2974,-9149
11356,-738,-10618
9825,1621,-11446
7816,4005,-11821
5667,6257,-11924
3238,8241,-11479
647,9821,-10468
-1806,11001,-9195
-4191,11599,-7408
-6480,11682,-5202
-8526,11100,-2574
-10263,10205,58
-11455,8905,2550
-11913,7144,4769
-11814,4987,6827
-11347,2565,8782
-10510,115,10395
-9178,-2272,11450
-7379,-4669,12048
-5614,-6793,12407
-3386,-8699,12085
-1047,-10110,11157
1344,-11108,9764
3770,-11888,8118
6166,-12152,5986
8233,-11904,3671
10003,-11207,1204
11405,-10345,-1060
12271,-8984,-3287
12700,-7189,-5511
12507,-5020,-7487
11834,-2545,-9289
10828,-177,-10651
9351,2285,-11636
7581,4669,-12250
5383,6765,-12148
2862,8670,-11532
127,10205,-10332
-2285,11145,-8860
-4813,11834,-7021
-7090,11888,-4798
-9054,11022,-1968
-10551,9780,771
-11632,8518,3114
-12098,6484,5614
-11900,4302,7598
-11269,1868,9401
-10197,-540,10737
-8526,-3073,11599
-6517,-5366,11883
-4112,-7482,11594
-1398,-9289,10687
1117,-10531,9414
3671,-11459,7788
6100,-11838,5738
8155,-11587,3432
9895,-10692,797
11215,-9491,-1724
11871,-7763,-4108
12045,-5684,-6361
11781,-3448,-8333
10902,-990,-9912
9652,1398,-11050
7792,3823,-11615
5742,6043,-11785
3246,8130,-11376
849,9739,-10588
-1687,10803,-9116
-4162,11405,-7243
-6468,11463,-4995
-8571,10918,-2347
-10246,9854,392
-11331,8476,2855
-11785,6595,5190
-11686,4483,7203
-11013,1914,9099
-10036,-515,10551
-8580,-2953,11533
-6727,-5168,11895
-4912,-7173,12085
-2421,-9099,11520
82,-10399,10317
2450,-11281,8831
4809,-11748,6939
7128,-11809,4681
9070,-11298,2228
10683,-10609,-74
11739,-9281,-2458
12247,-7429,-4818
12226,-5428,-6798
11814,-3135,-8679
11121,-742,-10379
9974,1530,-11504
8303,3770,-12073
6150,5944,-12094
3873,7899,-11772
1398,9656,-11054
-948,10894,-9946
-3522,11694,-8172
-5836,12061,-6225
-8047,11677,-3630
-9751,10613,-862
-11022,9252,1770
-11830,7701,4129
-12218,5820,6398
-11842,3506,8336
-11277,1254,10023
-10180,-1023,11203
-8567,-3452,12019
-6719,-5704,12423
-4248,-7709,11957
-1852,-9388,11240
709,-10832,10123
2970,-11797,8827
5407,-12263,6856
7585,-12069,4484
9446,-11327,1881
10935,-10382,-553
11892,-8856,-3036
12362,-7008,-5354
12300,-5053,-7247
11764,-2582,-9182
10828,-218,-10610
9396,2157,-11553
7581,4537,-12118
5308,6756,-12064
2879,8646,-11525
218,10250,-10468
-2347,11211,-8864
-4925,11352,-6427
-7210,11356,-4146
-9376,11026,-1650
-10877,9813,1064
-11752,8485,3267
-12131,6430,5701
-12024,4252,7772
-11339,1819,9520
-10192,-598,10790
-8575,-3201,11776
-6620,-5494,12114
-4422,-7618,12040
-1848,-9405,11253
627,-10696,10069
2978,-11611,8633
5370,-12160,6790
7618,-12098,4480
9487,-11496,2009
10972,-10502,-470
11900,-9021,-2879
12457,-7152,-5305
12519,-5176,-7343
12148,-2912,-9236
11257,-499,-10758
10275,1563,-11838
8344,4001,-12345
6319,6204,-12523
3836,8179,-12015
1274,9809,-11083
-1072,11083,-10011
-3840,11739,-7899
-6162,11913,-5751
-8398,11628,-3230
-10201,10894,-693
-11562,9722,1840
-12139,7907,4232
-12337,5791,6546
-11954,3419,8535
-11178,936,10242
-9825,-1497,11322
-8014,-3947,11961
-6010,-6158,12168
-3597,-8241,11838
-924,-9982,10906
1377,-11174,9797
3819,-11979,8160
6212,-12205,5993
8365,-11822,3457
10106,-10968,862
11389,-9697,-1692
12214,-7932,-4282
12424,-5931,-6493
12090,-3638,-8452
11224,-1126,-10098
10077,1200,-11277
8278,3564,-11842
6117,6043,-12160
3592,7981,-11573
1179,9660,-10839
-1348,10902,-9554
-3902,11673,-7771
-6521,11409,-4888
-8509,10877,-2368
-10481,10370,111
-11595,8926,2669
-12111,6983,5128
-12024,4834,7190
-11356,2310,9046
-10366,-94,10460
-8724,-2681,11405
-6773,-5090,11863
-4743,-7227,11970
-2107,-9066,11173
589,-10494,9905
2924,-11393,8469
5449,-11954,6505
7705,-11694,3989
9491,-11067,1576
11009,-10011,-998
11863,-8476,-3387
12304,-6686,-5618
12201,-4549,-7652
11508,-2083,-9425
10254,482,-10736
8856,2800,-11656
6971,5098,-12069
4867,7206,-12073
2367,9033,-11400
-321,10419,-10098
-2759,11426,-8667
-5164,11834,-6670
-7408,11558,-4150
-9277,10716,-1439
-10791,9475,1316
-11607,7911,3696
-11896,5799,6097
-11616,3551,8065
-10927,1080,9847
-9627,-1406,11033
-7891,-3770,11661
-5886,-6138,12024
-3526,-8105,11631
-1027,-9730,10757
1254,-10943,9689
3770,-11710,7940
6142,-12065,5923
8113,-11723,3610
9813,-10877,1064
11203,-9669,-1534
11880,-7866,-4014
12181,-5923,-6258
12057,-3840,-8217
11929,-1955,-9974
10890,367,-11257
8992,2718,-11710
6822,5148,-11970
4537,7235,-11772
1971,9079,-11050
-585,10485,-9900
-3139,11339,-8200
-5568,11644,-6076
-7849,11409,-3560
-9718,10613,-895
-11224,9532,1692
-11884,7940,3944
-12012,5857,6155
-11657,3506,8151
-10976,1150,9826
-9829,-1262,11091
-8179,-3724,11903
-6133,-5989,12122
-3836,-7965,11801
-1262,-9673,10935
1060,-10923,9863
3601,-11752,8151
6043,-12135,6092
8134,-11875,3741
9887,-11079,1192
11376,-10337,-1039
12403,-9087,-3316
12746,-7251,-5495
12436,-5106,-7330
11859,-2590,-9269
10778,-111,-10667
9330,2277,-11607
7594,4620,-12214
5366,6859,-12225
2792,8703,-11495
276,10271,-10547
-2157,11277,-9120
-4628,12012,-7384
-6909,11983,-5074
-8844,11079,-2235
-10296,9718,578
-11471,8571,2900
-12036,6727,5309
-11842,4430,7412
-11306,1975,9331
-10267,-511,10778
-8637,-2986,11623
-6657,-5313,11970
-4343,-7474,11817
-1699,-9359,11058
845,-10696,9851
3151,-11628,8477
5659,-12106,6447
7746,-11970,4224
9598,-11158,1560
10943,-10114,-829
11818,-8530,-3288
12156,-6525,-5631
12111,-4364,-7747
11376,-1864,-9512
10291,499,-10790
8707,2932,-11639
6686,5354,-12040
4351,7482,-11833
1881,9227,-11108
-495,10564,-10069
-3126,11281,-8155
-5581,11533,-5952
-7763,11273,-3510
-9640,10304,-664
-11017,9145,1872
-11735,7416,4319
-11814,5313,6501
-11281,2858,8423
-10320,342,9978
-8959,-2190,11149
-7041,-4483,11524
-4966,-6715,11681
-2541,-8621,11162
-41,-10122,10163
2371,-11133,8762
4846,-11616,6770
7115,-11686,4571
9054,-11116,2062
10679,-10258,-421
11644,-8852,-2792
12181,-7045,-5136
12189,-5090,-7099
11764,-2763,-9001
10947,-383,-10564
9726,1806,-11532
7858,4153,-12011
5647,6331,-11978
3324,8221,-11545
771,9941,-10712
-1637,11034,-9397
-4038,11735,-7697
-6385,11950,-5565
-8493,11426,-2933
-10209,10382,-173
-11207,8984,2223
-11933,7313,4620
-12057,5354,6703
-11595,2924,8671
-10741,495,10246
-9475,-1905,11380
-7816,-4232,12048
-5717,-6484,12201
-3304,-8464,11768
-833,-10073,10906
1555,-11352,9797
3815,-12210,8395
6162,-12560,6398
8076,-12115,4039
9792,-11397,1605
11187,-10465,-722
12053,-8926,-3127
12523,-7062,-5461
12478,-5127,-7351
11904,-2681,-9223
10890,-173,-10717
9570,2128,-11698
7656,4533,-12189
5469,6748,-12217
3093,8666,-11759
598,10279,-10877
-1885,11319,-9434
-4347,11822,-7475
-6703,11517,-4814
-8786,11228,-2442
-10399,10003,396
-11484,8695,2789
-11983,6748,5235
-11962,4677,7285
-11343,2182,9161
-10213,-433,10646
-8563,-2982,11545
-6645,-5428,12073
-4323,-7573,11896
-1765,-9372,11137
738,-10716,9978
3130,-11682,8552
5552,-12197,6645
7742,-12049,4307
9627,-11327,1700
11030,-10304,-726
11962,-8811,-3151
12375,-6971,-5404
12416,-4978,-7438
11962,-2673,-9289
11100,-325,-10775
9895,1967,-11862
8027,4339,-12366
5890,6509,-12399
3341,8460,-11801
853,9999,-10852
-1641,11207,-9566
-4356,11665,-7309
-6661,11801,-5140
-8798,11409,-2611
-10514,10667,-153
-11719,9248,2471
-12172,7326,4846
-12234,5321,6913
-11735,2838,8897
-10762,301,10461
-9248,-2178,11426
-7371,-4657,12028
-5205,-6773,11978
-2780,-8740,11520
-222,-10407,10629
2231,-11475,9244
4620,-12144,7524
6971,-12243,5272
8971,-11735,2764
10560,-10762,202
11743,-9479,-2264
12370,-7726,-4644
12568,-5832,-6736
12276,-3683,-8593
11558,-1266,-10292
10164,1109,-11273
8373,3547,-11920
6121,5940,-12061
3733,7998,-11731
1134,9759,-10893
-1278,11030,-9752
-3889,11822,-7933
-6418,11719,-5301
-8427,11104,-2677
-10316,10448,-132
-11422,8938,2484
-11925,7066,4859
-11884,4933,6951
-11199,2268,8931
-10188,-198,10386
-8670,-2755,11425
-6608,-5288,11896
-4397,-7379,11776
-1753,-9219,10972
672,-10626,9954
3143,-11504,8361
5519,-11937,6418
7759,-11896,4137
9664,-11203,1539
11055,-10131,-924
12003,-8823,-3180
12416,-6864,-5552
12181,-4653,-7528
11496,-2157,-9339
10345,358,-10703
8893,2759,-11652
7033,5069,-12102
4871,7222,-12093
2433,9021,-11454
-272,10432,-10160
-2495,11409,-8914
-5003,11929,-6926
-7309,11797,-4488
-9202,10997,-1795
-10753,9846,907
-11653,8316,3337
-12127,6331,5796
-11979,4116,7863
-11537,1720,9817
-10931,-317,11248
-9260,-2854,12114
-7408,-5065,12473
-5420,-7210,12630
-3073,-9116,12189
-697,-10531,11228
1815,-11698,9883
4038,-12445,8407
6278,-12820,6542
8456,-12556,4100
10139,-11706,1567
11525,-10700,-825
12461,-9153,-3308
12898,-7334,-5564
13068,-5399,-7669
13002,-3526,-9476
12296,-1311,-10985
10848,1023,-11871
8943,3498,-12441
6864,5832,-12696
4294,8047,-12341
1530,9809,-11339
-1002,11182,-10180
-3535,12028,-8493
-6047,12408,-6361
-8270,12160,-3890
-10155,11339,-1184
-11599,10283,1316
-12387,8613,3774
-12502,6414,6088
-12189,3972,8217
-11446,1431,10015
-10329,-1080,11409
-8530,-3741,12271
-6468,-6191,12659
-4054,-8311,12365
-1443,-10069,11512
903,-11286,10383
3568,-12210,8642
6088,-12610,6522
8299,-12379,4080
10143,-11752,1609
11603,-10774,-829
12593,-9227,-3366
13055,-7458,-5597
12882,-5226,-7656
12304,-2656,-9648
11277,-148,-11129
9743,2425,-12168
7870,4892,-12762
5676,7152,-12828
3139,9112,-12251
589,10737,-11326
-1955,11818,-9863
-4356,12568,-8212
-6736,12799,-6063
-8835,12329,-3494
-10560,11067,-507
-11789,9570,2219
-12535,7907,4628
-12593,5618,6975
-12222,3126,9096
-11401,589,10812
-9961,-2037,11998
-8101,-4467,12568
-5886,-6798,12684
-3341,-8864,12205
-540,-10547,11087
1971,-11653,9682
4496,-12469,7973
6934,-12643,5709
9004,-12247,3243
10795,-11281,486
12040,-9895,-2145
12750,-8138,-4612
12882,-5919,-6963
12490,-3539,-8951
11591,-928,-10663
10254,1588,-11842
8386,4054,-12440
6348,6364,-12712
3766,8476,-12242
1233,10131,-11364
-1423,11331,-9908
-4298,11719,-7421
-6715,11875,-5160
-9091,11479,-2388
-10910,10448,462
-12065,8947,3118
-12531,7049,5482
-12379,4698,7681
-11644,2046,9598
-10572,-457,11029
-8910,-3106,12016
-6798,-5498,12296
-4648,-7672,12320
-1959,-9582,11541
627,-11017,10390
3172,-11875,8703
5721,-12185,6464
8068,-12102,4034
10027,-11401,1374
11533,-10238,-1295
12342,-8377,-3965
12601,-6303,-6298
12366,-3935,-8431
11632,-1505,-10127
10832,779,-11611
9231,3163,-12394
7024,5589,-12613
4516,7651,-12167
1980,9520,-11500
-602,11050,-10448
-3246,11941,-8695
-5820,12333,-6513
-8080,12061,-3981
-9970,11133,-1163
-11397,9664,1733
-12156,7994,4162
-12560,6034,6526
-12139,3485,8654
-11500,1035,10465
-10357,-1295,11652
-8716,-3720,12436
-6649,-6175,12824
-4009,-8241,12250
-1431,-10003,11434
911,-11343,10432
3502,-12243,8741
5981,-12758,6777
8146,-12490,4344
10036,-11653,1617
11562,-10667,-895
12511,-9058,-3453
12997,-7181,-5816
13183,-5341,-7842
12919,-3172,-9747
11653,-523,-11130
10296,1868,-12164
8621,4248,-12869
6298,6612,-12910
3848,8613,-12461
1229,10407,-11636
-1188,11644,-10456
-3861,12383,-8522
-6323,12399,-6076
-8522,12144,-3622
-10452,11154,-702
-11884,9842,2042
-12585,8151,4434
-12754,6034,6720
-12502,3704,8798
-11529,952,10577
-10168,-1633,11801
-8316,-4182,12498
-6154,-6600,12754
-3559,-8670,12229
-919,-10395,11314
1588,-11620,10032
4273,-12465,8192
6732,-12667,5935
8852,-12222,3370
10646,-11385,739
11908,-10007,-1901
12639,-8241,-4398
12886,-6055,-6831
12564,-3638,-8926
11657,-965,-10692
10671,1287,-11958
8926,3869,-12795
6777,6154,-12931
4232,8270,-12502
1608,9928,-11536
-862,11298,-10436
-3873,12111,-8238
-6265,12280,-6015
-8621,12036,-3415
-10473,11281,-808
-11962,10015,1947
-12577,8134,4443
-12742,5927,6815
-12342,3444,8898
-11455,800,10655
-10126,-1753,11879
-8233,-4269,12502
-6006,-6604,12610
-3564,-8691,12255
-775,-10481,11256
1650,-11793,10143
4224,-12511,8287
6616,-12762,6146
8839,-12465,3626
10634,-11558,924
11946,-10242,-1704
12771,-8501,-4270
13088,-6624,-6464
12997,-4467,-8530
12445,-2095,-10350
11281,441,-11722
9442,2974,-12416
7425,5428,-12853
4896,7717,-12613
2252,9710,-11962
-358,11248,-10890
-2833,12205,-9372
-5420,12688,-7268
-7841,12214,-4373
-9825,11418,-1593
-11517,10324,1193
-12408,8699,3709
-12663,6476,6187
-12329,4083,8246
-11484,1423,10061
-10250,-1200,11450
-8406,-3869,12275
-6249,-6352,12601
-3691,-8530,12221
-1018,-10283,11301
1480,-11570,10090
4137,-12354,8217
6649,-12606,5957
8802,-12292,3490
10630,-11368,738
11937,-10197,-1740
12713,-8328,-4385
12919,-6241,-6678
12692,-3927,-8765
11842,-1295,-10547
10576,1208,-11784
8844,3733,-12577
6938,5993,-12931
4727,8056,-12783
1959,9875,-11834
-511,11248,-10737
-3361,12214,-8853
-5981,12469,-6488
-8188,12045,-3857
-10217,11075,-858
-11632,9780,1852
-12428,8109,4319
-12618,5845,6773
-12226,3386,8840
-11484,849,10635
-10044,-1761,11805
-7981,-4529,12510
-5973,-6616,12589
-3510,-8679,12189
-705,-10473,11178
2029,-11814,9785
4570,-12585,8015
6752,-12742,5990
9050,-12164,3114
10770,-11162,392
11880,-9999,-1881
12622,-8060,-4562
12816,-5940,-6876
12548,-3551,-8997
12152,-1303,-10849
11022,845,-11867
8947,3452,-12399
6521,6080,-12601
3873,8303,-12176
1101,10151,-11252
-1216,11335,-10119
-3918,12152,-8234
-6385,12362,-5977
-8893,11797,-2904
-10642,10848,-206
-11826,9702,2124
-12391,7800,4591
-12255,5201,7054
-11789,2784,9005
-10881,169,10712
-9194,-2813,12007
-7103,-5395,12498
-4735,-7660,12395
-2425,-9376,11801
412,-10931,10519
2751,-11913,9162
5300,-12449,7149
7684,-12412,4728
9722,-11826,2104
11397,-10828,-569
12511,-9801,-2710
13138,-8064,-5074
13039,-5898,-7141
12498,-3361,-9137
11533,-697,-10836
10085,1852,-11937
8126,4558,-12684
6109,6645,-12754
3258,8864,-12122
693,10506,-11199
-1703,11616,-9913
-4166,12350,-8184
-6575,12643,-6068
-9004,11946,-2942
-10489,10642,-153
-11921,9120,2801
-12601,7565,5036
-12589,5127,7462
-12214,2805,9409
-11397,453,10944
-9883,-2388,12271
-8076,-4747,12823
-5836,-6917,12753
-3201,-9058,12259
-676,-10514,11190
1819,-11781,9962
4347,-12655,8308
6699,-12931,6232
9120,-12511,3391
10766,-11587,821
11983,-10473,-1510
12812,-8641,-4171
13022,-6364,-6658
12861,-4376,-8485
12102,-1885,-10217
10906,693,-11599
9120,3184,-12304
6851,5874,-12725
4661,7915,-12576
1757,10036,-11793
-717,11319,-10602
-3683,12040,-8357
-6208,12370,-6162
-8526,12201,-3675
-10271,11331,-1060
-11682,10085,1597
-12453,8365,4088
-12618,5832,6786
-12094,3287,8807
-11088,664,10424
-9611,-1980,11591
-7639,-4640,12279
-5350,-6971,12321
-2755,-9087,11842
-41,-10753,10794
2503,-11830,9327
5032,-12461,7429
7507,-12449,4942
9553,-11859,2306
11178,-10894,-284
12123,-9355,-2768
12573,-7334,-5239
12560,-5123,-7437
11954,-2508,-9446
10902,103,-11005
9421,2598,-12019
7387,5077,-12464
4945,7359,-12304
2318,9339,-11657
-272,10931,-10659
-2866,11875,-9009
-5428,12370,-6942
-7783,12271,-4488
-9710,11273,-1563
-11174,9838,1336
-11941,8097,3844
-12424,6171,6253
-12106,3654,8452
-11430,1212,10218
-10230,-1386,11616
-8559,-3741,12300
-6517,-6154,12671
-4001,-8258,12259
-1381,-9999,11380
1002,-11409,10407
3580,-12358,8778
6076,-12733,6657
8274,-12445,4171
10032,-11686,1654
11521,-10560,-961
12461,-8943,-3518
12936,-7024,-5912
12981,-5011,-7970
12560,-2776,-9784
11409,-193,-11216
9933,2206,-12139
8105,4669,-12774
5700,7008,-12708
3295,8967,-12262
598,10745,-11343
-1942,11818,-9876
-4413,12556,-8143
-6876,12606,-5730
-9017,12172,-3155
-10770,11017,-247
-12040,9603,2437
-12651,7845,4806
-12738,5746,6992
-12317,3196,9121
-11327,573,10754
-9895,-2029,11924
-8019,-4574,12593
-5795,-6921,12716
-3279,-9013,12292
-528,-10716,11244
1992,-11859,9867
4488,-12643,8155
6913,-12857,5944
9054,-12494,3440
10753,-11566,813
12020,-10357,-1663
12742,-8522,-4220
12989,-6435,-6554
12597,-4063,-8534
11842,-1480,-10362
10692,1080,-11772
8848,3642,-12490
6855,6001,-12856
4368,8179,-12547
1654,9974,-11628
-808,11401,-10593
-3931,12139,-8208
-6294,12284,-5990
-8608,12020,-3412
-10510,11277,-767
-11941,9945,1996
-12482,7973,4509
-12672,5911,6761
-12243,3291,8952
-11265,606,10659
-9809,-2041,11850
-7849,-4570,12419
-5568,-6971,12539
-3023,-8967,11990
-313,-10716,11029
2132,-11871,9739
4624,-12519,7895
7024,-12667,5643
9141,-12255,3114
10898,-11257,359
12094,-9924,-2170
12845,-8130,-4715
13224,-6208,-7016
12997,-4137,-8860
12387,-1716,-10671
11079,697,-11776
9268,3225,-12493
7189,5758,-12947
4599,7907,-12506
2079,9825,-11904
-540,11364,-10824
-2998,12300,-9302
-5618,12746,-7128
-7986,12399,-4413
-9957,11607,-1650
-11607,10510,1097
-12502,8947,3555
-12894,6814,6080
-12663,4405,8258
-11966,1843,10123
-10848,-742,11590
-9132,-3366,12498
-7057,-5775,12832
-4690,-7973,12663
-2095,-9829,11924
655,-11323,10668
2949,-12201,9252
5552,-12824,7272
7895,-12659,4764
9945,-12024,2079
11525,-11022,-503
12507,-9409,-3098
12948,-7301,-5647
12775,-4987,-7788
12156,-2417,-9739
10927,276,-11203
9363,2792,-12155
7350,5333,-12683
5057,7577,-12634
2433,9504,-11937
-350,11009,-10659
-2912,11962,-9050
-5717,12098,-6381
-8072,11731,-3659
-10077,11071,-994
-11554,9722,1832
-12333,8080,4253
-12507,5742,6765
-12164,3382,8782
-11368,829,10539
-9895,-1823,11718
-7957,-4343,12300
-5733,-6694,12427
-3184,-8835,12019
-420,-10489,10909
2140,-11723,9583
4727,-12432,7705
7062,-12564,5502
9198,-11941,2743
10865,-10935,70
12032,-9413,-2619
12523,-7416,-5107
12713,-5436,-7277
12622,-3271,-9351
12082,-1014,-11068
10502,1464,-11966
8390,4017,-12407
6092,6352,-12444
3403,8559,-11962
763,10263,-11026
-1938,11496,-9558
-4533,12156,-7623
-7062,12106,-5044
-9136,11529,-2393
-10923,10531,392
-12061,9099,2962
-12474,7070,5404
-12337,4719,7618
-11743,2145,9598
-10729,-412,11141
-9054,-2998,12052
-7090,-5457,12547
-4991,-7647,12638
-2367,-9532,11899
334,-10989,10655
2767,-11929,9162
5304,-12432,7128
7614,-12333,4719
9677,-11719,2042
11220,-10774,-446
12284,-9339,-2945
12845,-7458,-5387
12804,-5255,-7549
12172,-2677,-9495
11141,-165,-10976
9722,2285,-12007
7961,4710,-12671
5643,7016,-12659
3040,8938,-11978
478,10518,-10996
-2231,11611,-9380
-4747,12304,-7557
-7132,12395,-5263
-9194,11368,-2174
-10741,10077,664
-12007,8790,3217
-12486,6868,5618
-12354,4471,7883
-11814,1992,9822
-10766,-457,11223
-9190,-3011,12201
-7136,-5329,12465
-4801,-7544,12345
-2091,-9516,11607
676,-10947,10271
2994,-11983,8989
5630,-12552,6922
7932,-12511,4579
9834,-11789,1955
11397,-10671,-726
12424,-9190,-3234
12923,-7396,-5527
13241,-5614,-7627
12973,-3312,-9661
11690,-820,-10870
10205,1621,-11826
8295,4207,-12502
6084,6550,-12634
3576,8654,-12230
899,10432,-11331
-1645,11554,-9909
-4343,12131,-7788
-6802,12337,-5535
-9075,11946,-2871
-10811,11001,-190
-11979,9520,2459
-12589,7684,4905
-12606,5498,7108
-11991,2895,9096
-11042,325,10717
-9611,-2277,11888
-7590,-4867,12457
-5407,-7198,12605
-2842,-9108,11950
-189,-10770,10959
2277,-11871,9594
4826,-12474,7648
7194,-12647,5453
9277,-12016,2739
10976,-11220,244
12073,-9722,-2351
12684,-7915,-4769
12750,-5721,-7029
12267,-3242,-9025
11261,-544,-10717
9920,1959,-11879
8085,4422,-12507
5770,6789,-12559
3357,8745,-12102
697,10440,-11137
-1934,11607,-9673
-4475,12354,-7879
-6864,12354,-5490
-8943,11434,-2491
-10560,10093,467
-11624,8501,3123
-12346,6682,5664
-12123,4257,7866
-11578,1695,9883
-10370,-800,11170
-8724,-3308,12032
-6744,-5803,12547
-4174,-7932,12106
-1563,-9763,11326
853,-11112,10259
3440,-11983,8543
5993,-12395,6402
8167,-12102,3935
10032,-11294,1262
11488,-10192,-1296
12342,-8382,-3960
12717,-6393,-6324
12795,-4496,-8299
12329,-2165,-10164
11133,218,-11351
9487,2743,-12230
7462,5135,-12597
5049,7371,-12420
2574,9322,-11896
-169,10869,-10700
-2644,11818,-9174
-5416,12160,-6744
-7631,11871,-4240
-9784,11352,-1568
-11298,10098,1200
-12329,8765,3564
-12651,6674,5977
-12597,4545,8052
-11908,2029,9879
-10749,-536,11285
-9235,-3048,12283
-7169,-5506,12675
-4999,-7676,12675
-2413,-9636,12049
288,-11104,10816
2623,-12082,9459
5090,-12779,7689
7507,-12824,5317
9479,-12271,2792
11116,-11352,236
12218,-9994,-2224
12857,-8171,-4686
13030,-6051,-6979
12729,-3799,-8930
11966,-1361,-10605
10873,1010,-11883
9108,3588,-12696
6991,5865,-12856
4599,8056,-12655
1988,9772,-11760
-561,11248,-10687
-3621,11917,-8296
-6084,12172,-6088
-8460,12123,-3663
-10349,11422,-1073
-11822,10089,1733
-12432,8349,4083
-12626,6138,6488
-12259,3634,8625
-11405,969,10436
-10032,-1645,11677
-8068,-4211,12279
-5886,-6604,12490
-3366,-8736,12102
-717,-10494,11211
1839,-11706,9867
4302,-12523,8221
6723,-12725,6002
8860,-12296,3436
10704,-11430,726
11929,-10147,-1782
12721,-8365,-4356
13154,-6463,-6691
13072,-4356,-8716
12729,-2215,-10514
11512,251,-11763
9603,2743,-12346
7585,5242,-12827
5127,7594,-12721
2553,9504,-12057
-107,11096,-10989
-2499,12106,-9607
-5189,12688,-7499
-7532,12259,-4727
-9582,11521,-1939
-11500,10613,887
-12416,9120,3296
-12936,7078,5858
-12705,4785,7920
-12007,2173,9834
-10910,-408,11318
-9244,-3011,12255
-7185,-5506,12691
-4987,-7800,12787
-2338,-9623,11961
404,-11166,10762
2780,-12222,9442
5370,-12775,7405
7734,-12886,5152
9788,-12226,2438
11438,-11244,-194
12494,-9846,-2648
13030,-7915,-5115
13080,-5857,-7223
12577,-3271,-9306
11393,-585,-10808
10052,1909,-11961
8118,4500,-12618
6014,6773,-12787
3378,8881,-12259
610,10613,-11223
-2008,11727,-9719
-4859,12205,-7346
-7359,12065,-4706
-9528,11554,-2026
-11236,10440,796
-12148,8707,3441
-12560,6674,5886
-12354,4269,8085
-11702,1711,9991
-10510,-911,11421
-8617,-3539,12156
-6513,-5985,12498
-4013,-8266,12279
-1303,-10143,11446
1060,-11438,10378
3757,-12362,8605
6282,-12634,6352
8464,-12325,3861
10230,-11508,1278
11665,-10205,-1460
12494,-8406,-4088
12849,-6377,-6472
12779,-4318,-8461
12564,-2281,-10283
11352,358,-11710
9504,2805,-12309
7301,5370,-12671
4896,7647,-12543
2124,9565,-11689
-548,11108,-10560
-3168,12040,-8872
-5671,12395,-6724
-8027,12131,-4104
-9953,11228,-1275
-11578,10135,1443
-12358,8419,3939
-12535,6125,6410
-12127,3675,8452
-11335,1023,10312
-10089,-1592,11681
-8163,-4166,12329
-6055,-6538,12593
-3576,-8650,12226
-825,-10320,11145
1674,-11587,9913
4240,-12337,8097
6752,-12544,5792
8910,-12148,3238
10753,-11310,557
11999,-10081,-1918
12828,-8456,-4372
13224,-6463,-6761
12758,-4071,-8687
11834,-1452,-10382
10531,1117,-11648
8827,3601,-12428
6707,5977,-12684
4166,8080,-12246
1509,9829,-11338
-1101,11195,-10094
-3881,12065,-8184
-6447,12296,-5849
-8646,11768,-3122
-10366,10510,-144
-11727,9215,2512
-12498,7540,4958
-12449,5271,7178
-11979,2776,9203
-11129,231,10898
-9656,-2363,12019
-7684,-4846,12530
-5407,-7057,12464
-2681,-9079,11760
61,-10667,10606
2574,-11805,9231
5106,-12519,7413
7462,-12449,4987
9499,-11925,2426
11083,-10914,-169
12210,-9479,-2731
12783,-7482,-5301
12940,-5676,-7264
12738,-3312,-9426
11574,-697,-10877
10048,1773,-11821
8155,4277,-12432
5981,6686,-12667
3477,8745,-12222
924,10473,-11397
-1732,11624,-9892
-4306,12408,-8102
-6657,12651,-5994
-8806,12276,-3470
-10605,11269,-664
-11892,9879,2013
-12535,8159,4376
-12618,5935,6683
-12210,3374,8836
-11306,775,10531
-9978,-1782,11760
-7994,-4368,12362
-5923,-6756,12679
-3427,-8823,12250
-767,-10527,11294
1596,-11760,10164
4232,-12432,8200
6666,-12750,6084
8868,-12408,3540
10560,-11587,1027
11946,-10477,-1469
12721,-8716,-4005
12989,-6583,-6406
12696,-4372,-8324
11954,-1765,-10189
10753,796,-11549
9046,3333,-12379
6958,5688,-12646
4582,7866,-12448
1918,9710,-11628
-594,11133,-10539
-3498,11933,-8435
-5977,12201,-6224
-8303,11834,-3531
-10254,10778,-524
-11541,9330,2211
-12313,7544,4769
-12449,5498,6951
-11958,2883,9075
-11083,334,10749
-9578,-2231,11809
-7833,-4611,12444
-5432,-6991,12423
-2813,-8901,11714
-103,-10642,10745
2450,-11756,9306
5011,-12403,7392
7425,-12222,4797
9429,-11599,2170
11088,-10522,-566
12069,-8881,-3188
12540,-6872,-5668
12445,-4698,-7747
11970,-2281,-9689
10976,206,-11182
9433,2664,-12097
7429,5049,-12478
4970,7272,-12242
2359,9260,-11619
-346,10786,-10440
-2805,11719,-8914
-5432,12090,-6658
-7746,11929,-4183
-9801,11162,-1361
-11331,9924,1407
-12201,8369,3832
-12453,6307,6146
-12280,4046,8234
-11393,1394,9999
-10246,-1076,11322
-8518,-3630,12148
-6385,-6084,12469
-3997,-8274,12271
-1410,-10106,11516
981,-11335,10354
3601,-12177,8576
6043,-12672,6629
8278,-12531,4253
10106,-11743,1637
11591,-10819,-772
12568,-9240,-3328
12981,-7437,-5544
13022,-5465,-7557
12585,-3060,-9525
11649,-536,-11113
10605,1666,-12271
8596,4199,-12795
6562,6496,-13058
4133,8514,-12647
1563,10110,-11673
-928,11533,-10605
-3646,12230,-8584
-6105,12494,-6389
-8344,12222,-3878
-10217,11508,-1291
-11735,10440,1295
-12474,8617,3857
-12754,6476,6278
-12519,4071,8448
-11624,1386,10238
-10337,-1225,11562
-8493,-3823,12316
-6451,-6199,12650
-3918,-8439,12357
-1245,-10180,11425
1192,-11545,10353
3790,-12387,8597
6298,-12597,6299
8481,-12226,3745
10329,-11347,1018
11719,-10044,-1675
12593,-8307,-4286
12861,-6228,-6633
12519,-3873,-8646
11871,-1452,-10419
10720,1027,-11747
8839,3576,-12415
6760,5874,-12634
4137,8080,-12217
1559,9867,-11426
-808,11302,-10494
-3531,12168,-8637
-6212,12230,-6018
-8357,11611,-3254
-10481,10906,-425
-11847,9648,2199
-12560,7948,4612
-12630,5742,6888
-12193,3184,9009
-11265,693,10572
-9891,-1947,11838
-7973,-4479,12452
-5985,-6806,12791
-3502,-8844,12346
-787,-10498,11285
1674,-11743,10069
4257,-12507,8250
6711,-12746,6035
8885,-12350,3465
10630,-11512,882
12049,-10423,-1626
12944,-8790,-4154
13162,-6880,-6282
12828,-4488,-8340
12028,-1901,-10127
10795,709,-11504
9186,3221,-12407
7214,5643,-12857
4933,7808,-12741
2248,9710,-11958
-433,11248,-10815
-2850,12177,-9327
-5478,12606,-7128
-7788,12333,-4545
-9718,11492,-1774
-11298,10122,1176
-12094,8534,3560
-12441,6327,6114
-12205,3844,8361
-11500,1332,10168
-10254,-1291,11545
-8283,-3922,12205
-6241,-6303,12544
-3724,-8481,12205
-961,-10242,11203
1501,-11562,10061
4083,-12366,8283
6513,-12667,6154
8687,-12222,3535
10506,-11339,833
11830,-10069,-1761
12535,-8122,-4413
12721,-5952,-6769
12560,-3778,-8782
12214,-1629,-10585
11158,812,-11970
9145,3287,-12432
6901,5729,-12630
4364,7990,-12354
1678,9772,-11450
-952,11141,-10189
-3733,11900,-8167
-6290,11962,-5672
-8563,11578,-3015
-10506,10828,-322
-11979,9561,2418
-12474,7635,4839
-12457,5399,7058
-11908,2751,9157
-11075,284,10791
-9603,-2285,11888
-7660,-4789,12449
-5647,-7024,12671
-3155,-8992,12147
-466,-10609,11075
2033,-11661,9628
4648,-12399,7751
7107,-12457,5350
9174,-12020,2846
10914,-11158,244
12172,-9846,-2326
12837,-8184,-4653
13063,-6138,-6925
12568,-3762,-8806
11587,-1039,-10548
10283,1423,-11706
8542,3927,-12469
6393,6257,-12650
3865,8361,-12226
1179,10122,-11301
-1423,11360,-9937
-4071,12205,-8134
-6509,12416,-5907
-8699,11690,-2991
-10374,10279,95
-11715,9112,2603
-12354,7169,5185
-12309,4966,7343
-11805,2417,9388
-10766,-165,10931
-9285,-2607,11892
-7161,-5209,12370
-4846,-7482,12328
-2178,-9392,11570
759,-10902,10143
2928,-11904,8976
5597,-12449,6852
7866,-12375,4509
9838,-11752,1914
11331,-10634,-697
12276,-9083,-3193
12791,-7222,-5569
12985,-5251,-7734
12577,-2961,-9616
11224,-272,-10952
9685,2186,-11871
7738,4615,-12353
5535,6921,-12456
3011,8967,-11978
400,10588,-10988
-2260,11649,-9389
-4892,12210,-7318
-7218,12197,-4979
-9396,11434,-2038
-11030,10518,512
-12119,8971,3148
-12556,6996,5560
-12395,4719,7676
-11710,2132,9578
-10725,-379,11104
-9207,-2883,12090
-7202,-5366,12568
-5292,-7478,12770
-2796,-9442,12238
-231,-10927,11158
2244,-11950,9706
4780,-12469,7689
7111,-12622,5511
9273,-12234,2961
10976,-11413,437
12197,-10081,-2116
12762,-8291,-4471
12841,-6088,-6753
12507,-3811,-8696
11649,-1208,-10441
10444,1208,-11652
8670,3745,-12415
6468,6100,-12568
3955,8233,-12188
1353,10081,-11434
-1113,11356,-10243
-3976,12061,-8085
-6455,12346,-5891
-8666,11818,-3152
-10473,10770,-297
-11669,9141,2528
-12342,7400,4942
-12366,5267,7099
-11814,2619,9195
-10844,28,10816
-9285,-2491,11776
-7350,-5016,12366
-4962,-7276,12238
-2314,-9310,11624
495,-10873,10378
2883,-11884,9001
5424,-12408,6984
7693,-12267,4574
9660,-11525,1865
11215,-10465,-750
12115,-8926,-3189
12577,-6880,-5697
12502,-4768,-7734
11917,-2252,-9665
10848,272,-11120
9277,2701,-11978
7276,5234,-12510
4818,7425,-12243
2239,9347,-11586
-478,10881,-10403
-2953,11760,-8807
-5585,12094,-6509
-7948,11756,-3808
-9883,10993,-1110
-11339,9747,1592
-12218,8159,4059
-12428,5993,6435
-12222,3704,8518
-11389,1105,10284
-10048,-1447,11495
-8406,-3906,12312
-6323,-6232,12555
-4013,-8386,12399
-1423,-10110,11533
878,-11405,10527
3481,-12267,8786
5841,-12676,6835
8126,-12428,4302
9978,-11776,1798
11434,-10811,-623
12399,-9169,-3230
12882,-7288,-5594
12923,-5242,-7681
12523,-2891,-9632
11529,-387,-11142
10279,1856,-12135
8369,4347,-12716
6344,6554,-12898
3778,8584,-12362
1146,10275,-11421
-1369,11492,-10123
-4116,12115,-7999
-6604,12296,-5692
-8827,12007,-3180
-10704,11310,-606
-12086,10027,2059
-12680,8233,4447
-12969,6072,6897
-12667,3729,8938
-11834,1159,10675
-10741,-1233,11974
-9153,-3757,12910
-7218,-6030,13248
-5160,-8052,13212
-2520,-9966,12486
-8,-11496,11504
2355,-12494,10139
4822,-13249,8427
7107,-13377,6270
9116,-13030,3914
10852,-12259,1407
12276,-11129,-1147
13117,-9466,-3651
13579,-7606,-5973
13501,-5465,-8036
13010,-3048,-9962
12053,-569,-11484
10605,1901,-12506
8687,4488,-13175
6270,6963,-13233
3671,9050,-12721
981,10819,-11800
-1542,12073,-10531
-4145,12936,-8791
-6810,12969,-6159
-8951,12350,-3399
-10980,11727,-747
-12424,10308,2116
-13022,8613,4409
-13208,6294,6914
-12775,3832,8943
-11867,1002,10865
-10584,-1571,12155
-8658,-4318,12976
-6492,-6798,13290
-4030,-9013,13043
-1237,-10807,12044
1192,-12152,10960
3865,-13059,9194
6311,-13426,7115
8637,-13332,4695
10555,-12655,2100
12082,-11752,-330
13224,-10494,-2730
13748,-8452,-5296
13653,-6187,-7466
13233,-3601,-9632
12160,-783,-11377
10795,1790,-12585
9058,4285,-13343
6822,6802,-13624
4438,8922,-13360
1608,10716,-12324
-800,12131,-11331
-3749,13055,-9306
-6360,13245,-6885
-8778,12766,-3988
-10811,11884,-1073
-12288,10444,1844
-13092,8679,4413
-13311,6373,6938
-13068,3931,9137
-12255,1179,11076
-10873,-1501,12374
-8947,-4104,13051
-6769,-6608,13377
-4162,-8889,13051
-1377,-10737,12114
1134,-12152,11018
3914,-12981,9067
6455,-13414,6959
8844,-13035,4191
10795,-12144,1349
12292,-10836,-1456
13129,-8769,-4360
13410,-6542,-6868
13179,-4129,-9050
12531,-1600,-10931
11323,1018,-12341
9446,3592,-13038
7152,6055,-13207
4434,8439,-12873
1551,10324,-11875
-1208,11710,-10502
-4219,12478,-8259
-6954,12581,-5627
-9351,12177,-2826
-11331,11265,66
-12634,9817,2817
-13134,7800,5334
-12989,5304,7685
-12408,2565,9843
-11376,-45,11421
-9702,-2904,12606
-7639,-5449,13088
-5300,-7825,13125
-2536,-9862,12398
301,-11508,11207
2912,-12445,9533
5709,-13088,7379
8179,-12940,4761
10197,-12247,2050
11913,-11306,-607
13030,-9875,-3155
13657,-8006,-5651
13546,-5721,-7825
12837,-2994,-9843
11698,-210,-11488
10060,2458,-12518
8208,5082,-13290
5737,7511,-13248
2986,9475,-12461
185,11199,-11384
-2503,12358,-9855
-5193,13047,-7854
-7651,13096,-5445
-9813,12230,-2417
-11451,10720,731
-12589,9260,3329
-13134,7136,5998
-12931,4681,8250
-12391,2054,10337
-11240,-602,11842
-9446,-3271,12717
-7350,-5795,13145
-4917,-8039,12956
-2120,-10023,12143
721,-11574,10853
3324,-12548,9224
5964,-13142,7178
8406,-12907,4501
10432,-12098,1666
11974,-10939,-1035
12907,-9145,-3762
13274,-6979,-6295
13138,-4562,-8576
12445,-1963,-10482
11286,655,-11941
9570,3147,-12717
7429,5758,-13187
4929,8031,-12960
2343,9982,-12325
-515,11521,-11006
-3130,12333,-9203
-5894,12696,-6802
-8382,12445,-4063
-10452,11479,-1027
-12069,10238,1831
-12911,8460,4451
-13022,6150,6872
-12610,3605,9005
-11620,812,10808
-10382,-1761,12143
-8373,-4471,12844
-6204,-6835,13039
-3716,-9004,12720
-957,-10749,11706
1567,-12111,10544
4393,-12861,8468
6983,-13101,6118
9273,-12709,3436
11149,-11946,797
12606,-10993,-1613
13385,-9182,-4203
13513,-6983,-6530
13299,-4657,-8642
12535,-2062,-10473
11347,499,-11846
9702,3093,-12795
7491,5729,-13220
5003,8014,-13017
2338,10019,-12357
-429,11661,-11232
-3089,12626,-9537
-5696,13154,-7458
-8217,12936,-4719
-10221,11954,-1733
-11764,10580,1184
-12622,8872,3750
-13150,6826,6324
-12857,4294,8563
-12185,1650,10535
-10927,-1072,11999
-9145,-3691,12836
-7037,-6228,13265
-4397,-8485,12882
-1699,-10452,12151
886,-11913,11027
3667,-12915,9248
6154,-13332,7178
8476,-13084,4608
10423,-12255,1832
11979,-11129,-850
12956,-9462,-3494
13393,-7359,-6034
13340,-5049,-8291
12709,-2454,-10255
11632,198,-11830
10089,2730,-12819
8031,5321,-13352
5482,7614,-13096
2883,9747,-12630
45,11368,-11413
-2392,12408,-10016
-5160,12853,-7693
-7631,12511,-4880
-9908,11731,-1823
-11591,10481,1110
-12700,8992,3708
-13055,6847,6208
-12997,4426,8571
-12016,1551,10465
-10716,-1163,11879
-8848,-3885,12733
-6616,-6406,13022
-4096,-8559,12655
-1183,-10502,11685
1328,-11776,10448
4104,-12746,8642
6633,-13084,6451
8984,-12659,3675
10894,-11731,837
12300,-10436,-1864
13006,-8505,-4501
13266,-6377,-6889
13035,-3960,-9075
12346,-1447,-10899
11517,796,-12313
9578,3465,-13043
7346,5861,-13207
4879,8134,-13013
2074,9982,-12056
-676,11566,-10890
-3704,12255,-8551
-6294,12589,-6295
-8786,12507,-3721
-10766,11677,-911
-12280,10531,1749
-12940,8666,4274
-13195,6389,6806
-12841,3828,9013
-11921,1126,10795
-10564,-1534,12098
-8699,-4133,12832
-6521,-6620,13141
-3885,-8930,12815
-1134,-10696,11830
1311,-12111,10800
3951,-12981,9030
6595,-13356,6761
8844,-13068,4224
10737,-12218,1481
12189,-11083,-1106
13080,-9359,-3721
13678,-7557,-6121
13699,-5317,-8382
13080,-2883,-10197
12098,-247,-11851
10324,2351,-12675
8324,4912,-13236
5832,7387,-13219
3180,9483,-12663
503,11224,-11727
-2153,12395,-10242
-4785,13105,-8320
-7264,12886,-5622
-9438,12135,-2697
-11434,11240,194
-12511,9677,2834
-13142,7577,5565
-13002,5073,7929
-12288,2264,10024
-11162,-408,11570
-9405,-3213,12618
-7222,-5849,13071
-4822,-8134,12956
-2095,-10139,12234
754,-11682,10928
3122,-12680,9558
5849,-13237,7388
8212,-13125,4913
10263,-12478,2215
11900,-11401,-499
12973,-9986,-2987
13530,-8052,-5478
13571,-5820,-7751
13035,-3147,-9888
11875,-412,-11463
10527,2120,-12647
8617,4702,-13319
6595,7004,-13599
3914,9169,-13083
1155,10848,-12003
-1538,12119,-10581
-4277,12985,-8708
-7004,12952,-5948
-9281,12346,-3065
-11244,11364,-120
-12453,9883,2570
-13142,7961,5181
-13154,5610,7544
-12709,3027,9682
-11731,301,11430
-10131,-2376,12507
-8072,-5028,13100
-5808,-7404,13212
-2792,-9768,12560
-103,-11479,11582
2516,-12606,10090
4875,-13249,8374
7462,-13385,5923
9780,-12783,3003
11335,-11842,507
12659,-10461,-2198
13356,-8217,-5139
13476,-6237,-7239
13249,-3955,-9294
12816,-1695,-11121
11484,911,-12395
9116,3914,-13030
7152,6133,-13285
3852,8831,-12683
977,10621,-11598
-1443,11847,-10404
-4644,12705,-8061
-6983,12808,-5825
-9487,12263,-2776
-11314,11265,49
-12535,9994,2541
-13018,7849,5169
-12870,5164,7706
-12354,2652,9702
-11314,-94,11408
-9570,-2908,12478
-7458,-5560,13018
-4756,-8138,12894
-2000,-10151,12151
709,-11603,10894
3349,-12531,9182
5799,-13055,7256
8225,-12981,4756
10395,-12197,1802
11913,-11302,-611
13096,-10081,-3015
13682,-7895,-5787
13492,-5548,-7944
12816,-2784,-10032
11913,-363,-11550
10304,2211,-12515
8225,5139,-13364
6034,7194,-13228
3304,9355,-12659
573,11042,-11615
-2343,12288,-9945
-4912,12973,-8061
-7198,13113,-5915
-9631,11954,-2323
-11232,10506,726
-12420,9363,3057
-13138,7313,5825
-12936,4904,8032
-12379,2215,10164
-11191,-672,11863
-9396,-3345,12741
-7342,-5857,13199
-5040,-7961,13001
-2211,-9937,12148
874,-11570,10696
3155,-12490,9335
6133,-13080,6947
8291,-12936,4645
10353,-12267,1914
11884,-11022,-862
12894,-9285,-3609
13266,-7144,-6122
13200,-4879,-8321
12597,-2334,-10263
11236,581,-11817
9363,3184,-12547
7387,5502,-12889
4582,8089,-12671
2178,9879,-12057
-804,11508,-10704
-3675,12078,-8403
-6237,12408,-6171
-8976,12251,-3275
-10960,11195,-235
-12280,9867,2413
-12919,7957,4962
-12981,5638,7343
-12317,2891,9426
-11290,231,11059
-9834,-2392,12226
-7746,-5007,12753
-5461,-7425,12886
-2805,-9446,12251
-33,-11137,11170
2512,-12243,9731
5214,-12791,7577
7713,-12890,5177
9854,-12292,2438
11574,-11302,-272
12696,-9937,-2759
13233,-7953,-5280
13216,-5680,-7536
12762,-3258,-9504
11900,-705,-11195
10642,1790,-12432
8745,4331,-13076
6463,6715,-13178
3795,8889,-12684
1126,10708,-11834
-1381,11966,-10585
-4034,12849,-8815
-6517,13237,-6720
-8811,12804,-3993
-10716,11925,-1209
-12073,10555,1518
-12878,8740,4138
-13237,6529,6708
-12915,4013,8902
-12168,1439,10729
-10877,-1241,12118
-9091,-3848,12939
-7029,-6360,13389
-4438,-8526,12964
-1757,-10506,12263
833,-11937,11104
3229,-12919,9690
5882,-13509,7627
8204,-13327,5123
10139,-12630,2491
11834,-11562,-272
12874,-10069,-2805
13435,-8056,-5379
13534,-5964,-7570
12997,-3357,-9640
11946,-556,-11390
10605,1947,-12552
8670,4574,-13244
6261,7029,-13290
3667,9108,-12775
792,10947,-11739
-1984,11954,-9970
-4962,12387,-7425
-7474,12210,-4736
-9895,11983,-2088
-11611,10667,944
-12721,9256,3465
-13113,7074,6039
-12973,4739,8234
-12304,1992,10312
-10923,-701,11624
-9108,-3485,12593
-7020,-5968,12988
-4380,-8328,12708
-1575,-10221,11796
1039,-11525,10486
3856,-12548,8692
6513,-12841,6328
8864,-12531,3667
10778,-11599,821
12160,-10258,-1902
12898,-8262,-4636
13088,-6010,-7078
12709,-3493,-9216
11884,-936,-10948
10984,1402,-12386
9103,3968,-13071
6785,6344,-13129
4199,8514,-12713
1373,10304,-11677
-1254,11673,-10419
-4211,12399,-8188
-6723,12717,-5994
-9128,12337,-3209
-11055,11521,-466
-12391,10052,2339
-12919,8146,4773
-13030,5931,7099
-12552,3275,9277
-11554,561,10993
-10073,-2190,12263
-8217,-4739,12956
-5902,-7177,13079
-3374,-9248,12622
-643,-11013,11656
1938,-12197,10259
4516,-13043,8527
6946,-13261,6315
9128,-12849,3721
10964,-11987,1023
12383,-10733,-1650
13204,-9037,-4167
13847,-7313,-6534
13616,-5024,-8592
13117,-2751,-10366
12049,-144,-11905
10250,2503,-12753
8217,5016,-13233
5733,7474,-13207
3184,9607,-12791
482,11360,-11842
-2153,12457,-10304
-4702,13220,-8518
-7264,13084,-5820
-9392,12416,-3024
-11339,11434,-95
-12515,9978,2537
-13233,8068,5165
-13204,5700,7504
-12610,2965,9645
-11603,193,11410
-10011,-2483,12494
-7899,-5119,13018
-5667,-7478,13145
-2945,-9570,12515
-144,-11232,11376
2392,-12375,9983
5032,-13030,7998
7598,-13154,5556
9788,-12618,2830
11595,-11550,-45
12746,-10102,-2644
13356,-8109,-5247
13431,-5874,-7557
12890,-3221,-9669
11764,-433,-11331
10407,2140,-12547
8596,4694,-13290
6509,6991,-13500
3918,9124,-13042
1093,10811,-11904
-1579,12036,-10457
-4281,12944,-8663
-6958,13018,-6060
-9376,12412,-3036
-11203,11368,-165
-12416,9842,2574
-13162,7948,5214
-13134,5597,7537
-12684,2970,9714
-11710,313,11397
-10135,-2355,12490
-8080,-4999,13079
-5869,-7309,13178
-3143,-9545,12688
-404,-11236,11640
2227,-12453,10226
4797,-13228,8431
7359,-13356,5997
9508,-12931,3423
11319,-11958,639
12618,-10543,-2075
13274,-8580,-4694
13591,-6484,-7107
13591,-4492,-9099
13142,-2066,-11076
11871,462,-12333
9900,3122,-13022
7631,5717,-13348
5135,8179,-13314
2211,10184,-12395
-507,11822,-11315
-3159,12713,-9554
-5907,13076,-7169
-8324,12824,-4500
-10419,11954,-1535
-12065,10811,1254
-12919,8992,3927
-13109,6554,6555
-12667,3931,8736
-11896,1134,10762
-10576,-1559,12135
-8608,-4397,13005
-6381,-6892,13273
-3687,-9165,12852
-866,-10877,11743
1819,-12148,10329
4471,-12911,8440
7008,-13129,6121
9334,-12771,3437
11162,-11875,713
12597,-10584,-2013
13360,-8749,-4611
13699,-6600,-7099
13253,-4100,-9153
12445,-1443,-11002
11017,1266,-12283
9273,3832,-13105
7181,6331,-13512
4582,8485,-13067
1740,10320,-12060
-845,11735,-10890
-3819,12696,-8877
-6356,13150,-6794
-8798,12618,-3820
-10683,11170,-487
-12181,9891,2290
-13121,8047,5074
-13191,5820,7371
-12713,3163,9550
-11871,453,11418
-10527,-2062,12589
-8542,-4587,13129
-6117,-6975,13092
-3436,-9149,12585
-424,-10914,11338
2227,-12078,9851
4945,-12964,8019
7552,-13002,5450
9739,-12515,2776
11545,-11496,-49
12696,-9916,-2780
13282,-7953,-5329
13344,-5713,-7631
13162,-3386,-9776
12045,-622,-11423
10494,1848,-12342
8481,4500,-12981
6109,6913,-13022
3473,9157,-12630
631,10906,-11537
-2211,12053,-9842
-4900,12556,-7656
-7491,12758,-5267
-9739,12057,-2318
-11525,10997,528
-12568,9355,3213
-13010,7148,5862
-12853,4669,8184
-11987,1926,10061
-10869,-800,11669
-8976,-3663,12639
-6777,-6158,12935
-4244,-8427,12671
-1526,-10304,11830
928,-11789,10861
3770,-12721,8951
6377,-13043,6666
8740,-12857,4117
10621,-12164,1543
12304,-11380,-924
13175,-9652,-3523
13336,-7437,-5899
13191,-5069,-8122
12560,-2404,-10156
11521,251,-11772
9908,2825,-12733
7899,5329,-13228
5449,7676,-13125
2776,9681,-12457
41,11393,-11434
-2549,12461,-9912
-5168,13142,-7974
-7693,13158,-5465
-9792,12263,-2471
-11459,10935,524
-12457,9227,3230
-13257,7416,5841
-13171,4941,8230
-12593,2355,10238
-11607,-156,11763
-10032,-2718,12750
-8270,-5226,13496
-5845,-7557,13402
-3102,-9611,12713
-288,-11385,11673
2301,-12531,10230
4912,-13241,8329
7392,-13369,5977
9570,-12787,3217
11339,-11842,503
12651,-10518,-2133
13373,-8526,-4847
13554,-6393,-7161
13237,-4026,-9211
12403,-1402,-11001
11125,1229,-12354
9248,3795,-13043
7136,6311,-13447
4516,8538,-13054
1699,10489,-12188
-936,11855,-10919
-3906,12659,-8753
-6534,12573,-6039
-9046,12280,-3234
-11013,11306,-293
-12387,9912,2475
-13068,8002,5066
-13113,5742,7371
-12593,3027,9566
-11455,305,11150
-9809,-2487,12296
-7742,-5242,12984
-5247,-7614,12861
-2495,-9677,12172
536,-11347,10811
3023,-12449,9426
5676,-13043,7367
8146,-12927,4781
10168,-12172,2004
11752,-11071,-681
12750,-9273,-3477
13134,-7235,-5899
13006,-4822,-8184
12296,-2145,-10151
11294,330,-11624
9669,2994,-12663
7561,5539,-13100
5106,7771,-12877
2285,9821,-12106
-507,11323,-10816
-3300,12263,-8963
-5997,12626,-6629
-8452,12465,-4013
-10494,11644,-1150
-12061,10489,1572
-12692,8637,4055
-13022,6410,6612
-12688,3790,8898
-11847,1047,10800
-10452,-1563,12015
-8683,-4162,12845
-6463,-6591,13054
-3968,-8773,12741
-1233,-10584,11817
1216,-11937,10721
3902,-12828,8926
6414,-13204,6790
8728,-12890,4162
10621,-12135,1514
12053,-10902,-1151
13010,-9132,-3878
13439,-7235,-6204
13435,-4929,-8506
13113,-2805,-10308
12205,-325,-11880
10349,2272,-12621
8316,4851,-13167
5816,7367,-13183
3209,9372,-12581
511,11141,-11652
-2033,12309,-10276
-4723,13084,-8361
-7264,12956,-5692
-9475,12251,-2776
-11422,11409,13
-12593,9974,2619
-13315,8056,5259
-13286,5754,7532
-12729,3077,9652
-11657,350,11307
-10201,-2380,12581
-8171,-4933,13104
-5923,-7367,13290
-3386,-9458,12844
-495,-11154,11649
2132,-12350,10218
4673,-13171,8498
7136,-13327,6191
9396,-12903,3507
11257,-12036,779
12606,-10749,-1857
13373,-9033,-4340
13670,-6756,-6914
13332,-4430,-8902
12540,-1728,-10812
11265,940,-12205
9586,3535,-13121
7788,5948,-13736
5737,8204,-13941
3052,10139,-13191
346,11644,-11990
-2314,12837,-10523
-4954,13513,-8559
-7445,13600,-6155
-9656,13146,-3490
-11562,12115,-553
-12816,10634,2182
-13497,8794,4703
-13624,6422,7202
-13340,3931,9409
-12564,1258,11306
-11248,-1419,12667
-9318,-4166,13484
-7095,-6719,13814
-4822,-8926,13748
-1934,-10918,12852
631,-12424,11793
2998,-13484,10486
5502,-14342,8840
7870,-14264,6394
9900,-13629,3729
11677,-12721,1044
13096,-11376,-1720
13880,-9425,-4455
14251,-7363,-6888
14144,-5028,-9116
13492,-2400,-11092
12408,226,-12634
10692,2879,-13571
8658,5407,-14065
6166,7924,-14090
3324,10106,-13430
561,11797,-12358
-2248,13006,-10758
-4974,13711,-8737
-7643,13534,-5891
-9986,13014,-3028
-11974,12020,-46
-13381,10621,2760
-13901,8427,5474
-13818,6092,7726
-13266,3217,10049
-12387,449,11938
-10766,-2470,13236
-8674,-5189,13863
-6348,-7606,13954
-3531,-9867,13398
-627,-11715,12342
2215,-12845,10630
4970,-13703,8733
7680,-13777,6097
10003,-13105,3102
11979,-12342,363
13294,-10881,-2413
14037,-8823,-5214
14107,-6472,-7635
13612,-3741,-9871
12560,-829,-11731
10951,1963,-12914
9029,4710,-13739
6534,7189,-13723
3766,9413,-13179
800,11323,-12123
-2235,12494,-10259
-5172,13228,-8056
-7874,13311,-5437
-10151,12350,-2199
-11999,10956,1043
-13208,9438,3770
-13670,7144,6526
-13422,4607,8815
-12754,1761,10993
-11686,-808,12494
-9735,-3630,13365
-7425,-6257,13682
-4805,-8567,13372
-1753,-10593,12346
1002,-12078,11076
3939,-13183,9244
6645,-13596,6951
9132,-13332,4200
11149,-12507,1358
12684,-11207,-1477
13534,-9227,-4307
13855,-6950,-6905
13802,-4661,-9141
13080,-1975,-11105
11607,812,-12419
9631,3646,-13277
7387,6253,-13640
4801,8608,-13409
1897,10708,-12605
-713,12177,-11464
-3766,13101,-9335
-6546,13554,-7008
-8971,13303,-4332
-11022,12370,-1348
-12647,10964,1683
-13492,9108,4384
-13682,6653,7029
-13270,4030,9240
-12358,1245,11113
-11022,-1592,12614
-8947,-4351,13298
-6678,-6954,13632
-3972,-9281,13253
-1117,-11149,12266
1567,-12573,11006
4380,-13311,8931
7078,-13641,6563
9446,-13307,3861
11426,-12412,986
12865,-10993,-1872
13616,-9058,-4558
13864,-6703,-7161
13435,-4038,-9397
12626,-1373,-11253
11393,1303,-12696
9565,3918,-13483
7268,6484,-13752
4549,8749,-13298
1769,10667,-12436
-961,12181,-11220
-3939,13055,-9116
-6793,13257,-6464
-9289,12544,-3255
-11215,11306,-91
-12606,9693,2913
-13472,7829,5643
-13554,5490,8064
-12977,2714,10263
-12160,123,12037
-10551,-2619,13170
-8658,-5086,13744
-6121,-7602,13723
-3229,-9747,12976
-222,-11673,11895
2458,-12762,10304
5172,-13591,8419
7730,-13600,5870
9990,-13014,3024
11776,-12131,355
13076,-10659,-2417
13736,-8629,-5107
14086,-6575,-7511
13954,-4364,-9590
13068,-1645,-11423
11640,969,-12609
9796,3696,-13492
7478,6319,-13797
4822,8765,-13587
1963,10799,-12762
-796,12296,-11500
-3609,13183,-9574
-6402,13567,-7165
-8765,13249,-4484
-10943,12428,-1485
-12535,10939,1596
-13501,9289,4212
-13703,6921,6782
-13558,4438,9120
-12548,1485,11063
-11166,-1295,12461
-9248,-4166,13414
-6897,-6785,13682
-4129,-9149,13278
-1212,-11116,12328
1551,-12490,10939
4302,-13410,9108
6971,-13822,6851
9421,-13410,3989
11257,-12494,1237
12738,-11228,-1510
13567,-9223,-4344
13876,-7000,-6876
13596,-4405,-9191
12832,-1658,-11174
11781,886,-12667
10040,3613,-13653
7759,6158,-13917
5160,8468,-13628
2355,10415,-12770
-561,12024,-11463
-3613,12742,-9129
-6323,13006,-6683
-8967,12870,-3903
-11083,12045,-962
-12655,10621,2034
-13307,8654,4653
-13563,6261,7302
-13014,3345,9669
-12003,519,11484
-10357,-2305,12662
-8254,-5098,13352
-5766,-7569,13335
-3015,-9743,12758
-61,-11607,11668
2545,-12680,10135
5341,-13455,8114
7915,-13509,5594
10147,-12915,2768
11888,-11748,-140
13096,-10155,-2941
13752,-8122,-5630
14000,-6067,-7933
13719,-3720,-9999
13101,-1332,-11769
11339,1518,-12857
9128,4269,-13397
6674,6843,-13517
4021,9132,-13153
1208,11121,-12329
-1489,12420,-10931
-4240,13381,-9141
-7020,13497,-6477
-9376,12969,-3593
-11479,12065,-586
-12832,10580,2252
-13587,8753,4834
-13723,6356,7367
-13241,3683,9558
-12168,759,11409
-10782,-1975,12757
-8699,-4793,13492
-6472,-7264,13736
-3828,-9557,13385
-973,-11409,12382
1645,-12742,11097
4405,-13641,9236
6963,-13959,6996
9322,-13765,4443
11228,-12911,1683
12923,-12049,-874
13975,-10626,-3349
14272,-8419,-5853
14086,-6043,-8043
13492,-3213,-10279
12267,-280,-11987
10782,2404,-13186
8712,5176,-13888
6447,7577,-14024
3774,9801,-13575
936,11574,-12510
-1794,12787,-10993
-4624,13604,-8980
-7359,13501,-6142
-9689,12775,-3086
-11715,11628,87
-12886,9953,2933
-13534,7837,5697
-13488,5374,8114
-12981,2553,10428
-11838,-284,12122
-9941,-3205,13146
-7742,-5907,13649
-5234,-8353,13587
-2417,-10448,12865
573,-12139,11566
3126,-13323,10197
5886,-13909,8023
8266,-13930,5664
10428,-13138,2710
12193,-12040,-153
13402,-10432,-2970
13942,-8254,-5688
14157,-6138,-8019
14016,-3749,-10267
13426,-1315,-12111
11842,1262,-13104
9619,4104,-13723
7206,6723,-13929
4376,9128,-13504
1518,11046,-12564
-1196,12531,-11335
-4215,13373,-9158
-6996,13497,-6501
-9446,13022,-3576
-11578,12057,-479
-13076,10704,2372
-13740,8699,5041
-13740,6253,7487
-13212,3345,9867
-12309,536,11773
-10729,-2351,13080
-8699,-5016,13715
-6319,-7627,13946
-3539,-9850,13389
-726,-11669,12395
2087,-12919,10832
4780,-13657,8877
7474,-13946,6472
9834,-13505,3671
11781,-12540,759
13162,-11504,-1658
14124,-9714,-4410
14359,-7499,-6860
14016,-4834,-9182
13035,-1992,-11043
11727,829,-12556
9817,3716,-13533
7676,6352,-14028
4830,8712,-13542
1843,10741,-12584
-969,12251,-11282
-4042,13249,-9207
-6851,13674,-6823
-9256,13266,-4010
-11215,11822,-607
-12676,10341,2335
-13530,8423,5107
-13608,5948,7660
-13105,3102,10003
-12139,313,11826
-10423,-2578,13001
-8146,-5424,13570
-5659,-7907,13566
-2759,-10118,12877
189,-11842,11653
2899,-13014,10115
5700,-13695,7995
8274,-13736,5462
10485,-13183,2698
12218,-12090,-128
13373,-10547,-2826
14086,-8538,-5548
14297,-6492,-7805
14033,-4009,-10024
12828,-1084,-11744
11211,1678,-12889
9211,4397,-13608
6839,6991,-13830
4133,9376,-13509
1315,11273,-12588
-1443,12601,-11158
-4417,13447,-9030
-7148,13501,-6353
-9603,13047,-3444
-11607,11900,-293
-12981,10386,2595
-13645,8324,5321
-13612,5853,7759
-12948,2879,10069
-11917,94,11823
-10192,-2838,13030
-8010,-5568,13578
-5618,-8052,13670
-2722,-10254,12976
49,-11875,11826
2842,-13076,10234
5630,-13641,8011
8225,-13629,5404
10419,-12997,2578
12259,-11999,-260
13393,-10246,-3147
13839,-8184,-5655
13806,-5808,-7998
13158,-2990,-10168
12098,-127,-11971
10477,2598,-13075
8328,5329,-13657
5671,7825,-13496
2941,9994,-12935
-103,11764,-11661
-2833,12870,-10037
-5684,13464,-7780
-8340,13307,-4967
-10522,12205,-1683
-12205,10758,1447
-13096,8988,4108
-13608,6765,6843
-13200,4083,9117
-12416,1295,11121
-11100,-1460,12560
-9165,-4149,13314
-6884,-6810,13694
-4112,-9157,13269
-1051,-11075,12126
1596,-12490,10894
4450,-13418,8968
7156,-13596,6440
9499,-13228,3729
11397,-12205,808
12865,-10947,-1918
13732,-9017,-4715
14062,-6975,-7087
14086,-4789,-9297
13208,-2136,-11072
11884,598,-12482
10044,3333,-13377
7821,5977,-13798
5168,8439,-13607
2384,10584,-12968
-519,12201,-11682
-3147,13175,-10028
-5878,13699,-7821
-8340,13546,-5206
-10543,12816,-2273
-12238,11380,858
-13299,9747,3552
-13736,7507,6229
-13653,5053,8600
-12927,2165,10762
-11574,-668,12242
-9834,-3559,13393
-7594,-6257,13851
-5057,-8670,13727
-2202,-10704,12906
684,-12300,11616
3073,-13356,10283
5791,-13992,8201
8258,-13942,5684
10419,-13216,2797
12168,-12144,-24
13348,-10584,-2764
13971,-8460,-5511
14045,-6179,-7866
13513,-3493,-10020
12457,-627,-11830
11071,1934,-13005
8988,4756,-13744
6579,7301,-13880
3889,9458,-13347
944,11306,-12250
-2054,12490,-10436
-5185,12870,-7685
-7862,13212,-5350
-10221,12622,-2401
-12177,11644,533
-13216,9780,3436
-13666,7590,6076
-13492,5044,8448
-12688,2140,10548
-11364,-746,12110
-9475,-3609,13084
-7177,-6253,13430
-4347,-8695,13042
-1452,-10741,12193
1204,-12218,11014
4170,-13208,9038
6905,-13468,6563
9347,-13035,3688
11364,-12003,639
12746,-10527,-2219
13509,-8547,-4962
13715,-6270,-7445
13348,-3745,-9603
13014,-1377,-11637
11434,1336,-12770
9186,4096,-13282
6756,6723,-13479
3935,9058,-12993
1122,11059,-12181
-1559,12354,-10795
-4459,13294,-8835
-7206,13406,-6200
-9528,12787,-3259
-11525,11764,-239
-12837,10287,2550
-13517,8270,5247
-13558,5849,7709
-12973,3106,9867
-11908,264,11644
-10263,-2545,12808
-8097,-5304,13401
-5878,-7775,13653
-3254,-9945,13199
-400,-11735,12135
2248,-12952,10704
4797,-13678,8881
7412,-13901,6489
9656,-13517,3861
11541,-12597,1056
13035,-11554,-1481
13987,-10036,-3951
14115,-7668,-6447
13872,-5139,-8733
13154,-2437,-10717
11900,429,-12329
10230,3151,-13381
8138,5832,-13970
5750,8233,-13983
3089,10320,-13409
152,11917,-12069
-2475,13076,-10601
-5156,13855,-8699
-7750,13744,-5994
-9999,13125,-3126
-11818,11760,58
-12960,9978,2982
-13637,7858,5779
-13587,5292,8295
-13138,2598,10540
-12098,-111,12209
-10238,-2945,13183
-8019,-5659,13678
-5457,-8142,13599
-2743,-10217,12960
222,-11966,11744
2838,-13072,10234
5717,-13752,8035
8179,-13719,5540
10403,-12931,2528
12185,-11830,-355
13270,-10060,-3210
13864,-7928,-5936
13827,-5564,-8263
13299,-2875,-10424
12469,-218,-12251
10898,2330,-13228
8604,5102,-13706
6125,7585,-13710
3163,9867,-13030
115,11694,-11809
-2557,12857,-10300
-5399,13431,-8032
-8093,13290,-5197
-10341,12544,-2203
-12234,11418,816
-13344,9850,3494
-13740,7524,6216
-13443,4912,8531
-12795,2116,10679
-11636,-655,12291
-9821,-3456,13277
-7585,-6224,13809
-5032,-8596,13628
-2252,-10642,12894
759,-12300,11541
3341,-13282,9941
6063,-13855,7792
8646,-13814,5168
10745,-13129,2384
12544,-12507,-37
13938,-11541,-2397
14313,-9235,-5078
14326,-6892,-7434
13802,-4261,-9541
12903,-1315,-11588
11496,1460,-12956
9648,4149,-13797
7404,6756,-14160
4677,9124,-13801
1959,11050,-13009
-734,12535,-11801
-3584,13530,-9946
-6290,14025,-7735
-8749,13810,-5061
-10877,12300,-1423
-12263,10716,1547
-13530,9202,4328
-13761,6690,7071
-13534,4125,9409
-12709,1200,11509
-11323,-1555,12878
-9235,-4438,13673
-6839,-7016,13855
-4145,-9339,13484
-1064,-11281,12345
1707,-12667,10960
4459,-13579,9120
7189,-13880,6691
9598,-13476,3878
11533,-12531,998
13010,-11063,-1947
13827,-8992,-4835
14049,-6628,-7421
13620,-3906,-9714
12552,-1027,-11525
11042,1749,-12791
8967,4500,-13467
6534,7119,-13653
3790,9483,-13273
981,11302,-12283
-1897,12519,-10622
-4908,13187,-8279
-7631,13220,-5589
-10164,12552,-2388
-12090,11380,710
-13200,9689,3511
-13682,7507,6175
-13447,4875,8572
-12614,2013,10601
-11475,-705,12180
-9574,-3613,13187
-7239,-6340,13579
-4760,-8687,13447
-1769,-10708,12477
940,-12255,11315
3819,-13187,9368
6620,-13567,6947
9062,-13365,4303
11195,-12552,1357
12845,-11578,-1267
13781,-9813,-3968
14033,-7536,-6497
13756,-4983,-8773
13035,-2223,-10812
11809,499,-12308
10023,3262,-13285
7759,5944,-13703
5156,8398,-13554
2297,10494,-12791
-532,12168,-11636
-3328,13063,-9735
-6059,13666,-7607
-8613,13414,-4801
-10696,12210,-1514
-12189,10522,1667
-13105,8728,4377
-13558,6476,7082
-13105,3737,9368
-12342,1027,11315
-10737,-1794,12531
-8872,-4632,13504
-6476,-7177,13653
-3646,-9458,13104
-750,-11405,12155
1984,-12758,10774
4545,-13645,9100
7169,-13864,6695
9462,-13369,3907
11368,-12358,990
12841,-11075,-1766
13653,-9161,-4492
13884,-6859,-7025
13645,-4384,-9261
12799,-1629,-11170
11537,1072,-12609
9689,3803,-13492
7416,6402,-13818
4636,8815,-13451
1938,10791,-12729
-812,12317,-11505
-3704,13183,-9479
-6455,13550,-7095
-8893,13319,-4426
-11022,12247,-1225
-12519,10815,1704
-13484,9009,4475
-13699,6678,7021
-13488,4195,9293
-12535,1237,11298
-11079,-1538,12617
-9190,-4314,13504
-6905,-6913,13818
-4219,-9256,13475
-1369,-11149,12518
1167,-12457,11290
3968,-13468,9500
6670,-13971,7301
9128,-13723,4595
11141,-12898,1757
12692,-11735,-957
13711,-10040,-3671
14194,-7936,-6258
14202,-5684,-8518
13690,-3126,-10564
12568,-321,-12247
11067,2252,-13319
8922,5011,-13933
6554,7420,-13974
3877,9615,-13492
969,11455,-12424
-2017,12717,-10700
-4983,13080,-8097
-7734,13439,-5705
-10143,12931,-2788
-12040,12003,37
-13171,10386,2785
-13686,8113,5573
-13662,5704,7958
-12948,2751,10197
-11752,-206,11958
-9867,-3060,12927
-7664,-5841,13505
-5007,-8365,13372
-2079,-10514,12593
775,-12160,11385
3489,-13171,9682
6175,-13641,7466
8674,-13480,4806
10733,-12729,1996
12424,-11479,-945
13389,-9652,-3737
13847,-7486,-6361
13645,-4983,-8662
12997,-2289,-10708
11855,548,-12403
9920,3213,-13133
7590,6006,-13596
4846,8406,-13252
2033,10485,-12518
-668,12082,-11414
-3630,13162,-9532
-6377,13501,-7124
-8852,13092,-4240
-11017,12230,-1213
-12573,10852,1721
-13398,8852,4546
-13550,6480,7070
-13154,3799,9355
-12193,936,11257
-10729,-1914,12643
-8646,-4690,13336
-6505,-7206,13711
-3844,-9520,13364
-985,-11319,12304
1534,-12601,11067
4438,-13530,9092
7008,-13806,6798
9392,-13476,4084
11343,-12696,1353
12936,-11624,-1312
13954,-10213,-3741
14260,-7924,-6336
13959,-5436,-8523
13224,-2569,-10655
11987,181,-12168
10419,2904,-13323
8485,5498,-13983
6034,7981,-14015
3316,10106,-13422
404,11847,-12251
-2293,12964,-10671
-5032,13744,-8712
-7722,13748,-6026
-10048,13030,-2982
-12057,11772,285
-13096,10213,2883
-13814,8019,5795
-13653,5432,8221
-13154,2726,10428
-12090,-49,12139
-10494,-2627,13121
-8357,-5391,13748
-5647,-8171,13818
-3089,-10093,13182
-247,-11937,12184
2458,-13059,10601
5457,-13913,8456
7755,-14078,6323
9982,-13501,3519
11801,-12469,668
13121,-10956,-2165
13876,-8695,-5181
14074,-6393,-7681
13678,-3873,-9805
12865,-1072,-11793
11492,1563,-13055
9619,4050,-13669
7268,6694,-13962
4075,9277,-13352
1084,11203,-12287
-1348,12511,-11163
-4306,13377,-9071
-7070,13492,-6422
-9763,12927,-3164
-11578,12057,-479
-13220,10514,2706
-13744,8679,5065
-13756,6216,7540
-13121,3064,10057
-12276,507,11769
-10700,-2376,13076
-8633,-5164,13797
-6080,-7882,13962
-3741,-9941,13682
-849,-11756,12605
1806,-12977,11171
4797,-13876,9079
7482,-14144,6662
9590,-13814,4224
11809,-12853,1044
13187,-12131,-1056
14317,-10267,-4050
14586,-8303,-6283
14342,-5816,-8526
13558,-2673,-10885
12420,-66,-12354
10799,2726,-13525
8584,5643,-14227
6303,7903,-14206
3477,10089,-13566
561,11863,-12424
-2479,13138,-10659
-5176,13954,-8778
-7664,14045,-6381
-9945,13187,-3242
-11756,11587,169
-13237,10300,2937
-14033,8221,5812
-13942,5651,8291
-13426,2846,10580
-12329,20,12309
-10419,-3085,13504
-8295,-5523,13818
-5709,-8130,13839
-2842,-10275,13117
734,-12177,11443
3217,-13216,9999
5865,-13888,8023
8559,-13847,5288
10720,-13125,2405
12507,-11921,-586
13554,-10126,-3428
14062,-7858,-6204
13921,-5049,-8872
13134,-2223,-10911
11970,292,-12262
9834,3473,-13307
7783,5935,-13718
4822,8703,-13525
2248,10531,-12779
-816,12259,-11443
-4166,13010,-8844
-6983,13249,-6266
-9611,12894,-3283
-11669,11888,-219
-13080,10399,2681
-13690,8320,5370
-13719,5865,7854
-13002,2912,10090
-11921,66,11855
-10345,-2739,13084
-8163,-5560,13723
-5655,-8043,13698
-2887,-10184,13071
4,-11904,11900
2660,-13047,10387
5548,-13674,8126
8192,-13703,5511
10432,-13204,2772
12309,-12271,-38
13521,-10791,-2730
13983,-8613,-5370
13938,-6216,-7722
13410,-3399,-10011
12333,-462,-11871
10918,2219,-13137
8703,5020,-13723
6187,7569,-13756
3399,9801,-13200
544,11673,-12217
-2297,12964,-10667
-5069,13756,-8687
-7755,13777,-6022
-10032,13121,-3089
-11838,11859,-21
-12870,9924,2946
-13633,7977,5656
-13575,5428,8147
-13018,2668,10350
-11974,-165,12139
-10135,-3027,13162
-8002,-5709,13711
-5317,-8299,13616
-2454,-10378,12832
462,-12106,11644
3040,-13237,10197
5799,-13814,8015
8320,-13633,5313
10547,-12886,2339
12288,-11814,-474
13406,-10106,-3300
13959,-7977,-5982
13950,-5601,-8349
13336,-2879,-10457
12304,-123,-12181
10737,2586,-13323
8604,5209,-13813
6051,7717,-13768
3275,9900,-13175
441,11702,-12143
-2466,12795,-10329
-5486,13241,-7755
-8002,12944,-4942
-10572,12412,-1840
-12263,11067,1196
-13377,9462,3915
-13657,7090,6567
-13563,4739,8824
-12684,1786,10898
-11380,-1060,12440
-9450,-3894,13344
-7235,-6517,13752
-4653,-8856,13509
-1777,-10951,12728
957,-12366,11409
3778,-13340,9562
6377,-13942,7565
8914,-13802,4888
10997,-12940,1943
12614,-11789,-825
13690,-10164,-3526
14214,-8138,-6076
14177,-5845,-8332
13579,-3151,-10428
12560,-462,-12098
11178,2124,-13302
9095,4859,-13954
6657,7371,-14028
3922,9693,-13615
1080,11455,-12535
-1658,12804,-11146
-4615,13596,-8981
-7181,13864,-6683
-9603,13451,-3848
-11611,12523,-912
-13010,11108,1902
-13624,9029,4595
-13847,6517,7330
-13365,3704,9661
-12325,742,11583
-10729,-2136,12865
-8629,-4962,13591
-6129,-7631,13760
-3254,-9928,13182
-309,-11830,12139
2421,-12981,10560
5139,-13711,8572
7804,-13855,6051
10077,-13270,3193
11921,-12251,330
13220,-10609,-2611
13901,-8658,-5243
14062,-6307,-7755
13558,-3522,-10036
12820,-915,-11905
11364,1744,-13108
9186,4434,-13620
6591,7264,-13855
3782,9466,-13248
915,11360,-12275
-1831,12610,-10779
-4574,13451,-8877
-7552,13030,-5478
-9829,12226,-2397
-11987,11376,611
-13101,9648,3453
-13612,7346,6266
-13369,4768,8601
-12519,1868,10651
-11314,-969,12283
-9297,-3877,13174
-6946,-6567,13513
-4409,-8943,13352
-1530,-10786,12316
1196,-12271,11075
4059,-13282,9223
6814,-13633,6819
9281,-13224,3943
11248,-12403,1155
12717,-11088,-1629
13740,-9433,-4307
14045,-7222,-6823
13711,-4727,-8984
12804,-1806,-10998
11426,981,-12407
9673,3745,-13418
7536,6274,-13810
5028,8625,-13653
2046,10671,-12717
-651,12152,-11501
-3555,13183,-9628
-6377,13633,-7256
-8811,13344,-4533
-10927,12432,-1505
-12552,11046,1506
-13389,9231,4158
-13678,6872,6806
-13398,4252,9146
-12601,1505,11096
-11265,-1361,12626
-9235,-4116,13351
-7041,-6732,13773
-4512,-9103,13615
-1703,-11063,12766
924,-12593,11669
3663,-13641,9978
6253,-14429,8176
8534,-14313,5779
10626,-13340,2714
12288,-12292,4
13410,-10588,-2822
14008,-8514,-5494
14173,-6331,-7842
13822,-3819,-10003
13179,-1291,-11888
11896,1295,-13191
9751,4083,-13834
7404,6678,-14082
4690,9128,-13818
1843,11034,-12877
-800,12527,-11727
-3836,13377,-9541
-6505,13740,-7235
-8967,13266,-4299
-11075,12222,-1147
-12820,10989,1831
-13616,9190,4426
-13579,6443,7136
-13101,3543,9558
-12379,820,11559
-10848,-2140,12988
-8712,-4937,13649
-6356,-7540,13896
-3551,-9817,13368
-589,-11665,12254
2116,-12853,10737
4921,-13666,8745
7643,-13897,6254
9970,-13319,3349
11888,-12379,491
13266,-11199,-2067
14128,-9413,-4715
14334,-7156,-7178
13934,-4405,-9529
13010,-1596,-11414
11706,1080,-12786
9957,3795,-13752
7722,6463,-14185
5065,8798,-13863
2025,10799,-12824
-598,12317,-11719
-3568,13352,-9784
-6381,13855,-7474
-8897,13591,-4694
-10976,12234,-1258
-12519,10737,1782
-13686,9062,4624
-13880,6678,7202
-13600,4104,9496
-12713,1245,11468
-11442,-1485,12927
-9421,-4310,13731
-7123,-6835,13958
-4327,-9306,13633
-1324,-11191,12515
1427,-12618,11191
4327,-13641,9314
7033,-14049,7016
9384,-13777,4393
11475,-12923,1448
12919,-11611,-1308
13827,-9710,-4117
14202,-7441,-6761
14206,-5197,-9009
13525,-2503,-11022
12032,400,-12432
10085,3258,-13343
7887,5964,-13851
5139,8542,-13681
2244,10729,-12973
-556,12288,-11732
-3621,13138,-9517
-6397,13492,-7095
-9009,13360,-4351
-11170,12358,-1188
-12705,10918,1787
-13521,8955,4566
-13620,6406,7214
-13072,3597,9475
-12090,655,11435
-10465,-2293,12758
-8233,-5209,13442
-5890,-7713,13603
-2871,-10015,12886
70,-11785,11715
2755,-13022,10267
5585,-13711,8126
8266,-13715,5449
10469,-13084,2615
12251,-12412,161
13608,-11005,-2603
14016,-8724,-5292
14004,-6356,-7648
13530,-3588,-9942
12465,-697,-11768
11042,1967,-13009
8943,4731,-13674
6534,7293,-13827
3749,9615,-13364
1014,11434,-12448
-1889,12771,-10882
-4582,13546,-8964
-7297,13810,-6513
-9656,13092,-3436
-11484,11595,-111
-12725,9780,2945
-13686,7986,5700
-13711,5469,8242
-13113,2693,10420
-12090,-33,12123
-10300,-2932,13232
-8427,-5502,13929
-5874,-8064,13938
-2928,-10131,13059
-94,-11937,12031
2623,-13080,10457
5366,-13864,8498
7940,-13785,5845
10184,-13146,2962
11979,-12106,127
13249,-10580,-2669
13909,-8505,-5404
13967,-6146,-7821
13426,-3456,-9970
12350,-573,-11777
10902,2091,-12993
8819,4842,-13661
6315,7425,-13740
3465,9726,-13191
523,11591,-12114
-2409,12717,-10308
-5284,13274,-7990
-7878,13088,-5210
-10333,12585,-2252
-12156,11228,928
-13257,9681,3576
-13629,7392,6237
-13587,4962,8625
-12721,2046,10675
-11376,-804,12180
-9512,-3667,13179
-7218,-6406,13624
-4413,-8765,13178
-1472,-10885,12357
1179,-12271,11092
4137,-13319,9182
6781,-13740,6959
9314,-13389,4075
11232,-12461,1229
12709,-11257,-1452
13567,-9339,-4228
14053,-7247,-6806
13954,-4941,-9013
13216,-2244,-10972
12144,354,-12498
10588,3073,-13661
8204,5746,-13950
5688,8109,-13797
2974,10188,-13162
-70,11867,-11797
-2730,12997,-10267
-5535,13641,-8106
-8109,13690,-5581
-10267,13035,-2768
-12135,11941,194
-13278,10225,3053
-13810,8047,5763
-13732,5548,8184
-13084,2627,10457
-11929,-165,12094
-10188,-3052,13240
-7986,-5795,13781
-5527,-8155,13682
-2743,-10312,13055
165,-12073,11908
2780,-13158,10378
5519,-13913,8394
8010,-13897,5887
10213,-13373,3160
12032,-12222,190
13261,-10700,-2561
13996,-8654,-5342
14136,-6410,-7726
13575,-3630,-9945
12758,-969,-11789
11426,1542,-12968
9252,4351,-13603
6657,7136,-13793
3803,9351,-13154
952,11273,-12225
-1777,12552,-10775
-4607,13439,-8832
-7437,13063,-5626
-9792,12375,-2583
-12007,11636,371
-13129,9842,3287
-13645,7672,5973
-13484,5152,8332
-12672,2219,10453
-11484,-556,12040
-9425,-3588,13013
-7264,-6191,13455
-4603,-8646,13249
-1621,-10687,12308
1142,-12111,10969
4050,-13208,9158
6859,-13476,6617
9297,-13043,3746
11327,-12119,792
12742,-10720,-2022
13579,-8943,-4636
13785,-6529,-7256
13426,-4067,-9359
12412,-1192,-11220
11067,1505,-12572
9235,4219,-13454
7231,6723,-13954
4595,9017,-13612
1716,10848,-12564
-952,12234,-11282
-3906,13261,-9355
-6690,13563,-6873
-9103,13266,-4163
-11158,12276,-1118
-12630,10811,1819
-13377,8926,4451
-13620,6517,7103
-13249,3914,9335
-12502,1188,11314
-11067,-1592,12659
-9050,-4384,13434
-6851,-6987,13838
-4360,-9322,13682
-1464,-11281,12745
1068,-12655,11587
3704,-13653,9949
6175,-14363,8188
8559,-14194,5635
10617,-13327,2710
12271,-12172,-99
13422,-10485,-2937
14020,-8509,-5511
14165,-6241,-7924
13839,-3667,-10172
13043,-1105,-11938
11698,1546,-13244
9656,4232,-13888
7293,6826,-14119
4562,9182,-13744
1720,11116,-12836
-882,12560,-11678
-3902,13484,-9582
-6620,13748,-7128
-9029,13299,-4270
-11170,12234,-1064
-12915,11067,1848
-13703,9235,4468
-13806,6674,7132
-13381,3972,9409
-12515,1105,11410
-11100,-1720,12820
-9062,-4562,13624
-6781,-7144,13925
-4013,-9495,13508
-1076,-11310,12386
1769,-12651,10882
4620,-13521,8901
7400,-13736,6336
9730,-13249,3519
11743,-12321,578
13150,-11026,-2124
13868,-8967,-4901
14070,-6591,-7479
13591,-3984,-9607
12672,-1101,-11571
11154,1699,-12853
9351,4372,-13723
7029,6958,-13987
4298,9260,-13558
1307,11166,-12473
-1419,12577,-11158
-4285,13509,-9224
-7029,13868,-6839
-9504,13418,-3914
-11422,12205,-783
-12795,10481,2314
-13695,8683,5012
-13827,6158,7669
-13398,3592,9806
-12515,779,11736
-11050,-1947,12997
-8967,-4702,13669
-6583,-7264,13847
-3745,-9594,13339
-713,-11558,12271
2083,-12832,10749
4776,-13810,9034
7416,-14020,6604
9718,-13723,4005
11682,-12820,1138
13096,-11438,-1658
13934,-9495,-4439
14235,-7317,-6918
14371,-5304,-9067
13670,-2487,-11183
12189,317,-12506
10353,3060,-13413
8105,5935,-14040
5577,8452,-14029
2763,10568,-13331
-198,12230,-12032
-2895,13278,-10383
-5696,13818,-8122
-8274,13785,-5511
-10555,12841,-2286
-12317,11529,788
-13398,9821,3577
-13831,7557,6274
-13505,4776,8729
-12655,1794,10861
-11467,-1105,12572
-9400,-4100,13500
-7053,-6793,13846
-4471,-9145,13616
-1485,-11133,12618
1134,-12560,11426
4100,-13468,9368
6785,-13798,7013
9310,-13501,4191
11360,-12696,1336
12923,-11413,-1510
13740,-9367,-4373
14004,-7020,-6984
13703,-4488,-9215
12849,-1629,-11220
11611,1134,-12745
9681,3906,-13587
7338,6525,-13863
4661,8881,-13542
1843,10894,-12737
-849,12387,-11538
-3873,13406,-9533
-6715,13756,-7041
-9256,13233,-3977
-11236,11842,-606
-12593,10221,2372
-13558,8460,5098
-13839,6138,7701
-13340,3333,10007
-12420,552,11868
-10762,-2301,13063
-8893,-4888,13781
-6402,-7466,13868
-3440,-9747,13187
-519,-11624,12143
2248,-12923,10675
5032,-13761,8729
7742,-13777,6035
10048,-13278,3230
11888,-12226,338
13261,-10786,-2475
13921,-8745,-5176
14152,-6579,-7573
13839,-4042,-9797
12985,-1435,-11550
11517,1373,-12890
9578,4079,-13657
7144,6707,-13851
4376,9153,-13529
1501,11178,-12679
-1344,12552,-11208
-4240,13398,-9158
-7020,13488,-6468
-9479,13055,-3576
-11488,11933,-445
-12882,10473,2409
-13583,8336,5247
-13596,6001,7595
-13150,3163,9987
-11913,189,11724
-10258,-2767,13025
-8010,-5643,13653
-5436,-8159,13595
-2479,-10316,12795
412,-12012,11600
2998,-13039,10041
5779,-13761,7982
8328,-13752,5424
10494,-13096,2602
12193,-11966,-227
13311,-10287,-3024
13888,-8179,-5709
13905,-5861,-8044
13327,-3056,-10271
12304,-268,-12036
10956,2363,-13319
8848,5024,-13872
6472,7503,-13975
3704,9735,-13439
759,11459,-12218
-2219,12766,-10547
-4933,13426,-8493
-7627,13587,-5960
-9937,13018,-3081
-11962,12061,-99
-13204,10428,2776
-13707,8278,5429
-13777,5861,7916
-13101,2904,10197
-12036,140,11896
-10291,-2759,13050
-8109,-5511,13620
-5671,-7953,13624
-2842,-10205,13047
12,-11946,11934
2710,-13068,10358
5465,-13756,8291
8047,-13827,5780
10333,-13212,2879
12144,-12189,45
13303,-10555,-2748
14012,-8633,-5379
14383,-6571,-7812
14045,-4137,-9908
13319,-1711,-11608
11863,1105,-12968
9685,3865,-13550
7301,6562,-13863
4430,9033,-13463
1575,11026,-12601
-1101,12490,-11389
-4067,13476,-9409
-6967,13579,-6612
-9277,12936,-3659
-11488,12214,-726
-12898,10700,2198
-13583,8604,4979
-13690,6253,7437
-13171,3477,9694
-12131,577,11554
-10423,-2413,12836
-8266,-5230,13496
-5935,-7759,13694
-3048,-10077,13125
-152,-11793,11945
2701,-13010,10309
5420,-13736,8316
7961,-13798,5837
10197,-13200,3003
12012,-12160,148
13336,-10984,-2352
14157,-9087,-5070
14012,-6612,-7400
13468,-3873,-9595
12218,-746,-11472
10758,2054,-12812
8769,4826,-13595
6468,7305,-13773
3658,9644,-13302
746,11409,-12155
-2120,12717,-10597
-4962,13476,-8514
-7598,13484,-5886
-9904,12667,-2763
-11830,11413,417
-12944,9718,3226
-13530,7602,5928
-13356,4970,8386
-12762,2235,10527
-11595,-556,12151
-9631,-3493,13124
-7367,-6183,13550
-4888,-8629,13517
-1967,-10720,12687
771,-12247,11476
3502,-13257,9755
6105,-13959,7854
8633,-13884,5251
10626,-12936,2310
12271,-11690,-581
13352,-9953,-3399
13921,-7866,-6055
13959,-5523,-8436
13843,-3399,-10444
13150,-849,-12301
11244,1901,-13145
9013,4686,-13699
6600,7206,-13806
3716,9520,-13236
816,11397,-12213
-2107,12696,-10589
-4912,13422,-8510
-7602,13497,-5895
-9957,12791,-2834
-11913,11776,137
-13195,10370,2825
-13798,8233,5565
-13678,5746,7932
-13088,2990,10098
-12160,160,12000
-10477,-2664,13141
-8423,-5379,13802
-5973,-7907,13880
-3275,-10081,13356
-424,-11809,12233
2293,-12973,10680
5082,-13756,8674
7713,-13942,6229
10032,-13422,3390
11875,-12482,607
13224,-11372,-1852
14086,-9508,-4578
14322,-7293,-7029
13864,-4661,-9203
12981,-1765,-11216
11578,1068,-12646
9718,3840,-13558
7350,6480,-13830
4632,8864,-13496
1666,10881,-12547
-1175,12300,-11125
-4236,13270,-9034
-6913,13740,-6827
-9396,13332,-3936
-11294,12003,-709
-12725,10382,2343
-13567,8588,4979
-13662,6150,7512
-13167,3267,9900
-12251,416,11835
-10654,-2355,13009
-8435,-5197,13632
-5964,-7709,13673
-3234,-9891,13125
-239,-11781,12020
2470,-12894,10424
5214,-13827,8613
7816,-13987,6171
10027,-13542,3515
11871,-12622,751
13150,-11162,-1988
13967,-9132,-4835
14190,-6876,-7314
14132,-4566,-9566
13307,-1819,-11488
11826,915,-12741
9834,3683,-13517
7585,6418,-14003
4929,8889,-13818
2182,10861,-13043
-552,12453,-11901
-3531,13332,-9801
-6265,13822,-7557
-8815,13558,-4743
-10980,12593,-1613
-12663,11302,1361
-13596,9479,4117
-13880,7082,6798
-13521,4314,9207
-12626,1423,11203
-11306,-1365,12671
-9268,-4174,13442
-6917,-6851,13768
-4318,-9301,13619
-1348,-11149,12497
1295,-12606,11311
4257,-13468,9211
7029,-13744,6715
9450,-13422,3972
11479,-12630,1151
13006,-11265,-1741
13740,-9240,-4500
13934,-6864,-7070
13620,-4281,-9339
12721,-1480,-11241
11413,1315,-12728
9438,4079,-13517
7049,6641,-13690
4339,9046,-13385
1377,11017,-12394
-1344,12449,-11105
-4413,13274,-8861
-7177,13530,-6353
-9673,12845,-3172
-11541,11545,-4
-12865,9817,3048
-13719,8014,5705
-13798,5531,8267
-13245,2817,10428
-12824,490,12334
-11182,-2301,13483
-9384,-4822,14206
-7066,-7379,14445
-4211,-9578,13789
-1526,-11467,12993
1109,-13043,11934
3654,-14099,10445
6340,-14697,8357
8716,-14412,5696
10799,-13657,2858
12560,-12651,91
13781,-11145,-2636
14388,-9186,-5202
14565,-6921,-7644
14194,-4244,-9950
13315,-1526,-11789
12090,1183,-13273
10271,3828,-14099
7936,6587,-14523
5288,9050,-14338
2569,11063,-13632
-420,12729,-12309
-3011,13715,-10704
-5787,14326,-8539
-8245,14251,-6006
-10642,13612,-2970
-12354,11974,380
-13575,10506,3069
-14218,8274,5944
-14194,5919,8275
-13666,2970,10696
-12399,-20,12419
-10708,-2920,13628
-8464,-5853,14317
-5841,-8377,14218
-2924,-10572,13496
4,-12387,12383
2730,-13492,10762
5572,-14301,8729
8241,-14363,6122
10535,-13728,3193
12441,-12597,156
13670,-10947,-2723
14330,-8848,-5482
14478,-6459,-8019
13934,-3609,-10325
12870,-643,-12227
11484,2050,-13534
9293,4838,-14131
6950,7433,-14383
4046,9768,-13814
1237,11562,-12799
-1823,12915,-11092
-5181,13360,-8179
-7899,13571,-5672
-10465,13068,-2603
-12474,12181,293
-13620,10362,3258
-14190,8064,6126
-14111,5486,8625
-13418,2565,10853
-12226,-354,12580
-10341,-3279,13620
-8047,-6034,14081
-5556,-8497,14053
-2660,-10725,13385
441,-12507,12066
2941,-13620,10679
5927,-14284,8357
8555,-14322,5767
10815,-13542,2727
12568,-12486,-82
13822,-10725,-3097
14544,-8844,-5700
14788,-6567,-8221
14445,-4092,-10353
13773,-1522,-12251
12218,1225,-13443
9970,4166,-14136
7594,6901,-14495
4706,9409,-14115
1905,11438,-13343
-734,12964,-12230
-3852,14062,-10210
-6620,14491,-7871
-9198,14202,-5004
-11298,13402,-2104
-13022,12020,1002
-13996,10052,3944
-14334,7730,6604
-14020,4896,9124
-13212,1893,11319
-11904,-973,12877
-9809,-4100,13909
-7392,-6954,14346
-4694,-9421,14115
-1711,-11446,13157
1076,-12952,11876
4050,-14099,10049
6934,-14445,7511
9413,-14247,4834
11525,-13365,1840
13237,-12156,-1081
14210,-10423,-3787
14668,-8151,-6517
14445,-5449,-8996
13629,-2524,-11105
12313,457,-12770
10485,3349,-13834
8270,6113,-14383
5717,8613,-14330
2685,10795,-13480
-301,12461,-12160
-3122,13596,-10474
-6336,13703,-7367
-8910,13051,-4141
-11426,12329,-903
-13047,10890,2157
-13893,8844,5049
-13963,6232,7731
-13525,3353,10172
-12626,424,12202
-10852,-2574,13426
-8485,-5403,13888
-6080,-8031,14111
-3126,-10366,13492
-33,-12139,12172
2788,-13360,10572
5671,-14095,8424
8307,-14140,5833
10584,-13385,2801
12432,-12164,-268
13657,-10386,-3271
14223,-8167,-6056
14322,-5845,-8477
14363,-3572,-10791
13662,-1006,-12656
11644,1827,-13471
9376,4731,-14107
6760,7400,-14160
3790,9834,-13624
701,11793,-12494
-2194,13121,-10927
-5007,13942,-8935
-7829,14049,-6220
-10263,13389,-3126
-12251,12292,-41
-13587,10824,2763
-14202,8600,5602
-14140,5956,8184
-13525,3077,10448
-12507,165,12342
-10881,-2693,13574
-8674,-5552,14226
-6237,-8146,14383
-3621,-10403,14024
-643,-12259,12902
2149,-13439,11290
4925,-14227,9302
7680,-14433,6753
10065,-14070,4005
12040,-13249,1209
13674,-12486,-1188
14742,-10832,-3910
14957,-8427,-6530
14705,-5878,-8827
13992,-2986,-11006
12791,16,-12807
11063,2871,-13934
8971,5643,-14614
6381,8204,-14585
3456,10448,-13904
490,12288,-12778
-2380,13488,-11108
-5226,14305,-9079
-7973,14474,-6501
-10386,13336,-2950
-12090,11529,561
-13711,10225,3486
-14350,8047,6303
-14132,5296,8836
-13509,2396,11113
-12362,-540,12902
-10419,-3493,13912
-8043,-6294,14337
-5383,-8749,14132
-2404,-11063,13467
874,-12725,11851
3526,-13835,10309
6373,-14491,8118
8897,-14425,5528
11187,-13620,2433
12948,-12416,-532
14095,-10712,-3383
14656,-8435,-6221
14763,-6055,-8708
14557,-3605,-10952
13212,-627,-12585
11517,2190,-13707
9202,5044,-14246
6732,7742,-14474
3865,10164,-14029
928,12065,-12993
-1955,13365,-11410
-5007,14119,-9112
-7767,14247,-6480
-10345,13608,-3263
-12350,12432,-82
-13732,10844,2888
-14388,8604,5784
-14334,5923,8411
-13662,3044,10618
-12585,45,12540
-10910,-2961,13871
-8534,-5832,14366
-6121,-8373,14494
-3196,-10708,13904
-226,-12494,12720
2495,-13752,11257
5453,-14421,8968
8171,-14581,6410
10568,-14136,3568
12523,-13249,726
14049,-11875,-2174
14614,-9677,-4937
14751,-7218,-7533
14408,-4488,-9920
13505,-1518,-11987
12065,1402,-13467
9970,4306,-14276
7536,6958,-14494
4615,9512,-14127
1666,11616,-13282
-1200,13101,-11901
-4368,14029,-9661
-7202,14346,-7144
-9809,13674,-3865
-11838,12069,-231
-13179,10300,2879
-14144,8377,5767
-14202,5886,8316
-13530,2821,10709
-12441,-57,12498
-10527,-3172,13699
-8278,-5993,14271
-5585,-8641,14226
-2396,-10902,13298
688,-12692,12004
3333,-13814,10481
6191,-14548,8357
8811,-14346,5535
11046,-13563,2517
12812,-12420,-392
14037,-10704,-3333
14627,-8526,-6101
14701,-6191,-8510
14190,-3465,-10725
13088,-453,-12635
11492,2268,-13760
9339,5082,-14421
6567,7858,-14425
3803,10159,-13962
705,12139,-12844
-2301,13282,-10981
-5218,14000,-8782
-8089,13781,-5692
-10597,13245,-2648
-12540,11830,710
-13798,10225,3573
-14317,7812,6505
-14247,5226,9021
-13484,2206,11278
-12065,-717,12782
-10176,-3749,13925
-7858,-6554,14412
-5168,-9009,14177
-2190,-11174,13364
754,-12738,11984
3535,-13810,10275
6327,-14355,8028
9070,-14194,5124
11211,-13402,2191
12985,-12069,-916
14029,-10275,-3754
14536,-7920,-6616
14355,-5333,-9022
13567,-2429,-11138
12391,486,-12877
10766,3229,-13995
8427,5997,-14424
5808,8464,-14272
2739,10700,-13439
-330,12395,-12065
-3411,13497,-10086
-6298,13921,-7623
-9066,13715,-4649
-11265,12870,-1605
-13154,11665,1489
-13909,9598,4311
-14251,7156,7095
-13897,4384,9513
-12898,1282,11616
-11389,-1674,13063
-9219,-4624,13843
-6831,-7305,14136
-3914,-9801,13715
-829,-11871,12700
1951,-13187,11236
4851,-14078,9227
7598,-14326,6728
10032,-13913,3881
12028,-12936,908
13509,-11467,-2042
14421,-9636,-4785
14998,-7709,-7289
14779,-5222,-9557
14078,-2706,-11372
12857,292,-13149
10873,3036,-13909
8608,5861,-14469
5787,8472,-14259
2924,10708,-13632
-115,12581,-12466
-2644,13612,-10968
-5589,14404,-8815
-8361,14239,-5878
-10671,13410,-2739
-12684,12300,384
-13810,10527,3283
-14305,8171,6134
-14231,5523,8708
-13575,2578,10997
-12399,-354,12753
-10436,-3427,13863
-8245,-6245,14490
-5742,-8650,14392
-2932,-10873,13805
169,-12606,12437
2792,-13794,11002
5655,-14478,8823
8299,-14503,6204
10659,-13942,3283
12519,-12903,384
13876,-11327,-2549
14619,-9363,-5256
14656,-6781,-7875
14218,-3980,-10238
13068,-862,-12206
11508,1959,-13467
9479,4780,-14259
7062,7458,-14520
4252,9817,-14069
1212,11781,-12993
-1588,13154,-11566
-4731,13967,-9236
-7717,13583,-5866
-10465,12956,-2491
-12544,11801,743
-13546,10184,3362
-14124,7870,6254
-13917,5073,8844
-13266,2153,11113
-11822,-1068,12890
-9887,-3832,13719
-7433,-6616,14049
-4739,-9145,13884
-1542,-11244,12786
1155,-12758,11603
4261,-13744,9483
7111,-14202,7091
9615,-13785,4170
11690,-12766,1076
13220,-11121,-2099
13983,-9231,-4752
14379,-6831,-7548
14235,-4219,-10016
14124,-2252,-11872
12375,936,-13311
10374,3502,-13876
7874,6348,-14222
5007,8844,-13851
1551,11228,-12779
-952,12614,-11662
-4050,13649,-9599
-6950,13864,-6914
-9582,13435,-3853
-11665,12383,-718
-13332,11096,2236
-14078,8823,5255
-14082,6237,7845
-13587,3254,10333
-12581,334,12247
-11154,-2301,13455
-8996,-5143,14139
-6715,-7763,14478
-4162,-10122,14284
-1035,-12123,13158
1843,-13311,11468
4632,-14107,9475
7416,-14433,7017
9834,-14062,4228
11884,-13175,1291
13459,-12090,-1369
14532,-10428,-4104
14944,-8237,-6707
14660,-5931,-8729
13901,-2677,-11224
12684,148,-12832
10918,3040,-13958
9029,5577,-14606
6633,8113,-14746
3374,10568,-13942
540,12296,-12836
-2074,13451,-11377
-4945,14297,-9352
-7920,14581,-6661
-10098,13827,-3729
-12078,11781,297
-13443,10613,2830
-14363,8534,5829
-14326,5882,8444
-13785,2961,10824
-12783,86,12697
-10857,-3097,13954
-8769,-5630,14399
-5927,-8448,14375
-3246,-10502,13748
185,-12474,12289
2569,-13521,10952
5560,-14313,8753
8522,-14367,5845
10572,-13868,3296
12655,-12606,-49
13769,-11079,-2690
14474,-8868,-5606
14602,-6356,-8246
14020,-3432,-10588
12824,-408,-12416
11191,2417,-13608
8732,5655,-14387
6171,8204,-14375
3279,10489,-13768
424,12313,-12737
-2652,13534,-10882
-5473,14194,-8721
-8196,14227,-6031
-10584,13398,-2814
-12453,11991,462
-13682,10271,3411
-14243,7858,6385
-14086,5094,8992
-13253,2066,11187
-12078,-804,12882
-10019,-3898,13917
-7750,-6678,14428
-5614,-9095,14709
-2701,-11286,13987
231,-12812,12581
2912,-13835,10923
5816,-14416,8600
8559,-14458,5899
10894,-13905,3011
12795,-13022,227
14066,-11372,-2694
14656,-9277,-5379
14709,-6690,-8019
14289,-3935,-10354
13266,-919,-12347
11937,1831,-13768
9829,4706,-14535
7338,7359,-14697
4483,9747,-14230
1695,11760,-13455
-1043,13216,-12173
-4087,14136,-10049
-6987,14557,-7570
-9648,13930,-4282
-11620,12226,-606
-13096,10518,2578
-14206,8761,5445
-14400,6241,8159
-13769,3234,10535
-12816,363,12453
-11100,-2635,13735
-9021,-5416,14437
-6344,-8080,14424
-3423,-10362,13785
-437,-12284,12721
2462,-13550,11088
5329,-14334,9005
8076,-14338,6262
10514,-13620,3106
12441,-12573,132
13744,-10832,-2912
14400,-8551,-5849
14462,-6026,-8436
13773,-3023,-10750
12643,-140,-12503
10869,2792,-13661
8761,5544,-14305
6026,8233,-14259
3102,10543,-13645
4,12346,-12350
-2759,13443,-10684
-5816,14004,-8188
-8456,13810,-5354
-10865,12993,-2128
-12717,11455,1262
-13876,9735,4141
-14218,7202,7016
-14091,4525,9566
-13092,1538,11554
-11554,-1518,13072
-9652,-4422,14074
-7206,-7111,14317
-4372,-9545,13917
-1402,-11517,12919
1373,-12923,11550
4376,-13950,9574
7099,-14396,7297
9718,-14070,4352
11805,-13051,1246
13303,-11686,-1617
14260,-9768,-4492
14619,-7503,-7116
14610,-5139,-9471
13785,-2202,-11583
12688,482,-13170
10861,3221,-14082
8617,5981,-14598
5882,8489,-14371
2912,10663,-13575
-193,12449,-12256
-3147,13501,-10354
-6125,13905,-7780
-8905,13888,-4983
-11104,13101,-1997
-13076,11933,1143
-13884,9891,3993
-14268,7515,6753
-14025,4727,9298
-13109,1645,11464
-11698,-1266,12964
-9561,-4298,13859
-7198,-7000,14198
-4298,-9516,13814
-1373,-11541,12914
1509,-13018,11509
4459,-13893,9434
7123,-14251,7128
9656,-13880,4224
11735,-12849,1114
13212,-11533,-1679
14107,-9466,-4641
14449,-7103,-7346
14066,-4298,-9768
13336,-1518,-11818
12098,1155,-13253
9961,3972,-13933
7536,6789,-14325
4620,9252,-13872
1728,11269,-12997
-952,12820,-11868
-3914,13835,-9921
-6855,14111,-7256
-9355,13616,-4261
-11591,12647,-1056
-13208,11178,2030
-14033,9075,4958
-14177,6546,7631
-13744,3753,9991
-12672,701,11971
-11137,-2161,13298
-8959,-5069,14028
-6538,-7755,14293
-3782,-9994,13776
-779,-11970,12749
2033,-13286,11253
4822,-14190,9368
7569,-14437,6868
10032,-14016,3984
12045,-13022,977
13530,-11867,-1663
14680,-10225,-4455
14916,-7948,-6968
14614,-5354,-9260
13695,-2347,-11348
12317,528,-12845
10572,3328,-13900
8456,6088,-14544
5935,8563,-14498
3027,10733,-13760
-78,12432,-12354
-2891,13649,-10758
-5824,14181,-8357
-8637,13773,-5136
-10943,13022,-2079
-12865,11739,1126
-13831,9879,3952
-14239,7503,6736
-13864,4714,9150
-13241,1868,11373
-11904,-1076,12980
-9763,-4005,13768
-7334,-6855,14189
-4582,-9367,13949
-1534,-11434,12968
1216,-12997,11781
4149,-13996,9847
6938,-14454,7516
9471,-14086,4615
11484,-13117,1633
13063,-11731,-1332
13979,-9763,-4216
14334,-7334,-7000
14144,-4657,-9487
13352,-1893,-11459
12152,841,-12993
10143,3704,-13847
7684,6534,-14218
4879,9046,-13925
1815,11195,-13010
-985,12647,-11662
-4129,13719,-9590
-6930,13938,-7008
-9450,13451,-4001
-11669,12329,-660
-13224,11030,2194
-14008,8856,5152
-13963,6274,7689
-13402,3238,10164
-12453,313,12140
-10749,-2644,13393
-8534,-5498,14032
-6034,-8118,14152
-3192,-10403,13595
-272,-12210,12482
2652,-13323,10671
5403,-14082,8679
8163,-14190,6027
10485,-13591,3106
12370,-12630,260
13893,-11583,-2310
14713,-9648,-5065
14713,-7194,-7519
14280,-4492,-9788
13344,-1604,-11740
11871,1390,-13261
9978,4145,-14123
7882,6653,-14535
5011,9120,-14131
2099,11182,-13281
-655,12684,-12029
-3828,13752,-9924
-6567,14293,-7726
-9095,14074,-4979
-11335,12705,-1370
-12898,11162,1736
-14041,9483,4558
-14371,7008,7363
-14053,4368,9685
-13212,1452,11760
-12016,-1291,13307
-10032,-4149,14181
-7701,-6810,14511
-4999,-9244,14243
-1852,-11314,13166
944,-12837,11893
3939,-13946,10007
6727,-14581,7854
9260,-14416,5156
11426,-13591,2165
13055,-12387,-668
14115,-10580,-3535
14647,-8340,-6307
14672,-5989,-8683
14058,-3126,-10932
12808,-222,-12586
11046,2640,-13686
8740,5523,-14263
6142,8118,-14260
3234,10514,-13748
90,12317,-12407
-2739,13418,-10679
-5836,13979,-8143
-8629,13901,-5272
-10997,13195,-2198
-12841,11859,982
-13843,10073,3770
-14334,7713,6621
-14041,4888,9153
-13191,1938,11253
-11925,-998,12923
-9854,-4038,13892
-7474,-6876,14350
-4797,-9273,14070
-1835,-11389,13224
911,-12948,12037
3836,-13992,10156
6694,-14421,7727
9256,-14355,5099
11413,-13690,2277
13175,-12936,-239
14375,-11034,-3341
14742,-8716,-6026
14623,-6245,-8378
14033,-3324,-10709
12936,-396,-12540
11339,2454,-13793
9145,5313,-14458
6645,7928,-14573
3762,10263,-14025
849,12218,-13067
-2025,13464,-11439
-4892,14280,-9388
-7656,14536,-6880
-10168,13802,-3634
-12069,12346,-277
-13319,10489,2830
-14297,8584,5713
-14482,6084,8398
-13831,3168,10663
-12865,255,12610
-11063,-2623,13686
-9124,-5391,14515
-6480,-8089,14569
-3522,-10312,13834
-544,-12296,12840
2235,-13563,11328
5139,-14433,9294
8027,-14482,6455
10362,-13880,3518
12383,-12799,416
13761,-11269,-2492
14474,-9145,-5329
14623,-6678,-7945
14140,-3931,-10209
13059,-977,-12082
11545,1827,-13372
9508,4785,-14293
6736,7565,-14301
3964,9875,-13839
862,11921,-12783
-2182,13146,-10964
-5506,13629,-8123
-8122,13554,-5432
-10857,13278,-2421
-12663,11875,788
-13897,10172,3725
-14350,7792,6558
-14272,5251,9021
-13534,2376,11158
-12238,-585,12823
-10329,-3531,13860
-8093,-6352,14445
-5535,-8889,14424
-2466,-11046,13512
585,-12738,12153
3242,-13773,10531
6142,-14499,8357
8732,-14454,5722
10964,-13744,2780
12853,-12535,-318
13959,-10881,-3078
14561,-8712,-5849
14581,-6249,-8332
13983,-3275,-10708
12915,-412,-12503
11422,2392,-13814
9326,5148,-14474
6723,7804,-14527
3889,10085,-13974
907,12012,-12919
-2091,13348,-11257
-5106,14086,-8980
-7862,14280,-6418
-10308,13534,-3226
-12370,12564,-194
-13645,10832,2813
-14194,8592,5602
-14223,5874,8349
-13538,2825,10713
-12383,-140,12523
-10535,-3151,13686
-8113,-6018,14131
-5498,-8596,14094
-2532,-10852,13384
585,-12597,12012
3341,-13678,10337
6311,-14247,7936
8922,-14157,5235
11178,-13323,2145
12956,-12053,-903
13926,-10184,-3742
14511,-7833,-6678
14301,-5218,-9083
13732,-2536,-11196
12762,119,-12881
10770,2974,-13744
8468,5824,-14292
5494,8493,-13987
2586,10654,-13240
-466,12403,-11937
-3390,13558,-10168
-6439,13855,-7416
-9029,13113,-4084
-11512,12540,-1028
-13212,11125,2087
-14049,9017,5032
-14190,6517,7673
-13723,3729,9994
-12717,787,11930
-11191,-2116,13307
-9112,-4954,14066
-6901,-7536,14437
-4141,-9883,14024
-1175,-11690,12865
1588,-13109,11521
4694,-14037,9343
7491,-14342,6851
9941,-13954,4013
11991,-13010,1019
13472,-11735,-1737
14495,-10184,-4311
14784,-7738,-7046
14392,-5123,-9269
13422,-2041,-11381
12115,825,-12940
10386,3609,-13995
8105,6389,-14494
5552,8901,-14453
2611,11026,-13637
-305,12688,-12383
-3122,13827,-10705
-6022,14421,-8399
-8691,14313,-5622
-10848,13616,-2768
-12713,12267,446
-13761,10469,3292
-14301,8163,6138
-14025,5263,8762
-13443,2384,11059
-12276,-507,12783
-10242,-3522,13764
-7854,-6443,14297
-5197,-9004,14201
-2202,-11182,13384
771,-12816,12045
3473,-13963,10490
6323,-14499,8176
8811,-14470,5659
11013,-13591,2578
12787,-12329,-458
13975,-10588,-3387
14503,-8287,-6216
14470,-5799,-8671
13942,-3011,-10931
13002,-325,-12677
11281,2553,-13834
8976,5436,-14412
6274,8031,-14305
3196,10349,-13545
-49,12189,-12140
-2916,13274,-10358
-5981,13657,-7676
-8736,13443,-4707
-11154,12515,-1361
-12964,11409,1555
-13950,9425,4525
-14095,6822,7273
-13649,3898,9751
-12713,965,11748
-11257,-1930,13187
-9075,-4830,13905
-6645,-7544,14189
-3786,-9933,13719
-771,-11847,12618
2013,-13022,11009
5036,-13860,8824
7779,-14025,6246
10246,-13501,3255
12280,-12585,305
13653,-11154,-2499
14454,-9149,-5305
14606,-6839,-7767
14132,-4046,-10086
13092,-1113,-11979
11533,1744,-13277
9689,4500,-14189
7375,7090,-14465
4409,9504,-13913
1414,11405,-12819
-1489,12894,-11405
-4496,13905,-9409
-7227,14338,-7111
-9735,13876,-4141
-11793,12618,-825
-13220,11055,2165
-14086,9161,4925
-14218,6595,7623
-13798,3757,10041
-12898,961,11937
-11364,-1947,13311
-9293,-4826,14119
-6806,-7511,14317
-3922,-9924,13846
-853,-11880,12733
2041,-13228,11187
4743,-14190,9447
7536,-14511,6975
9920,-14165,4245
11999,-13294,1295
13484,-11999,-1485
14392,-10143,-4249
14730,-7903,-6827
14722,-5502,-9220
14078,-2817,-11261
12750,107,-12857
10832,3081,-13913
8542,5824,-14366
5935,8460,-14395
3097,10663,-13760
103,12494,-12597
-2689,13563,-10874
-5638,14190,-8552
-8278,14235,-5957
-10605,13360,-2755
-12507,12007,500
-13744,10263,3481
-14218,7915,6303
-14037,5185,8852
-13129,2033,11096
-11970,-754,12724
-9916,-3840,13756
-7618,-6641,14259
-4945,-9141,14086
-1942,-11298,13240
1014,-12882,11868
3869,-13917,10048
6674,-14355,7681
9264,-14173,4909
11426,-13418,1992
13183,-12321,-862
14227,-10498,-3729
14643,-8204,-6439
14478,-5663,-8815
13802,-2755,-11047
12688,-24,-12664
11059,2895,-13954
8757,5663,-14420
6183,8241,-14424
3271,10489,-13760
325,12304,-12629
-2545,13472,-10927
-5486,14256,-8770
-8270,14301,-6031
-10564,13307,-2743
-12461,11805,656
-13629,10003,3626
-14470,7911,6559
-14334,5346,8988
-13653,2417,11236
-12589,-383,12972
-10737,-3151,13888
-8674,-5952,14626
-5944,-8485,14429
-2875,-10716,13591
53,-12610,12557
2854,-13835,10981
5816,-14511,8695
8443,-14503,6060
10786,-13847,3061
12622,-12923,301
13983,-11306,-2677
14685,-9297,-5388
14771,-6888,-7883
14379,-4232,-10147
13414,-1299,-12115
11917,1575,-13492
9912,4430,-14342
7441,7165,-14606
4582,9619,-14201
1579,11735,-13314
-1266,13200,-11934
-4376,14025,-9649
-7251,14099,-6848
-9730,13666,-3936
-12012,12523,-511
-13369,10861,2508
-14103,8786,5317
-14185,6245,7940
-13674,3279,10395
-12346,94,12252
-10547,-2932,13479
-8229,-6006,14235
-5473,-8596,14069
-2359,-10865,13224
862,-12614,11752
3485,-13641,10156
6410,-14272,7862
9066,-14115,5049
11273,-13290,2017
12944,-12065,-879
14020,-10143,-3877
14544,-7940,-6604
14466,-5523,-8943
13979,-2747,-11232
12952,-53,-12899
11327,2747,-14074
8967,5515,-14482
6369,7994,-14363
3407,10296,-13703
457,12057,-12514
-2648,13282,-10634
-5820,13686,-7866
-8493,13723,-5230
-10881,13022,-2141
-12903,11941,962
-13798,9941,3857
-14264,7532,6732
-14049,4842,9207
-13224,1835,11389
-11871,-1113,12984
-9842,-4009,13851
-7507,-6699,14206
-4772,-9240,14012
-1765,-11314,13079
1056,-12849,11793
3988,-13884,9896
6835,-14260,7425
9314,-14062,4748
11529,-13125,1596
13113,-11756,-1357
14099,-9825,-4274
14524,-7552,-6972
14322,-4950,-9372
13707,-2310,-11397
12626,342,-12968
10465,3291,-13756
8138,6109,-14247
5176,8728,-13904
2182,10898,-13080
-639,12593,-11954
-3671,13620,-9949
-6732,13905,-7173
-9289,13278,-3989
-11616,12626,-1010
-13162,11100,2062
-14000,9004,4996
-14107,6521,7586
-13571,3630,9941
-12527,713,11814
-10857,-2310,13167
-8658,-5226,13884
-6150,-7738,13888
-3213,-10184,13397
-181,-12032,12213
2726,-13261,10535
5610,-14058,8448
8311,-14119,5808
10659,-13563,2904
12502,-12465,-37
13930,-11496,-2434
14755,-9512,-5243
14561,-6897,-7664
14058,-4203,-9855
12989,-1175,-11814
11574,1703,-13277
9549,4496,-14045
7243,7132,-14375
4558,9495,-14053
1505,11504,-13009
-1175,12923,-11748
-4232,13926,-9694
-6938,14326,-7388
-9512,13897,-4385
-11583,12882,-1299
-13171,11339,1832
-14041,9359,4682
-14239,6905,7334
-13909,4186,9723
-13113,1254,11859
-11636,-1674,13310
-9508,-4554,14062
-7202,-7243,14445
-4690,-9574,14264
-1629,-11644,13273
1006,-13072,12066
3881,-14074,10193
6529,-14672,8143
9004,-14499,5495
11088,-13591,2503
12952,-12350,-602
13946,-10568,-3378
14511,-8287,-6224
14507,-5923,-8584
13987,-3064,-10923
13068,-363,-12705
11389,2392,-13781
9124,5193,-14317
6517,7858,-14375
3419,10197,-13616
363,11991,-12354
-2668,13200,-10532
-5655,13777,-8122
-8456,13690,-5234
-10861,12874,-2013
-12808,11723,1085
-13888,9949,3939
-14148,7400,6748
-13785,4512,9273
-12964,1588,11376
-11595,-1282,12877
-9520,-4331,13851
-7132,-6958,14090
-4186,-9487,13673
-1113,-11488,12601
1740,-12878,11138
4797,-13781,8984
7639,-13946,6307
10106,-13431,3325
12148,-12474,326
13575,-10972,-2603
14326,-9042,-5284
14619,-6707,-7912
14074,-4017,-10057
13022,-1064,-11958
11463,1765,-13228
9516,4533,-14049
7024,7214,-14238
4182,9586,-13768
1084,11574,-12658
-1860,12948,-11088
-4793,13827,-9034
-7594,14049,-6455
-9994,13501,-3507
-11946,12086,-140
-13266,10477,2789
-14124,8336,5788
-14103,5857,8246
-13513,2978,10535
-12453,173,12280
-10890,-2710,13600
-8745,-5544,14289
-6113,-8097,14210
-3279,-10333,13612
-111,-12131,12242
2574,-13356,10782
5432,-14243,8811
8076,-14445,6369
10370,-13934,3564
12292,-12857,565
13596,-11385,-2211
14334,-9297,-5037
14586,-6987,-7599
14553,-4607,-9946
13690,-1815,-11875
12222,944,-13166
10242,3766,-14008
7816,6591,-14407
5172,9066,-14238
2318,11133,-13451
-606,12828,-12222
-3423,13711,-10288
-6348,14181,-7833
-9000,14078,-5078
-11220,13117,-1897
-12952,11760,1192
-13987,9990,3997
-14355,7540,6815
-14033,4793,9240
-13158,1876,11282
-11987,-973,12960
-9933,-3972,13905
-7581,-6690,14271
-4888,-9186,14074
-1975,-11265,13240
911,-12886,11975
3790,-13831,10041
6649,-14317,7668
9223,-14161,4938
11471,-13414,1943
13183,-12201,-982
14099,-10271,-3828
14503,-7953,-6550
14350,-5358,-8992
13629,-2433,-11196
12445,342,-12787
10766,3188,-13954
8501,5948,-14449
5808,8427,-14235
2912,10675,-13587
-127,12490,-12363
-2945,13629,-10684
-5795,14355,-8560
-8509,14342,-5833
-10836,13373,-2537
-12676,11970,706
-13756,10106,3650
-14470,8039,6431
-14359,5358,9001
-13711,2545,11166
-12564,-272,12836
-10791,-3192,13983
-8604,-5989,14593
-6072,-8526,14598
-3118,-10745,13863
-152,-12581,12733
2660,-13822,11162
5420,-14680,9260
8047,-14796,6749
10382,-14177,3795
12333,-13249,916
13802,-11814,-1988
14606,-9801,-4805
14870,-7425,-7445
14590,-4855,-9735
13728,-1934,-11794
12457,870,-13327
10597,3729,-14326
8262,6418,-14680
5482,9004,-14486
2623,11112,-13735
-424,12923,-12499
-3089,13942,-10853
-6241,14375,-8134
-8852,14124,-5272
-11195,13344,-2149
-12948,11748,1200
-14008,10085,3923
-14425,7544,6881
-14293,4908,9385
-13422,1868,11554
-11954,-1167,13121
-9966,-4158,14124
-7420,-7000,14420
-4603,-9528,14131
-1439,-11583,13022
1278,-13043,11765
4294,-14016,9722
7239,-14416,7177
9772,-14037,4265
11999,-12985,986
13459,-11550,-1909
14301,-9487,-4814
14536,-6917,-7619
14078,-4112,-9966
13092,-1072,-12020
11830,1720,-13550
9862,4508,-14370
7466,7111,-14577
4562,9557,-14119
1518,11471,-12989
-1241,12981,-11740
-4496,13777,-9281
-7375,13950,-6575
-10019,13422,-3403
-12152,12552,-400
-13649,10951,2698
-14305,8695,5610
-14400,6249,8151
-13773,3225,10548
-12601,239,12362
-10873,-2718,13591
-8670,-5469,14139
-6026,-8146,14172
-3139,-10374,13513
-8,-12313,12321
2739,-13517,10778
5799,-14297,8498
8481,-14309,5828
10885,-13629,2744
12713,-12465,-248
13905,-10708,-3197
14598,-8567,-6031
14845,-6480,-8365
14392,-3729,-10663
13484,-981,-12503
11776,1757,-13533
9516,4644,-14160
6810,7491,-14301
3823,9862,-13685
800,11917,-12717
-2140,13261,-11121
-4974,14111,-9137
-7940,13905,-5965
-10390,13220,-2830
-12502,12284,218
-13736,10440,3296
-14309,8250,6059
-14144,5552,8592
-13393,2648,10745
-12160,-387,12547
-10201,-3427,13628
-7858,-6307,14165
-5284,-8835,14119
-2145,-11017,13162
808,-12663,11855
3576,-13773,10197
6496,-14256,7760
9033,-14148,5115
11269,-13369,2100
12977,-12049,-928
14029,-10263,-3766
14540,-7994,-6546
14388,-5337,-9051
13657,-2413,-11244
12358,499,-12857
11017,3155,-14172
9380,5684,-15064
7152,8105,-15257
4224,10403,-14627
1221,12119,-13340
-1447,13451,-12004
-4368,14433,-10065
-7173,14763,-7590
-9755,14462,-4707
-11834,13629,-1795
-13447,12115,1332
-14346,10362,3984
-14837,7973,6864
-14623,5333,9290
-14086,2532,11554
-12865,-280,13145
-11108,-3254,14362
-8773,-6076,14849
-6542,-8555,15097
-3922,-10877,14799
-915,-12758,13673
1641,-14045,12404
4467,-15002,10535
7066,-15456,8390
9611,-15316,5705
11686,-14499,2813
13435,-13299,-136
14623,-11558,-3065
15324,-9479,-5845
15477,-7074,-8403
15213,-4533,-10680
14565,-1930,-12635
13261,796,-14057
11236,3642,-14878
8691,6538,-15229
5927,9182,-15109
2697,11430,-14127
-420,13187,-12767
-3415,14359,-10944
-6336,14936,-8600
-9149,14854,-5705
-11558,13855,-2297
-13406,12742,664
-14697,10984,3713
-14998,8443,6555
-14643,5490,9153
-13987,2413,11574
-12791,-585,13376
-10650,-3774,14424
-8316,-6707,15023
-5523,-9376,14899
-2318,-11628,13946
783,-13286,12503
3840,-14367,10527
6798,-14887,8089
9627,-14594,4967
11851,-13748,1897
13711,-12610,-1101
14755,-10588,-4167
15134,-8258,-6876
14895,-5333,-9562
14066,-2297,-11769
12688,858,-13546
10626,3807,-14433
8159,6831,-14990
5168,9351,-14519
2021,11578,-13599
-816,13179,-12363
-4310,14210,-9900
-7243,14685,-7442
-9937,14152,-4215
-12069,12482,-413
-13666,10927,2739
-14643,8889,5754
-14619,6105,8514
-14091,3085,11006
-13063,45,13018
-11319,-2953,14272
-8963,-5791,14754
-6327,-8439,14766
-3159,-10848,14007
86,-12655,12569
3064,-13893,10829
6067,-14759,8692
8889,-14763,5874
11253,-14074,2821
13183,-12919,-264
14367,-11059,-3308
15031,-8806,-6225
15175,-6430,-8745
15155,-3984,-11171
13781,-874,-12907
12003,1926,-13929
9664,5007,-14671
6946,7845,-14791
4137,10238,-14375
1031,12346,-13377
-2000,13583,-11583
-5214,14338,-9124
-8155,14544,-6389
-10799,14041,-3242
-12886,12828,58
-14247,11187,3060
-14977,8918,6059
-14961,6311,8650
-14243,3234,11009
-13191,276,12915
-11496,-2743,14239
-9161,-5733,14894
-6798,-8299,15097
-3943,-10700,14643
-812,-12634,13446
2091,-13983,11892
5143,-14775,9632
8047,-15060,7013
10572,-14676,4104
12729,-13728,999
14297,-12593,-1704
15109,-10440,-4669
15324,-7953,-7371
15056,-5308,-9748
14218,-2314,-11904
12882,643,-13525
10984,3638,-14622
8514,6480,-14994
5651,9178,-14829
2499,11492,-13991
-544,13224,-12680
-3733,14388,-10655
-6628,14850,-8222
-9574,14515,-4941
-11801,13373,-1572
-13517,11690,1827
-14532,9673,4859
-14961,7177,7784
-14573,4389,10184
-13674,1365,12309
-12214,-1687,13901
-10168,-4595,14763
-7614,-7536,15150
-4570,-10044,14614
-1480,-12160,13640
1398,-13719,12321
4483,-14771,10288
7387,-15237,7850
9999,-14837,4838
12135,-13843,1708
13818,-12573,-1245
14870,-10572,-4298
15312,-8184,-7128
15184,-5502,-9682
14454,-2623,-11831
13311,264,-13575
11455,3126,-14581
9178,6010,-15188
6348,8773,-15121
3341,11104,-14445
173,12989,-13162
-2739,14165,-11426
-5824,14841,-9017
-8670,14751,-6081
-11331,14033,-2702
-13237,12560,677
-14495,10861,3634
-15060,8369,6691
-15031,5795,9236
-14388,2726,11662
-12952,-387,13339
-11017,-3510,14527
-8633,-6459,15092
-5915,-9083,14998
-2838,-11323,14161
466,-13191,12725
3205,-14297,11092
6274,-15023,8749
9075,-15010,5935
11475,-14198,2723
13431,-12923,-508
14544,-10980,-3564
15147,-8575,-6572
15101,-5927,-9174
14284,-2805,-11479
13063,214,-13277
11182,3205,-14387
8806,6100,-14906
5997,8782,-14779
2788,11046,-13834
-309,12878,-12569
-3922,13831,-9909
-6971,14016,-7045
-9994,13983,-3989
-12251,13162,-911
-14016,11715,2301
-14643,9446,5197
-14940,6864,8076
-14462,3918,10544
-13406,891,12515
-11941,-2070,14011
-9702,-5077,14779
-7090,-7779,14869
-4170,-10304,14474
-1047,-12280,13327
2025,-13723,11698
5077,-14680,9603
7957,-14887,6930
10609,-14375,3766
12705,-13270,565
14124,-11599,-2525
14940,-9454,-5486
15167,-6938,-8229
14862,-4261,-10601
14309,-1645,-12664
12746,1179,-13925
10456,4149,-14605
7825,7173,-14998
4875,9718,-14593
1699,11884,-13583
-1039,13472,-12433
-4368,14557,-10189
-7326,14779,-7453
-9970,14152,-4182
-12379,13092,-713
-13930,11632,2298
-14738,9438,5300
-14850,6851,7999
-14305,3737,10568
-13245,697,12548
-11541,-2392,13933
-9359,-5432,14791
-6666,-8151,14817
-3667,-10609,14276
-606,-12573,13179
2421,-13855,11434
5416,-14701,9285
8311,-14825,6514
10791,-14359,3568
12799,-13204,405
14206,-11578,-2628
14907,-9508,-5399
15019,-6777,-8242
14466,-3906,-10560
13245,-639,-12606
11649,2231,-13880
9466,5189,-14655
6954,7911,-14865
3993,10263,-14256
462,12540,-13002
-2314,13629,-11315
-5515,14383,-8868
-8514,14062,-5548
-11001,13303,-2302
-13068,11954,1114
-14190,10164,4026
-14759,7606,7153
-14466,4884,9582
-13831,1810,12021
-12713,-1014,13727
-10642,-3807,14449
-8204,-6567,14771
-5490,-9128,14618
-2264,-11446,13710
915,-13266,12351
3997,-14338,10341
6868,-14891,8023
9334,-14685,5351
11562,-13777,2215
13332,-12515,-817
14425,-10473,-3952
14994,-7940,-7054
15019,-5762,-9257
15089,-3601,-11488
14016,-717,-13299
12078,2165,-14243
9636,5123,-14759
6967,7948,-14915
3613,10692,-14305
503,12659,-13162
-2194,13839,-11645
-5090,14709,-9619
-7957,14887,-6930
-10758,14293,-3535
-12766,13105,-339
-14091,11669,2422
-14779,9483,5296
-14767,6546,8221
-14202,3477,10725
-13348,672,12676
-11364,-2718,14082
-9442,-5366,14808
-6872,-8163,15035
-3823,-10617,14440
-734,-12581,13315
2116,-13888,11772
5044,-14755,9711
8002,-15010,7008
10506,-14548,4042
12614,-13538,924
14235,-12057,-2178
15122,-9999,-5123
15332,-7771,-7561
14949,-4978,-9971
13954,-1893,-12061
12354,1431,-13785
10234,4397,-14631
8064,7024,-15088
5053,9545,-14598
1856,11677,-13533
-1575,13373,-11798
-4463,14124,-9661
-7491,14577,-7086
-10209,13810,-3601
-12263,12127,136
-13851,10675,3176
-14680,8481,6199
-14581,5676,8905
-14037,2685,11352
-12700,-606,13306
-11096,-3176,14272
-8703,-6092,14795
-5845,-8753,14598
-2631,-11046,13677
948,-12857,11909
3762,-14078,10316
6930,-14701,7771
9582,-14445,4863
11673,-13678,2005
13455,-12317,-1138
14515,-10320,-4195
14907,-7837,-7070
14994,-5127,-9867
14487,-2499,-11988
13043,396,-13439
10943,3386,-14329
8431,6369,-14800
5750,8947,-14697
2767,11253,-14020
-354,12936,-12582
-3308,14074,-10766
-6377,14705,-8328
-9169,14685,-5516
-11463,13884,-2421
-13369,12391,978
-14470,10588,3882
-14969,8192,6777
-14767,5379,9388
-13897,2322,11575
-12643,-643,13286
-10791,-3642,14433
-8274,-6538,14812
-5692,-9182,14874
-2759,-11405,14164
259,-13237,12978
3085,-14408,11323
6105,-15006,8901
8815,-14998,6183
11236,-14511,3275
13105,-13732,627
14614,-12424,-2190
15192,-10040,-5152
15279,-7437,-7842
14899,-4677,-10222
13959,-1670,-12289
12614,1225,-13839
10580,4207,-14787
8080,7086,-15166
5201,9673,-14874
2128,11888,-14016
-796,13542,-12746
-3848,14524,-10676
-6793,15023,-8230
-9644,14602,-4958
-11793,13187,-1394
-13451,11327,2124
-14520,9545,4975
-14990,7070,7920
-14532,4158,10374
-13546,1043,12503
-11954,-1959,13913
-9763,-4995,14758
-7202,-7841,15043
-4120,-10304,14424
-990,-12465,13455
2008,-13851,11843
4933,-14883,9950
7849,-15109,7260
10428,-14627,4199
12482,-13513,1031
14066,-12090,-1976
15006,-9990,-5016
15328,-7569,-7759
15064,-4945,-10119
14322,-1980,-12342
12981,895,-13876
11034,3782,-14816
8596,6690,-15286
5729,9256,-14985
2648,11529,-14177
-424,13290,-12866
-3485,14371,-10886
-6562,14775,-8213
-9293,14515,-5222
-11875,13769,-1894
-13666,12259,1407
-14767,10452,4315
-15163,7866,7297
-15052,5292,9760
-14210,2194,12016
-12717,-911,13628
-10770,-3972,14742
-8344,-6872,15216
-5556,-9475,15031
-2499,-11677,14176
631,-13393,12762
3415,-14441,11026
6521,-15233,8712
9306,-15122,5816
11644,-14412,2768
13600,-13142,-458
14722,-11397,-3325
15336,-9033,-6303
15398,-6501,-8897
14784,-3568,-11216
13810,-660,-13150
12474,2087,-14561
10147,5098,-15245
7569,7796,-15365
4397,10254,-14651
1315,12292,-13607
-1922,13831,-11909
-5341,14355,-9014
-8295,14598,-6303
-10964,14058,-3094
-13109,13146,-37
-14449,11162,3287
-14953,8856,6097
-14965,6100,8865
-14157,2924,11233
-12898,-251,13149
-10807,-3510,14317
-8283,-6501,14784
-5407,-9248,14655
-2066,-11632,13698
977,-13327,12350
4083,-14425,10342
7086,-14965,7879
9821,-14734,4913
12065,-13822,1757
13769,-12358,-1411
14755,-10250,-4505
15320,-7977,-7343
15233,-5486,-9747
14647,-2681,-11966
13563,74,-13637
11372,3172,-14544
9037,6121,-15158
5894,8914,-14808
2928,11178,-14106
-330,13109,-12779
-3122,14247,-11125
-6216,14899,-8683
-9190,14462,-5272
-11570,13497,-1927
-13604,12222,1382
-14631,10403,4228
-15052,7759,7293
-14742,5003,9739
-13835,1864,11971
-12457,-1134,13591
-10362,-4265,14627
-7763,-7214,14977
-5011,-9751,14762
-1901,-11875,13776
1027,-13472,12445
4096,-14524,10428
7119,-15048,7929
9813,-14730,4917
12102,-13789,1687
13818,-12552,-1266
14883,-10547,-4336
15266,-8175,-7091
15081,-5403,-9678
14231,-2442,-11789
12799,639,-13438
10964,3559,-14523
8613,6496,-15109
6006,8967,-14973
2825,11286,-14111
-429,13080,-12651
-3300,14194,-10894
-6785,14458,-7673
-9491,13880,-4389
-12007,13043,-1036
-13690,11562,2128
-14610,9433,5177
-14812,6756,8056
-14289,3840,10449
-13253,746,12507
-11508,-2355,13863
-9186,-5300,14486
-6542,-8113,14655
-3559,-10605,14164
-243,-12597,12840
2710,-13921,11211
5775,-14709,8934
8629,-14763,6134
11075,-14066,2991
13051,-12775,-276
14301,-11075,-3226
14924,-8683,-6241
15204,-6501,-8703
15233,-4207,-11026
14280,-1443,-12837
12478,1575,-14053
10081,4554,-14635
7392,7491,-14883
4310,10081,-14391
969,12259,-13228
-2074,13678,-11604
-5073,14553,-9480
-7990,14746,-6756
-10605,14111,-3506
-12725,12993,-268
-14157,11438,2719
-14895,9145,5750
-14895,6496,8399
-14330,3427,10903
-13307,420,12887
-11620,-2528,14148
-9450,-5486,14936
-7033,-8212,15245
-4252,-10617,14869
-1216,-12610,13826
1637,-13831,12194
4677,-14734,10057
7668,-15056,7388
10246,-14689,4443
12416,-13818,1402
14103,-12560,-1543
15031,-10572,-4459
15456,-8245,-7211
15188,-5511,-9677
14416,-2508,-11908
13125,457,-13582
11075,3460,-14535
8786,6348,-15134
6055,8988,-15043
2858,11220,-14078
-305,13043,-12738
-3287,14115,-10828
-6447,14730,-8283
-9244,14437,-5193
-11649,12894,-1245
-13464,11434,2030
-14685,9660,5025
-14899,6975,7924
-14528,4137,10391
-13525,1056,12469
-12127,-1872,13999
-9924,-4826,14750
-7119,-7664,14783
-4063,-10131,14194
-680,-12164,12844
2355,-13521,11166
5511,-14561,9050
8431,-14709,6278
11001,-14095,3094
12985,-12944,-41
14210,-11191,-3019
14911,-8782,-6129
15002,-6340,-8662
14751,-3683,-11068
13591,-759,-12832
11735,2169,-13904
9372,5226,-14598
6690,7986,-14676
3630,10481,-14111
585,12461,-13046
-2668,13695,-11027
-5713,14404,-8691
-8580,14454,-5874
-11158,13707,-2549
-13158,12387,771
-14317,10576,3741
-14862,8134,6728
-14656,5457,9199
-13806,2347,11459
-12585,-606,13191
-10535,-3737,14272
-8138,-6666,14804
-5680,-9161,14841
-2611,-11492,14103
507,-13195,12688
3238,-14223,10985
6212,-14845,8633
9021,-14829,5808
11372,-14124,2752
13307,-13138,-169
14590,-11537,-3053
15167,-9235,-5932
15184,-6723,-8461
14610,-3741,-10869
13546,-812,-12734
12016,2116,-14132
9850,5040,-14890
7276,7783,-15059
4339,10250,-14589
1241,12300,-13541
-1592,13752,-12160
-4661,14701,-10040
-7573,15019,-7446
-10164,14557,-4393
-12309,13092,-783
-13633,11083,2550
-14705,9235,5470
-15027,6666,8361
-14482,3691,10791
-13509,845,12664
-11875,-2211,14086
-9821,-5090,14911
-7359,-7866,15225
-4211,-10217,14428
-1105,-12403,13508
1720,-13740,12020
4797,-14718,9921
7742,-14957,7215
10333,-14503,4170
12523,-13435,912
14025,-11925,-2100
14940,-9735,-5205
15134,-7173,-7961
14808,-4492,-10316
13814,-1439,-12375
12387,1439,-13826
10357,4426,-14783
7821,7264,-15085
4937,9755,-14692
1794,11946,-13740
-1076,13439,-12363
-4409,14482,-10073
-7486,14569,-7083
-10077,14260,-4183
-12482,13175,-693
-14049,11669,2380
-14920,9615,5305
-15081,6991,8090
-14771,4265,10506
-13645,1163,12482
-12036,-1815,13851
-9916,-4846,14762
-7458,-7631,15089
-4566,-10176,14742
-1423,-12243,13666
1361,-13740,12379
4483,-14784,10301
7338,-15266,7928
10048,-14998,4950
12164,-14107,1943
13864,-12700,-1164
14821,-10729,-4092
15365,-8464,-6901
15262,-5762,-9500
14437,-2772,-11665
13426,4,-13430
11822,2899,-14721
9442,5915,-15357
6678,8526,-15204
3774,10799,-14573
651,12725,-13376
-2586,14103,-11517
-5601,14808,-9207
-8497,14899,-6402
-11001,14214,-3213
-13154,13072,82
-14379,11306,3073
-14982,8848,6134
-14936,6105,8831
-14260,2998,11262
-13043,-86,13129
-11030,-3283,14313
-8613,-6274,14887
-5865,-8947,14812
-2631,-11306,13937
544,-13162,12618
3448,-14272,10824
6472,-14911,8439
9235,-14660,5425
11620,-13765,2145
13476,-12288,-1188
14614,-10324,-4290
15109,-7936,-7173
14907,-5086,-9821
14053,-2054,-11999
13043,610,-13653
10943,3663,-14606
8509,6538,-15047
5593,9169,-14762
2508,11418,-13926
-548,13200,-12652
-3535,14305,-10770
-6670,14854,-8184
-9553,14309,-4756
-11859,13360,-1501
-13744,11929,1815
-14685,9850,4835
-15023,7235,7788
-14581,4376,10205
-13567,1291,12276
-12040,-1695,13735
-9809,-4851,14660
-7474,-7569,15043
-4459,-10056,14515
-1282,-12139,13421
1567,-13612,12045
4735,-14639,9904
7738,-14932,7194
10287,-14577,4290
12507,-13583,1076
14008,-12185,-1823
15081,-10378,-4703
15382,-7928,-7454
14965,-5139,-9826
14041,-2099,-11942
12523,1039,-13562
10617,3984,-14601
8175,6847,-15022
5412,9413,-14825
2198,11665,-13863
-709,13344,-12635
-3972,14404,-10432
-7152,14664,-7512
-9809,14214,-4405
-12115,13142,-1027
-13711,11636,2075
-14548,9458,5090
-14730,6798,7932
-14223,3774,10449
-13241,643,12598
-11467,-2363,13830
-9083,-5465,14548
-6381,-8221,14602
-3333,-10716,14049
-94,-12709,12803
2751,-13934,11183
5919,-14730,8811
8658,-14812,6154
10984,-14074,3090
12952,-12816,-136
14144,-10960,-3184
14763,-8522,-6241
14796,-6034,-8762
14260,-3089,-11171
13600,-470,-13130
11867,2413,-14280
9421,5445,-14866
6620,8200,-14820
3555,10609,-14164
371,12531,-12902
-2648,13835,-11187
-5618,14540,-8922
-8443,14573,-6130
-10964,13773,-2809
-12969,12556,413
-14235,10774,3461
-14812,8415,6397
-14586,5494,9092
-13897,2479,11418
-12754,-511,13265
-10758,-3592,14350
-8468,-6468,14936
-6059,-9009,15068
-3147,-11310,14457
-165,-13010,13175
2805,-14074,11269
5704,-14825,9121
8592,-14994,6402
11112,-14367,3255
13051,-13426,375
14553,-12280,-2273
15518,-10461,-5057
15625,-7953,-7672
15266,-5230,-10036
14350,-2334,-12016
12919,825,-13744
11017,3716,-14733
8782,6534,-15316
5907,9165,-15072
2800,11339,-14139
-354,13224,-12870
-3221,14313,-11092
-6249,15068,-8819
-9075,14928,-5853
-11479,13645,-2166
-13249,12057,1192
-14598,10481,4117
-15068,8101,6967
-14812,5123,9689
-14078,2153,11925
-12766,-767,13533
-10774,-3832,14606
-8200,-6723,14923
-5164,-9425,14589
-1798,-11785,13583
1249,-13241,11992
4430,-14404,9974
7478,-14850,7372
10040,-14520,4480
12337,-13513,1176
13847,-12040,-1807
14763,-9858,-4905
14953,-7181,-7772
14664,-4488,-10176
13583,-1361,-12222
11913,1724,-13637
9681,4830,-14511
7107,7623,-14730
4116,10201,-14317
878,12292,-13170
-2219,13600,-11381
-5362,14289,-8927
-8332,14375,-6043
-10918,13633,-2715
-12927,12317,610
-14218,10423,3795
-14746,8019,6727
-14421,5201,9220
-13554,2091,11463
-12317,-957,13274
-10213,-4125,14338
-7804,-7004,14808
-5321,-9462,14783
-2314,-11657,13971
651,-13191,12540
3724,-14235,10511
6711,-14693,7982
9442,-14495,5053
11805,-13789,1984
13624,-12684,-940
14676,-10654,-4022
15138,-8361,-6777
15035,-5849,-9186
14441,-2941,-11500
13513,-181,-13332
11937,2569,-14506
9504,5482,-14986
6789,8130,-14919
3782,10444,-14226
825,12502,-13327
-2326,13810,-11484
-5313,14639,-9326
-8349,14672,-6323
-10828,13855,-3027
-12919,12441,478
-14161,10597,3564
-14961,8489,6472
-14932,5841,9091
-14268,2862,11406
-13406,210,13196
-11686,-2701,14387
-9627,-5527,15154
-6888,-8237,15125
-3807,-10560,14367
-672,-12618,13290
2318,-14004,11686
5218,-14936,9718
8072,-15151,7079
10584,-14631,4047
12700,-13616,916
14181,-12115,-2066
15072,-10056,-5016
15373,-7540,-7833
15101,-5003,-10098
14239,-2050,-12189
12853,878,-13731
10811,3836,-14647
8456,6694,-15150
5531,9293,-14824
2487,11607,-14094
-610,13290,-12680
-3856,14247,-10391
-7066,14375,-7309
-9669,14231,-4562
-12276,13389,-1113
-13893,11809,2084
-14874,9809,5065
-15072,7222,7850
-14812,4467,10345
-13703,1348,12355
-12032,-1749,13781
-9970,-4793,14763
-7466,-7672,15138
-4463,-10209,14672
-1361,-12205,13566
1452,-13732,12280
4525,-14689,10164
7437,-15159,7722
10040,-14899,4859
12201,-13913,1712
13897,-12552,-1345
14932,-10605,-4327
15373,-8245,-7128
15353,-5643,-9710
14746,-2891,-11855
13682,8,-13690
11983,2887,-14870
9631,5704,-15335
6983,8344,-15327
3947,10675,-14622
800,12721,-13521
-2326,14029,-11703
-5544,14697,-9153
-8369,14829,-6460
-11017,14148,-3131
-13195,13162,33
-14507,11343,3164
-15159,8980,6179
-15200,6406,8794
-14569,3246,11323
-13352,173,13179
-11496,-2932,14428
-9165,-5882,15047
-6595,-8538,15133
-3555,-10980,14535
-424,-12870,13294
2635,-14206,11571
5618,-14957,9339
8439,-15114,6675
11009,-14548,3539
13117,-13385,268
14482,-11541,-2941
15254,-9367,-5887
15303,-6748,-8555
14722,-3778,-10944
13682,-750,-12932
11875,2161,-14036
9685,5181,-14866
6917,8019,-14936
3819,10510,-14329
536,12564,-13100
-2574,13814,-11240
-6001,14491,-8490
-8922,13930,-5008
-11624,13443,-1819
-13666,12205,1461
-14709,10201,4508
-15015,7656,7359
-14689,4813,9876
-13736,1683,12053
-12420,-1245,13665
-10366,-4298,14664
-7965,-7119,15084
-5168,-9648,14816
-1922,-11781,13703
1014,-13443,12429
4269,-14482,10213
7276,-14961,7685
9933,-14647,4714
12222,-13657,1435
13913,-12284,-1629
14887,-10349,-4538
15213,-7862,-7351
14965,-5090,-9875
14041,-2145,-11896
12577,1027,-13604
10572,4009,-14581
8320,6806,-15126
5589,9409,-14998
2483,11607,-14090
-544,13187,-12643
-3733,14371,-10638
-6748,14804,-8056
-9532,14511,-4979
-11871,13447,-1576
-13575,11884,1691
-14548,9867,4681
-14907,7119,7788
-14503,4277,10226
-13600,1192,12408
-11958,-1947,13905
-9726,-4917,14643
-7132,-7763,14895
-4277,-10271,14548
-1150,-12276,13426
1802,-13682,11880
4859,-14730,9871
7750,-14990,7240
10308,-14573,4265
12478,-13414,936
14008,-11838,-2170
14792,-9627,-5165
15056,-6921,-8135
14701,-4285,-10416
14111,-1612,-12499
12828,1179,-14007
10428,4236,-14664
7825,7000,-14825
4735,9693,-14428
1324,11793,-13117
-1753,13253,-11500
-5172,14095,-8923
-8113,14173,-6060
-10824,13608,-2784
-12997,12498,499
-14375,10774,3601
-14887,8344,6543
-14701,5643,9058
-14058,2668,11390
-13241,-8,13249
-11455,-3019,14474
-9083,-5865,14948
-6571,-8472,15043
-3481,-10828,14309
-375,-12738,13113
2602,-13880,11278
5643,-14746,9103
8551,-14874,6323
11046,-14289,3243
13043,-13311,268
14474,-11851,-2623
15365,-9904,-5461
15600,-7528,-8072
15151,-4747,-10404
14260,-1777,-12483
12845,1245,-14090
10943,4042,-14985
8877,6851,-15728
6232,9363,-15595
3196,11517,-14713
-16,13381,-13365
-2578,14520,-11942
-5531,15382,-9851
-8373,15600,-7227
-10704,15089,-4385
-12775,13946,-1171
-14272,12441,1831
-15192,10374,4818
-15522,7717,7805
-15134,4846,10288
-14400,1914,12486
-13129,-1068,14197
-11108,-4149,15257
-8773,-6967,15740
-5894,-9640,15534
-2924,-11826,14750
342,-13624,13282
2982,-14812,11830
6006,-15679,9673
8662,-15864,7202
11166,-15332,4166
13150,-14313,1163
14689,-12828,-1861
15596,-10720,-4876
15868,-8188,-7680
15658,-5416,-10242
14664,-2244,-12420
13323,746,-14069
11294,3811,-15105
8749,6798,-15547
5836,9570,-15406
2664,11867,-14531
-705,13546,-12841
-4343,14194,-9851
-7392,14866,-7474
-10308,14825,-4517
-12733,13690,-957
-14383,12069,2314
-15237,9838,5399
-15448,7189,8259
-14903,4096,10807
-13728,746,12982
-12057,-2297,14354
-9677,-5473,15150
-7004,-8324,15328
-3951,-10824,14775
-754,-12870,13624
2264,-14284,12020
5498,-15052,9554
8456,-15258,6802
11178,-14660,3482
13327,-13695,368
14693,-11966,-2727
15406,-9565,-5841
15571,-6934,-8637
15019,-3960,-11059
14124,-1014,-13110
12890,1732,-14622
10617,4842,-15459
7862,7647,-15509
4789,10271,-15060
1699,12424,-14123
-1320,14004,-12684
-4657,14994,-10337
-7759,15353,-7594
-10593,14850,-4257
-12845,13591,-746
-14322,11723,2599
-15204,9689,5515
-15505,7033,8472
-14957,4026,10931
-14058,1010,13048
-12432,-2132,14564
-10403,-5020,15423
-7742,-7957,15699
-4537,-10514,15051
-1377,-12762,14139
1526,-14326,12800
4665,-15340,10675
7639,-15827,8188
10308,-15497,5189
12601,-14553,1952
14305,-13158,-1147
15361,-11170,-4191
15868,-8761,-7107
15844,-6208,-9636
15151,-3221,-11930
13897,-82,-13815
12148,2949,-15097
9801,5964,-15765
6934,8765,-15699
3877,11319,-15196
709,13336,-14045
-2425,14639,-12214
-5494,15390,-9896
-8518,15382,-6864
-11191,14693,-3502
-13286,13142,144
-14652,11372,3280
-15378,8943,6435
-15472,6253,9219
-14817,2994,11823
-13393,-297,13690
-11290,-3597,14887
-8889,-6649,15538
-5985,-9450,15435
-2763,-11830,14593
569,-13641,13072
3419,-14808,11389
6587,-15551,8964
9417,-15510,6093
11954,-14643,2689
13926,-13443,-483
15081,-11521,-3560
15786,-9095,-6691
15815,-6439,-9376
15307,-3531,-11776
14433,-664,-13769
13080,2231,-15311
10642,5164,-15806
8043,7849,-15892
4908,10432,-15340
1596,12556,-14152
-1468,14095,-12627
-5193,14825,-9632
-8250,15101,-6851
-11092,14705,-3613
-13393,13711,-318
-14899,11974,2925
-15530,9545,5985
-15708,6897,8811
-15093,3753,11340
-13934,511,13423
-12210,-2644,14854
-9838,-5667,15505
-7148,-8456,15604
-4026,-11075,15101
-804,-13167,13971
2334,-14581,12247
5482,-15477,9995
8526,-15683,7157
11170,-15200,4030
13373,-14074,701
14874,-12309,-2565
15774,-10155,-5619
16054,-7618,-8436
15695,-4941,-10754
14969,-1959,-13010
13488,1014,-14502
11166,4092,-15258
8485,7169,-15654
5230,9999,-15229
1971,12296,-14267
-1089,13967,-12878
-4438,15072,-10634
-7924,15093,-7169
-10531,14363,-3832
-13121,13563,-442
-14623,11818,2805
-15411,9392,6019
-15361,6550,8811
-14614,3308,11306
-13377,82,13295
-11319,-3258,14577
-8790,-6496,15286
-6006,-9244,15250
-2619,-11690,14309
680,-13600,12920
3724,-14821,11097
6909,-15369,8460
9739,-15258,5519
12168,-14404,2236
14066,-13043,-1023
15295,-11191,-4104
15856,-8864,-6992
15650,-6105,-9545
14944,-2986,-11958
13501,243,-13744
11764,3188,-14952
9483,6257,-15740
6756,8926,-15682
3609,11372,-14981
288,13129,-13417
-2805,14528,-11723
-5956,15266,-9310
-9054,15118,-6064
-11599,14173,-2574
-13662,12721,941
-14887,10770,4117
-15452,8266,7186
-15229,5197,10032
-14511,2161,12350
-13200,-891,14091
-11042,-3997,15039
-8501,-6958,15459
-5791,-9652,15443
-2425,-11970,14395
730,-13744,13014
3762,-14854,11092
6868,-15501,8633
9730,-15328,5598
12197,-14474,2277
14066,-13092,-974
15171,-10890,-4281
15679,-8456,-7223
15534,-5766,-9768
15345,-3262,-12083
14668,-565,-14103
12449,2483,-14932
9879,5523,-15402
7037,8423,-15460
3700,10943,-14643
148,13043,-13191
-3081,14305,-11224
-6381,14916,-8535
-9400,14866,-5466
-11983,13971,-1988
-13930,12597,1333
-15081,10613,4468
-15353,7849,7504
-14977,4785,10192
-14045,1588,12457
-12535,-1559,14094
-10345,-4760,15105
-7726,-7693,15419
-4578,-10386,14964
-1332,-12494,13826
1703,-14025,12322
4966,-15027,10061
8047,-15328,7281
10778,-14891,4113
12927,-13901,974
14602,-12441,-2161
15600,-10568,-5032
15926,-8014,-7912
15497,-5152,-10345
14544,-2037,-12507
13063,1179,-14242
10894,4240,-15134
8526,7161,-15687
5403,9854,-15257
2277,12032,-14309
-841,13756,-12915
-4166,14862,-10696
-7202,15431,-8229
-9941,15204,-5263
-12288,13876,-1588
-14029,12090,1939
-15155,10254,4901
-15468,7425,8043
-15147,4549,10598
-14264,1439,12825
-13043,-1410,14453
-11009,-4442,15451
-8443,-7247,15690
-5527,-9879,15406
-2128,-12127,14255
907,-13686,12779
4153,-14994,10841
7132,-15613,8481
9982,-15369,5387
12309,-14561,2252
14136,-13216,-920
15287,-11178,-4109
15782,-8691,-7091
15708,-5931,-9777
15085,-2953,-12132
13736,127,-13863
11822,3126,-14948
9355,6109,-15464
6575,8844,-15419
3489,11306,-14795
86,13266,-13352
-3238,14272,-11034
-6550,14627,-8077
-9623,14825,-5202
-12267,13843,-1576
-14111,12342,1769
-15130,10263,4867
-15402,7557,7845
-14953,4516,10437
-13810,1216,12594
-12317,-1843,14160
-9941,-5110,15051
-7251,-7915,15166
-4265,-10506,14771
-940,-12659,13599
2165,-14128,11963
5370,-15060,9690
8423,-15151,6728
11108,-14606,3498
13274,-13558,284
14672,-11768,-2904
15324,-9363,-5961
15464,-6690,-8774
14833,-3576,-11257
13756,-486,-13270
12403,2277,-14680
10098,5263,-15361
7148,8052,-15200
4013,10605,-14618
820,12771,-13591
-2483,14128,-11645
-5610,14977,-9367
-8707,15064,-6357
-11356,14140,-2784
-13340,12828,512
-14561,10708,3853
-15328,8497,6831
-15167,5651,9516
-14433,2598,11835
-13472,-284,13756
-11500,-3411,14911
-9202,-6282,15484
-6315,-9004,15319
-3126,-11393,14519
53,-13369,13316
2961,-14639,11678
6138,-15427,9289
8988,-15419,6431
11422,-14680,3258
13497,-13525,28
14792,-11880,-2912
15592,-9574,-6018
15736,-7115,-8621
15452,-4380,-11072
14499,-1295,-13204
12919,1571,-14490
10898,4479,-15377
8241,7412,-15653
5280,10098,-15378
2140,12325,-14465
-742,13954,-13212
-4075,14977,-10902
-7272,15307,-8035
-9920,15027,-5107
-12486,13909,-1423
-14152,12313,1839
-15246,10390,4856
-15604,7771,7833
-15464,5024,10440
-14412,1786,12626
-12849,-1311,14160
-10774,-4467,15241
-8291,-7342,15633
-5370,-10081,15451
-2128,-12263,14391
882,-13893,13011
3947,-15027,11080
7000,-15596,8596
9871,-15378,5507
12263,-14577,2314
14115,-13204,-911
15213,-11162,-4051
15736,-8732,-7004
15596,-5869,-9727
14895,-2788,-12107
13728,136,-13864
12111,3122,-15233
9611,6146,-15757
6942,8753,-15695
3658,11211,-14869
552,13154,-13706
-2883,14532,-11649
-6278,14994,-8716
-9244,15097,-5853
-11830,14392,-2562
-13959,13249,710
-15081,11240,3841
-15633,8670,6963
-15510,5799,9711
-14742,2718,12024
-13422,-338,13760
-11500,-3543,15043
-8996,-6587,15583
-6212,-9256,15468
-3102,-11661,14763
173,-13637,13464
3089,-14796,11707
6274,-15567,9293
9108,-15580,6472
11686,-14977,3291
13732,-13728,-4
15010,-11888,-3122
15844,-9615,-6229
15926,-7016,-8910
15444,-4079,-11365
14639,-1221,-13418
12948,1819,-14767
10560,4875,-15435
7755,7936,-15691
4747,10543,-15290
1538,12713,-14251
-1538,14214,-12676
-4710,15258,-10548
-8002,15435,-7433
-10716,14598,-3882
-13146,13674,-528
-14672,11970,2702
-15514,9590,5924
-15559,6892,8667
-14887,3679,11208
-13765,449,13316
-11822,-2817,14639
-9384,-5931,15315
-6612,-8740,15352
-3436,-11236,14672
-119,-13307,13426
2887,-14565,11678
6063,-15365,9302
9070,-15332,6262
11669,-14664,2995
13723,-13327,-396
14969,-11508,-3461
15609,-8963,-6646
15559,-6253,-9306
14792,-3064,-11728
13513,136,-13649
11533,3444,-14977
9508,6204,-15712
7177,8782,-15959
3910,11182,-15092
730,13059,-13789
-2528,14482,-11954
-5853,15241,-9388
-8835,15171,-6336
-11735,14152,-2417
-13583,12993,590
-15048,10865,4183
-15505,8654,6851
-15365,5676,9689
-14763,2640,12123
-13612,-330,13942
-11413,-3671,15084
-9194,-6373,15567
-6472,-9145,15617
-2945,-11793,14738
268,-13666,13398
3308,-14874,11566
6146,-15613,9467
9281,-15646,6365
11492,-14949,3457
13711,-13558,-153
15068,-11677,-3391
15712,-9528,-6184
15782,-6958,-8824
15307,-3795,-11512
14627,-1229,-13398
12779,2079,-14858
10522,4896,-15418
7672,7849,-15521
4430,10617,-15047
1068,12766,-13834
-2099,14239,-12140
-5832,15056,-9224
-8839,15171,-6332
-11248,14515,-3267
-13443,13348,95
-14845,11517,3328
-15386,8662,6724
-15138,6030,9108
-14441,2788,11653
-13212,-445,13657
-10951,-3955,14906
-8588,-6793,15381
-5280,-9867,15147
-2008,-12168,14176
849,-13674,12825
4376,-14833,10457
7453,-15266,7813
10027,-14982,4955
12651,-13938,1287
14383,-12523,-1860
15299,-10700,-4599
15703,-8163,-7540
15406,-4962,-10444
14581,-2145,-12436
13245,891,-14136
11224,3922,-15146
8687,7062,-15749
5952,9512,-15464
2615,11739,-14354
-742,13616,-12874
-3922,14817,-10895
-6798,15361,-8563
-9862,15167,-5305
-12271,13678,-1407
-13996,11875,2121
-15093,10213,4880
-15411,7540,7871
-15089,4339,10750
-14383,1571,12812
-13299,-1196,14495
-11248,-4182,15430
-8394,-7255,15649
-5366,-9928,15294
-2433,-11995,14428
1056,-13864,12808
3951,-14895,10944
7227,-15621,8394
9834,-15489,5655
12222,-14751,2529
14082,-13373,-709
15402,-11244,-4158
15893,-8765,-7128
15844,-6133,-9711
15369,-3349,-12020
14218,-577,-13641
12189,2673,-14862
9735,5787,-15522
6909,8629,-15538
3861,11149,-15010
618,13191,-13809
-2673,14520,-11847
-5799,15134,-9335
-8889,15353,-6464
-11624,14610,-2986
-13662,13385,277
-14936,11496,3440
-15650,9124,6526
-15505,6298,9207
-14660,2957,11703
-13389,-152,13541
-11352,-3448,14800
-8720,-6616,15336
-5931,-9334,15265
-2586,-11706,14292
693,-13596,12903
3753,-14755,11002
6975,-15299,8324
9895,-15101,5206
12292,-14280,1988
14132,-12973,-1159
15126,-10753,-4373
15555,-8171,-7384
15287,-5255,-10032
14392,-2083,-12309
12981,1047,-14028
10865,4174,-15039
8307,7111,-15418
5160,9821,-14981
2033,12061,-14094
-990,13827,-12837
-4347,14837,-10490
-7581,15237,-7656
-10444,14573,-4129
-12622,13237,-615
-14078,11174,2904
-15105,9186,5919
-15241,6476,8765
-14652,3328,11324
-13723,313,13410
-11987,-2677,14664
-9784,-5676,15460
-6938,-8489,15427
-3733,-10976,14709
-478,-13018,13496
2483,-14429,11946
5634,-15345,9711
8505,-15435,6930
11096,-14751,3655
13204,-13670,466
14623,-12003,-2620
15468,-9714,-5754
15675,-7161,-8514
15415,-4496,-10919
14565,-1493,-13072
13055,1390,-14445
10964,4323,-15287
8369,7276,-15645
5308,9920,-15228
2178,12201,-14379
-816,13794,-12978
-4170,14817,-10647
-7412,15060,-7648
-10217,14784,-4567
-12680,13703,-1023
-14334,12160,2174
-15291,10135,5156
-15522,7416,8106
-15303,4665,10638
-14223,1398,12825
-12597,-1740,14337
-10489,-4838,15327
-7911,-7651,15562
-4912,-10337,15249
-1740,-12469,14209
1266,-14078,12812
4393,-15114,10721
7515,-15642,8127
10188,-15324,5136
12552,-14412,1860
14305,-13068,-1237
15312,-10989,-4323
15761,-8452,-7309
15658,-5770,-9888
14878,-2776,-12102
13728,222,-13950
11892,3250,-15142
9471,6179,-15650
6674,8930,-15604
3403,11314,-14717
28,13319,-13347
-3324,14511,-11187
-6546,14899,-8353
-9627,14986,-5359
-12090,14152,-2062
-14103,12907,1196
-15118,10770,4348
-15576,8237,7339
-15332,5288,10044
-14383,2112,12271
-12952,-1084,14036
-10840,-4290,15130
-8299,-7194,15493
-5321,-9895,15216
-2008,-12197,14205
948,-13926,12978
4191,-15085,10894
7132,-15559,8427
9990,-15361,5371
12350,-14396,2046
14148,-13117,-1031
15250,-11063,-4187
15852,-8732,-7120
15798,-6171,-9627
15361,-3341,-12020
14404,-565,-13839
12321,2549,-14870
9974,5564,-15538
7156,8435,-15591
3976,10951,-14927
825,13096,-13921
-2272,14499,-12227
-5449,15406,-9957
-8489,15357,-6868
-11145,14437,-3292
-13497,13418,79
-14887,11735,3152
-15732,9355,6377
-15708,6678,9030
-15068,3489,11579
-13855,342,13513
-12139,-2772,14911
-9747,-5865,15612
-7342,-8580,15922
-4252,-11059,15311
-990,-13125,14115
1918,-14487,12569
5127,-15398,10271
8204,-15679,7475
10836,-15312,4476
13158,-14305,1147
14697,-12684,-2013
15584,-10572,-5012
15881,-7821,-8060
15534,-4958,-10576
14396,-1707,-12689
12824,1423,-14247
10588,4582,-15170
8043,7499,-15542
5065,10213,-15278
1728,12461,-14189
-1579,13934,-12355
-5247,14771,-9524
-8435,14759,-6324
-11236,14272,-3036
-13484,13051,433
-14751,11154,3597
-15477,8745,6732
-15349,5808,9541
-14647,2739,11908
-13699,-115,13814
-11537,-3328,14865
-9070,-6331,15401
-6237,-9070,15307
-3048,-11517,14565
391,-13534,13143
3440,-14680,11240
6612,-15435,8823
9499,-15365,5866
11859,-14445,2586
13884,-13096,-788
15010,-11100,-3910
15522,-8538,-6984
15489,-5857,-9632
14998,-3093,-11905
14185,-206,-13979
12139,2813,-14952
9574,5894,-15468
6637,8695,-15332
3275,11240,-14515
-86,13216,-13130
-3147,14495,-11348
-6443,15039,-8596
-9347,14977,-5630
-11908,13983,-2075
-13926,12630,1296
-15048,10588,4460
-15378,7915,7463
-15081,4978,10103
-14280,1815,12465
-12845,-1357,14202
-10659,-4483,15142
-8142,-7449,15591
-5292,-10126,15418
-2219,-12226,14445
932,-13769,12837
4096,-14845,10749
7181,-15361,8180
10015,-14990,4975
12350,-14148,1798
14165,-12911,-1254
15262,-10795,-4467
15646,-8344,-7302
15328,-5416,-9912
14528,-2272,-12256
13006,932,-13938
10947,4026,-14973
8534,6925,-15459
5498,9603,-15101
2157,11867,-14024
-845,13534,-12689
-4207,14614,-10407
-7371,14994,-7623
-10217,14388,-4171
-12507,12754,-247
-14260,11368,2892
-15208,9194,6014
-15283,6418,8865
-14812,3399,11413
-14157,746,13411
-12742,-2161,14903
-10217,-5152,15369
-7342,-7986,15328
-4228,-10576,14804
-849,-12581,13430
2355,-14008,11653
5424,-15072,9648
8485,-15274,6789
11092,-14833,3741
13253,-13649,396
14639,-11958,-2681
15464,-9710,-5754
15716,-7128,-8588
15786,-4863,-10923
14808,-1860,-12948
13043,1208,-14251
10885,4186,-15071
8402,7103,-15505
5473,9838,-15311
2301,12148,-14449
-759,13831,-13072
-4153,14825,-10672
-7260,15200,-7940
-10114,15031,-4917
-12540,14033,-1493
-14317,12535,1782
-15262,10498,4764
-15604,7870,7734
-15254,4933,10321
-14239,1773,12466
-12812,-1344,14156
-10584,-4492,15076
-8089,-7470,15559
-5185,-10098,15283
-2041,-12329,14370
899,-14012,13113
4100,-15043,10943
7082,-15526,8444
9920,-15361,5441
12230,-14503,2273
14099,-13385,-714
15159,-11286,-3873
15637,-8769,-6868
15456,-5997,-9459
14672,-2784,-11888
13418,309,-13727
11418,3448,-14866
8951,6505,-15456
5931,9322,-15253
2755,11690,-14445
-540,13567,-13027
-3642,14610,-10968
-6897,15081,-8184
-9850,14680,-4830
-12263,13451,-1188
-14020,11661,2359
-14965,9664,5301
-15353,6996,8357
-14784,3960,10824
-13843,862,12981
-12201,-2272,14473
-10126,-5185,15311
-7453,-8085,15538
-4211,-10518,14729
-849,-12754,13603
2103,-14157,12054
5325,-15089,9764
8291,-15303,7012
11001,-14581,3580
13084,-13476,392
14536,-11735,-2801
15353,-9310,-6043
15547,-6913,-8634
15196,-4034,-11162
14289,-1150,-13139
12622,1897,-14519
10494,4768,-15262
7763,7722,-15485
4723,10279,-15002
1452,12494,-13946
-1538,13893,-12355
-4884,14969,-10085
-8010,14953,-6943
-10725,14515,-3790
-13129,13303,-174
-14515,11731,2784
-15353,9475,5878
-15543,6934,8609
-15043,3927,11116
-13806,750,13056
-12102,-2347,14449
-9994,-5420,15414
-7309,-8229,15538
-4248,-10766,15014
-977,-12845,13822
1996,-14293,12297
5007,-15262,10255
8039,-15617,7578
10642,-15258,4616
12886,-14206,1320
14478,-12713,-1765
15431,-10613,-4818
15778,-8179,-7599
15559,-5407,-10152
14767,-2367,-12400
13608,437,-14045
11743,3481,-15224
9248,6418,-15666
6472,9136,-15608
3246,11521,-14767
4,13410,-13414
-3064,14639,-11575
-6319,15237,-8918
-9277,15196,-5919
-11690,14375,-2685
-13831,13233,598
-14953,11141,3812
-15514,8637,6877
-15336,5721,9615
-14553,2520,12033
-13228,-635,13863
-10984,-3918,14902
-8472,-6884,15356
-5564,-9627,15191
-2285,-12024,14309
750,-13810,13060
3869,-14924,11055
6913,-15526,8613
9652,-15361,5709
12078,-14520,2442
14008,-13261,-747
15237,-11319,-3918
15831,-8988,-6843
15889,-6422,-9467
15736,-3951,-11785
14845,-1039,-13806
12927,1926,-14853
10522,4991,-15513
7903,7911,-15814
4809,10535,-15344
1654,12639,-14293
-1278,14243,-12965
-4492,15312,-10820
-7643,15571,-7928
-10452,14883,-4431
-12886,13987,-1101
-14672,12420,2252
-15584,10395,5189
-15807,7639,8168
-15390,4727,10663
-14404,1530,12874
-12878,-1604,14482
-10597,-4747,15344
-8126,-7656,15782
-5160,-10382,15542
-1860,-12540,14400
1113,-14157,13044
4380,-15312,10932
7478,-15798,8320
10263,-15609,5346
12630,-14734,2104
14421,-13348,-1073
15481,-11364,-4117
15992,-8856,-7136
15823,-6171,-9652
15130,-2998,-12132
13670,173,-13843
11698,3275,-14973
9326,6356,-15682
6476,9145,-15621
3353,11620,-14973
-49,13600,-13551
-3130,14825,-11695
-6550,15221,-8671
-9611,14825,-5214
-12222,13996,-1774
-14086,12465,1621
-15151,10333,4818
-15415,7511,7904
-15101,4537,10564
-14058,1282,12776
-12337,-1959,14296
-9953,-5185,15138
-7214,-8134,15348
-4009,-10840,14849
-672,-12985,13657
2437,-14437,12000
5692,-15361,9669
8703,-15576,6873
11277,-14977,3700
13365,-13678,313
14845,-11954,-2891
15559,-9504,-6055
15761,-7012,-8749
15757,-4554,-11203
15048,-1724,-13324
13299,1274,-14573
10914,4426,-15340
8208,7437,-15645
4933,10209,-15142
1736,12465,-14201
-1229,14099,-12870
-4714,15138,-10424
-7734,15373,-7639
-10522,14878,-4356
-12944,13761,-817
-14590,12144,2446
-15406,9867,5539
-15497,6954,8543
-15006,3935,11071
-13926,701,13225
-12152,-2512,14664
-9809,-5614,15423
-7095,-8530,15625
-4050,-11055,15105
-734,-13076,13810
2433,-14408,11975
5585,-15328,9743
8683,-15485,6802
11269,-14883,3614
13422,-13868,446
14916,-12177,-2739
15720,-9941,-5779
16005,-7408,-8597
15452,-4434,-11018
14400,-1278,-13122
12791,1769,-14560
10560,4834,-15394
8006,7779,-15785
4809,10275,-15084
1571,12383,-13954
-1699,13983,-12284
-5082,14973,-9891
-8200,15217,-7017
-10931,14272,-3341
-13167,12614,553
-14664,11154,3510
-15394,8687,6707
-15279,5832,9447
-14515,2693,11822
-13290,-387,13677
-11261,-3564,14825
-8707,-6653,15360
-5853,-9339,15192
-2388,-11814,14202
965,-13620,12655
4075,-14693,10618
7218,-15406,8188
9978,-15138,5160
12403,-14210,1807
14157,-12841,-1316
15180,-10679,-4501
15633,-8208,-7425
15794,-5762,-10032
15167,-2945,-12222
13521,206,-13727
11484,3349,-14833
9004,6410,-15414
6010,9207,-15217
2879,11719,-14598
-301,13525,-13224
-3361,14693,-11332
-6633,15320,-8687
-9483,15345,-5862
-12012,14342,-2330
-13930,12985,945
-15072,10984,4088
-15555,8431,7124
-15312,5539,9773
-14454,2409,12045
-13138,-738,13876
-11137,-3889,15026
-8571,-6901,15472
-6100,-9553,15653
-2941,-11999,14940
210,-13785,13575
3064,-14940,11876
6183,-15563,9380
9058,-15580,6522
11628,-15015,3387
13719,-13967,248
15031,-12375,-2656
15798,-10003,-5795
15881,-7293,-8588
15427,-4417,-11010
14330,-1307,-13023
12824,1724,-14548
10663,4822,-15485
8014,7610,-15624
4950,10320,-15270
1724,12486,-14210
-1233,14020,-12787
-4871,14944,-10073
-7990,15147,-7157
-10844,14379,-3535
-13063,13030,33
-14491,11154,3337
-15378,8885,6493
-15336,6014,9322
-14652,2833,11819
-13402,-210,13612
-11438,-3366,14804
-9037,-6410,15447
-6001,-9240,15241
-2681,-11620,14301
664,-13546,12882
3617,-14680,11063
6851,-15353,8502
9747,-15043,5296
12193,-14066,1873
13975,-12738,-1237
15085,-10527,-4558
15505,-8122,-7383
15320,-5222,-10098
14487,-2202,-12285
13150,787,-13937
11199,3762,-14961
8596,6818,-15414
5440,9590,-15030
2215,11913,-14128
-833,13657,-12824
-4248,14701,-10453
-7429,14940,-7511
-10234,14532,-4298
-12659,13497,-838
-14330,11818,2512
-15241,9689,5552
-15378,6942,8436
-15010,4145,10865
-13748,829,12919
-11999,-2334,14333
-9813,-5412,15225
-7041,-8270,15311
-4083,-10795,14878
-866,-12775,13641
2198,-14218,12020
5209,-15180,9971
8142,-15460,7318
10898,-14924,4026
13051,-13847,796
14520,-12350,-2170
15406,-10040,-5366
15732,-7458,-8274
15604,-4987,-10617
14903,-2087,-12816
13938,643,-14581
12090,3518,-15608
9685,6369,-16054
7066,9058,-16124
3964,11451,-15415
1014,13348,-14362
-2066,14726,-12660
-5131,15567,-10436
-7953,15922,-7969
-10716,15650,-4934
-12948,14685,-1737
-14652,13393,1259
-15621,11393,4228
-16104,8893,7211
-16005,6084,9921
-15299,2953,12346
-14107,-24,14131
-12210,-3188,15398
-9891,-6166,16057
-7260,-8893,16153
-4422,-11356,15778
-1493,-13398,14891
1282,-14916,13634
4389,-15922,11533
7350,-16330,8980
10048,-16178,6130
12519,-15439,2920
14474,-14029,-445
15675,-12160,-3515
16471,-10048,-6423
16524,-7326,-9198
16033,-4277,-11756
15010,-1377,-13633
13439,1658,-15097
11133,4851,-15984
8555,7816,-16371
5420,10547,-15967
2264,12832,-15096
-742,14503,-13761
-3997,15650,-11653
-7548,15914,-8366
-10362,15204,-4842
-13129,14788,-1659
-14944,13204,1740
-15992,11133,4859
-16372,8481,7891
-16017,5490,10527
-15089,2194,12895
-13624,-981,14605
-11397,-4347,15744
-8848,-7437,16285
-5841,-10304,16145
-2578,-12614,15192
816,-14445,13629
3741,-15646,11905
6971,-16343,9372
9854,-16302,6448
12449,-15448,2999
14474,-14272,-202
15703,-12461,-3242
16442,-10048,-6394
16512,-7276,-9236
15823,-4059,-11764
14577,-738,-13839
12857,2462,-15319
10452,5721,-16173
7746,8662,-16408
4582,11360,-15942
1274,13451,-14725
-1992,14965,-12973
-5284,16021,-10737
-8398,16182,-7784
-11236,15497,-4261
-13546,14136,-590
-14990,12086,2904
-15926,9718,6208
-15939,6661,9278
-15452,3427,12025
-14272,185,14087
-12061,-3213,15274
-9421,-6505,15926
-6525,-9475,16000
-3262,-11995,15257
243,-14029,13786
3279,-15312,12033
6542,-16104,9562
9582,-16054,6472
12135,-15188,3053
14293,-13798,-495
15555,-11640,-3915
16161,-9025,-7136
16137,-6187,-9950
15439,-3003,-12436
14392,-4,-14388
12498,3064,-15562
9772,6331,-16103
6859,9215,-16074
3341,11830,-15171
-94,13851,-13757
-3258,15114,-11856
-6785,15675,-8890
-9801,15419,-5618
-12601,14425,-1824
-14726,13072,1654
-15819,10902,4917
-16087,8109,7978
-15790,5065,10725
-14804,1670,13134
-13406,-1406,14812
-11211,-4648,15859
-8716,-7610,16326
-5733,-10329,16062
-2371,-12684,15055
915,-14371,13456
4240,-15514,11274
7598,-16075,8477
10531,-15790,5259
12977,-14870,1893
14878,-13525,-1353
15939,-11451,-4488
16458,-9075,-7383
16240,-6088,-10152
15415,-2829,-12586
13897,523,-14420
11842,3720,-15562
9392,6843,-16235
6307,9689,-15996
2899,12156,-15055
-523,14140,-13617
-3609,15291,-11682
-6913,16017,-9104
-9900,15901,-6001
-12486,14416,-1930
-14260,12601,1659
-15563,10696,4867
-15868,7730,8138
-15538,4657,10881
-14515,1340,13175
-12824,-1947,14771
-10428,-5226,15654
-7548,-8287,15835
-4273,-11022,15295
-676,-13278,13954
2710,-14726,12016
5878,-15712,9834
9004,-15819,6815
11731,-15204,3473
13847,-13950,103
15225,-11946,-3279
16025,-9479,-6546
16075,-6765,-9310
15472,-3551,-11921
14231,-387,-13844
12391,2767,-15158
9867,5960,-15827
7082,8852,-15934
3914,11401,-15315
556,13509,-14065
-2755,14845,-12090
-5948,15604,-9656
-9079,15732,-6653
-11801,14837,-3036
-13959,13451,508
-15324,11550,3774
-15955,8918,7037
-15848,6022,9826
-14932,2611,12321
-13707,-457,14164
-11719,-3799,15518
-9145,-6901,16046
-6723,-9524,16247
-3460,-12028,15488
-144,-13839,13983
3007,-15171,12164
6278,-15934,9656
9322,-15967,6645
11946,-15353,3407
14157,-14309,152
15518,-12515,-3003
16223,-10168,-6055
16347,-7412,-8935
15840,-4479,-11361
14771,-1299,-13472
13233,1839,-15072
11001,4954,-15955
8159,8023,-16182
5069,10696,-15765
1691,13006,-14697
-1274,14577,-13303
-4690,15736,-11046
-7882,16182,-8300
-10725,15716,-4991
-13055,14396,-1341
-14581,12288,2293
-15580,10114,5466
-15930,7309,8621
-15369,4087,11282
-14346,841,13505
-12498,-2458,14956
-10197,-5659,15856
-7227,-8724,15951
-3894,-11347,15241
-536,-13542,14078
2734,-14986,12252
6018,-15831,9813
8976,-15885,6909
11673,-15213,3540
13773,-13983,210
15192,-12144,-3048
15963,-9747,-6216
16021,-7004,-9017
15497,-3856,-11641
14223,-511,-13712
12387,2652,-15039
9924,5853,-15777
6946,8856,-15802
3704,11467,-15171
338,13567,-13905
-2842,14829,-11987
-6162,15567,-9405
-9244,15460,-6216
-11867,14581,-2714
-14000,12903,1097
-15307,11055,4252
-15873,8481,7392
-15782,5572,10210
-14808,2161,12647
-13290,-1064,14354
-11220,-4290,15510
-8600,-7404,16004
-5688,-10168,15856
-2549,-12424,14973
796,-14148,13352
3737,-15353,11616
6963,-16066,9103
9875,-15972,6097
12370,-15093,2723
14375,-13839,-536
15563,-11896,-3667
16207,-9466,-6741
16293,-6769,-9524
15736,-3757,-11979
14742,-771,-13971
13299,2087,-15386
10811,5321,-16132
8283,8101,-16384
5139,10729,-15868
1810,12915,-14725
-1299,14515,-13216
-4966,15423,-10457
-8118,15761,-7643
-11017,15373,-4356
-13352,14400,-1048
-15089,12725,2364
-15910,10444,5466
-16120,7664,8456
-15703,4541,11162
-14581,1229,13352
-12808,-2095,14903
-10461,-5255,15716
-7709,-8316,16025
-4562,-11026,15588
-1130,-13241,14371
1963,-14874,12911
5152,-15868,10716
8274,-16194,7920
11050,-15802,4752
13336,-14751,1415
15006,-13183,-1823
16005,-10951,-5054
16413,-8410,-8003
16137,-5548,-10589
15485,-2652,-12833
14214,482,-14696
11946,3625,-15571
9310,6864,-16174
6076,9825,-15901
2821,12234,-15055
-499,14243,-13744
-3638,15361,-11723
-7057,15959,-8902
-10048,15353,-5305
-12643,14482,-1839
-14664,13059,1605
-15666,10997,4669
-16075,8146,7929
-15670,5003,10667
-14602,1720,12882
-13068,-1608,14676
-10687,-4983,15670
-8064,-8056,16120
-4974,-10836,15810
-1716,-13096,14812
1357,-14652,13295
4611,-15815,11204
7804,-16285,8481
10551,-16025,5474
12956,-15246,2290
14829,-14062,-767
16104,-12222,-3882
16594,-9681,-6913
16434,-6802,-9632
15720,-3634,-12086
14342,-193,-14149
12601,2875,-15476
10254,5989,-16243
7672,8848,-16520
4562,11430,-15992
1208,13530,-14738
-2017,14961,-12944
-5205,16013,-10808
-8460,16066,-7606
-11261,15464,-4203
-13653,14107,-454
-15114,12201,2913
-16046,9904,6142
-16149,6963,9186
-15666,3819,11847
-14553,565,13988
-12568,-2788,15356
-10155,-5944,16099
-7404,-8901,16305
-4162,-11554,15716
-746,-13715,14461
2343,-15114,12771
5614,-16104,10490
8658,-16351,7693
11430,-15794,4364
13686,-14685,999
15241,-12878,-2363
16149,-10436,-5713
16363,-7602,-8761
15864,-4595,-11269
14845,-1336,-13509
13319,1736,-15055
10890,4995,-15885
8035,8064,-16099
4690,10939,-15629
1241,13113,-14354
-2272,14693,-12421
-5845,15518,-9673
-9046,15452,-6406
-11946,14742,-2796
-14210,13587,623
-15534,11686,3848
-16066,8980,7086
-15823,5869,9954
-14969,2508,12461
-13579,-635,14214
-11545,-4042,15587
-8951,-7136,16087
-6022,-10032,16054
-2751,-12432,15183
796,-14247,13451
3898,-15382,11484
7173,-16099,8926
10114,-15984,5870
12626,-15093,2467
14647,-13930,-717
15918,-12098,-3820
16603,-9862,-6741
16475,-7037,-9438
15724,-3770,-11954
14367,-346,-14021
12581,2838,-15419
10114,6055,-16169
7194,8976,-16170
3955,11529,-15484
536,13674,-14210
-2668,15019,-12351
-5869,16005,-10136
-9025,16087,-7062
-11756,15130,-3374
-13806,13340,466
-15345,11640,3705
-16108,9017,7091
-15889,6047,9842
-15229,2763,12466
-14000,-375,14375
-11958,-3646,15604
-9421,-6769,16190
-6496,-9640,16136
-3114,-12115,15229
437,-13992,13555
3477,-15320,11843
6723,-16025,9302
9677,-16000,6323
12276,-15246,2970
14371,-13835,-536
15650,-11776,-3874
16219,-9198,-7021
16211,-6265,-9946
15320,-3015,-12305
13893,301,-14194
11731,3572,-15303
9145,6798,-15943
6113,9677,-15790
2875,12119,-14994
-622,14062,-13440
-4100,15023,-10923
-7466,15382,-7916
-10593,15101,-4508
-13146,14045,-899
-14878,12333,2545
-15790,10027,5763
-15934,7128,8806
-15262,3803,11459
-14045,515,13530
-12263,-2767,15030
-9850,-5915,15765
-7115,-8782,15897
-3951,-11455,15406
-478,-13542,14020
2722,-14957,12235
6018,-15741,9723
9108,-15918,6810
11834,-15295,3461
14041,-14247,206
15534,-12573,-2961
16269,-10267,-6002
16281,-7462,-8819
15860,-4545,-11315
14969,-1575,-13394
13332,1658,-14990
11063,4805,-15868
8258,7862,-16120
5106,10551,-15657
1848,12915,-14763
-1175,14553,-13378
-4739,15646,-10907
-7726,16182,-8456
-10692,15716,-5024
-13080,14524,-1444
-14709,12622,2087
-15621,10353,5268
-16079,7676,8403
-15600,4500,11100
-14685,1320,13365
-12964,-1984,14948
-10795,-5209,16004
-8217,-8105,16322
-4896,-10852,15748
-1703,-13113,14816
1336,-14726,13390
4541,-15901,11360
7643,-16351,8708
10436,-15996,5560
12750,-14977,2227
14635,-13728,-907
15736,-11479,-4257
16347,-8951,-7396
16161,-6067,-10094
15295,-2825,-12470
13905,495,-14400
11830,3708,-15538
9306,6826,-16132
6265,9784,-16049
2937,12210,-15147
-408,14107,-13699
-3543,15208,-11665
-7070,15642,-8572
-10003,15221,-5218
-12725,14235,-1510
-14581,12507,2074
-15703,10436,5267
-16009,7705,8304
-15716,4648,11068
-14503,1270,13233
-12849,-1955,14804
-10609,-5148,15757
-7808,-8237,16045
-4525,-10956,15481
-1200,-13121,14321
1938,-14647,12709
5185,-15654,10469
8423,-15939,7516
11240,-15547,4307
13501,-14400,899
15072,-12688,-2384
15967,-10283,-5684
16215,-7528,-8687
15815,-4562,-11253
14854,-1501,-13353
13682,1398,-15080
11339,4636,-15975
8757,7482,-16239
5626,10230,-15856
2087,12535,-14622
-998,14251,-13253
-4904,15130,-10226
-8089,15518,-7429
-11050,15196,-4146
-13352,14247,-895
-15155,12424,2731
-15868,10077,5791
-16009,7280,8729
-15427,4042,11385
-14268,742,13526
-12408,-2582,14990
-9999,-5775,15774
-7268,-8641,15909
-3976,-11302,15278
-606,-13517,14123
2607,-15015,12408
5775,-15790,10015
8802,-16062,7260
11467,-15522,4055
13699,-14330,631
15167,-12544,-2623
16087,-10329,-5758
16425,-7697,-8728
16075,-4908,-11167
15266,-1918,-13348
13818,1113,-14931
11356,4376,-15732
8757,7437,-16194
5527,10291,-15818
2268,12639,-14907
-804,14445,-13641
-4092,15567,-11475
-7280,16124,-8844
-10143,15757,-5614
-12709,14755,-2046
-14627,13179,1448
-15613,10923,4690
-15976,8142,7834
-15617,4991,10626
-14569,1584,12985
-12940,-1703,14643
-10555,-5077,15632
-8002,-8072,16074
-4838,-10852,15690
-1509,-13092,14601
1670,-14631,12961
4925,-15782,10857
8019,-16149,8130
10832,-15749,4917
13270,-14788,1518
14990,-13344,-1646
16009,-11302,-4707
16458,-8732,-7726
16256,-5832,-10424
15390,-2611,-12779
13975,523,-14498
12073,3613,-15686
9801,6600,-16401
6979,9384,-16363
3848,11851,-15699
404,13728,-14132
-2871,15134,-12263
-6509,16021,-9512
-9590,15835,-6245
-12024,15060,-3036
-14214,13629,585
-15411,11673,3738
-16108,9141,6967
-15947,6146,9801
-15225,2640,12585
-13794,-627,14421
-11772,-3646,15418
-8976,-7095,16071
-6278,-9714,15992
-2668,-12445,15113
882,-14392,13510
3485,-15510,12025
6686,-16355,9669
9677,-16211,6534
12247,-15378,3131
14301,-14144,-157
15699,-11954,-3745
16256,-9739,-6517
16429,-7115,-9314
15984,-4236,-11748
15270,-1332,-13938
13216,2178,-15394
10667,5449,-16116
7701,8460,-16161
4566,10997,-15563
1237,13261,-14498
-2268,14812,-12544
-5919,15761,-9842
-8761,15736,-6975
-11566,15035,-3469
-13860,13798,62
-15287,12040,3247
-15889,8922,6967
-15588,5783,9805
-14722,2318,12404
-13323,-965,14288
-11323,-4071,15394
-8468,-7519,15987
-5242,-10448,15690
-2206,-12544,14750
973,-14297,13324
4686,-15522,10836
7928,-16099,8171
10621,-15741,5120
12944,-14887,1943
14866,-13612,-1254
16108,-11925,-4183
16582,-9409,-7173
16351,-6517,-9834
15613,-3275,-12338
14058,338,-14396
12247,3328,-15575
9669,6690,-16359
7123,9211,-16334
3518,11875,-15393
53,13930,-13983
-3102,15213,-12111
-5878,15943,-10065
-9285,16120,-6835
-12032,15027,-2995
-13794,13381,413
-15299,11558,3741
-16087,8765,7322
-15910,5713,10197
-15221,2792,12429
-13765,-775,14540
-11591,-3997,15588
-9215,-6855,16070
-5783,-9990,15773
-2388,-12428,14816
808,-14062,13254
3943,-15295,11352
7486,-16005,8519
10440,-15831,5391
12907,-14907,2000
14594,-13538,-1056
15852,-11083,-4769
16285,-8485,-7800
16120,-5597,-10523
15192,-2363,-12829
13703,779,-14482
11451,4059,-15510
8790,7189,-15979
5638,10007,-15645
2363,12432,-14795
-874,14086,-13212
-4809,14936,-10127
-8076,15291,-7215
-11121,14986,-3865
-13509,13703,-194
-15043,11950,3093
-15835,9475,6360
-15749,6505,9244
-14911,3081,11830
-13542,-193,13735
-11591,-3564,15155
-8860,-6789,15649
-5882,-9669,15551
-2491,-12061,14552
849,-13942,13093
4162,-15151,10989
7342,-15728,8386
10308,-15460,5152
12742,-14573,1831
14643,-13237,-1406
15683,-11112,-4571
16075,-8493,-7582
15786,-5618,-10168
15043,-2495,-12548
13789,536,-14325
11715,3737,-15452
9087,6847,-15934
6059,9706,-15765
2751,12139,-14890
-470,14025,-13555
-3650,15246,-11596
-6793,15914,-9121
-9825,15811,-5986
-12251,14878,-2627
-14169,13422,747
-15349,11244,4105
-15951,8757,7194
-15741,5729,10012
-14998,2578,12420
-13649,-622,14271
-11558,-3935,15493
-9433,-6880,16313
-6356,-9697,16053
-3234,-12082,15316
-86,-14124,14210
2932,-15423,12491
5944,-16380,10436
8893,-16442,7549
11463,-15736,4273
13624,-14631,1007
15229,-13208,-2021
16227,-10910,-5317
16495,-8357,-8138
16302,-5614,-10688
15439,-2437,-13002
14041,660,-14701
12040,3654,-15694
9582,6802,-16384
6509,9590,-16099
3411,12040,-15451
-94,14029,-13935
-3254,15213,-11959
-7037,15291,-8254
-9871,15060,-5189
-12824,14441,-1617
-14619,12713,1906
-15716,10753,4963
-16058,7961,8097
-15774,5049,10725
-14647,1633,13014
-13026,-1658,14684
-10741,-4925,15666
-7763,-8109,15872
-4570,-10824,15394
-1167,-13072,14239
2087,-14598,12511
5412,-15604,10192
8575,-15901,7326
11360,-15295,3935
13653,-14053,400
15097,-12329,-2768
15926,-9887,-6039
16083,-7082,-9001
15481,-3869,-11612
14206,-519,-13687
12630,2520,-15150
10197,5700,-15897
7379,8604,-15983
4162,11178,-15340
771,13315,-14086
-2524,14755,-12231
-5841,15522,-9681
-9042,15650,-6608
-11760,14953,-3193
-13971,13802,169
-15217,11801,3416
-15831,9169,6662
-15765,6303,9462
-14969,2895,12074
-13740,-309,14049
-11644,-3601,15245
-9037,-6727,15764
-6183,-9677,15860
-2854,-12123,14977
528,-14095,13567
3345,-15279,11934
6591,-15996,9405
9512,-16017,6505
12061,-15229,3168
14136,-14062,-74
15464,-12164,-3300
16260,-9924,-6336
16462,-7441,-9021
15992,-4401,-11591
15299,-1546,-13753
13633,1476,-15109
11096,4686,-15782
8307,7775,-16082
5218,10481,-15699
1996,12738,-14734
-1018,14528,-13510
-4343,15633,-11290
-7585,16046,-8461
-10514,15472,-4958
-12981,14449,-1468
-14895,12820,2075
-15794,10745,5049
-16091,7858,8233
-15794,4892,10902
-14676,1559,13117
-13134,-1662,14796
-10811,-4945,15756
-8324,-7887,16211
-5333,-10588,15921
-2029,-12878,14907
1014,-14536,13522
4356,-15637,11281
7528,-16240,8712
10341,-16025,5684
12874,-15171,2297
14697,-13711,-986
15844,-11657,-4187
16339,-9161,-7178
16203,-6294,-9909
15448,-3015,-12433
13992,297,-14289
12177,3304,-15481
9801,6472,-16273
7074,9227,-16301
3757,11818,-15575
453,13789,-14242
-2776,15188,-12412
-6158,15951,-9793
-9297,15959,-6662
-11937,15114,-3177
-14144,13662,482
-15382,11739,3643
-16124,9211,6913
-15996,6195,9801
-15373,3077,12296
-14045,-264,14309
-11999,-3531,15530
-9388,-6657,16045
-6637,-9541,16178
-3361,-12111,15472
-53,-14074,14127
3052,-15456,12404
6261,-16293,10032
9161,-16442,7281
11760,-15778,4018
13926,-14594,668
15423,-12841,-2582
16240,-10564,-5676
16500,-7796,-8704
16174,-4958,-11216
15378,-1810,-13568
14107,1072,-15179
11669,4401,-16070
9095,7412,-16507
5799,10370,-16169
2437,12733,-15170
-738,14577,-13839
-4079,15675,-11596
-7326,16170,-8844
-10250,15910,-5660
-12808,14680,-1872
-14755,13158,1597
-15914,11079,4835
-16005,7920,8085
-15609,4764,10845
-14668,1398,13270
-13022,-1938,14960
-10642,-5337,15979
-7977,-8316,16293
-4822,-11096,15918
-1233,-13261,14494
1728,-14800,13072
5061,-15786,10725
8365,-16091,7726
11224,-15633,4409
13608,-14553,945
15225,-13047,-2178
16227,-10687,-5540
16491,-7882,-8609
15984,-4879,-11105
14887,-1435,-13452
13220,1819,-15039
11079,4945,-16024
8679,7920,-16599
5292,10613,-15905
1827,12886,-14713
-1332,14511,-13179
-4859,15621,-10762
-8126,16075,-7949
-10989,15485,-4496
-13307,13798,-491
-15101,12065,3036
-16112,9763,6349
-16174,6942,9232
-15625,3671,11954
-14746,721,14025
-13154,-2396,15550
-10679,-5486,16165
-7775,-8365,16140
-4475,-11108,15583
-816,-13348,14164
2413,-14841,12428
5746,-15963,10217
8881,-16182,7301
11628,-15629,4001
13959,-14421,462
15349,-12692,-2657
16223,-10312,-5911
16392,-7536,-8856
15963,-4488,-11475
14812,-1196,-13616
13142,1864,-15006
10762,5201,-15963
7903,8278,-16181
4673,11059,-15732
1274,13294,-14568
-1889,14779,-12890
-5416,15741,-10325
-8592,16017,-7425
-11438,15378,-3940
-13777,14000,-223
-15196,12181,3015
-15955,9644,6311
-15860,6694,9166
-15068,3201,11867
-13781,-90,13871
-11537,-3667,15204
-8905,-6864,15769
-5902,-9813,15715
-2429,-12325,14754
874,-14251,13377
4162,-15369,11207
7495,-15926,8431
10448,-15728,5280
12894,-14792,1898
14759,-13311,-1448
15753,-11100,-4653
16161,-8398,-7763
15901,-5449,-10452
15130,-2310,-12820
13847,792,-14639
11913,3898,-15811
9260,6967,-16227
6154,9821,-15975
2928,12185,-15113
-371,14185,-13814
-3675,15349,-11674
-6859,16058,-9199
-9879,15972,-6093
-12379,15002,-2623
-14404,13253,1151
-15477,11116,4361
-16190,8551,7639
-15910,5544,10366
-15270,2433,12837
-13996,-643,14639
-11962,-3861,15823
-9763,-6773,16536
-6694,-9586,16280
-3448,-11983,15431
-61,-14119,14180
3003,-15378,12375
6224,-16326,10102
9223,-16368,7145
11830,-15625,3795
14062,-14532,470
15497,-12808,-2689
16314,-10440,-5874
16557,-7804,-8753
16054,-4677,-11377
15072,-1530,-13542
13480,1674,-15154
11290,4838,-16128
8703,7796,-16499
5461,10568,-16029
2182,12915,-15097
-870,14569,-13699
-4409,15761,-11352
-7746,15996,-8250
-10572,15571,-4999
-13195,14383,-1188
-14911,12630,2281
-15967,10444,5523
-16087,7581,8506
-15782,4574,11208
-14470,1010,13460
-12540,-2384,14924
-10139,-5663,15802
-7095,-8794,15889
-3679,-11545,15224
-181,-13686,13867
3110,-15048,11938
6331,-15959,9628
9433,-15934,6501
12094,-15134,3040
14144,-13798,-346
15415,-11797,-3618
16120,-9227,-6893
16029,-6377,-9652
15237,-3073,-12164
13909,272,-14181
11974,3390,-15364
9380,6645,-16025
6567,9438,-16005
3213,11884,-15097
-338,13888,-13550
-3584,15027,-11443
-6971,15621,-8650
-10114,15439,-5325
-12622,14495,-1873
-14606,13022,1584
-15600,10782,4818
-15967,7973,7994
-15712,4941,10771
-14565,1476,13089
-12948,-1687,14635
-10522,-5032,15554
-7977,-8047,16024
-4842,-10737,15579
-1584,-13010,14594
1513,-14586,13073
4752,-15666,10914
7870,-16099,8229
10646,-15749,5103
13022,-14676,1654
14845,-13125,-1720
15873,-10902,-4971
16347,-8369,-7978
16112,-5478,-10634
15790,-2899,-12891
14627,103,-14730
12218,3295,-15513
9570,6472,-16042
6492,9405,-15897
3229,11941,-15170
-165,13987,-13822
-3163,15237,-12074
-6492,15992,-9500
-9623,15555,-5932
-12263,14730,-2467
-14433,13439,994
-15604,11430,4174
-16132,8827,7305
-15877,5775,10102
-15052,2520,12532
-13591,-697,14288
-11484,-3993,15477
-8885,-7198,16083
-6043,-9978,16021
-2697,-12412,15109
647,-14260,13613
3737,-15439,11702
6954,-16211,9257
9883,-16054,6171
12408,-15402,2994
14478,-14074,-404
15749,-12453,-3296
16537,-10205,-6332
16475,-7449,-9026
15848,-4240,-11608
14511,-775,-13736
12775,2396,-15171
10494,5506,-16000
7858,8472,-16330
4628,11149,-15777
1241,13348,-14589
-1967,14808,-12841
-5391,15873,-10482
-8683,15868,-7185
-11389,15217,-3828
-13814,13872,-58
-15167,12040,3127
-16029,9545,6484
-16005,6678,9327
-15435,3436,11999
-14181,123,14058
-12160,-3184,15344
-9656,-6360,16016
-6810,-9372,16182
-3531,-11888,15419
-173,-13996,14169
2908,-15332,12424
6047,-16318,10271
9000,-16537,7537
11591,-15844,4253
13756,-14635,879
15332,-12973,-2359
16227,-10551,-5676
16491,-7882,-8609
16326,-5181,-11145
15741,-2359,-13382
14462,680,-15142
12131,3869,-16000
9293,7016,-16309
6307,9912,-16219
2912,12379,-15291
-495,14359,-13864
-3667,15518,-11851
-7000,16013,-9013
-10052,15761,-5709
-12696,14709,-2013
-14792,13348,1444
-15897,11294,4603
-16244,8394,7850
-15939,5317,10622
-15002,2054,12948
-13645,-1241,14886
-11347,-4570,15917
-8769,-7668,16437
-5775,-10440,16215
-2404,-12771,15175
944,-14536,13592
4203,-15592,11389
7499,-16281,8782
10428,-15959,5531
12940,-15039,2099
14907,-13748,-1159
15934,-11537,-4397
16483,-8963,-7520
16293,-5952,-10341
15390,-2664,-12726
13901,635,-14536
11644,3935,-15579
9169,7062,-16231
5956,9961,-15917
2528,12358,-14886
-783,14161,-13378
-4496,15241,-10745
-7792,15728,-7936
-10914,15105,-4191
-13348,13695,-347
-15035,12012,3023
-15947,9623,6324
-16042,6835,9207
-15435,3568,11867
-14421,325,14096
-12680,-2730,15410
-10052,-5973,16025
-7123,-8856,15979
-3766,-11484,15250
-99,-13666,13765
3089,-15068,11979
6472,-16000,9528
9504,-16013,6509
12152,-15200,3048
14260,-13868,-392
15596,-11904,-3692
16231,-9413,-6818
16335,-6785,-9550
15951,-3993,-11958
14499,-528,-13971
12589,2635,-15224
10011,5832,-15843
7090,8831,-15921
3922,11475,-15397
511,13624,-14135
-2866,15006,-12140
-6092,15695,-9603
-9289,15782,-6493
-12094,14932,-2838
-14214,13480,734
-15485,11479,4006
-16071,8922,7149
-15906,5911,9995
-14990,2503,12487
-13695,-639,14334
-11591,-3943,15534
-8938,-7132,16070
-6360,-9747,16107
-3056,-12296,15352
206,-14107,13901
3361,-15340,11979
6529,-16025,9496
9586,-15980,6394
12172,-15295,3123
14293,-14049,-244
15592,-12073,-3519
16182,-9557,-6625
16153,-6760,-9393
15431,-3423,-12008
14140,-115,-14025
12259,3015,-15274
9735,6199,-15934
6744,9149,-15893
3427,11715,-15142
103,13781,-13884
-3048,15027,-11979
-6591,15609,-9018
-9829,15336,-5507
-12350,14066,-1716
-14359,12436,1923
-15460,10329,5131
-15947,7577,8370
-15580,4632,10948
-14738,1505,13233
-13204,-1629,14833
-11017,-4735,15752
-8402,-7742,16144
-5086,-10399,15485
-1728,-12824,14552
1402,-14503,13101
4818,-15646,10828
8035,-16005,7970
10819,-15592,4773
13162,-14524,1362
14899,-13088,-1811
15852,-10807,-5045
16372,-8349,-8023
16339,-5746,-10593
15547,-2701,-12846
14202,346,-14548
12065,3432,-15497
9565,6587,-16152
6435,9479,-15914
3184,12057,-15241
-297,14000,-13703
-3477,15254,-11777
-6711,15877,-9166
-9726,15708,-5982
-12424,14829,-2405
-14326,13290,1036
-15617,11409,4208
-16108,8728,7380
-16000,5952,10048
-15180,2619,12561
-13765,-548,14313
-11632,-3960,15592
-9091,-7144,16235
-6080,-9920,16000
-2780,-12387,15167
490,-14264,13774
3390,-15435,12045
6513,-16293,9780
9508,-16297,6789
12040,-15547,3507
14111,-14268,157
15415,-12461,-2954
16186,-10003,-6183
16289,-7272,-9017
15765,-4001,-11764
14565,-759,-13806
12804,2462,-15266
10357,5704,-16061
7528,8613,-16141
4488,11162,-15650
1130,13315,-14445
-2223,14730,-12507
-5857,15357,-9500
-8910,15431,-6521
-11764,14726,-2962
-14070,13645,425
-15324,11550,3774
-15930,8881,7049
-15827,5836,9991
-14903,2409,12494
-13447,-891,14338
-11211,-4186,15397
-8596,-7334,15930
-5535,-10081,15616
-2157,-12436,14593
1010,-14165,13155
4318,-15390,11072
7557,-15885,8328
10469,-15555,5086
12948,-14544,1596
14689,-12936,-1753
15774,-10729,-5045
16211,-8097,-8114
15897,-5135,-10762
15679,-2656,-13023
14363,478,-14841
11809,3638,-15447
9211,6777,-15988
5948,9673,-15621
2656,12102,-14758
-726,14037,-13311
-3898,15291,-11393
-7387,15708,-8321
-10320,14977,-4657
-12952,14317,-1365
-14883,12700,2183
-15835,10564,5271
-16116,7870,8246
-15741,4793,10948
-14623,1542,13081
-13121,-1666,14787
-10828,-4879,15707
-8237,-7866,16103
-5333,-10572,15905
-2083,-12795,14878
1097,-14511,13414
4405,-15596,11191
7495,-16054,8559
10456,-15955,5499
12878,-15093,2215
14726,-13798,-928
15906,-11970,-3936
16462,-9450,-7012
16351,-6657,-9694
15580,-3440,-12140
14144,12,-14156
12218,3114,-15332
9895,6265,-16160
7239,9141,-16380
4021,11682,-15703
655,13719,-14374
-2487,15134,-12647
-5680,16079,-10399
-8798,16120,-7322
-11533,15510,-3977
-13732,14136,-404
-15085,12069,3016
-15889,9586,6303
-15893,6641,9252
-15427,3452,11975
-14227,214,14013
-12172,-3205,15377
-9627,-6418,16045
-6822,-9281,16103
-3642,-11830,15472
-288,-13942,14230
2838,-15299,12461
6039,-16269,10230
8905,-16368,7463
11508,-15782,4274
13814,-14511,697
15316,-12820,-2496
16207,-10485,-5722
16508,-7767,-8741
16310,-5073,-11237
15980,-2499,-13481
14553,540,-15093
12309,3683,-15992
9520,6917,-16437
6439,9796,-16235
3064,12304,-15368
-330,14198,-13868
-3559,15390,-11831
-6987,15967,-8980
-10027,15642,-5615
-12684,14837,-2153
-14796,13497,1299
-16000,11314,4686
-16330,8563,7767
-16013,5461,10552
-15114,2182,12932
-13785,-1031,14816
-11545,-4314,15859
-8988,-7462,16450
-5861,-10271,16132
-2623,-12577,15200
878,-14495,13617
4001,-15687,11686
7247,-16244,8997
10254,-16120,5866
12861,-15233,2372
14866,-13967,-899
16050,-12049,-4001
16677,-9644,-7033
16632,-6884,-9748
15827,-3654,-12173
14532,-297,-14235
12552,2974,-15526
10267,6039,-16306
7194,9108,-16302
3819,11669,-15488
317,13781,-14098
-3114,15072,-11958
-6480,15967,-9487
-9656,15835,-6179
-12333,14544,-2211
-14289,12775,1514
-15695,10869,4826
-16050,7990,8060
-15679,4933,10746
-14784,1559,13225
-13121,-1736,14857
-10617,-5106,15723
-7903,-8126,16029
-4566,-10931,15497
-981,-13282,14263
2330,-14763,12433
5630,-15864,10234
8811,-16087,7276
11537,-15567,4030
13847,-14412,565
15345,-12647,-2698
16178,-10275,-5903
16533,-7701,-8832
16731,-5350,-11381
15386,-1938,-13448
13657,1282,-14939
11364,4475,-15839
8753,7552,-16305
5622,10415,-16037
2281,12775,-15056
-853,14544,-13691
-4310,15543,-11233
-7433,16182,-8749
-10452,15881,-5429
-12981,14709,-1728
-14854,13039,1815
-15922,10968,4954
-16227,8014,8213
-15790,4925,10865
-14693,1431,13262
-13233,-1724,14957
-10844,-5016,15860
-8089,-8122,16211
-5020,-10861,15881
-1674,-13134,14808
1315,-14701,13386
4962,-15753,10791
8155,-16108,7953
11055,-15864,4809
13501,-14825,1324
15200,-13319,-1881
16062,-10939,-5123
16409,-8200,-8209
16095,-5226,-10869
15114,-1996,-13118
13633,1171,-14804
11438,4393,-15831
8724,7433,-16157
5416,10263,-15679
2017,12696,-14713
-1200,14412,-13212
-4884,15345,-10461
-8254,15609,-7355
-11327,14891,-3564
-13604,13629,-25
-15085,11570,3515
-15893,9256,6637
-15868,6232,9636
-15081,2875,12206
-13893,-189,14082
-11793,-3543,15336
-9417,-6666,16083
-6270,-9549,15819
-2792,-12086,14878
693,-14111,13418
3691,-15254,11563
7132,-15967,8835
10106,-15691,5585
12589,-14746,2157
14544,-13332,-1212
15617,-11215,-4402
16252,-8691,-7561
16277,-6191,-10086
15914,-3333,-12581
14594,-165,-14429
12556,3040,-15596
10279,6113,-16392
7354,9079,-16433
4389,11603,-15992
1196,13785,-14981
-2017,15279,-13262
-4896,16219,-11323
-8064,16500,-8436
-10803,16203,-5400
-13204,15262,-2058
-14994,13728,1266
-16099,11809,4290
-16665,9211,7454
-16615,6327,10288
-15864,3139,12725
-14458,-169,14627
-12634,-3378,16012
-10110,-6641,16751
-7796,-9268,17064
-5119,-11826,16945
-2008,-13855,15863
957,-15394,14437
4030,-16495,12465
7066,-17131,10065
9978,-17077,7099
12486,-16471,3985
14594,-15266,672
16062,-13682,-2380
16986,-11389,-5597
17283,-8720,-8563
17048,-5861,-11187
16071,-2524,-13547
14730,573,-15303
12556,3902,-16458
10032,7012,-17044
7185,9813,-16998
3679,12403,-16082
-37,14326,-14289
-3877,15406,-11529
-7214,16017,-8803
-10560,16421,-5861
-13072,15456,-2384
-15180,14119,1061
-16252,11760,4492
-16751,8984,7767
-16495,5828,10667
-15456,2293,13163
-13897,-1122,15019
-11484,-4615,16099
-8699,-7783,16482
-5436,-10791,16227
-1782,-13266,15048
1373,-15023,13650
5007,-16120,11113
8390,-16500,8110
11397,-15996,4599
13860,-14742,882
15563,-12919,-2644
16549,-10518,-6031
16797,-7812,-8985
16326,-4615,-11711
15613,-1658,-13955
14049,1588,-15637
11401,4851,-16252
8460,8113,-16573
5077,10943,-16020
1691,13389,-15080
-1522,15043,-13521
-5127,16223,-11096
-8501,16310,-7809
-11488,15501,-4013
-14082,14454,-372
-15662,12614,3048
-16500,10114,6386
-16500,7074,9426
-15798,3696,12102
-14491,317,14174
-12461,-3180,15641
-9883,-6571,16454
-7082,-9487,16569
-3753,-12181,15934
-317,-14239,14556
2957,-15629,12672
6183,-16578,10395
9351,-16714,7363
12065,-16104,4039
14388,-15035,647
15868,-13521,-2347
16805,-11174,-5631
16982,-8278,-8704
16549,-5197,-11352
15369,-1695,-13674
13785,1542,-15327
11492,4912,-16404
8852,7986,-16838
5754,10857,-16611
2330,13233,-15563
-952,14932,-13980
-4335,16165,-11830
-7709,16619,-8910
-10745,16227,-5482
-13348,15039,-1691
-15200,13084,2116
-16302,10791,5511
-16627,7907,8720
-16260,4797,11463
-15336,1476,13860
-13583,-1909,15492
-11166,-5214,16380
-8410,-8410,16820
-5321,-11154,16475
-1777,-13509,15286
1348,-15109,13761
4838,-16322,11484
8093,-16813,8720
11022,-16429,5407
13525,-15270,1745
15398,-13773,-1625
16450,-11352,-5098
16850,-8514,-8336
16636,-5535,-11101
15934,-2503,-13431
14788,511,-15299
12507,3840,-16347
9693,7049,-16742
6455,10102,-16557
2937,12692,-15629
-598,14734,-14136
-3894,15910,-12016
-7536,16405,-8869
-10621,16137,-5516
-13348,15068,-1720
-15361,13587,1774
-16438,11364,5074
-16693,8406,8287
-16273,5209,11064
-15345,1794,13551
-13831,-1530,15361
-11413,-4925,16338
-8757,-8113,16870
-5605,-10997,16602
-2206,-13348,15554
994,-15072,14078
4508,-16240,11732
7882,-16813,8931
10852,-16520,5668
13315,-15609,2294
15307,-14425,-882
16636,-12453,-4183
17279,-10126,-7153
17048,-7053,-9995
16297,-3663,-12634
14990,-177,-14813
12985,3048,-16033
10613,6331,-16944
7557,9450,-17007
4277,12040,-16317
783,14223,-15006
-2553,15670,-13117
-5853,16644,-10791
-9046,16916,-7870
-11892,16165,-4273
-14140,14251,-111
-15745,12391,3354
-16644,9858,6786
-16652,6814,9838
-16038,3469,12569
-14808,49,14759
-12700,-3333,16033
-10085,-6633,16718
-7123,-9636,16759
-3729,-12296,16025
8,-14421,14413
3271,-15765,12494
6571,-16623,10052
9838,-16689,6851
12568,-16033,3465
14821,-14553,-268
16157,-12449,-3708
16792,-9776,-7016
16891,-6831,-10060
16058,-3436,-12622
14561,33,-14594
12469,3465,-15934
9842,6785,-16627
6765,9796,-16561
3229,12482,-15711
-309,14474,-14165
-3737,15720,-11983
-7222,16297,-9075
-10411,15996,-5585
-13257,14887,-1630
-15254,13299,1955
-16401,11013,5388
-16689,8076,8613
-16231,4888,11343
-15122,1509,13613
-13633,-1823,15456
-11162,-5304,16466
-8419,-8278,16697
-5251,-11133,16384
-1732,-13422,15154
1575,-15085,13510
5189,-16178,10989
8505,-16520,8015
11512,-16141,4629
13959,-15151,1192
15637,-13480,-2157
16594,-10964,-5630
16801,-8093,-8708
16388,-4958,-11430
15336,-1621,-13715
13785,1666,-15451
11244,5020,-16264
8468,8184,-16652
5148,11046,-16194
1716,13480,-15196
-1522,15093,-13571
-5106,16207,-11101
-8394,16685,-8291
-11327,16046,-4719
-13761,14598,-837
-15233,12375,2858
-16170,9999,6171
-16388,7037,9351
-15712,3531,12181
-14507,107,14400
-12391,-3312,15703
-9862,-6633,16495
-6612,-9710,16322
-3139,-12296,15435
470,-14437,13967
3572,-15720,12148
6971,-16557,9586
10007,-16363,6356
12577,-15456,2879
14701,-14074,-627
15959,-12016,-3943
16656,-9334,-7322
16528,-6542,-9986
15741,-3073,-12668
14503,119,-14622
12523,3366,-15889
9875,6736,-16611
6822,9652,-16474
3357,12296,-15653
-160,14330,-14170
-3353,15551,-12198
-6789,16297,-9508
-9941,16170,-6229
-12709,15279,-2570
-14709,13563,1146
-16038,11562,4476
-16553,8831,7722
-16491,5952,10539
-15543,2532,13011
-14062,-763,14825
-11933,-4166,16099
-9471,-7264,16735
-6587,-10023,16610
-3081,-12606,15687
317,-14548,14231
3403,-15794,12391
6707,-16594,9887
9846,-16623,6777
12564,-15835,3271
14701,-14656,-45
16042,-12655,-3387
16764,-10180,-6584
16887,-7412,-9475
16293,-4195,-12098
15332,-1002,-14330
13913,1980,-15893
11620,5181,-16801
8687,8258,-16945
5622,10964,-16586
2153,13266,-15419
-1089,15027,-13938
-4962,15984,-11022
-8188,16401,-8213
-11306,16108,-4802
-13798,15060,-1262
-15551,13336,2215
-16368,10980,5388
-16681,7998,8683
-16128,4764,11364
-14949,1163,13786
-13063,-2305,15368
-10498,-5766,16264
-7429,-8930,16359
-4050,-11710,15760
-453,-14033,14486
2838,-15419,12581
6282,-16396,10114
9347,-16446,7099
12185,-15683,3498
14408,-14449,41
15802,-12387,-3415
16582,-9920,-6662
16599,-7020,-9579
15889,-3634,-12255
14718,-325,-14393
12725,2941,-15666
10139,6253,-16392
6872,9400,-16272
3477,12090,-15567
-74,14223,-14149
-3089,15555,-12466
-6686,16297,-9611
-9809,16149,-6340
-12523,15237,-2714
-14652,13802,850
-15910,11570,4340
-16467,8765,7702
-16207,5729,10478
-15192,2268,12924
-13703,-1068,14771
-11418,-4541,15959
-8769,-7738,16507
-5935,-10605,16540
-2536,-12944,15480
866,-14676,13810
4013,-15885,11872
7491,-16520,9029
10428,-16368,5940
13068,-15510,2442
14994,-14198,-796
16289,-11950,-4339
16896,-9710,-7186
16780,-6769,-10011
16009,-3481,-12528
14577,-24,-14553
12692,3143,-15835
10048,6600,-16648
7441,9421,-16862
4323,11830,-16153
932,13942,-14874
-2842,15497,-12655
-6232,16339,-10107
-9194,16281,-7087
-12263,15468,-3205
-14293,14181,112
-15720,12185,3535
-16442,9557,6885
-16368,6517,9851
-15699,3139,12560
-14458,-107,14565
-12313,-3460,15773
-9334,-7090,16424
-6571,-9817,16388
-2908,-12589,15497
684,-14631,13947
3691,-15926,12235
6719,-16673,9954
9689,-16619,6930
12362,-15906,3544
14647,-14462,-185
15930,-12626,-3304
16739,-9871,-6868
16784,-7169,-9615
16442,-4504,-11938
15633,-1410,-14223
13909,1687,-15596
11236,5086,-16322
8126,8538,-16664
4941,11162,-16103
1431,13538,-14969
-1885,15118,-13233
-5383,16128,-10745
-9009,16285,-7276
-11900,15522,-3622
-14082,14495,-413
-15712,12820,2892
-16541,9982,6559
-16545,7350,9195
-15765,3531,12234
-14594,169,14425
-12791,-2908,15699
-10349,-6253,16602
-7301,-9590,16891
-4228,-12164,16392
-1072,-14136,15208
2561,-15724,13163
5634,-16603,10969
8600,-16970,8370
11372,-16516,5144
13963,-15510,1547
15860,-14355,-1505
16834,-12544,-4290
17333,-9813,-7520
17102,-6752,-10350
16421,-3700,-12721
15167,-453,-14714
13051,3205,-16256
10725,6393,-17118
7911,9347,-17258
4813,11710,-16523
1084,14181,-15265
-2087,15666,-13579
-5473,16702,-11229
-8386,17040,-8654
-11632,16128,-4496
-13987,14313,-326
-15831,12787,3044
-16792,10741,6051
-16945,7647,9298
-16483,4450,12033
-15378,1076,14302
-13699,-2206,15905
-10923,-5841,16764
-8258,-8608,16866
-4587,-11743,16330
-882,-14004,14886
2198,-15336,13138
5548,-16549,11001
9202,-16813,7611
12061,-16207,4146
14441,-14920,479
15972,-13039,-2933
16805,-10378,-6427
16966,-7577,-9389
16330,-4228,-12102
14944,-693,-14251
12915,2714,-15629
10329,6150,-16479
7284,9277,-16561
3836,12020,-15856
-12,14214,-14202
-3675,15287,-11612
-7284,15769,-8485
-10679,15926,-5247
-13443,14784,-1341
-15357,13216,2141
-16347,10803,5544
-16590,7821,8769
-16087,4554,11533
-14845,1068,13777
-13228,-2343,15571
-10683,-5754,16437
-7792,-8769,16561
-4603,-11587,16190
-1105,-13851,14956
2219,-15460,13241
5663,-16339,10676
8901,-16611,7710
11822,-16120,4298
14231,-15118,887
15881,-13711,-2170
16693,-11364,-5329
16805,-8344,-8461
16483,-5292,-11191
15485,-1839,-13646
13942,1377,-15319
11492,4855,-16347
8637,8031,-16668
5350,10939,-16289
1901,13377,-15278
-1216,15064,-13848
-4962,16219,-11257
-8138,16731,-8593
-11088,16256,-5168
-13604,14903,-1299
-15208,12713,2495
-16260,10489,5771
-16607,7557,9050
-16000,4199,11801
-15027,874,14153
-13162,-2499,15661
-10852,-5696,16548
-8039,-8802,16841
-4657,-11512,16169
-1254,-13843,15097
2000,-15419,13419
5288,-16438,11150
8625,-16648,8023
11467,-16104,4637
13785,-15039,1254
15514,-13340,-2174
16500,-10852,-5648
16731,-7882,-8849
16359,-4805,-11554
15192,-1423,-13769
13464,1942,-15406
11096,5209,-16305
8212,8377,-16589
4912,11133,-16045
1505,13538,-15043
-1876,15081,-13205
-5572,15947,-10375
-8951,15708,-6757
-11966,15221,-3255
-14400,13624,776
-15819,11867,3952
-16413,9108,7305
-16396,6195,10201
-15547,2796,12751
-14095,-540,14635
-11987,-4021,16008
-9388,-7235,16623
-6418,-10060,16478
-2850,-12655,15505
693,-14524,13831
3733,-15778,12045
7144,-16619,9475
10213,-16512,6299
12766,-15613,2847
14854,-14338,-516
16161,-12284,-3877
16850,-9900,-6950
16904,-7140,-9764
16306,-3968,-12338
15114,-746,-14368
13472,2371,-15843
10881,5709,-16590
8019,8740,-16759
4789,11500,-16289
1282,13707,-14989
-2046,15332,-13286
-5535,16269,-10734
-8798,16603,-7805
-11677,16046,-4369
-14074,15006,-932
-15749,13146,2603
-16541,10671,5870
-16751,7779,8972
-16198,4521,11677
-15010,1080,13930
-13150,-2367,15517
-10778,-5696,16474
-7841,-8815,16656
-4636,-11554,16190
-1068,-13934,15002
2079,-15406,13327
5420,-16442,11022
8575,-16751,8176
11413,-16306,4893
13855,-15270,1415
15522,-13571,-1951
16541,-11199,-5342
16900,-8357,-8543
16524,-5317,-11207
15559,-1959,-13600
13950,1353,-15303
11669,4607,-16276
8778,7899,-16677
5544,10745,-16289
1992,13187,-15179
-1126,14874,-13748
-4603,16058,-11455
-8303,16153,-7850
-11145,15122,-3977
-13983,14342,-359
-15588,12387,3201
-16413,9879,6534
-16401,6859,9542
-15633,3349,12284
-14218,-61,14279
-12127,-3535,15662
-9421,-6934,16355
-6496,-9821,16317
-3135,-12391,15526
536,-14363,13827
3630,-15609,11979
7049,-16343,9294
10205,-16227,6022
12841,-15332,2491
14866,-13888,-978
16165,-11834,-4331
16685,-9273,-7412
16483,-6195,-10288
15629,-2887,-12742
14086,507,-14593
12078,3762,-15840
9660,6892,-16552
6798,9788,-16586
3180,12321,-15501
-363,14231,-13868
-3630,15576,-11946
-7115,16190,-9075
-10197,15947,-5750
-12894,14911,-2017
-14854,13381,1473
-16038,11178,4860
-16355,8287,8068
-16054,5205,10849
-15122,1823,13299
-13600,-1423,15023
-11191,-4801,15992
-8485,-7977,16462
-5300,-10873,16173
-1827,-13307,15134
1221,-14944,13723
4706,-16120,11414
7821,-16751,8930
10716,-16458,5742
13063,-15415,2352
15056,-13942,-1114
16153,-11748,-4405
16710,-9095,-7615
16648,-6402,-10246
16194,-3370,-12824
15175,-350,-14825
13068,2879,-15947
10456,6175,-16631
7536,9235,-16771
4129,11941,-16070
730,14041,-14771
-2582,15514,-12932
-5783,16401,-10618
-8934,16623,-7689
-11739,15984,-4245
-14099,14722,-623
-15708,12969,2739
-16512,10353,6159
-16359,7231,9128
-15790,3774,12016
-14812,486,14326
-12771,-2982,15753
-10423,-6237,16660
-7590,-9285,16875
-4549,-11859,16408
-998,-14029,15027
2231,-15427,13196
5568,-16417,10849
8728,-16797,8069
11537,-16256,4719
13926,-15332,1406
15703,-13835,-1868
16776,-11628,-5148
17164,-9025,-8139
16858,-5927,-10931
15972,-2644,-13328
14474,697,-15171
12412,3836,-16248
10106,6979,-17085
6991,9941,-16932
3580,12375,-15955
12,14412,-14424
-3258,15753,-12495
-6517,16706,-10189
-9887,16652,-6765
-12622,15299,-2677
-14660,13657,1003
-16240,11789,4451
-16792,9091,7701
-16549,6039,10510
-15761,2615,13146
-14429,-598,15027
-12160,-4021,16181
-9450,-7260,16710
-6307,-10201,16508
-2710,-12890,15600
853,-14701,13848
4166,-16038,11872
7515,-16825,9310
10593,-16528,5935
13167,-15720,2553
15130,-14227,-903
16372,-12020,-4352
16920,-9438,-7482
16867,-6542,-10325
16091,-3225,-12866
14676,119,-14795
12469,3477,-15946
9805,6793,-16598
6732,9854,-16586
3304,12436,-15740
-396,14606,-14210
-3592,15753,-12161
-7148,16368,-9220
-10300,16231,-5931
-13014,15204,-2190
-15052,13534,1518
-16198,11273,4925
-16446,8324,8122
-15984,5061,10923
-14907,1443,13464
-13216,-2000,15216
-10531,-5556,16087
-7821,-8646,16467
-4323,-11517,15840
-763,-13909,14672
2508,-15406,12898
5964,-16277,10313
9219,-16504,7285
12028,-16033,4005
14396,-14829,433
15901,-13171,-2730
16689,-10634,-6055
16850,-7738,-9112
16335,-4595,-11740
15349,-1299,-14050
13839,1769,-15608
11385,5119,-16504
8608,8167,-16775
5341,11042,-16383
1934,13373,-15307
-1122,15118,-13996
-4681,16178,-11497
-8002,16722,-8720
-10927,16355,-5428
-13480,14899,-1419
-15122,12709,2413
-16198,10527,5671
-16685,7705,8980
-16128,4426,11702
-15138,1080,14058
-13282,-2322,15604
-10976,-5527,16503
-8027,-8633,16660
-4636,-11446,16082
-1175,-13810,14985
2041,-15402,13361
5436,-16467,11031
8621,-16722,8101
11529,-16178,4649
13930,-14965,1035
15588,-13426,-2162
16627,-11038,-5589
16863,-8283,-8580
16454,-5176,-11278
15349,-1782,-13567
13756,1447,-15203
11496,4793,-16289
8732,7944,-16676
5383,10861,-16244
1835,13323,-15158
-1406,14911,-13505
-5119,15955,-10836
-8580,15893,-7313
-11628,15477,-3849
-14095,14111,-16
-15604,12313,3291
-16396,9685,6711
-16396,6793,9603
-15724,3382,12342
-14330,-90,14420
-12144,-3576,15720
-9466,-6859,16325
-6344,-9825,16169
-2747,-12474,15221
812,-14462,13650
4038,-15662,11624
7400,-16454,9054
10473,-16273,5800
13051,-15246,2195
14973,-13732,-1241
16137,-11504,-4633
16636,-8893,-7743
16500,-6001,-10499
15790,-2842,-12948
14647,247,-14894
12861,3361,-16222
10052,6567,-16619
7128,9442,-16570
3733,12102,-15835
284,14132,-14416
-3085,15551,-12466
-6480,16285,-9805
-9570,16392,-6822
-12309,15588,-3279
-14565,14276,289
-15860,12205,3655
-16491,9570,6921
-16442,6567,9875
-15654,3073,12581
-14280,-309,14589
-12090,-3733,15823
-9458,-7008,16466
-6463,-10027,16490
-3159,-12552,15711
243,-14594,14351
3374,-15852,12478
6641,-16656,10015
9590,-16776,7186
12247,-15992,3745
14528,-14812,284
15831,-12886,-2945
16764,-10576,-6188
16978,-7808,-9170
16561,-4859,-11702
15873,-1889,-13984
14190,1320,-15510
11673,4591,-16264
8761,7882,-16643
5453,10725,-16178
1955,13179,-15134
-1225,14891,-13666
-4702,16066,-11364
-8406,16042,-7636
-11253,15258,-4005
-14058,14454,-396
-15592,12581,3011
-16417,10036,6381
-16434,7103,9331
-15712,3663,12049
-14400,231,14169
-12284,-3304,15588
-9644,-6587,16231
-6674,-9598,16272
-3168,-12185,15353
449,-14264,13815
3753,-15633,11880
7128,-16231,9103
10234,-16161,5927
12952,-15171,2219
14845,-13761,-1084
16095,-11649,-4446
16582,-8992,-7590
16384,-5981,-10403
15423,-2499,-12924
13847,882,-14729
11842,4116,-15958
9413,7161,-16574
6439,10069,-16508
2953,12540,-15493
-486,14416,-13930
-3819,15637,-11818
-7243,16306,-9063
-10382,15980,-5598
-12936,15006,-2070
-14957,13340,1617
-15947,11125,4822
-16318,8196,8122
-15984,5044,10940
-15089,1720,13369
-13418,-1691,15109
-11112,-5020,16132
-8266,-8229,16495
-5230,-11042,16272
-1893,-13356,15249
1134,-14986,13852
4541,-16289,11748
7590,-16941,9351
10461,-16751,6290
12903,-15720,2817
14808,-14293,-515
16066,-12284,-3782
16706,-9759,-6947
16759,-6967,-9792
16339,-3993,-12346
15505,-998,-14507
13715,2112,-15827
11092,5445,-16537
8233,8542,-16775
4937,11364,-16301
1497,13596,-15093
-1757,15258,-13501
-5139,16236,-11097
-8398,16454,-8056
-11323,15889,-4566
-13740,14631,-891
-15621,13068,2553
-16500,10634,5866
-16582,7565,9017
-16042,4306,11736
-14990,928,14062
-13142,-2433,15575
-10824,-5704,16528
-7986,-8864,16850
-4719,-11533,16252
-1365,-13695,15060
1897,-15274,13377
5296,-16244,10948
8604,-16599,7995
11508,-16165,4657
13963,-15109,1146
15625,-13542,-2083
16685,-11182,-5503
16908,-8398,-8510
16582,-5288,-11294
15493,-1864,-13629
13855,1427,-15282
11649,4690,-16339
9087,7796,-16883
5758,10712,-16470
2359,13030,-15389
-866,14779,-13913
-4554,16050,-11496
-7746,16702,-8956
-10848,16277,-5429
-13443,14759,-1316
-15200,12936,2264
-16454,10819,5635
-16710,7874,8836
-16314,4731,11583
-15345,1526,13819
-13802,-1753,15555
-11422,-5044,16466
-8662,-8188,16850
-5440,-10976,16416
-1749,-13426,15175
1419,-15031,13612
4954,-16297,11343
8167,-16883,8716
11042,-16599,5557
13579,-15580,2001
15357,-13979,-1378
16528,-11756,-4772
16957,-9186,-7771
17036,-6468,-10568
16207,-3234,-12973
14730,152,-14882
12672,3489,-16161
9949,6855,-16804
6991,9854,-16845
3605,12515,-16120
140,14557,-14697
-3052,15823,-12771
-6496,16574,-10078
-9557,16772,-7215
-12395,15877,-3482
-14524,14421,103
-15976,12391,3585
-16640,9685,6955
-16475,6501,9974
-15580,2904,12676
-14280,-519,14799
-12012,-4071,16083
-9289,-7359,16648
-6212,-10324,16536
-2734,-12861,15595
816,-14858,14042
3869,-15955,12086
7367,-16599,9232
10419,-16545,6126
13092,-15621,2529
15114,-14330,-784
16359,-12053,-4306
16834,-9273,-7561
16656,-6220,-10436
15757,-2833,-12924
14396,536,-14932
12205,3898,-16103
9532,7173,-16705
6303,10118,-16421
2998,12626,-15624
-548,14590,-14042
-3943,15939,-11996
-7301,16495,-9194
-10527,16137,-5610
-13158,14701,-1543
-15118,12762,2356
-16273,10720,5553
-16784,8002,8782
-16347,4739,11608
-15518,1662,13856
-13954,-1600,15554
-11607,-4834,16441
-8959,-7986,16945
-5440,-10770,16210
-1959,-13253,15212
1237,-15093,13856
4772,-16330,11558
8097,-16788,8691
11022,-16405,5383
13600,-15307,1707
15369,-13806,-1563
16483,-11488,-4995
16966,-8802,-8164
16644,-5770,-10874
15811,-2561,-13250
14400,738,-15138
12267,3943,-16210
9689,7210,-16899
6397,10201,-16598
2994,12791,-15785
-462,14771,-14309
-3675,15980,-12305
-7214,16533,-9319
-10250,16330,-6080
-12952,15324,-2372
-14932,13563,1369
-16145,11467,4678
-16528,8538,7990
-16330,5403,10927
-15229,1823,13406
-13468,-1604,15072
-11079,-5189,16268
-8179,-8419,16598
-4756,-11290,16046
-1204,-13596,14800
1967,-15196,13229
5416,-16269,10853
8736,-16685,7949
11533,-16161,4628
13831,-14969,1138
15477,-13220,-2257
16467,-10815,-5652
16673,-7891,-8782
16248,-4710,-11538
15068,-1216,-13852
13649,1864,-15513
11372,5185,-16557
8551,8217,-16768
5189,11022,-16211
1819,13274,-15093
-1410,14932,-13522
-5321,15959,-10638
-8514,16318,-7804
-11525,15654,-4129
-13967,14639,-672
-15670,12787,2883
-16467,10230,6237
-16656,7326,9330
-16029,3955,12074
-14812,610,14202
-12841,-2838,15679
-10399,-6067,16466
-7656,-9009,16665
-4417,-11715,16132
-907,-13938,14845
2351,-15431,13080
5667,-16368,10701
8918,-16553,7635
11793,-16050,4257
14198,-14837,639
15753,-13006,-2747
16747,-10712,-6035
16966,-7920,-9046
16706,-5069,-11637
16244,-2355,-13889
14515,957,-15472
12053,4219,-16272
9231,7486,-16717
5902,10436,-16338
2503,13002,-15505
-701,14883,-14182
-4141,16182,-12041
-7627,16627,-9000
-10679,16108,-5429
-13377,15163,-1786
-15307,13583,1724
-16302,11294,5008
-16594,8402,8192
-16190,5139,11051
-15130,1633,13497
-13356,-1815,15171
-10807,-5337,16144
-7986,-8534,16520
-4640,-11385,16025
-948,-13736,14684
2231,-15382,13151
5717,-16376,10659
8955,-16603,7648
11814,-15984,4170
14095,-14817,722
15708,-13179,-2529
16652,-10923,-5729
16784,-7932,-8852
16289,-4892,-11397
15019,-1196,-13823
13216,2087,-15303
10881,5416,-16297
8171,8538,-16709
4917,11302,-16219
1452,13587,-15039
-1876,15138,-13262
-5308,16318,-11010
-8608,16508,-7900
-11442,15926,-4484
-13950,14598,-648
-15468,12651,2817
-16376,10188,6188
-16417,7161,9256
-15910,3823,12087
-14742,449,14293
-12688,-2928,15616
-10027,-6319,16346
-7214,-9367,16581
-3943,-12012,15955
-441,-14198,14639
2747,-15571,12824
6006,-16582,10576
9116,-16850,7734
11863,-16186,4323
14070,-14878,808
15683,-13072,-2611
16660,-10601,-6059
16949,-7899,-9050
16813,-5143,-11670
16656,-2619,-14037
15043,552,-15595
12593,3869,-16462
9908,7095,-17003
7004,9990,-16994
3601,12585,-16186
173,14664,-14837
-2974,16033,-13059
-6121,16912,-10791
-9256,17044,-7788
-12098,16462,-4364
-14375,15250,-875
-16042,13558,2484
-16978,11145,5833
-17032,8076,8956
-16603,4879,11724
-15670,1464,14206
-14148,-1716,15864
-11706,-5086,16792
-9153,-8278,17431
-6034,-11121,17155
-2916,-13505,16421
486,-15373,14887
3588,-16467,12879
6777,-17316,10539
10048,-17329,7281
12721,-16751,4030
14895,-15695,800
16504,-13996,-2508
17419,-11855,-5564
17696,-9141,-8555
17349,-5997,-11352
16520,-2825,-13695
14949,676,-15625
12795,4096,-16891
10217,7297,-17514
6983,10337,-17320
3514,12911,-16425
-144,14990,-14846
-3559,16256,-12697
-7024,17213,-10189
-10197,17217,-7020
-12931,16042,-3111
-15155,14206,949
-16594,12350,4244
-17308,9594,7714
-17081,6447,10634
-16380,2965,13415
-14961,-420,15381
-12832,-3865,16697
-9978,-7288,17266
-6888,-10316,17204
-3361,-13059,16420
309,-15097,14788
3514,-16429,12915
6905,-17391,10486
10073,-17506,7433
12808,-16842,4034
15085,-15584,499
16553,-13620,-2933
17440,-11224,-6216
17659,-8192,-9467
17465,-5205,-12260
16351,-1835,-14516
14586,1476,-16062
12160,4974,-17134
9400,8196,-17596
6249,11141,-17390
2635,13711,-16346
-664,15551,-14887
-4285,16656,-12371
-7816,17316,-9500
-11001,17065,-6064
-13789,15844,-2055
-15881,14177,1704
-17081,11921,5160
-17419,8901,8518
-17032,5515,11517
-15943,1905,14038
-14359,-1542,15901
-11830,-5143,16973
-8976,-8402,17378
-5754,-11372,17126
-2025,-13888,15913
1122,-15642,14520
4830,-16838,12008
8328,-17304,8976
11611,-16982,5371
14173,-16108,1935
16112,-14429,-1683
17135,-11937,-5198
17485,-8976,-8509
17221,-5832,-11389
16099,-2190,-13909
14511,1204,-15715
12119,4673,-16792
9120,8142,-17262
5733,11088,-16821
2079,13678,-15757
-1443,15485,-14042
-5271,16516,-11245
-9025,16755,-7730
-12189,15988,-3799
-14668,14425,243
-16215,12300,3915
-17139,9784,7355
-17069,6616,10453
-16339,3052,13287
-15204,-86,15290
-13030,-3551,16581
-10481,-6913,17394
-7288,-9982,17270
-3555,-12659,16214
49,-14986,14937
3291,-16401,13110
6814,-17275,10461
10122,-17312,7190
12874,-16528,3654
15068,-15184,116
16553,-13204,-3349
17407,-10621,-6786
17452,-7726,-9726
16879,-4376,-12503
15683,-866,-14817
13822,2433,-16255
11339,5902,-17241
8237,9120,-17357
4702,12053,-16755
1171,14408,-15579
-2281,15918,-13637
-5750,16949,-11199
-9256,17089,-7833
-12148,16570,-4422
-14664,15023,-359
-16215,12911,3304
-17160,10374,6786
-17201,7367,9834
-16611,3889,12722
-15126,169,14957
-13105,-3341,16446
-10308,-6843,17151
-7206,-9999,17205
-3547,-12766,16313
49,-14870,14821
3337,-16240,12903
6802,-17188,10386
10060,-17168,7108
12870,-16314,3444
15138,-14891,-247
16541,-12820,-3721
17254,-10081,-7173
17275,-7070,-10205
16524,-3493,-13031
15138,-12,-15126
13315,3246,-16561
10621,6674,-17295
7367,9697,-17064
3922,12329,-16251
251,14515,-14766
-3658,15811,-12153
-7433,16161,-8728
-10910,16207,-5297
-13629,15246,-1617
-15757,13583,2174
-16702,11088,5614
-17069,8035,9034
-16632,4694,11938
-15431,1105,14326
-13637,-2343,15980
-11129,-5754,16883
-8171,-8856,17027
-4970,-11649,16619
-1225,-14033,15258
2050,-15654,13604
5568,-16780,11212
9009,-17023,8014
11983,-16512,4529
14462,-15270,808
16091,-13398,-2693
17122,-11030,-6092
17498,-8258,-9240
17197,-5354,-11843
16541,-2285,-14256
14854,948,-15802
12317,4343,-16660
9264,7792,-17056
5841,10894,-16735
2483,13451,-15934
-944,15390,-14446
-4434,16673,-12239
-7891,17201,-9310
-10968,16891,-5923
-13699,15934,-2235
-15753,14272,1481
-16821,12061,4760
-17275,9178,8097
-17003,6006,10997
-16066,2536,13530
-14614,-895,15509
-12263,-4479,16742
-9524,-7742,17266
-6509,-10758,17267
-3151,-13315,16466
408,-15307,14899
3361,-16656,13295
6785,-17403,10618
9986,-17428,7442
12754,-16891,4137
15002,-15584,582
16524,-13851,-2673
17461,-11385,-6076
17576,-8311,-9265
17151,-5098,-12053
15885,-1513,-14372
14082,1864,-15946
11702,5374,-17076
9013,8485,-17498
5634,11442,-17076
1984,13860,-15844
-1179,15559,-14380
-5131,16685,-11554
-8852,16438,-7586
-11867,15745,-3878
-14602,14668,-66
-16157,12597,3560
-16990,9883,7107
-16863,6661,10202
-16244,3139,13105
-14887,-280,15167
-12478,-3894,16372
-9755,-7260,17015
-6657,-10283,16940
-3114,-13018,16132
643,-15043,14400
3865,-16351,12486
7359,-17131,9772
10572,-17019,6447
13303,-15943,2640
15361,-14454,-907
16685,-12144,-4541
17238,-9248,-7990
17122,-6179,-10943
16739,-3316,-13423
15625,-119,-15506
13171,3254,-16425
10234,6785,-17019
7074,9887,-16961
3283,12667,-15950
-495,14866,-14371
-3753,16194,-12441
-7507,16834,-9327
-10762,16636,-5874
-13525,15505,-1980
-15646,13967,1679
-16821,11842,4979
-17131,8877,8254
-16801,5519,11282
-15835,2058,13777
-14342,-1324,15666
-11962,-4809,16771
-9153,-8167,17320
-6034,-11067,17101
-2586,-13542,16128
895,-15406,14511
4360,-16557,12197
7726,-17254,9528
10873,-17089,6216
13525,-16137,2612
15604,-14878,-726
16970,-13113,-3857
17679,-10498,-7181
17613,-7569,-10044
16801,-4054,-12747
15472,-495,-14977
13488,2961,-16449
11030,6286,-17316
7973,9495,-17468
4562,12201,-16763
1031,14458,-15489
-2491,16025,-13534
-5878,17098,-11220
-9075,17411,-8336
-12003,16759,-4756
-14482,14878,-396
-15984,12903,3081
-17143,10522,6621
-17147,7309,9838
-16537,3840,12697
-15398,367,15031
-13340,-3060,16400
-10766,-6406,17172
-7709,-9586,17295
-4166,-12449,16615
-470,-14742,15212
3007,-16132,13125
6364,-17164,10800
9578,-17391,7813
12424,-16846,4422
14870,-15543,673
16429,-13707,-2722
17353,-11145,-6208
17584,-8192,-9392
17419,-5218,-12201
16380,-1819,-14561
14561,1551,-16112
12102,4904,-17006
9227,8212,-17439
5907,11257,-17164
2442,13756,-16198
-919,15514,-14595
-4574,16702,-12128
-8142,17193,-9051
-11343,16904,-5561
-14115,15666,-1551
-16087,13963,2124
-17155,11686,5469
-17424,8633,8791
-17007,5308,11699
-15873,1732,14141
-14280,-1687,15967
-11826,-5197,17023
-8992,-8493,17485
-5775,-11455,17230
-2206,-13921,16127
1089,-15637,14548
4706,-16904,12198
8208,-17498,9290
11331,-17267,5936
13987,-16339,2352
15976,-15118,-858
17234,-12837,-4397
17667,-10027,-7640
17551,-7004,-10547
16784,-3514,-13270
15464,-57,-15407
13315,3328,-16643
10576,6855,-17431
7326,10011,-17337
3753,12832,-16585
189,15002,-15191
-3300,16409,-13109
-6917,17279,-10362
-10205,17250,-7045
-13072,15881,-2809
-15147,13868,1279
-16495,11665,4830
-17349,9004,8345
-16970,5614,11356
-15918,2062,13856
-14218,-1546,15764
-11776,-5007,16783
-8802,-8456,17258
-5197,-11587,16784
-1559,-14041,15600
1942,-15798,13856
5469,-16974,11505
8938,-17386,8448
11838,-16904,5066
14400,-15658,1258
16198,-13979,-2219
17250,-11508,-5742
17617,-8687,-8930
17502,-5803,-11699
16681,-2528,-14153
15138,705,-15843
12799,4207,-17006
9949,7590,-17539
6723,10642,-17365
3118,13307,-16425
-585,15365,-14780
-3828,16533,-12705
-7515,17164,-9649
-10650,16904,-6254
-13575,15852,-2277
-15584,13946,1638
-16924,11814,5110
-17353,8798,8555
-17209,5700,11509
-16017,2017,14000
-14268,-1575,15843
-11875,-5168,17043
-8893,-8443,17336
-5568,-11562,17130
-2000,-13950,15950
1299,-15613,14314
4912,-16867,11955
8241,-17424,9183
11422,-17077,5655
14049,-15988,1939
15959,-14383,-1576
17065,-11999,-5066
17626,-9149,-8477
17263,-5911,-11352
16273,-2409,-13864
14841,858,-15699
12639,4327,-16966
9755,7623,-17378
6488,10675,-17163
2697,13286,-15983
-792,15180,-14388
-4966,16310,-11344
-8377,16578,-8201
-11694,16438,-4744
-14383,15258,-875
-16161,13459,2702
-16957,10795,6162
-17147,7717,9430
-16491,4059,12432
-15167,561,14606
-13030,-3089,16119
-10209,-6562,16771
-7095,-9784,16879
-3448,-12610,16058
268,-14821,14553
3691,-16165,12474
7251,-17044,9793
10551,-16937,6386
13290,-16033,2743
15406,-14503,-903
16784,-12139,-4645
17448,-9689,-7759
17601,-6925,-10676
17230,-4030,-13200
16000,-734,-15266
13723,2668,-16391
11141,6034,-17175
7862,9380,-17242
4438,12205,-16643
1010,14507,-15517
-2462,16058,-13596
-5973,17114,-11141
-9227,17242,-8015
-12210,16524,-4314
-14730,15353,-623
-16273,13323,2950
-17180,10737,6443
-17312,7709,9603
-16607,4207,12400
-15448,672,14776
-13360,-2887,16247
-10960,-6298,17258
-7915,-9471,17386
-4665,-12280,16945
-1196,-14536,15732
2013,-16124,14111
5494,-17230,11736
8782,-17568,8786
11710,-17234,5524
14433,-16124,1691
16227,-14441,-1786
17358,-12218,-5140
17782,-9805,-7977
17490,-6591,-10899
16363,-2668,-13695
14940,536,-15476
12919,3906,-16825
10122,7293,-17415
6810,10630,-17440
3498,12960,-16458
-231,15118,-14887
-3588,16438,-12850
-7961,16751,-8790
-10815,16310,-5495
-14016,15357,-1341
-15815,13686,2129
-17003,11038,5965
-17176,8212,8964
-16623,4846,11777
-15514,998,14516
-13373,-2635,16008
-10935,-5824,16759
-7598,-9367,16965
-3943,-12292,16235
-185,-14672,14857
2949,-15906,12957
6525,-16929,10404
10201,-16995,6794
12672,-16128,3456
15031,-14705,-326
16405,-12383,-4022
17180,-9710,-7470
17069,-6558,-10511
16731,-3642,-13089
16062,-730,-15332
13327,3114,-16441
10857,6146,-17003
7598,9363,-16961
4005,12276,-16281
-202,14701,-14499
-3691,16108,-12417
-6925,16776,-9851
-10279,16594,-6315
-13385,15419,-2034
-15369,14218,1151
-16702,12049,4653
-17061,9083,7978
-16759,5775,10984
-15703,1872,13831
-14140,-1522,15662
-11682,-5135,16817
-8980,-8365,17345
-5816,-11339,17155
-2912,-13492,16404
767,-15427,14660
4042,-16520,12478
7755,-17300,9545
10576,-17110,6534
13492,-16182,2690
15646,-14982,-664
16999,-13191,-3808
17716,-11017,-6699
17613,-7713,-9900
16974,-4582,-12392
15778,-1023,-14755
13674,2673,-16347
11203,6117,-17320
8547,8934,-17481
5168,11826,-16994
1637,14095,-15732
-2140,15926,-13786
-5684,17007,-11323
-8637,17399,-8762
-11644,16809,-5165
-14198,14751,-553
-16120,12804,3316
-17184,10729,6455
-17283,7635,9648
-16673,3889,12784
-15493,482,15011
-13954,-2429,16383
-11385,-5836,17221
-8076,-9293,17369
-4884,-11921,16805
-787,-14445,15232
2780,-15939,13159
6253,-17139,10886
9479,-17279,7800
12494,-16648,4154
14862,-15307,445
16421,-13381,-3040
17292,-10795,-6497
17465,-7870,-9595
16966,-4529,-12437
15646,-932,-14714
13752,2409,-16161
11092,5927,-17019
8179,9153,-17332
4698,11966,-16664
1196,14342,-15538
-2301,15893,-13592
-5985,16858,-10873
-9363,17056,-7693
-12449,16339,-3890
-14895,15002,-107
-16462,13026,3436
-17320,10324,6996
-17337,7350,9987
-16528,3741,12787
-15258,276,14982
-13352,-3077,16429
-10642,-6538,17180
-7697,-9669,17366
-4413,-12507,16920
-796,-14767,15563
2541,-16269,13728
6014,-17155,11141
9351,-17366,8015
12379,-16896,4517
14800,-15922,1122
16458,-14511,-1947
17407,-11958,-5449
17671,-9050,-8621
17312,-5857,-11455
16297,-2301,-13996
14862,1023,-15885
12482,4611,-17093
9598,7878,-17476
6298,10972,-17270
2825,13542,-16367
-627,15543,-14916
-4120,16792,-12672
-7482,17481,-9999
-10712,17353,-6641
-13447,16091,-2644
-15386,13851,1535
-16594,11574,5020
-17432,8914,8518
-17028,5498,11530
-16128,2066,14062
-14396,-1534,15930
-12045,-4999,17044
-9363,-8233,17596
-5841,-11203,17044
-2330,-13756,16086
1064,-15679,14615
4570,-16842,12272
8043,-17411,9368
11100,-17003,5903
13851,-15914,2063
15831,-14404,-1427
17019,-11933,-5086
17452,-9046,-8406
17155,-5709,-11446
16124,-2173,-13951
14495,1254,-15749
12024,4760,-16784
9108,8229,-17337
5770,11207,-16977
2062,13723,-15785
-1196,15551,-14355
-5069,16640,-11571
-8753,16652,-7899
-11834,16174,-4340
-14647,14862,-215
-16252,13063,3189
-17221,10485,6736
-17234,7437,9797
-16768,4050,12718
-15427,561,14866
-13360,-2978,16338
-10848,-6323,17171
-7866,-9520,17386
-4339,-12333,16672
-763,-14487,15250
2681,-15984,13303
6290,-17110,10820
9623,-17345,7722
12585,-16623,4038
14928,-15233,305
16500,-13406,-3094
17366,-10902,-6464
17523,-7903,-9620
17081,-4653,-12428
15955,-1278,-14677
14647,1621,-16268
12148,5205,-17353
9070,8377,-17447
5754,11331,-17085
2008,13814,-15822
-1179,15600,-14421
-5292,16669,-11377
-8641,17011,-8370
-11793,16627,-4834
-14326,15559,-1233
-16198,13695,2503
-17089,11195,5894
-17296,8151,9145
-16743,4686,12057
-15497,1018,14479
-13513,-2594,16107
-10824,-6109,16933
-7767,-9318,17085
-4376,-12238,16614
-643,-14573,15216
2776,-16029,13253
6208,-17023,10815
9442,-17193,7751
12379,-16611,4232
14792,-15283,491
16293,-13220,-3073
17209,-10704,-6505
17349,-7779,-9570
16726,-4261,-12465
15419,-713,-14706
13455,2656,-16111
10844,6187,-17031
7783,9351,-17134
4236,12234,-16470
655,14540,-15195
-2788,15959,-13171
-6228,17019,-10791
-9689,17003,-7314
-12601,16046,-3445
-15060,14647,413
-16500,12519,3981
-17217,9689,7528
-17069,6562,10507
-16223,3031,13192
-14767,-441,15208
-12622,-3927,16549
-9883,-7264,17147
-6987,-10333,17320
-3485,-12874,16359
24,-14907,14883
3390,-16347,12957
6942,-17254,10312
10250,-17180,6930
13047,-16401,3354
15283,-15048,-235
16788,-13142,-3646
17580,-10671,-6909
17642,-7816,-9826
16970,-4500,-12470
15584,-837,-14747
13810,2367,-16177
11385,5770,-17155
8555,8922,-17477
5383,11801,-17184
1786,14062,-15848
-1608,15724,-14116
-5247,16920,-11673
-8790,17184,-8394
-11867,16487,-4620
-14466,15217,-751
-16149,13319,2830
-17077,10877,6200
-17160,7680,9480
-16619,4306,12313
-15460,816,14644
-13344,-2829,16173
-10654,-6323,16977
-7594,-9553,17147
-3997,-12424,16421
-449,-14664,15113
3106,-16244,13138
6410,-17176,10766
9656,-17287,7631
12527,-16483,3956
14825,-15184,359
16330,-13101,-3229
17164,-10390,-6774
17176,-7577,-9599
16623,-4063,-12560
15353,-594,-14759
13319,2924,-16243
10737,6369,-17106
7532,9532,-17064
3873,12457,-16330
127,14652,-14779
-3304,16038,-12734
-6876,16891,-10015
-10188,16669,-6481
-13035,15712,-2677
-15332,14198,1134
-16640,12111,4529
-17069,9103,7966
-16747,5671,11076
-15786,2087,13699
-14223,-1315,15538
-11818,-4867,16685
-8938,-8262,17200
-5882,-11158,17040
-2409,-13637,16046
1097,-15373,14276
4599,-16553,11954
8002,-17135,9133
11121,-16846,5725
13818,-15802,1984
15852,-14507,-1345
17056,-12375,-4681
17650,-9726,-7924
17395,-6616,-10779
16623,-3353,-13270
15180,189,-15369
13014,3588,-16602
10675,6814,-17489
7503,9846,-17349
4067,12445,-16512
474,14627,-15101
-3069,16025,-12956
-6455,16995,-10540
-9937,17106,-7169
-12771,15864,-3093
-14953,13963,990
-16545,12205,4340
-17292,9421,7871
-17015,6224,10791
-16194,2751,13443
-14977,-511,15488
-12911,-3844,16755
-10085,-7128,17213
-6996,-10126,17122
-3184,-12981,16165
606,-15043,14437
3766,-16351,12585
7367,-17193,9826
10531,-17188,6657
13200,-16417,3217
15369,-15010,-359
16739,-12907,-3832
17457,-10337,-7120
17523,-7474,-10049
17073,-4339,-12734
15728,-849,-14879
13695,2516,-16211
10951,6080,-17031
7816,9310,-17126
4500,12210,-16710
948,14474,-15422
-2710,16000,-13290
-6241,16846,-10605
-9553,17032,-7479
-12527,16306,-3779
-14986,14883,103
-16471,12849,3622
-17238,10122,7116
-17139,7045,10094
-16289,3489,12800
-14907,-82,14989
-12771,-3691,16462
-10032,-7128,17160
-7066,-10135,17201
-3638,-12857,16495
-127,-15089,15216
3106,-16446,13340
6583,-17300,10717
9809,-17428,7619
12667,-16801,4134
15035,-15761,726
16714,-14190,-2524
17461,-11690,-5771
17634,-8571,-9063
17275,-5577,-11698
16236,-1980,-14256
14680,1357,-16037
12296,4789,-17085
9409,8093,-17502
6261,11013,-17274
2763,13563,-16326
-759,15547,-14788
-4092,16788,-12696
-7519,17477,-9958
-10683,17312,-6629
-13501,16013,-2512
-15460,13905,1555
-16710,11768,4942
-17551,9066,8485
-17279,5783,11496
-16363,2392,13971
-14784,-1018,15802
-12601,-4380,16981
-9937,-7705,17642
-6521,-10807,17328
-2957,-13319,16276
693,-15501,14808
3902,-16677,12775
7408,-17444,10036
10638,-17271,6633
13484,-16273,2789
15571,-14825,-746
16883,-12568,-4315
17556,-9834,-7722
17386,-6798,-10588
16533,-3213,-13320
15130,169,-15299
12903,3749,-16652
10168,7095,-17263
6884,10275,-17159
3130,12985,-16115
-610,15163,-14553
-4467,16198,-11731
-8208,16297,-8089
-11488,16310,-4822
-14338,15184,-846
-16062,13294,2768
-17110,10828,6282
-17226,7783,9443
-16875,4603,12272
-15538,932,14606
-13579,-2561,16140
-11220,-5940,17160
-8324,-9149,17473
-4978,-11991,16969
-1262,-14338,15600
2029,-15926,13897
5548,-16986,11438
8901,-17572,8671
11818,-17015,5197
14400,-15881,1481
16137,-14297,-1840
17217,-11834,-5383
17593,-9025,-8568
17325,-5935,-11390
16401,-2442,-13959
15064,742,-15806
12816,4281,-17097
10015,7503,-17518
6967,10527,-17494
3221,13183,-16404
-342,15246,-14904
-3757,16500,-12743
-7342,17221,-9879
-10605,17110,-6505
-13311,16161,-2850
-15584,14812,772
-16780,12375,4405
-17304,9483,7821
-17143,6253,10890
-16211,2541,13670
-14668,-899,15567
-12193,-4632,16825
-9355,-7940,17295
-5985,-10997,16982
-2404,-13600,16004
1130,-15526,14396
4566,-16702,12136
8002,-17213,9211
11121,-16990,5869
13897,-15951,2054
15827,-14185,-1642
17015,-11739,-5276
17506,-8815,-8691
17114,-5560,-11554
16153,-2215,-13938
14676,1126,-15802
12201,4607,-16808
9240,7944,-17184
5729,10927,-16656
2136,13550,-15686
-1200,15336,-14136
-4904,16533,-11629
-9009,16281,-7272
-11900,15522,-3622
-14854,14718,136
-16409,12535,3874
-17106,9809,7297
-17015,6595,10420
-16231,3106,13125
-14808,-305,15113
-12894,-3762,16656
-10147,-7086,17233
-7293,-10019,17312
-3774,-12692,16466
-41,-14788,14829
3415,-16203,12788
6958,-17085,10127
10164,-17048,6884
13018,-16330,3312
15237,-14998,-239
16710,-13063,-3647
17527,-10819,-6708
17498,-7767,-9731
16821,-4372,-12449
15340,-680,-14660
13447,2710,-16157
10960,6138,-17098
8237,9186,-17423
4760,12139,-16899
1056,14421,-15477
-2404,16058,-13654
-5783,16986,-11203
-9227,17250,-8023
-12185,16632,-4447
-14647,15427,-780
-16207,13431,2776
-17164,11013,6151
-17242,7849,9393
-16722,4459,12263
-15547,903,14644
-13579,-2681,16260
-10947,-6175,17122
-7998,-9347,17345
-4648,-12222,16870
-1093,-14548,15641
2128,-16108,13980
5544,-17267,11723
8641,-17729,9088
11665,-17234,5569
14111,-16042,1931
15951,-14317,-1634
17056,-11830,-5226
17436,-9054,-8382
17283,-5878,-11405
16421,-2516,-13905
14990,792,-15782
12601,4281,-16882
9780,7573,-17353
6517,10687,-17204
2788,13253,-16041
-800,15221,-14421
-4611,16343,-11732
-8208,16512,-8304
-11479,15972,-4493
-14305,14883,-578
-16178,13162,3016
-17052,10473,6579
-16949,7185,9764
-16256,3621,12635
-15015,123,14892
-12841,-3473,16314
-10242,-6864,17106
-7371,-9920,17291
-3869,-12618,16487
-210,-14734,14944
3283,-16017,12734
6876,-16871,9995
10254,-16846,6592
12964,-16071,3107
15266,-14804,-462
16731,-12721,-4010
17407,-9949,-7458
17279,-6971,-10308
16495,-3444,-13051
15114,8,-15122
13117,3361,-16478
10815,6567,-17382
7676,9677,-17353
4158,12300,-16458
400,14594,-14994
-3097,15988,-12891
-6628,16982,-10354
-9974,17102,-7128
-12849,16099,-3250
-15015,14379,636
-16479,12399,4080
-17184,9578,7606
-17052,6525,10527
-16330,3093,13237
-14998,-280,15278
-12944,-3621,16565
-10205,-7029,17234
-6991,-10093,17084
-3407,-12808,16215
416,-14949,14533
3671,-16372,12701
7074,-17283,10209
10279,-17263,6984
13026,-16483,3457
15233,-15204,-29
16611,-13121,-3490
17353,-10568,-6785
17514,-7623,-9891
17077,-4496,-12581
15811,-1060,-14751
13785,2367,-16152
11207,5878,-17085
8208,9058,-17266
4958,11946,-16904
1485,14309,-15794
-1909,15790,-13881
-5482,16871,-11389
-8868,17271,-8403
-11838,16846,-5008
-14400,15472,-1072
-16087,13393,2694
-17069,10869,6200
-17197,7816,9381
-16549,4294,12255
-15287,635,14652
-13389,-2862,16251
-10663,-6369,17032
-7647,-9520,17167
-4314,-12354,16668
-763,-14614,15377
2590,-16128,13538
5997,-17073,11076
9392,-17275,7883
12292,-16809,4517
14779,-15646,867
16376,-13942,-2434
17325,-11455,-5870
17584,-8460,-9124
17188,-5255,-11933
16178,-1889,-14289
14573,1530,-16103
12469,4690,-17159
9396,8093,-17489
6084,11050,-17134
2611,13567,-16178
-820,15497,-14677
-4360,16706,-12346
-7891,17292,-9401
-11187,16896,-5709
-13847,15353,-1506
-15774,13402,2372
-16970,11269,5701
-17547,8456,9091
-17061,5073,11988
-16104,1843,14261
-14520,-1542,16062
-12271,-4867,17138
-9301,-8200,17501
-5886,-11228,17114
-2248,-13777,16025
1051,-15695,14644
4640,-16924,12284
8089,-17605,9516
11220,-17296,6076
13789,-16227,2438
15881,-14763,-1118
17052,-12577,-4475
17700,-9862,-7838
17531,-6880,-10651
16693,-3399,-13294
15266,165,-15431
13195,3460,-16655
10584,6888,-17472
7235,10131,-17366
3745,12907,-16652
45,15089,-15134
-3242,16417,-13175
-6872,17234,-10362
-10110,17094,-6984
-13055,16203,-3148
-15287,14297,990
-16541,12238,4303
-17201,9301,7900
-17036,6117,10919
-15992,2396,13596
-14330,-1212,15542
-11987,-4822,16809
-8926,-8311,17237
-5482,-11314,16796
-1777,-13855,15632
1571,-15629,14058
5317,-16854,11537
8782,-17312,8530
11830,-16908,5078
14309,-15683,1374
16141,-13983,-2158
17160,-11442,-5718
17481,-8493,-8988
17188,-5333,-11855
16223,-2021,-14202
15200,932,-16132
12878,4360,-17238
10052,7557,-17609
6756,10494,-17250
3126,13154,-16280
-457,15200,-14743
-4174,16446,-12272
-7833,16854,-9021
-11104,16665,-5561
-13794,15691,-1897
-15930,14012,1918
-16978,11603,5375
-17304,8563,8741
-16986,5267,11719
-15778,1567,14211
-13996,-1942,15938
-11492,-5440,16932
-8493,-8695,17188
-5197,-11591,16788
-1530,-14041,15571
1831,-15786,13955
5473,-16842,11369
8893,-17230,8337
11929,-16718,4789
14470,-15576,1106
16186,-13629,-2557
17168,-11071,-6097
17448,-8085,-9363
16879,-4830,-12049
15868,-1381,-14487
14095,1975,-16070
11554,5374,-16928
8402,8749,-17151
4830,11661,-16491
1254,14070,-15324
-2318,15708,-13390
-5861,16805,-10944
-9586,16541,-6955
-12370,15691,-3321
-15043,14598,445
-16409,12453,3956
-17048,9508,7540
-16916,6385,10531
-15930,2809,13121
-14396,-721,15117
-11941,-4360,16301
-9141,-7750,16891
-5721,-10844,16565
-2095,-13402,15497
1278,-15246,13968
4978,-16467,11489
8505,-16990,8485
11562,-16504,4942
14119,-15444,1325
15918,-13847,-2071
17180,-11809,-5371
17502,-9033,-8469
17180,-5927,-11253
16009,-2338,-13671
14251,1229,-15480
12205,4475,-16680
9471,7763,-17234
6600,10654,-17254
2904,13241,-16145
-622,15118,-14496
-3964,16495,-12531
-7503,17118,-9615
-10650,16842,-6192
-13377,15897,-2520
-15510,14251,1259
-16586,11929,4657
-17118,8951,8167
-16784,5680,11104
-15992,2285,13707
-14487,-1204,15691
-12012,-4669,16681
-9322,-7965,17287
-6463,-10819,17282
-2965,-13468,16433
540,-15444,14904
3634,-16648,13014
6826,-17556,10730
9986,-17564,7578
12680,-16817,4137
14949,-15419,470
16409,-13435,-2974
17312,-10910,-6402
17523,-7957,-9566
17110,-4710,-12400
16203,-1633,-14570
14478,1744,-16222
12032,5082,-17114
9004,8369,-17373
5548,11451,-16999
1843,13777,-15620
-1608,15547,-13939
-5453,16648,-11195
-8963,16710,-7747
-12049,16079,-4030
-14676,14850,-174
-16355,13088,3267
-17143,10378,6765
-16962,7099,9863
-16165,3436,12729
-14953,24,14929
-12630,-3588,16218
-9895,-7086,16981
-6711,-10131,16842
-3056,-12832,15888
688,-14891,14203
4104,-16194,12090
7705,-16933,9228
11022,-16524,5502
13637,-15621,1984
15724,-14202,-1522
16912,-11929,-4983
17378,-9314,-8064
17114,-6088,-11026
16264,-2697,-13567
14755,726,-15481
12449,4129,-16578
9974,7346,-17320
6707,10374,-17081
2994,12952,-15946
-655,14977,-14322
-4067,16223,-12156
-7577,17019,-9442
-10774,16805,-6031
-13484,15468,-1984
-15378,13468,1910
-16660,11257,5403
-17011,8274,8737
-16714,5090,11624
-15695,1678,14017
-14066,-1782,15848
-11682,-5193,16875
-8773,-8431,17204
-5395,-11360,16755
-1794,-13769,15563
1678,-15518,13840
5057,-16747,11690
8522,-17259,8737
11413,-16937,5524
13963,-15873,1910
15765,-14367,-1398
16982,-12061,-4921
17386,-9273,-8113
17411,-6385,-11026
16718,-3250,-13468
15208,140,-15348
12870,3597,-16467
10118,7016,-17134
7008,10102,-17110
3621,12787,-16408
49,14903,-14952
-3308,16211,-12903
-6892,16904,-10012
-10213,16982,-6769
-13035,15959,-2924
-15291,14408,883
-16607,12354,4253
-17230,9458,7772
-17052,6286,10766
-15984,2644,13340
-14573,-713,15286
-12304,-4351,16655
-9495,-7581,17076
-6509,-10663,17172
-2945,-13208,16153
594,-15221,14627
3844,-16446,12602
7412,-17073,9661
10560,-17052,6492
13327,-16219,2892
15510,-14953,-557
16780,-12692,-4088
17370,-9970,-7400
17259,-7045,-10214
16454,-3498,-12956
15340,-152,-15188
13352,3180,-16532
10791,6476,-17267
7672,9578,-17250
4228,12296,-16524
701,14668,-15369
-2763,16190,-13427
-6282,17094,-10812
-9598,17320,-7722
-12556,16508,-3952
-14854,14895,-41
-16264,12663,3601
-17292,10263,7029
-17428,7338,10090
-16689,3819,12870
-15761,701,15060
-13765,-2697,16462
-11500,-5952,17452
-8493,-9194,17687
-4941,-12065,17006
-1456,-14425,15881
1703,-16145,14442
5156,-17296,12140
8340,-17886,9546
11356,-17514,6158
13847,-16413,2566
15881,-15015,-866
17151,-12936,-4215
17754,-10312,-7442
17782,-7330,-10452
17098,-3984,-13114
15683,-396,-15287
13732,2994,-16726
11232,6315,-17547
8105,9557,-17662
4669,12358,-17027
1237,14709,-15946
-2248,16178,-13930
-5704,17197,-11493
-9091,17292,-8201
-12168,16632,-4464
-14767,15147,-380
-16318,13171,3147
-17345,10572,6773
-17444,7627,9817
-16858,4071,12787
-15481,433,15048
-13356,-3172,16528
-10621,-6744,17365
-7437,-9941,17378
-3914,-12729,16643
-313,-14911,15224
3126,-16310,13184
6620,-17316,10696
9961,-17444,7483
12870,-16665,3795
15221,-15291,70
16710,-13183,-3527
17498,-10522,-6976
17576,-7412,-10164
16858,-3815,-13043
15551,-268,-15283
14169,2747,-16916
11859,6088,-17947
8860,9153,-18013
5523,11925,-17448
1971,14264,-16235
-1200,16013,-14813
-5110,17098,-11988
-8398,17667,-9269
-11574,17485,-5911
-14239,16335,-2096
-16306,14883,1423
-17411,12478,4933
-17927,9627,8300
-17795,6410,11385
-16850,2862,13988
-15477,-441,15918
-13249,-3918,17167
-10626,-7268,17894
-7594,-10386,17980
-4186,-13068,17254
-721,-15307,16028
2718,-16764,14046
6117,-17828,11711
9429,-18154,8725
12370,-17700,5330
14907,-16615,1708
16623,-14920,-1703
17778,-12672,-5106
18323,-9776,-8547
18084,-6575,-11509
17308,-3353,-13955
16046,61,-16107
13905,3394,-17299
11182,6901,-18083
7742,10242,-17984
4261,13030,-17291
610,15349,-15959
-2854,16825,-13971
-6451,17861,-11410
-10036,17568,-7532
-12915,16726,-3811
-15617,15456,161
-17089,13426,3663
-17890,10601,7289
-17791,7383,10408
-16896,3601,13295
-15518,-111,15629
-13175,-3836,17011
-10329,-7486,17815
-7165,-10642,17807
-3411,-13488,16899
449,-15625,15176
3733,-16949,13216
7264,-17828,10564
10683,-17749,7066
13542,-16908,3366
15831,-15526,-305
17213,-13319,-3894
17985,-10584,-7401
17824,-7293,-10531
17056,-3531,-13525
15444,210,-15654
13294,3807,-17101
10485,7288,-17773
7470,10465,-17935
3815,13266,-17081
-99,15373,-15274
-3394,16825,-13431
-7119,17716,-10597
-10580,17543,-6963
-13521,16516,-2995
-15835,14784,1051
-17226,12568,4658
-17840,9466,8374
-17572,6129,11443
-16710,2549,14161
-15287,-907,16194
-12837,-4504,17341
-9928,-7953,17881
-6756,-11034,17790
-3168,-13769,16937
610,-15798,15188
4042,-17098,13056
7507,-18038,10531
10803,-17980,7177
13695,-17036,3341
15877,-15609,-268
17283,-13332,-3951
18096,-10642,-7454
18150,-7598,-10552
17985,-4710,-13275
17300,-1773,-15527
15060,1876,-16936
12370,5350,-17720
9120,8848,-17968
5564,11979,-17543
1629,14548,-16177
-1955,16285,-14330
-5754,17514,-11760
-9433,17745,-8312
-12552,17205,-4653
-15188,15868,-680
-16966,13996,2970
-17840,11405,6435
-17836,8039,9797
-17172,4339,12833
-16054,742,15312
-13864,-2998,16862
-11154,-6612,17766
-7920,-9966,17886
-4281,-12894,17175
-614,-15241,15855
3085,-16710,13625
6711,-17667,10956
10159,-17737,7578
13162,-16945,3783
15555,-15699,144
17114,-13666,-3448
17910,-10960,-6950
17968,-7825,-10143
17213,-4083,-13130
15769,-292,-15477
13497,3382,-16879
10774,6958,-17732
7466,10188,-17654
3683,13117,-16800
-160,15324,-15164
-3704,16784,-13080
-7284,17634,-10350
-10671,17580,-6909
-13690,16223,-2533
-15712,13996,1716
-17267,11913,5354
-17655,8773,8882
-17283,5354,11929
-16314,1707,14607
-14689,-1777,16466
-12238,-5317,17555
-9136,-8629,17765
-5725,-11682,17407
-1744,-14210,15954
1670,-15955,14285
5482,-17312,11830
8938,-17758,8820
12164,-17341,5177
14771,-16112,1341
16607,-14322,-2285
17696,-11785,-5911
18013,-8695,-9318
17964,-5915,-12049
17143,-2491,-14652
15250,940,-16190
12713,4566,-17279
9702,7948,-17650
6430,11162,-17592
2743,13814,-16557
-796,15745,-14949
-4702,16900,-12198
-8452,17254,-8802
-11859,17015,-5156
-14631,15852,-1221
-16566,14041,2525
-17613,11426,6187
-17799,8233,9566
-17230,4797,12433
-15967,1138,14829
-14251,-2367,16618
-11488,-6043,17531
-8514,-9277,17791
-5176,-12255,17431
-1546,-14619,16165
1963,-16380,14417
5704,-17490,11786
9169,-17824,8655
12321,-17345,5024
14949,-16384,1435
16801,-14808,-1993
17820,-12420,-5400
18112,-9409,-8703
17836,-6199,-11637
16821,-2586,-14235
15444,825,-16269
13117,4248,-17365
10180,7689,-17869
6818,10910,-17728
3163,13641,-16804
-548,15827,-15279
-3877,17143,-13266
-7647,17853,-10206
-10931,17799,-6868
-13707,16677,-2970
-15868,14553,1315
-17085,12189,4896
-17964,9520,8444
-17617,6047,11570
-16660,2487,14173
-15241,-903,16144
-12874,-4525,17399
-10159,-7878,18037
-6645,-11129,17774
-3168,-13785,16953
746,-15967,15221
3898,-17349,13451
7346,-18236,10890
10560,-18121,7561
13402,-17242,3840
15703,-15930,227
17221,-14029,-3192
18158,-11360,-6798
18393,-8377,-10016
17762,-4995,-12767
16520,-1361,-15159
14779,2087,-16866
12321,5618,-17939
9231,8967,-18198
5754,11983,-17737
2165,14594,-16759
-1159,16293,-15134
-5069,17502,-12433
-8575,17803,-9228
-11842,17395,-5553
-14672,16083,-1411
-16528,14078,2450
-17733,11677,6056
-18005,8464,9541
-17725,5300,12425
-16512,1559,14953
-14470,-2157,16627
-12032,-5754,17786
-8967,-9083,18050
-5445,-12222,17667
-1687,-14664,16351
1707,-16368,14661
5593,-17613,12020
9033,-18042,9009
12226,-17613,5387
14920,-16318,1398
16689,-14561,-2128
17799,-11913,-5886
18117,-8819,-9298
17675,-5432,-12243
16512,-1654,-14858
14672,1885,-16557
12164,5473,-17637
8971,8798,-17769
5556,11801,-17357
1716,14388,-16104
-2128,16137,-14009
-6472,16805,-10333
-10015,17028,-7013
-13224,16413,-3189
-15802,15114,688
-17139,12820,4319
-17815,9867,7948
-17675,6542,11133
-16706,2850,13856
-15378,-602,15980
-13022,-4240,17262
-10205,-7639,17844
-6884,-10791,17675
-3135,-13575,16710
631,-15699,15068
4129,-17036,12907
7684,-17762,10078
11075,-17626,6551
13905,-16718,2813
16091,-15122,-969
17407,-12812,-4595
18055,-10003,-8052
17935,-6785,-11150
17287,-3568,-13719
16260,-292,-15968
13872,3242,-17114
11005,6785,-17790
7643,10139,-17782
4001,12997,-16998
222,15353,-15575
-3238,16784,-13546
-6835,17815,-10980
-10320,17560,-7240
-13393,16640,-3247
-15794,15184,610
-17147,12977,4170
-17824,10065,7759
-17622,6781,10841
-16743,3036,13707
-15274,-544,15818
-12762,-4393,17155
-9970,-7788,17758
-6509,-11104,17613
-2833,-13765,16598
1134,-15906,14772
4261,-17069,12808
8266,-17811,9545
11199,-17622,6423
13987,-16689,2702
16132,-15159,-973
17527,-12585,-4942
17997,-9640,-8357
17741,-6406,-11335
16673,-2635,-14038
15155,713,-15868
12936,4244,-17180
10048,7676,-17724
6855,10795,-17650
3089,13517,-16606
-705,15485,-14780
-4166,16858,-12692
-8613,17073,-8460
-11587,16380,-4793
-14548,15258,-710
-16574,13109,3465
-17502,10432,7070
-17572,7544,10028
-16883,3555,13328
-16017,449,15568
-14099,-2825,16924
-10976,-6575,17551
-7792,-9879,17671
-4252,-12746,16998
-932,-14883,15815
2730,-16458,13728
6628,-17593,10965
9949,-17712,7763
12630,-17151,4521
15266,-15621,355
16784,-13761,-3023
17663,-11055,-6608
17906,-7940,-9966
17667,-4879,-12788
17345,-2417,-14928
15468,1089,-16557
12684,4665,-17349
9623,8126,-17749
6195,11343,-17538
2355,14029,-16384
-940,15943,-15003
-5197,17271,-12074
-8699,17782,-9083
-11541,17473,-5932
-14293,16380,-2087
-16574,14412,2162
-17609,12073,5536
-17791,9128,8663
-17415,5750,11665
-16454,2107,14347
-14800,-1480,16280
-12156,-5379,17535
-9479,-8542,18021
-6352,-11500,17852
-2697,-14099,16796
928,-16017,15089
4686,-17329,12643
8204,-17968,9764
11096,-17782,6686
14119,-16792,2673
16132,-15555,-577
17424,-13389,-4035
18191,-10506,-7685
18038,-7293,-10745
17325,-4075,-13250
15732,0,-15732
13464,3568,-17032
11096,6777,-17873
7862,9949,-17811
4079,12804,-16883
-222,15299,-15077
-3440,16508,-13068
-7573,17341,-9768
-10766,17226,-6460
-13769,15604,-1835
-15782,13703,2079
-17411,11335,6076
-17646,8155,9491
-17110,4624,12486
-16215,1377,14838
-14685,-1947,16632
-12276,-5420,17696
-8567,-9033,17600
-5057,-11991,17048
-1146,-14540,15686
2503,-16112,13609
6125,-17333,11208
9631,-17576,7945
12705,-16933,4228
15266,-15551,285
16776,-13509,-3267
17679,-10663,-7016
17807,-7713,-10094
17254,-4331,-12923
16071,-792,-15279
14152,2602,-16754
11376,6117,-17493
8274,9421,-17695
4863,12321,-17184
1208,14792,-16000
-2429,16297,-13868
-6080,17333,-11253
-9656,17572,-7916
-12705,17028,-4323
-15266,15571,-305
-16842,13538,3304
-17712,10935,6777
-17824,7808,10016
-17089,4203,12886
-15790,618,15172
-13942,-2858,16800
-11215,-6418,17633
-8089,-9689,17778
-4723,-12589,17312
-1159,-14887,16046
2355,-16603,14248
5919,-17556,11637
9367,-17931,8564
12391,-17469,5078
15015,-16487,1472
16788,-15155,-1633
17861,-12742,-5119
18112,-9681,-8431
17869,-6480,-11389
16978,-2970,-14008
15477,594,-16071
13241,4100,-17341
10349,7602,-17951
7000,10807,-17807
3432,13492,-16924
-268,15683,-15415
-3683,17061,-13378
-7284,17832,-10548
-10518,17877,-7359
-13439,16755,-3316
-15609,14458,1151
-16920,12193,4727
-17886,9479,8407
-17576,6109,11467
-16681,2557,14124
-15163,-969,16132
-12804,-4578,17382
-10159,-7961,18120
-6653,-11125,17778
-2978,-13822,16800
668,-15922,15254
3951,-17184,13233
7491,-18125,10634
10700,-17985,7285
13546,-16995,3449
15811,-15658,-153
17312,-13600,-3712
18129,-10857,-7272
18236,-7911,-10325
17597,-4438,-13159
16330,-833,-15497
14573,2524,-17097
12168,5890,-18058
8897,9273,-18170
5461,12168,-17629
1955,14685,-16640
-1513,16372,-14859
-5313,17473,-12160
-8992,17683,-8691
-12210,17238,-5028
-15048,15996,-948
-16813,14086,2727
-17910,11673,6237
-18166,8489,9677
-17729,5247,12482
-16537,1476,15061
-14627,-2095,16722
-12197,-5676,17873
-9000,-9091,18091
-5589,-12144,17733
-1955,-14602,16557
1443,-16343,14900
5242,-17646,12404
8679,-18178,9499
11921,-17914,5993
14569,-16850,2281
16603,-15155,-1448
17766,-12812,-4954
18298,-9784,-8514
18096,-6546,-11550
17139,-2912,-14227
15691,511,-16202
13472,4120,-17592
10725,7519,-18244
7338,10708,-18046
3526,13484,-17010
-119,15716,-15597
-3795,17056,-13261
-7816,17535,-9719
-11195,17436,-6241
-14070,16483,-2413
-16326,14990,1336
-17481,12395,5086
-17923,9252,8671
-17572,5812,11760
-16384,1860,14524
-14425,-1934,16359
-11793,-5622,17415
-8604,-9141,17745
-4970,-12255,17225
-1023,-14862,15885
2528,-16475,13947
6253,-17655,11402
9763,-17857,8094
12841,-17143,4302
15390,-15922,532
16957,-13847,-3110
17939,-11166,-6773
18249,-8373,-9876
17943,-5123,-12820
17135,-2017,-15118
15159,1534,-16693
12626,5028,-17654
9433,8563,-17996
5812,11719,-17531
2363,14218,-16581
-1130,16153,-15023
-4896,17465,-12569
-8501,17902,-9401
-11768,17254,-5486
-14672,16153,-1481
-16607,14194,2413
-17782,11743,6039
-18001,8596,9405
-17490,5082,12408
-16351,1381,14970
-14367,-2211,16578
-11789,-5869,17658
-8699,-9207,17906
-5280,-12247,17527
-1592,-14652,16244
1901,-16429,14528
5556,-17650,12094
9174,-18022,8848
12333,-17597,5264
14965,-16508,1543
16780,-14623,-2157
17877,-12247,-5630
18211,-9075,-9136
17836,-5857,-11979
16619,-2021,-14598
14866,1546,-16412
12465,5115,-17580
9483,8530,-18013
6232,11554,-17786
2429,14198,-16627
-985,16021,-15036
-4921,17308,-12387
-8691,17626,-8935
-12082,16830,-4748
-14841,15646,-805
-16603,13538,3065
-17634,10923,6711
-17634,7672,9962
-16982,3939,13043
-15732,309,15423
-13319,-3444,16763
-10366,-7103,17469
-7029,-10473,17502
-3312,-13319,16631
643,-15604,14961
4236,-16978,12742
7825,-17708,9883
11125,-17580,6455
13959,-16574,2615
16087,-14986,-1101
17312,-12540,-4772
17906,-9689,-8217
18071,-6905,-11166
17935,-4116,-13819
16566,-746,-15820
14140,2862,-17002
11174,6513,-17687
8068,9825,-17893
4207,12849,-17056
387,15184,-15571
-3122,16747,-13625
-6789,17572,-10783
-10250,17638,-7388
-13253,16817,-3564
-15642,15279,363
-17147,13270,3877
-17774,10209,7565
-17675,6901,10774
-16875,3205,13670
-15559,-276,15835
-13220,-4054,17274
-10461,-7577,18038
-7668,-10564,18232
-4426,-13299,17725
-660,-15481,16141
2751,-16743,13992
6307,-17708,11401
9763,-18013,8250
12754,-17341,4587
15316,-16297,981
17056,-14635,-2421
18096,-12214,-5882
18385,-9050,-9335
18084,-5865,-12219
16949,-2322,-14627
15188,1295,-16483
12948,4851,-17799
10077,8192,-18269
6529,11269,-17798
2858,13909,-16767
-763,15848,-15085
-4603,17151,-12548
-8208,17630,-9422
-11706,17168,-5462
-14487,15241,-754
-16467,13563,2904
-17766,11133,6633
-17861,7936,9925
-17242,4290,12952
-15967,688,15279
-14062,-2833,16895
-11203,-6443,17646
-7994,-9714,17708
-4083,-12647,16730
-8,-15089,15097
3663,-16590,12927
7317,-17506,10189
10852,-17498,6646
13765,-16665,2900
16062,-15015,-1047
17345,-12709,-4636
18005,-9813,-8192
17985,-6859,-11126
17510,-3658,-13852
15988,-181,-15807
13583,3333,-16916
10642,6950,-17592
7297,10225,-17522
3753,13096,-16849
-132,15378,-15246
-3807,16669,-12862
-7602,17370,-9768
-10989,17320,-6331
-13979,16339,-2360
-16153,14610,1543
-17333,12243,5090
-17820,9281,8539
-17440,5861,11579
-16330,2058,14272
-14722,-1497,16219
-12172,-5127,17299
-9256,-8505,17761
-6179,-11570,17749
-2524,-14169,16693
924,-15996,15072
4578,-17209,12631
8151,-17807,9656
11397,-17617,6220
14173,-16768,2595
16240,-15250,-990
17481,-13146,-4335
18075,-10238,-7837
17960,-6987,-10973
17102,-3498,-13604
15687,86,-15773
13674,3601,-17275
10947,6991,-17938
7557,10300,-17857
4034,13047,-17081
499,15303,-15802
-3122,16780,-13658
-6723,17741,-11018
-10151,17787,-7636
-13171,16681,-3510
-15485,14821,664
-16871,12449,4422
-17906,9862,8044
-17716,6517,11199
-16875,2982,13893
-15646,-367,16013
-13431,-3856,17287
-10931,-7214,18145
-7466,-10395,17861
-3840,-13105,16945
-181,-15448,15629
3407,-16863,13456
6880,-17881,11001
10333,-17778,7445
13323,-16896,3573
15683,-15547,-136
17176,-13451,-3725
17989,-10687,-7302
18096,-7726,-10370
17432,-4195,-13237
16227,-746,-15481
14256,2730,-16986
11723,6146,-17869
8563,9442,-18005
4933,12395,-17328
1171,14903,-16074
-2318,16434,-14116
-6208,17457,-11249
-9813,17358,-7545
-12964,16920,-3956
-15477,15423,54
-17127,13348,3779
-17976,10621,7355
-18026,7680,10346
-17378,4116,13262
-15943,420,15523
-13847,-3114,16961
-11228,-6666,17894
-8138,-9974,18112
-4681,-12841,17522
-882,-15192,16074
2499,-16735,14236
6010,-17869,11859
9421,-18220,8799
12469,-17692,5223
15056,-16566,1510
16784,-14763,-2021
17952,-12395,-5557
18339,-9450,-8889
18051,-6154,-11897
17098,-2582,-14516
15613,804,-16417
13480,4327,-17807
10543,7676,-18219
7268,10811,-18079
3592,13567,-17159
-185,15650,-15465
-3691,17069,-13378
-7429,17758,-10329
-10848,17667,-6819
-13839,16665,-2826
-16170,15266,904
-17469,12824,4645
-17993,9900,8093
-17836,6364,11472
-16863,2701,14162
-15250,-1014,16264
-12762,-4653,17415
-9763,-8163,17926
-6352,-11360,17712
-2495,-14062,16557
1056,-16091,15035
4599,-17271,12672
8233,-17877,9644
11624,-17518,5894
14425,-16281,1856
16372,-14309,-2063
17622,-11805,-5817
18108,-8778,-9330
17696,-5461,-12235
16632,-1856,-14776
15006,1621,-16627
12474,5090,-17564
9334,8641,-17975
5787,11669,-17456
2095,14223,-16318
-1406,16132,-14726
-5197,17415,-12218
-9033,17580,-8547
-12247,16669,-4422
-15192,15505,-313
-16929,13542,3387
-17877,10881,6996
-17910,7800,10110
-17172,4059,13113
-15844,482,15362
-13880,-3023,16903
-11207,-6620,17827
-8316,-9796,18112
-4690,-12655,17345
-899,-15039,15938
2644,-16549,13905
6290,-17704,11414
9862,-17848,7986
12964,-17275,4311
15501,-16079,578
17106,-14115,-2991
18108,-11739,-6369
18228,-8592,-9636
17820,-5387,-12433
16405,-1567,-14838
14553,1905,-16458
12131,5523,-17654
9132,8872,-18004
5775,11937,-17712
1959,14466,-16425
-1497,16174,-14677
-5383,17477,-12094
-9091,17663,-8572
-12304,16871,-4567
-15002,15596,-594
-16644,13517,3127
-17650,10902,6748
-17716,7606,10110
-16957,3906,13051
-15658,255,15403
-13365,-3460,16825
-10498,-7053,17551
-7264,-10345,17609
-3539,-13266,16805
136,-15415,15279
3733,-16813,13080
7330,-17688,10358
10712,-17580,6868
13422,-16660,3238
15736,-15056,-680
17094,-12733,-4361
17712,-9747,-7965
17638,-6595,-11043
16714,-2937,-13777
15435,495,-15930
13162,4046,-17208
10250,7511,-17761
6814,10795,-17609
3089,13476,-16565
-676,15551,-14875
-4211,16887,-12676
-7845,17531,-9686
-11187,17221,-6034
-14062,15910,-1848
-16194,14338,1856
-17366,11900,5466
-17667,8584,9083
-17230,5090,12140
-16124,1555,14569
-14532,-1926,16458
-12040,-5482,17522
-9215,-8761,17976
-6146,-11628,17774
-2503,-14124,16627
899,-15840,14941
4801,-17094,12293
8398,-17758,9360
11599,-17419,5820
14388,-16462,2074
16442,-15035,-1407
17704,-12940,-4764
18323,-10333,-7990
18315,-7288,-11027
17481,-3943,-13538
16112,-391,-15721
14058,3031,-17089
11690,6356,-18046
8472,9636,-18108
4904,12527,-17431
1278,14920,-16198
-2281,16467,-14186
-5964,17622,-11658
-9376,18030,-8654
-12511,17316,-4805
-15097,15452,-355
-16801,13678,3123
-17960,11129,6831
-17989,8019,9970
-17374,4533,12841
-16248,903,15345
-14412,-2491,16903
-11752,-6034,17786
-8575,-9384,17959
-4950,-12325,17275
-878,-14911,15789
2582,-16495,13913
6195,-17613,11418
9640,-17886,8246
12680,-17292,4612
15262,-15955,693
16879,-13934,-2945
17787,-11162,-6625
17960,-8138,-9822
17275,-4500,-12775
15877,-709,-15168
13707,2854,-16561
10956,6587,-17543
7544,9986,-17530
3906,12944,-16850
119,15196,-15315
-3514,16599,-13085
-7392,17279,-9887
-10844,17143,-6299
-13880,16223,-2343
-16033,14437,1596
-17312,12082,5230
-17679,8922,8757
-17312,5502,11810
-16083,1711,14372
-14317,-1918,16235
-11834,-5478,17312
-8827,-8860,17687
-5911,-11706,17617
-2025,-14301,16326
1254,-16042,14788
5106,-17147,12041
8670,-17696,9026
11847,-17366,5519
14586,-16326,1740
16566,-14718,-1848
17626,-12333,-5293
18013,-9380,-8633
17758,-6138,-11620
16945,-2722,-14223
15650,503,-16153
13575,3881,-17456
10687,7243,-17930
7136,10531,-17667
3671,13274,-16945
-78,15485,-15407
-3630,16887,-13257
-7280,17650,-10370
-10725,17572,-6847
-13645,16376,-2731
-15794,14536,1258
-17160,12271,4889
-17902,9462,8440
-17609,6199,11410
-16718,2685,14033
-15406,-779,16185
-13138,-4141,17279
-10436,-7573,18009
-7070,-10720,17790
-3361,-13534,16895
478,-15708,15230
3733,-17131,13398
7251,-17952,10701
10597,-17923,7326
13365,-17110,3745
15798,-15670,-128
17176,-13670,-3506
18030,-11046,-6984
18220,-8142,-10078
17667,-4743,-12924
16376,-1204,-15172
14507,2264,-16771
12020,5795,-17815
8839,9153,-17992
5366,12160,-17526
1645,14796,-16441
-1942,16409,-14467
-5515,17465,-11950
-9281,17609,-8328
-12358,17201,-4843
-15134,15794,-660
-16784,13781,3003
-17787,11286,6501
-17931,8122,9809
-17465,4677,12788
-16042,874,15168
-14016,-2755,16771
-11517,-6369,17886
-8233,-9730,17963
-4793,-12651,17444
-1093,-15064,16157
2318,-16648,14330
5696,-17791,12095
9198,-18261,9063
12337,-17791,5454
14883,-16726,1843
16677,-15052,-1625
17886,-12684,-5202
18372,-9759,-8613
18244,-6637,-11607
17362,-3081,-14281
16260,41,-16301
14260,3543,-17803
11512,6880,-18392
8316,10069,-18385
4776,12795,-17571
1163,15167,-16330
-2442,16772,-14330
-6373,17696,-11323
-9681,17873,-8192
-12936,17118,-4182
-15567,15914,-347
-17180,13897,3283
-18051,10989,7062
-18207,7965,10242
-17485,4252,13233
-16215,631,15584
-14029,-3085,17114
-11294,-6587,17881
-8212,-9883,18095
-4516,-12882,17398
-754,-15340,16094
2784,-16871,14087
6286,-17919,11633
9722,-18079,8357
12890,-17498,4608
15489,-16194,705
17081,-13979,-3102
18150,-11492,-6658
18261,-8299,-9962
17650,-4822,-12828
16376,-1122,-15254
14429,2396,-16825
11706,6047,-17753
8443,9429,-17872
4640,12449,-17089
796,15031,-15827
-2961,16561,-13600
-6963,17452,-10489
-10770,16883,-6113
-13884,16310,-2426
-16260,14800,1460
-17576,12428,5148
-18013,9293,8720
-17700,5935,11765
-16603,2198,14405
-14928,-1443,16371
-12535,-4937,17472
-9636,-8406,18042
-6298,-11525,17823
-2491,-14119,16610
1183,-16132,14949
4818,-17349,12531
8571,-17972,9401
11822,-17704,5882
14532,-16685,2153
16537,-14965,-1572
17782,-12766,-5016
18228,-9879,-8349
17956,-6501,-11455
16978,-2838,-14140
15233,825,-16058
12931,4504,-17435
10209,7858,-18067
6934,11026,-17960
3304,13798,-17102
-445,15769,-15324
-4017,17168,-13151
-7627,17894,-10267
-11017,17721,-6704
-13954,16718,-2764
-16083,14845,1238
-17386,12403,4983
-17840,9326,8514
-17539,5770,11769
-16537,2083,14454
-14751,-1625,16376
-12160,-5337,17497
-9153,-8732,17885
-5754,-11875,17629
-1947,-14520,16467
1489,-16306,14817
5189,-17572,12383
8732,-17997,9265
11875,-17613,5738
14581,-16409,1828
16528,-14614,-1914
17646,-11950,-5696
18067,-8914,-9153
17675,-5585,-12090
16858,-2211,-14647
15419,1101,-16520
12742,4797,-17539
9557,8258,-17815
5911,11488,-17399
1996,14066,-16062
-1687,15782,-14095
-5948,16801,-10853
-9685,16945,-7260
-13026,16219,-3193
-15592,14949,643
-17085,12812,4273
-17745,9784,7961
-17506,6402,11104
-16669,2710,13959
-15811,-218,16029
-13583,-3856,17439
-10799,-7194,17993
-7569,-10395,17964
-3980,-13105,17085
-169,-15369,15538
3238,-16755,13517
6979,-17683,10704
10469,-17799,7330
13422,-17044,3622
15827,-15807,-20
17320,-13839,-3481
18306,-11479,-6827
18360,-8505,-9855
17787,-5069,-12718
16611,-1608,-15003
14660,2037,-16697
12189,5577,-17766
9178,8963,-18141
5577,11983,-17560
2004,14524,-16528
-1464,16310,-14846
-5176,17498,-12322
-8650,18063,-9413
-11838,17696,-5858
-14602,16310,-1708
-16388,14231,2157
-17688,11946,5742
-17931,8720,9211
-17572,5201,12371
-16541,1625,14916
-14689,-1975,16664
-12267,-5511,17778
-8967,-8980,17947
-5572,-12028,17600
-1831,-14544,16375
1670,-16347,14677
5403,-17551,12148
8926,-18108,9182
12003,-17721,5718
14709,-16693,1984
16599,-14899,-1700
17758,-12469,-5289
18166,-9458,-8708
17881,-6138,-11743
16788,-2409,-14379
15068,1130,-16198
12610,4756,-17366
9466,8287,-17753
6084,11442,-17526
2475,14074,-16549
-1299,15914,-14615
-5614,16735,-11121
-9380,17011,-7631
-12705,16660,-3955
-15361,15142,219
-16949,12878,4071
-17770,10188,7582
-17638,6773,10865
-16632,3003,13629
-15180,-552,15732
-12911,-4265,17176
-10015,-7734,17749
-7016,-10786,17802
-3320,-13476,16796
631,-15543,14912
4046,-16863,12817
7775,-17518,9743
11116,-17411,6295
14016,-16429,2413
16203,-14944,-1259
17444,-12507,-4937
17853,-9520,-8333
17622,-6162,-11460
16681,-2602,-14079
15328,754,-16082
13220,4182,-17402
10221,7577,-17798
6694,10733,-17427
3027,13530,-16557
-635,15679,-15044
-4257,16937,-12680
-7928,17613,-9685
-11339,17374,-6035
-14190,16260,-2070
-16174,14297,1877
-17304,11954,5350
-17824,9013,8811
-17485,5659,11826
-16524,2128,14396
-14924,-1373,16297
-12672,-4780,17452
-9825,-8163,17988
-6187,-11393,17580
-2586,-14029,16615
990,-15972,14982
4475,-17292,12817
7986,-18063,10077
11137,-17902,6765
13880,-16875,2995
16038,-15493,-545
17378,-13299,-4079
18141,-10605,-7536
18133,-7639,-10494
17481,-4149,-13332
16124,-602,-15522
14136,2866,-17002
11603,6340,-17943
8303,9702,-18005
4838,12634,-17472
1146,15019,-16165
-2305,16524,-14219
-5828,17642,-11814
-9417,17716,-8299
-12461,17127,-4666
-15085,15477,-392
-16652,13406,3246
-17704,10791,6913
-17890,7734,10156
-17221,4075,13146
-15786,342,15444
-13616,-3361,16977
-10927,-6930,17857
-7647,-10217,17864
-4219,-12973,17192
-490,-15283,15773
3052,-16797,13745
6538,-17778,11240
9900,-17980,8080
12960,-17345,4385
15419,-16033,614
17019,-14045,-2974
18030,-11488,-6542
18244,-8423,-9821
17741,-5073,-12668
16681,-1592,-15089
15448,1588,-17036
13162,4896,-18058
9854,8250,-18104
6666,11273,-17939
2829,13893,-16722
-726,15889,-15163
-4797,17044,-12247
-8518,17473,-8955
-11962,17325,-5363
-14722,16211,-1489
-16768,14507,2261
-17737,12040,5697
-18141,8889,9252
-17725,5502,12223
-16632,1881,14751
-14887,-1666,16553
-12387,-5280,17667
-9483,-8575,18058
-6067,-11640,17707
-2277,-14330,16607
1084,-16244,15160
4879,-17477,12598
8398,-18100,9702
11706,-17811,6105
14449,-16842,2393
16504,-15122,-1382
17745,-12853,-4892
18306,-9999,-8307
18075,-6727,-11348
17341,-3341,-14000
15984,127,-16111
13608,3679,-17287
10795,7218,-18013
7288,10564,-17852
3597,13406,-17003
-169,15637,-15468
-3712,17110,-13398
-7396,17836,-10440
-10972,17238,-6266
-13905,16306,-2401
-16186,14680,1506
-17432,12271,5161
-17832,9075,8757
-17403,5638,11765
-16289,1794,14495
-14313,-1934,16247
-11677,-5758,17435
-8443,-9244,17687
-4842,-12317,17159
-961,-14825,15786
2677,-16508,13831
6323,-17564,11241
9879,-17762,7883
12948,-17102,4154
15497,-15811,314
16982,-13781,-3201
17927,-11286,-6641
18055,-8192,-9863
17580,-4797,-12783
16194,-998,-15196
14383,2421,-16804
12020,5832,-17852
9145,9029,-18174
5816,12016,-17832
1918,14458,-16376
-1563,16161,-14598
-5515,17407,-11892
-9099,17650,-8551
-12321,16978,-4657
-14994,15576,-582
-16681,13492,3189
-17782,10795,6987
-17791,7602,10189
-17176,3993,13183
-16058,540,15518
-13979,-2961,16940
-11360,-6439,17799
-8192,-9747,17939
-4768,-12659,17427
-882,-15015,15897
2541,-16603,14062
6237,-17716,11479
9586,-18038,8452
12709,-17312,4603
15167,-16083,916
16863,-14016,-2847
17844,-11298,-6546
18112,-8340,-9772
17650,-4983,-12667
17094,-1992,-15102
15518,1274,-16792
12663,4941,-17604
9586,8406,-17992
5915,11591,-17506
2091,14264,-16355
-1567,16054,-14487
-5473,17300,-11827
-9099,17527,-8428
-12441,16957,-4516
-15093,15699,-606
-16854,13769,3085
-17692,11009,6683
-17634,7660,9974
-16904,3931,12973
-15604,338,15266
-13381,-3423,16804
-10617,-7033,17650
-7189,-10395,17584
-3444,-13228,16672
408,-15427,15019
3910,-16784,12874
7602,-17601,9999
11059,-17469,6410
13864,-16561,2697
16091,-15184,-907
17411,-13002,-4409
18216,-10510,-7706
18063,-7387,-10676
17242,-3691,-13551
15835,-132,-15703
13662,3394,-17056
11042,6921,-17963
7841,10077,-17918
4211,12878,-17089
462,15097,-15559
-3122,16689,-13567
-6851,17605,-10754
-10230,17729,-7499
-13183,16677,-3494
-15563,14718,845
-17110,12783,4327
-17890,9809,8081
-17630,6472,11158
-16887,2974,13913
-15658,-495,16153
-13806,-3634,17440
-11026,-7062,18088
-7816,-10155,17971
-4125,-13063,17188
-222,-15295,15517
3209,-16792,13583
6694,-17844,11150
10098,-17952,7854
13022,-17333,4311
15538,-15996,458
17089,-13987,-3102
17993,-11426,-6567
18203,-8316,-9887
17733,-4978,-12755
16590,-1513,-15077
14771,1971,-16742
12230,5469,-17699
9132,8790,-17922
5746,11888,-17634
2033,14449,-16482
-1406,16132,-14726
-5783,17003,-11220
-9268,17391,-8123
-12651,16933,-4282
-15266,15551,-285
-16924,13414,3510
-17791,10634,7157
-17716,7458,10258
-16784,3630,13154
-15444,4,15440
-13109,-3766,16875
-10192,-7293,17485
-6934,-10514,17448
-3027,-13451,16478
701,-15538,14837
4380,-16920,12540
8027,-17543,9516
11413,-17234,5821
14334,-16289,1955
16293,-14718,-1575
17399,-12296,-5103
17803,-9227,-8576
17584,-5964,-11620
16603,-2425,-14178
15357,775,-16132
12989,4306,-17295
10015,7763,-17778
6525,10898,-17423
2730,13653,-16383
-829,15732,-14903
-4624,16982,-12358
-8237,17646,-9409
-11537,17271,-5734
-14293,16029,-1736
-16141,13913,2228
-17217,11409,5808
-17688,8402,9286
-17184,4933,12251
-16165,1414,14751
-14371,-2124,16495
-12007,-5597,17604
-9050,-8893,17943
-5486,-11908,17394
-2000,-14367,16367
1501,-16219,14718
5119,-17469,12350
8555,-18042,9487
11517,-17671,6154
14260,-16578,2318
16264,-15052,-1212
17469,-12688,-4781
18084,-9916,-8168
17939,-6748,-11191
17089,-3209,-13880
15654,235,-15889
13575,3691,-17266
10902,7078,-17980
7656,10308,-17964
4166,13063,-17229
499,15361,-15860
-2866,16739,-13873
-6587,17572,-10985
-10011,17568,-7557
-13051,16784,-3733
-15472,14957,515
-17003,12969,4034
-17799,10060,7739
-17853,7086,10767
-17065,3448,13617
-15571,-169,15740
-13369,-3803,17172
-10642,-7264,17906
-7420,-10432,17852
-3811,-13220,17031
-185,-15419,15604
3262,-16821,13559
6831,-17815,10984
10300,-17861,7561
13142,-17131,3989
15646,-15807,161
17094,-13707,-3387
17976,-11038,-6938
18100,-7957,-10143
17457,-4455,-13002
16273,-981,-15292
14796,2235,-17031
12387,5659,-18046
9157,8947,-18104
5713,11896,-17609
1914,14429,-16343
-1501,16149,-14648
-5671,17279,-11608
-9128,17609,-8481
-12469,17155,-4686
-15064,16071,-1007
-16920,14144,2776
-17828,11426,6402
-18030,8468,9562
-17510,4830,12680
-16343,1241,15102
-14388,-2289,16677
-11888,-5828,17716
-8819,-9182,18001
-5251,-12251,17502
-1658,-14755,16413
1650,-16512,14862
5395,-17634,12239
8852,-18158,9306
11999,-17836,5837
14602,-16788,2186
16599,-15031,-1568
17820,-12746,-5074
18323,-9916,-8407
18199,-6769,-11430
17345,-3337,-14008
16079,61,-16140
13748,3588,-17336
11013,7062,-18075
7594,10374,-17968
4021,13228,-17249
342,15555,-15897
-3147,16957,-13810
-6851,17881,-11030
-10436,17650,-7214
-13290,16780,-3490
-15893,15254,639
-17275,13105,4170
-17935,10098,7837
-17770,6777,10993
-16813,2982,13831
-15307,-622,15929
-12870,-4356,17226
-9928,-7944,17872
-6600,-11129,17729
-2871,-13851,16722
924,-15835,14911
4438,-17226,12788
8047,-17853,9806
11347,-17675,6328
14466,-16524,2058
16322,-14982,-1340
17593,-12597,-4996
17993,-9384,-8609
17667,-5845,-11822
16615,-2330,-14285
14949,1249,-16198
12238,5189,-17427
9351,8600,-17951
6430,11360,-17790
2706,14053,-16759
-1027,16005,-14978
-4929,17349,-12420
-8237,17795,-9558
-11941,17209,-5268
-14515,16083,-1568
-16429,14161,2268
-17663,11719,5944
-17931,8456,9475
-17490,5164,12326
-16512,1431,15081
-14924,-1728,16652
-12350,-5354,17704
-9417,-8621,18038
-5696,-11999,17695
-2355,-14355,16710
1093,-16153,15060
4917,-17506,12589
8646,-18170,9524
11521,-17923,6402
14322,-16846,2524
16512,-14998,-1514
17708,-12589,-5119
18145,-9953,-8192
18145,-6925,-11220
17502,-3696,-13806
16376,-231,-16145
13794,3539,-17333
10795,7119,-17914
7800,10151,-17951
3493,13377,-16870
-33,15452,-15419
-3564,16904,-13340
-7383,17605,-10222
-11137,17428,-6291
-13851,16570,-2719
-16095,14977,1118
-17477,12420,5057
-17770,9438,8332
-17428,5544,11884
-16491,2219,14272
-14713,-1551,16264
-11954,-5589,17543
-9235,-8720,17955
-5713,-11822,17535
-1641,-14631,16272
1501,-16116,14615
5346,-17349,12003
9244,-17758,8514
12379,-17131,4752
14812,-16165,1353
16636,-14392,-2244
17791,-11545,-6246
18018,-8629,-9389
17432,-4900,-12532
16396,-1584,-14812
14408,2128,-16536
11686,6059,-17745
8984,9050,-18034
5498,11979,-17477
1732,14433,-16165
-1683,16170,-14487
-5581,17353,-11772
-9046,17782,-8736
-12474,17135,-4661
-14858,15518,-660
-16669,13175,3494
-17758,10448,7310
-17791,7684,10107
-17135,3691,13444
-16087,346,15741
-14334,-2953,17287
-11620,-6356,17976
-8229,-9627,17856
-4723,-12523,17246
-631,-15048,15679
2854,-16495,13641
6459,-17692,11233
9953,-17943,7990
12927,-17362,4435
15435,-16033,598
17048,-14062,-2986
18026,-11368,-6658
18253,-8382,-9871
18009,-5358,-12651
16978,-1909,-15069
15052,1505,-16557
12606,4983,-17589
9409,8522,-17931
5968,11644,-17612
2231,14293,-16524
-1179,16066,-14887
-5325,17230,-11905
-8839,17696,-8857
-12230,17308,-5078
-14862,16165,-1303
-16693,14293,2400
-17770,11760,6010
-17993,8625,9368
-17452,5119,12333
-16260,1410,14850
-14313,-2248,16561
-11723,-5836,17559
-8501,-9314,17815
-5044,-12346,17390
-1179,-14854,16033
2396,-16582,14186
6026,-17630,11604
9565,-17861,8296
12639,-17234,4595
15188,-16108,920
16805,-14157,-2648
17787,-11479,-6308
17902,-8324,-9578
17250,-4727,-12523
16050,-944,-15106
14004,2619,-16623
11335,6265,-17600
7965,9677,-17642
4384,12622,-17006
532,15072,-15604
-3073,16615,-13542
-6723,17572,-10849
-10242,17589,-7347
-13340,16446,-3106
-15551,14631,920
-16912,12247,4665
-17729,9479,8250
-17391,5927,11464
-16578,2508,14070
-15097,-998,16095
-12738,-4570,17308
-10019,-8019,18038
-6496,-11088,17584
-2796,-13814,16610
820,-15815,14995
4422,-17184,12762
7849,-17881,10032
11092,-17584,6492
13921,-16673,2752
16112,-15171,-941
17366,-12865,-4501
18018,-10019,-7999
18005,-7070,-10935
17452,-3815,-13637
16198,-350,-15848
14062,2982,-17044
11500,6472,-17972
8126,9813,-17939
4529,12643,-17172
796,15064,-15860
-2710,16524,-13814
-6525,17436,-10911
-10131,17193,-7062
-13365,16570,-3205
-15699,15035,664
-17234,12936,4298
-17943,10106,7837
-17873,7012,10861
-17106,3502,13604
-15567,-123,15690
-13468,-3646,17114
-10692,-7173,17865
-7511,-10324,17835
-3898,-13125,17023
-140,-15340,15480
3271,-16830,13559
6913,-17721,10808
10440,-17886,7446
13237,-17155,3918
15642,-15757,115
17172,-13604,-3568
17985,-10993,-6992
18084,-7981,-10103
17436,-4405,-13031
16260,-1006,-15254
14602,2314,-16916
12016,5886,-17902
8806,9157,-17963
5255,12111,-17366
1452,14643,-16095
-2161,16264,-14103
-6113,17193,-11080
-9660,17399,-7739
-12861,16912,-4051
-15427,15708,-281
-17015,13682,3333
-17799,10716,7083
-17956,7825,10131
-17168,4042,13126
-15856,404,15452
-13748,-3168,16916
-11001,-6760,17761
-7870,-10007,17877
-4182,-12903,17085
-503,-15291,15794
2916,-16788,13872
6562,-17787,11225
9974,-17931,7957
12948,-17308,4360
15402,-16038,636
16974,-14037,-2937
18046,-11405,-6641
18273,-8534,-9739
17828,-5226,-12602
17131,-2070,-15061
15369,1291,-16660
12758,4830,-17588
9796,8303,-18099
6072,11554,-17626
2578,14173,-16751
-833,16066,-15233
-4537,17395,-12858
-8237,17898,-9661
-11562,17250,-5688
-14470,16153,-1683
-16549,14441,2108
-17745,12020,5725
-18133,8992,9141
-17630,5527,12103
-16599,1942,14657
-14891,-1633,16524
-12366,-5263,17629
-9495,-8575,18070
-6360,-11574,17934
-2615,-14198,16813
886,-16071,15185
4442,-17378,12936
8134,-18009,9875
11422,-17848,6426
14293,-16896,2603
16396,-15386,-1010
17630,-13117,-4513
18244,-10151,-8093
18096,-6991,-11105
17151,-3320,-13831
15547,379,-15926
13274,3894,-17168
10481,7416,-17897
7255,10568,-17823
3502,13414,-16916
-474,15588,-15114
-4075,16945,-12870
-8217,17197,-8980
-11719,16825,-5106
-14672,15835,-1163
-16586,13897,2689
-17683,11405,6278
-17877,8151,9726
-17337,4636,12701
-16706,1612,15094
-14862,-1942,16804
-12036,-5593,17629
-8910,-8955,17865
-5511,-12016,17527
-1571,-14619,16190
1815,-16318,14503
5651,-17535,11884
9037,-17972,8935
12214,-17432,5218
14916,-16240,1324
16681,-14342,-2339
17749,-11702,-6047
18013,-8621,-9392
17692,-5436,-12256
16887,-2079,-14808
15357,1270,-16627
12787,4879,-17666
9590,8307,-17897
6084,11484,-17568
2363,14078,-16441
-1216,15959,-14743
-5036,17296,-12260
-8670,17683,-9013
-12045,17052,-5007
-14705,15930,-1225
-16623,14008,2615
-17659,11430,6229
-17737,8093,9644
-17242,4459,12783
-15976,833,15143
-13913,-2854,16767
-11352,-6385,17737
-8291,-9664,17955
-4958,-12540,17498
-1134,-14961,16095
2289,-16429,14140
5886,-17465,11579
9524,-17778,8254
12626,-17139,4513
15208,-15939,731
16916,-14029,-2887
17952,-11525,-6427
18112,-8439,-9673
17531,-4900,-12631
16236,-1192,-15044
14243,2388,-16631
11665,5919,-17584
8604,9124,-17728
4941,12156,-17097
1179,14594,-15773
-2631,16137,-13506
-6525,17048,-10523
-10011,17065,-7054
-13327,15683,-2356
-15625,14062,1563
-17201,11921,5280
-17770,8918,8852
-17498,5498,12000
-17362,2833,14529
-16586,-210,16796
-14066,-3522,17588
-11207,-6921,18128
-8167,-9920,18087
-4681,-12882,17563
-775,-15221,15996
2528,-16735,14207
6034,-17952,11918
9384,-18401,9017
12346,-18051,5705
14891,-17094,2203
16883,-15431,-1452
18079,-13476,-4603
18686,-10737,-7949
18888,-8126,-10762
18607,-5176,-13431
17184,-1497,-15687
15373,1716,-17089
12911,5238,-18149
10003,8551,-18554
6666,11677,-18343
3217,14326,-17543
-297,16322,-16025
-3803,17605,-13802
-7379,18434,-11055
-10650,18500,-7850
-13769,17679,-3910
-16021,16013,8
-17589,14016,3573
-18500,11339,7161
-18566,8250,10316
-17877,4545,13332
-16648,866,15782
-14573,-2858,17431
-11838,-6534,18372
-9000,-9722,18722
-5440,-12837,18277
-1959,-15208,17167
1369,-16957,15588
5061,-18170,13109
8559,-18772,10213
11628,-18628,7000
14466,-17708,3242
16710,-16347,-363
18018,-14037,-3981
18756,-11356,-7400
18694,-8113,-10581
18009,-4384,-13625
16603,-585,-16018
14425,3060,-17485
11566,6760,-18326
8101,10246,-18347
4026,13278,-17304
371,15703,-16074
-3724,17118,-13394
-7524,17964,-10440
-11178,17803,-6625
-14313,16553,-2240
-16504,14561,1943
-17787,12090,5697
-18414,8947,9467
-18030,5498,12532
-16978,1790,15188
-15295,-1650,16945
-12977,-5288,18265
-10151,-8509,18660
-6282,-11781,18063
-2545,-14482,17027
1138,-16405,15267
4888,-17766,12878
8637,-18315,9678
12016,-17853,5837
14862,-16677,1815
16929,-14854,-2075
18133,-12251,-5882
18616,-9190,-9426
18306,-5931,-12375
17287,-2297,-14990
15613,1291,-16904
13187,4809,-17996
10139,8336,-18475
6542,11529,-18071
2780,14334,-17114
-940,16264,-15324
-4826,17638,-12812
-8889,17865,-8976
-12238,17407,-5169
-15266,16211,-945
-17056,14313,2743
-18306,11772,6534
-18442,8604,9838
-17993,5110,12883
-16809,1398,15411
-14817,-2186,17003
-12329,-5886,18215
-9198,-9367,18565
-5655,-12399,18054
-1687,-14998,16685
1666,-16743,15077
5581,-18055,12474
9132,-18455,9323
12362,-18096,5734
15151,-17015,1864
17081,-15175,-1906
18154,-12540,-5614
18599,-9454,-9145
18319,-6179,-12140
17287,-2508,-14779
15856,957,-16813
13501,4562,-18063
10576,8056,-18632
7086,11319,-18405
3300,14016,-17316
-569,16207,-15638
-4368,17531,-13163
-8109,18084,-9975
-11665,17902,-6237
-14619,16805,-2186
-16797,15151,1646
-18030,12630,5400
-18459,9392,9067
-18145,6051,12094
-17085,2112,14973
-15233,-1584,16817
-12791,-5193,17984
-9578,-8798,18376
-6154,-11966,18120
-2396,-14619,17015
1130,-16512,15382
4851,-17956,13105
8435,-18517,10082
11768,-18199,6431
14652,-17279,2627
16817,-15658,-1159
18133,-13162,-4971
18814,-10374,-8440
18661,-7033,-11628
18298,-4050,-14248
17279,-771,-16508
14965,2755,-17720
12152,6381,-18533
8897,9776,-18673
5123,12841,-17964
1513,15423,-16936
-2054,17044,-14990
-5783,18257,-12474
-9640,18418,-8778
-12944,17510,-4566
-15840,16561,-721
-17634,14586,3048
-18673,11983,6690
-18814,8769,10045
-18282,5271,13011
-17114,1584,15530
-15184,-2103,17287
-12659,-5766,18425
-9669,-9194,18863
-6241,-12329,18570
-2429,-14940,17369
1138,-16834,15696
4813,-18166,13353
8563,-18797,10234
11933,-18612,6679
14825,-17708,2883
16970,-16124,-846
18306,-13794,-4512
19012,-11013,-7999
18822,-7763,-11059
18055,-4071,-13984
16541,-264,-16277
14247,3489,-17736
11657,7070,-18727
8311,10481,-18792
4566,13530,-18096
622,15881,-16503
-3089,17419,-14330
-7268,18137,-10869
-11013,17807,-6794
-14276,17135,-2859
-16553,15328,1225
-17898,12861,5037
-18447,9590,8857
-18112,6076,12036
-17098,2219,14879
-15180,-1604,16784
-12515,-5511,18026
-9198,-9132,18330
-5502,-12469,17971
-1505,-15171,16676
2215,-16900,14685
6018,-18183,12165
9751,-18504,8753
12911,-17935,5024
15584,-16607,1023
17337,-14561,-2776
18414,-11855,-6559
18612,-8575,-10037
18360,-5337,-13023
17869,-2314,-15555
16153,1179,-17332
13270,5024,-18294
10056,8538,-18594
6430,11871,-18301
2330,14742,-17072
-1097,16586,-15489
-5119,17935,-12816
-8930,18343,-9413
-12284,17861,-5577
-15241,16640,-1399
-17275,14685,2590
-18323,12045,6278
-18496,8650,9846
-17931,4962,12969
-16809,1266,15543
-14920,-2454,17374
-12292,-6125,18417
-9202,-9545,18747
-5828,-12593,18421
-1959,-15064,17023
1600,-16759,15159
5684,-18046,12362
9433,-18488,9055
12746,-17881,5135
15592,-16747,1155
17469,-15081,-2388
18587,-12474,-6113
18946,-9372,-9574
18475,-5911,-12564
17457,-2268,-15189
15584,1452,-17036
13142,5044,-18186
10283,8489,-18772
6571,11624,-18195
2611,14421,-17032
-1076,16347,-15271
-5259,17729,-12470
-9194,18129,-8935
-12622,17395,-4773
-15427,15670,-243
-17300,13666,3634
-18372,10993,7379
-18327,7598,10729
-17547,3828,13719
-16302,206,16096
-14045,-3489,17534
-11067,-7189,18256
-7544,-10551,18095
-3485,-13641,17126
680,-15885,15205
4302,-17300,12998
8163,-18236,10073
11632,-17952,6320
14647,-16982,2335
16739,-15192,-1547
18026,-12750,-5276
18508,-9623,-8885
18447,-6591,-11856
17782,-3242,-14540
16120,396,-16516
13476,4108,-17584
10494,7808,-18302
6921,11154,-18075
3275,13996,-17271
-606,16112,-15506
-4413,17485,-13072
-8076,18170,-10094
-11653,17947,-6294
-14652,16904,-2252
-16739,15048,1691
-18013,12610,5403
-18480,9425,9055
-18145,6039,12106
-17015,2202,14813
-15439,-1381,16820
-13047,-5053,18100
-10147,-8456,18603
-7222,-11484,18706
-3415,-14251,17666
297,-16227,15930
3889,-17650,13761
7515,-18426,10911
11042,-18467,7425
14091,-17667,3576
16512,-16388,-124
17906,-14272,-3634
18752,-11504,-7248
18851,-8419,-10432
18236,-4929,-13307
17019,-1146,-15873
15291,2206,-17497
12754,5746,-18500
9520,9174,-18694
5865,12271,-18136
2173,14957,-17130
-1320,16743,-15423
-5523,17910,-12387
-9289,18273,-8984
-12713,17411,-4698
-15501,15844,-343
-17188,13534,3654
-18286,10947,7339
-18335,7643,10692
-17564,3852,13712
-16277,144,16133
-14004,-3465,17469
-11331,-7128,18459
-7788,-10514,18302
-3881,-13505,17386
33,-15864,15831
3757,-17415,13658
7590,-18286,10696
11199,-18092,6893
14194,-17110,2916
16434,-15468,-966
17848,-13047,-4801
18475,-10093,-8382
18360,-6835,-11525
17485,-3225,-14260
16087,342,-16429
13703,3993,-17696
10795,7495,-18290
7041,10980,-18021
3267,13938,-17205
-709,16075,-15366
-4471,17403,-12932
-8683,17626,-8943
-11995,17271,-5276
-15130,16219,-1089
-16957,14144,2813
-18178,11669,6509
-18335,8501,9834
-17956,5077,12879
-16644,1196,15448
-14623,-2376,16999
-12078,-6109,18187
-8794,-9607,18401
-5267,-12577,17844
-1361,-15147,16508
2190,-16776,14586
5857,-18075,12218
9553,-18277,8724
12771,-17762,4991
15361,-16537,1176
17147,-14520,-2627
18240,-11814,-6426
18537,-8749,-9788
18075,-5399,-12676
16970,-1617,-15353
15695,1509,-17204
13311,5065,-18376
10056,8456,-18512
6711,11508,-18219
2772,14256,-17028
-787,16260,-15473
-4966,17506,-12540
-8691,17820,-9129
-12243,17490,-5247
-15109,16487,-1378
-17122,14676,2446
-18145,11925,6220
-18537,8724,9813
-18046,5263,12783
-16896,1530,15366
-15320,-1802,17122
-12762,-5490,18252
-9776,-8790,18566
-6290,-11908,18198
-2615,-14565,17180
1101,-16537,15436
4756,-17807,13051
8369,-18434,10065
11752,-18154,6402
14726,-17094,2368
16830,-15378,-1452
18096,-12956,-5140
18826,-10081,-8745
18537,-6773,-11764
18034,-3609,-14425
16887,-309,-16578
14445,3291,-17736
11533,6897,-18430
7998,10353,-18351
4343,13282,-17625
519,15712,-16231
-3031,17300,-14269
-7152,18145,-10993
-10873,17708,-6835
-14029,17065,-3036
-16636,15625,1011
-17964,13426,4538
-18583,10498,8085
-18521,7264,11257
-17675,3518,14157
-16211,-78,16289
-13880,-3865,17745
-11042,-7445,18487
-7944,-10692,18636
-4104,-13662,17766
-400,-16009,16409
3184,-17461,14277
6950,-18484,11534
10362,-18711,8349
13459,-17935,4476
16029,-16747,718
17622,-14771,-2851
18682,-12284,-6398
18867,-9004,-9863
18389,-5589,-12800
17102,-1765,-15337
15274,1893,-17167
12639,5593,-18232
9590,9091,-18681
6121,12243,-18364
2318,14887,-17205
-1167,16718,-15551
-5292,18145,-12853
-9004,18451,-9447
-12342,17906,-5564
-15233,16458,-1225
-17077,14342,2735
-18232,11756,6476
-18418,8283,10135
-17952,4805,13147
-16780,994,15786
-14573,-2734,17307
-11752,-6525,18277
-8580,-9994,18574
-4950,-12981,17931
-1101,-15514,16615
2553,-17077,14524
6315,-18244,11929
9928,-18529,8601
13101,-17799,4698
15736,-16285,549
17374,-14099,-3275
18348,-11162,-7186
18537,-8027,-10510
17919,-4417,-13502
16974,-1002,-15972
15114,2479,-17593
12131,6228,-18359
8872,9603,-18475
4987,12762,-17749
1101,15295,-16396
-2829,16904,-14075
-6872,17782,-10910
-10601,17663,-7062
-13971,16784,-2813
-16409,15373,1036
-17914,13084,4830
-18488,10027,8461
-18273,6459,11814
-17329,2854,14475
-16244,-441,16685
-13992,-4087,18079
-11042,-7581,18623
-7833,-10803,18636
-4112,-13649,17761
-173,-15996,16169
3481,-17399,13918
7367,-18277,10910
10972,-18356,7384
14041,-17481,3440
16429,-16223,-206
17939,-14119,-3820
18756,-11372,-7384
18826,-8340,-10486
18067,-4632,-13435
16698,-763,-15935
14614,2776,-17390
11834,6517,-18351
8555,9982,-18537
4768,12993,-17761
919,15477,-16396
-2970,17102,-14132
-6628,18195,-11567
-10349,18273,-7924
-13629,17102,-3473
-15959,15188,771
-17692,13171,4521
-18389,10036,8353
-18183,6649,11534
-17312,2912,14400
-15901,-639,16540
-13439,-4405,17844
-10386,-7953,18339
-6851,-11236,18087
-2755,-14173,16928
1076,-16149,15073
4937,-17605,12668
8712,-18137,9425
12003,-17881,5878
14920,-16850,1930
16854,-14734,-2120
18071,-12164,-5907
18422,-8955,-9467
17952,-5354,-12598
16821,-1625,-15196
14870,2013,-16883
12300,5659,-17959
9037,9215,-18252
5531,12333,-17864
1872,14845,-16717
-1848,16545,-14697
-5700,17700,-12000
-9322,18129,-8807
-12804,17366,-4562
-15514,15926,-412
-17279,13756,3523
-18224,11026,7198
-18265,7750,10515
-17506,3988,13518
-16289,449,15840
-14511,-3036,17547
-11743,-6608,18351
-8782,-9759,18541
-5098,-12783,17881
-1303,-15196,16499
2169,-16912,14743
6175,-17910,11735
9751,-18273,8522
13059,-17704,4645
15637,-16801,1164
17333,-14792,-2541
18442,-12205,-6237
18682,-9141,-9541
18286,-5841,-12445
17395,-2454,-14941
15807,1093,-16900
13439,4582,-18021
10337,8109,-18446
6835,11335,-18170
2978,14218,-17196
-779,16330,-15551
-4504,17708,-13204
-8295,18376,-10081
-11768,18071,-6303
-14713,16813,-2100
-16726,14800,1926
-17960,12391,5569
-18533,9396,9137
-18075,5861,12214
-17110,2227,14883
-15398,-1344,16742
-12989,-4974,17963
-9788,-8555,18343
-6274,-11719,17993
-2450,-14557,17007
1225,-16545,15320
5110,-17906,12796
8749,-18418,9669
11995,-18009,6014
14821,-16887,2066
16863,-15072,-1791
18042,-12502,-5540
18438,-9330,-9108
18075,-5882,-12193
17028,-2219,-14809
15167,1542,-16709
12655,5230,-17885
9438,8827,-18265
5812,12016,-17828
1992,14779,-16771
-1518,16495,-14977
-5440,17774,-12334
-9318,17890,-8572
-12531,17217,-4686
-15361,15823,-462
-17143,13827,3316
-18187,11059,7128
-18302,8006,10296
-17729,4351,13378
-16256,462,15794
-14140,-3246,17386
-11430,-6769,18199
-8386,-10110,18496
-4838,-13014,17852
-1101,-15406,16507
2421,-16937,14516
6138,-18133,11995
9689,-18414,8725
12919,-17795,4876
15505,-16578,1073
17254,-14635,-2619
18405,-12036,-6369
18739,-8848,-9891
18310,-5688,-12622
17230,-1992,-15238
15984,1109,-17093
13728,4541,-18269
10634,7998,-18632
7247,11129,-18376
3328,14008,-17336
-585,16099,-15514
-4636,17374,-12738
-8427,17700,-9273
-12078,17700,-5622
-14949,16714,-1765
-17131,14994,2137
-18158,12362,5796
-18554,9285,9269
-18244,5832,12412
-17160,2223,14937
-15431,-1406,16837
-13026,-4987,18013
-9875,-8489,18364
-6509,-11682,18191
-2590,-14445,17035
981,-16504,15523
4785,-17803,13018
8547,-18442,9895
11822,-18203,6381
14763,-17155,2392
16842,-15406,-1436
18141,-13022,-5119
18744,-10052,-8692
18521,-6740,-11781
17807,-3485,-14322
16438,24,-16462
14012,3741,-17753
11079,7330,-18409
7495,10700,-18195
3741,13662,-17403
-218,16033,-15815
-3745,17498,-13753
-7660,18232,-10572
-11339,17609,-6270
-14445,16924,-2479
-16772,15188,1584
-18022,12911,5111
-18496,9772,8724
-18261,6443,11818
-17184,2602,14582
-15526,-1031,16557
-13109,-4789,17898
-10176,-8365,18541
-6909,-11545,18454
-3122,-14404,17526
701,-16409,15708
4120,-17762,13642
7816,-18541,10725
11215,-18591,7376
14144,-17758,3614
16483,-16339,-144
17972,-14239,-3733
18871,-11607,-7264
18900,-8592,-10308
18319,-5057,-13262
16974,-1130,-15844
15015,2343,-17358
12523,5985,-18508
9772,9231,-19003
6414,12313,-18727
2640,14854,-17494
-973,16673,-15700
-4822,18063,-13241
-8695,18496,-9801
-12111,18018,-5907
-15068,16813,-1745
-17040,14833,2207
-18310,12325,5985
-18649,9017,9632
-18298,5585,12713
-17230,1827,15403
-15336,-1806,17142
-12828,-5482,18310
-9656,-9021,18677
-6336,-12127,18463
-2454,-14858,17312
1126,-16726,15600
4892,-18125,13233
8571,-18772,10201
11880,-18438,6558
14907,-17419,2512
16929,-15538,-1391
18236,-12977,-5259
18735,-9887,-8848
18579,-6538,-12041
17646,-2842,-14804
16124,627,-16751
13703,4302,-18005
10514,7994,-18508
6839,11339,-18178
2677,14322,-16999
-1068,16170,-15102
-5556,17514,-11958
-9372,17795,-8423
-12969,17304,-4335
-15732,16161,-429
-17556,14099,3457
-18459,11166,7293
-18409,7816,10593
-17700,4034,13666
-16508,412,16096
-14528,-3126,17654
-11686,-6843,18529
-8555,-10089,18644
-4818,-13142,17960
-862,-15604,16466
2904,-17077,14173
6690,-18257,11567
10345,-18360,8015
13542,-17650,4108
16149,-16446,297
17716,-14416,-3300
18706,-11921,-6785
18929,-8819,-10110
18389,-5313,-13076
17044,-1447,-15597
15060,2206,-17266
12494,5898,-18392
9483,9240,-18723
5919,12358,-18277
1947,14986,-16933
-1699,16805,-15106
-5506,18088,-12582
-9293,18459,-9166
-12568,17910,-5342
-15431,16005,-574
-17184,14004,3180
-18376,11422,6954
-18504,8068,10436
-17807,4314,13493
-16685,701,15984
-14870,-2763,17633
-12049,-6496,18545
-8724,-9834,18558
-5057,-12874,17931
-998,-15423,16421
2668,-17040,14372
6455,-18257,11802
10036,-18480,8444
13167,-17910,4743
15893,-16537,644
17498,-14466,-3032
18459,-11537,-6922
18645,-8390,-10255
17993,-4644,-13349
16512,-783,-15729
14470,2759,-17229
11583,6554,-18137
8365,10019,-18384
4496,13030,-17526
627,15493,-16120
-3724,16896,-13172
-7763,17386,-9623
-11587,17576,-5989
-14614,16566,-1952
-16834,14664,2170
-18067,12160,5907
-18401,8918,9483
-17919,5428,12491
-16726,1625,15101
-15365,-1621,16986
-12742,-5416,18158
-9532,-8778,18310
-6121,-11929,18050
-2169,-14676,16845
1320,-16508,15188
5395,-17782,12387
9103,-18216,9113
12589,-17811,5222
15332,-16759,1427
17234,-14936,-2298
18232,-12424,-5808
18649,-9314,-9335
18298,-6030,-12268
17481,-2631,-14850
16038,816,-16854
13497,4492,-17989
10498,7969,-18467
6934,11294,-18228
3155,14115,-17270
-651,16363,-15712
-4331,17688,-13357
-8093,18418,-10325
-11479,18240,-6761
-14412,17168,-2756
-16541,15101,1440
-17729,12692,5037
-18418,9619,8799
-18112,6113,11999
-17147,2429,14718
-15555,-1150,16705
-13113,-4859,17972
-10275,-8402,18677
-6661,-11649,18310
-3060,-14388,17448
845,-16557,15712
4203,-17956,13753
7697,-18739,11042
10964,-18550,7586
13860,-17659,3799
16252,-16289,37
17762,-14173,-3589
18554,-11273,-7281
18694,-8245,-10449
17993,-4508,-13485
16594,-693,-15901
14478,2883,-17361
11727,6575,-18302
8270,10168,-18438
4554,13117,-17671
746,15592,-16338
-3031,17102,-14071
-7181,17787,-10606
-10770,17411,-6641
-14227,16863,-2636
-16392,14957,1435
-17902,12705,5197
-18409,9598,8811
-18273,6278,11995
-17325,2549,14776
-15547,-1117,16664
-13340,-4661,18001
-10333,-8278,18611
-6905,-11385,18290
-3192,-14128,17320
738,-16285,15547
4248,-17634,13386
8043,-18356,10313
11504,-18145,6641
14441,-17283,2842
16673,-15584,-1089
18067,-13171,-4896
18566,-10192,-8374
18488,-6905,-11583
17601,-3168,-14433
16339,173,-16512
14289,3720,-18009
11360,7181,-18541
8052,10465,-18517
4265,13319,-17584
239,15778,-16017
-3630,17147,-13517
-7717,17770,-10053
-11405,17857,-6452
-14383,17077,-2694
-16689,15468,1221
-17968,12985,4983
-18471,9805,8666
-18203,6418,11785
-17122,2520,14602
-15468,-1047,16515
-12973,-4871,17844
-9768,-8514,18282
-6237,-11723,17960
-2400,-14590,16990
1117,-16483,15366
4921,-17807,12886
8617,-18393,9776
12016,-18084,6068
14829,-17044,2215
16854,-15229,-1625
18104,-12804,-5300
18583,-9673,-8910
18327,-6455,-11872
17510,-2908,-14602
16165,495,-16660
13641,4170,-17811
10642,7734,-18376
6963,11187,-18150
3341,13992,-17333
-544,16170,-15626
-4038,17589,-13551
-7944,18356,-10412
-11397,17989,-6592
-14379,17036,-2657
-16652,15213,1439
-17939,12882,5057
-18438,9660,8778
-18096,6195,11901
-17032,2359,14673
-15279,-1348,16627
-12762,-5189,17951
-9739,-8604,18343
-6509,-11822,18331
-2833,-14482,17315
1101,-16574,15473
4508,-17782,13274
8225,-18537,10312
11533,-18339,6806
14499,-17477,2978
16632,-15967,-665
18145,-13509,-4636
18715,-10869,-7846
18690,-7705,-10985
17914,-4087,-13827
16491,-325,-16166
14520,3122,-17642
11628,6987,-18615
8740,10197,-18937
5502,12919,-18421
1278,15497,-16775
-2062,16929,-14867
-5935,18166,-12231
-9631,18422,-8791
-12936,17733,-4797
-15827,16260,-433
-17448,14359,3089
-18471,11640,6831
-18587,8353,10234
-17964,4756,13208
-16718,734,15984
-14734,-2611,17345
-11682,-6628,18310
-8526,-10106,18632
-4884,-13109,17993
-1381,-15394,16775
1992,-17114,15122
6265,-18471,12206
9768,-18777,9009
12857,-18228,5371
15328,-17147,1819
17366,-15089,-2277
18401,-12771,-5630
18781,-9623,-9158
18475,-5960,-12515
17733,-2598,-15135
16227,816,-17043
14029,4100,-18129
10824,7829,-18653
7202,11253,-18455
2796,14449,-17245
-787,16417,-15630
-4760,17815,-13055
-8679,18249,-9570
-11752,17894,-6142
-14804,16772,-1968
-16924,14990,1934
-18121,12445,5676
-18244,8435,9809
-17712,5073,12639
-16611,1237,15374
-14470,-2685,17155
-11682,-6455,18137
-8460,-10044,18504
-4644,-13204,17848
-684,-15613,16297
3370,-17279,13909
7181,-18323,11142
10411,-18414,8003
13517,-17659,4142
16231,-16285,54
17844,-14363,-3481
18797,-11776,-7021
18991,-8893,-10098
18372,-5383,-12989
17226,-1707,-15519
14949,2371,-17320
12597,5919,-18516
9417,9421,-18838
6076,12218,-18294
1881,15019,-16900
-1654,16714,-15060
-5222,17980,-12758
-9223,18504,-9281
-12688,17931,-5243
-15180,16244,-1064
-17221,14029,3192
-18414,11405,7009
-18500,8377,10123
-17935,4467,13468
-16867,849,16018
-14870,-2743,17613
-12131,-6286,18417
-8802,-9735,18537
-5044,-12824,17868
-911,-15382,16293
2817,-16986,14169
6546,-18100,11554
10258,-18422,8164
13468,-17811,4343
16013,-16343,330
17626,-14136,-3490
18484,-11327,-7157
18595,-8138,-10457
18042,-4624,-13418
16660,-816,-15844
14594,2701,-17295
11710,6505,-18215
8365,9974,-18339
4669,12989,-17658
738,15505,-16243
-3246,17003,-13757
-7276,17679,-10403
-11022,17766,-6744
-14268,16933,-2665
-16458,15114,1344
-17778,12783,4995
-18273,9396,8877
-17881,5853,12028
-16660,1959,14701
-14742,-1860,16602
-12090,-5700,17790
-8856,-9223,18079
-4999,-12465,17464
-1134,-15105,16239
2598,-16768,14170
6521,-17861,11340
10056,-18141,8085
13303,-17386,4083
15823,-16108,285
17391,-14111,-3280
18352,-11459,-6893
18438,-8258,-10180
17824,-4653,-13171
16574,-998,-15576
14771,2413,-17184
12020,6092,-18112
8670,9545,-18215
4888,12672,-17560
1113,15258,-16371
-2536,16863,-14327
-6364,18030,-11666
-9879,18261,-8382
-13076,17564,-4488
-15617,16042,-425
-17193,13917,3276
-18154,11174,6980
-18277,7887,10390
-17572,4257,13315
-16454,639,15815
-14363,-3052,17415
-12049,-6459,18508
-9017,-9755,18772
-5263,-12742,18005
-1538,-15208,16746
1777,-16970,15193
5572,-18249,12677
8943,-18785,9842
12069,-18323,6254
14804,-17329,2525
16933,-15798,-1135
18216,-13431,-4785
18814,-10535,-8279
18789,-7503,-11286
18084,-4026,-14058
16883,-466,-16417
14821,2912,-17733
12263,6410,-18673
8967,9801,-18768
5329,12824,-18153
1645,15287,-16932
-1951,16929,-14978
-5981,18013,-12032
-9714,17778,-8064
-13162,17386,-4224
-15868,15782,86
-17527,13761,3766
-18323,10861,7462
-18475,7804,10671
-17692,3968,13724
-16137,123,16014
-13864,-3642,17506
-10861,-7392,18253
-7408,-10828,18236
-3510,-13777,17287
507,-16009,15502
4038,-17436,13398
7948,-18335,10387
11418,-18125,6707
14363,-17106,2743
16524,-15505,-1019
17881,-13022,-4859
18480,-10032,-8448
18306,-6711,-11595
17304,-2871,-14433
15741,693,-16434
13521,4327,-17848
10609,7837,-18446
7189,11059,-18248
3184,13921,-17105
-589,16054,-15465
-4570,17411,-12841
-8415,17890,-9475
-12069,17580,-5511
-14887,16648,-1761
-16978,14726,2252
-18001,12090,5911
-18393,8889,9504
-17910,5329,12581
-16644,1402,15242
-14784,-2215,16999
-12160,-5861,18021
-8943,-9351,18294
-5379,-12490,17869
-1538,-15085,16623
1885,-16846,14961
5659,-18051,12392
9260,-18434,9174
12416,-17943,5527
15217,-16830,1613
16999,-15031,-1968
18302,-12498,-5804
18698,-9532,-9166
18385,-6162,-12223
17807,-3040,-14767
16248,470,-16718
13657,4207,-17864
10671,7722,-18393
7074,11092,-18166
3390,13884,-17274
-486,16178,-15692
-3848,17601,-13753
-7750,18236,-10486
-11290,17836,-6546
-14359,16825,-2466
-16578,15184,1394
-17919,12717,5202
-18508,9660,8848
-18133,6138,11995
-17052,2396,14656
-15431,-1150,16581
-12898,-5020,17918
-10056,-8439,18495
-7057,-11525,18582
-3168,-14293,17461
664,-16302,15638
4050,-17605,13555
7763,-18500,10737
11257,-18265,7008
14268,-17510,3242
16458,-16058,-400
17931,-13905,-4026
18616,-11038,-7578
18636,-7924,-10712
17865,-4224,-13641
16475,-478,-15997
14334,3180,-17514
11756,6682,-18438
8885,9895,-18780
5123,12960,-18083
1361,15349,-16710
-2338,17011,-14673
-6158,18216,-12058
-9920,18253,-8333
-13171,17568,-4397
-15774,16306,-532
-17432,14119,3313
-18430,11257,7173
-18500,8089,10411
-17820,4401,13419
-16648,812,15836
-14511,-2932,17443
-11739,-6587,18326
-8662,-9978,18640
-5148,-13014,18162
-1245,-15563,16808
2149,-17155,15006
5791,-18496,12705
9273,-18913,9640
12416,-18496,6080
15093,-17374,2281
17061,-15621,-1440
18331,-13162,-5169
18863,-10135,-8728
18702,-6789,-11913
17931,-3312,-14619
16491,226,-16717
14235,3778,-18013
11331,7433,-18764
7948,10795,-18743
4046,13806,-17852
132,16095,-16227
-3316,17630,-14314
-7136,18451,-11315
-10617,18430,-7813
-13839,17485,-3646
-16297,15910,387
-17877,13761,4116
-18484,10531,7953
-18183,6769,11414
-17424,3036,14388
-15914,-688,16602
-13525,-4508,18033
-10531,-8093,18624
-7152,-11438,18590
-3452,-14210,17662
515,-16380,15865
4108,-17770,13662
7907,-18467,10560
11455,-18323,6868
14412,-17362,2950
16784,-15848,-936
18187,-13563,-4624
18851,-10564,-8287
18657,-7247,-11410
17696,-3394,-14302
16161,313,-16474
13781,4125,-17906
11108,7569,-18677
7689,10844,-18533
3634,13798,-17432
-259,16000,-15741
-3939,17539,-13600
-7821,18315,-10494
-11471,17972,-6501
-14680,16467,-1787
-16665,14482,2183
-18240,12218,6022
-18574,8868,9706
-18265,5494,12771
-17415,2091,15324
-16256,-1126,17382
-13525,-4863,18388
-10324,-8332,18656
-6798,-11628,18426
-2928,-14449,17377
1089,-16574,15485
4640,-18022,13382
8394,-18822,10428
11785,-18752,6967
14610,-17807,3197
16830,-16211,-619
18236,-14086,-4150
19016,-11331,-7685
19234,-8456,-10778
18909,-5251,-13658
17560,-1612,-15948
15431,2124,-17555
12890,5750,-18640
9702,9400,-19102
6100,12568,-18668
2755,15072,-17827
-858,16978,-16120
-4710,18339,-13629
-8324,19008,-10684
-11649,18999,-7350
-14652,18129,-3477
-16871,16405,466
-18381,14161,4220
-18970,11083,7887
-18859,7697,11162
-17956,3572,14384
-16475,-169,16644
-14161,-4013,18174
-11129,-7755,18884
-7796,-11166,18962
-4137,-14107,18244
-259,-16454,16713
3287,-17927,14640
7045,-18892,11847
10572,-19094,8522
13723,-18459,4736
16343,-17209,866
17972,-15147,-2825
18999,-12474,-6525
19288,-9227,-10061
18785,-5647,-13138
17572,-1839,-15733
15753,1815,-17568
13208,5548,-18756
9862,9211,-19073
6344,12457,-18801
2648,15093,-17741
-985,17114,-16129
-4875,18533,-13658
-8687,19074,-10387
-12164,18772,-6608
-15196,17296,-2100
-17221,15023,2198
-18698,12667,6031
-19284,9615,9669
-18904,6076,12828
-17997,2351,15646
-16570,-948,17518
-14235,-4620,18855
-11306,-8134,19440
-7730,-11442,19172
-3927,-14404,18331
-132,-16776,16908
3568,-18294,14726
7272,-19243,11971
10894,-19292,8398
14016,-18587,4571
16607,-17184,577
18290,-15085,-3205
19317,-12292,-7025
19523,-9099,-10424
18979,-5556,-13423
17683,-1658,-16025
15732,2120,-17852
13158,5791,-18949
9867,9528,-19395
6162,12729,-18891
2165,15588,-17753
-1332,17316,-15984
-5548,18719,-13171
-9495,18826,-9331
-13026,18282,-5256
-16029,16974,-945
-17828,14883,2945
-18999,12230,6769
-19206,8877,10329
-18694,5242,13452
-17250,1068,16182
-15068,-2734,17802
-12135,-6740,18875
-8530,-10423,18953
-4595,-13620,18215
-486,-16182,16668
3349,-17815,14466
7251,-18826,11575
10989,-18958,7969
14223,-18141,3918
16714,-16549,-165
18294,-14173,-4121
18991,-11104,-7887
19012,-7668,-11344
18096,-3613,-14483
16541,202,-16743
14132,4125,-18257
11067,7920,-18987
7433,11310,-18743
3456,14309,-17765
-519,16549,-16030
-4479,17989,-13510
-8538,18574,-10036
-12226,18257,-6031
-15386,17127,-1741
-17539,15213,2326
-18587,12420,6167
-19016,9004,10012
-18471,5337,13134
-17155,1245,15910
-15196,-2458,17654
-12556,-6158,18714
-9248,-9784,19032
-5601,-12878,18479
-1617,-15609,17226
1980,-17374,15394
5849,-18636,12787
9706,-19049,9343
13072,-18405,5333
15852,-17304,1452
17692,-15200,-2492
18921,-12527,-6394
19247,-9235,-10012
18826,-5742,-13084
18273,-2578,-15695
16553,1072,-17625
13637,4859,-18496
10353,8629,-18982
6501,11999,-18500
2755,14891,-17646
-1105,16953,-15848
-4875,18360,-13485
-9025,18801,-9776
-12622,18046,-5424
-15728,17052,-1324
-17737,15002,2735
-18876,12428,6448
-19140,9095,10045
-18603,5511,13092
-17358,1526,15832
-15254,-2272,17526
-12610,-6043,18653
-9491,-9570,19061
-5874,-12832,18706
-1843,-15534,17377
1757,-17337,15580
5746,-18665,12919
9495,-19144,9649
12903,-18620,5717
15774,-17675,1901
17671,-15761,-1910
18933,-13393,-5540
19354,-10192,-9162
19036,-6785,-12251
17968,-2866,-15102
16112,952,-17064
13785,4673,-18458
10733,8398,-19131
7231,11752,-18983
3349,14709,-18058
-668,16768,-16100
-4430,18352,-13922
-8349,18995,-10646
-11946,18554,-6608
-15064,17617,-2553
-17176,15588,1588
-18558,13043,5515
-18962,9623,9339
-18723,6191,12532
-17716,2289,15427
-15914,-1476,17390
-13233,-5370,18603
-10065,-9000,19065
-6525,-12370,18895
-2714,-15229,17943
985,-17230,16245
4719,-18690,13971
8270,-19395,11125
11632,-19346,7714
14647,-18319,3672
16949,-16759,-190
18434,-14449,-3985
19354,-11661,-7693
19350,-8332,-11018
18855,-4706,-14149
17997,-1390,-16607
15906,2310,-18216
13204,6018,-19222
9821,9590,-19411
6121,12799,-18920
2215,15559,-17774
-1398,17403,-16005
-5449,18702,-13253
-9285,19156,-9871
-12923,18409,-5486
-15889,17155,-1266
-17890,15394,2496
-19053,12573,6480
-19292,9145,10147
-18830,5358,13472
-17589,1555,16034
-15642,-2260,17902
-12890,-6171,19061
-9825,-9664,19489
-6336,-12845,19181
-2318,-15596,17914
1299,-17287,15988
5358,-18744,13386
9297,-19272,9975
12750,-18760,6010
15687,-17754,2067
17766,-16038,-1728
19082,-13472,-5610
19544,-10201,-9343
19168,-6608,-12560
18104,-2701,-15403
16112,1188,-17300
13600,5102,-18702
10403,8716,-19119
6608,12106,-18714
2396,15081,-17477
-1819,16924,-15105
-6088,18244,-12156
-10032,18814,-8782
-13678,17956,-4278
-16269,16264,5
-18121,14029,4092
-19074,11063,8011
-18995,7532,11463
-18195,3646,14549
-17003,156,16847
-14722,-3625,18347
-11644,-7379,19023
-8010,-10902,18912
-3955,-14053,18008
272,-16467,16195
4083,-18005,13922
7878,-18995,11117
11570,-18970,7400
14709,-18088,3379
17028,-16454,-574
18517,-14136,-4381
19222,-11079,-8143
19300,-7911,-11389
18764,-4335,-14429
17193,-655,-16538
14784,3312,-18096
11797,7161,-18958
8250,10770,-19020
4455,13872,-18327
482,16322,-16804
-3448,17848,-14400
-7433,18781,-11348
-11104,18859,-7755
-14408,17943,-3535
-16830,16054,776
-18401,13818,4583
-19049,10597,8452
-18867,7099,11768
-17886,3015,14871
-16380,-651,17031
-13785,-4661,18446
-10803,-8386,19189
-7693,-11587,19280
-3865,-14586,18451
-169,-16764,16933
3514,-18121,14607
7540,-19045,11505
11108,-19090,7982
14284,-18335,4051
16776,-16953,177
18393,-14726,-3667
19131,-11756,-7375
19321,-8493,-10828
18480,-4512,-13968
17069,-544,-16525
14866,3143,-18009
11921,6991,-18912
8373,10564,-18937
4554,13670,-18224
478,16165,-16643
-3473,17758,-14285
-7763,18480,-10717
-11475,18451,-6976
-14812,17168,-2356
-17147,15010,2137
-18467,12589,5878
-19107,9429,9678
-18603,5779,12824
-17774,2178,15596
-16120,-1394,17514
-13554,-5090,18644
-10378,-8765,19143
-6558,-12144,18702
-2470,-14986,17456
1134,-17048,15914
5325,-18508,13183
9103,-19094,9991
12544,-18669,6125
15439,-17584,2145
17539,-15753,-1786
18764,-13129,-5635
19239,-9961,-9278
19078,-6769,-12309
18315,-3151,-15164
16640,569,-17209
14289,4191,-18480
11211,7957,-19168
7416,11418,-18834
3493,14511,-18004
-552,16722,-16170
-4191,18228,-14037
-8155,18855,-10700
-11764,18612,-6848
-14961,17634,-2673
-17073,15687,1386
-18616,13332,5284
-19107,10135,8972
-18987,6699,12288
-18001,2821,15180
-16128,-1064,17192
-13674,-4941,18615
-10539,-8683,19222
-7119,-12007,19126
-3300,-14858,18158
466,-16962,16496
3844,-18409,14565
7606,-19300,11694
11129,-19309,8180
14231,-18389,4158
16710,-17019,309
18269,-14742,-3527
19181,-11867,-7314
19329,-8514,-10815
18612,-4653,-13959
17209,-746,-16463
15039,2974,-18013
12214,6769,-18983
8835,10283,-19118
5028,13373,-18401
965,15996,-16961
-3213,17597,-14384
-7396,18117,-10721
-11314,18339,-7025
-14610,17518,-2908
-17085,15992,1093
-18459,13327,5132
-19045,9953,9092
-18735,6439,12296
-17683,2520,15163
-15769,-1398,17167
-13241,-5139,18380
-10184,-8819,19003
-6406,-12156,18562
-2569,-15031,17600
1274,-16953,15679
5234,-18381,13147
9153,-18933,9780
12560,-18504,5944
15559,-17287,1728
17510,-15295,-2215
18801,-12667,-6134
19181,-9380,-9801
18859,-5968,-12891
18467,-2920,-15547
16755,676,-17431
13835,4537,-18372
10485,8365,-18850
6736,11785,-18521
2722,14800,-17522
-1014,16780,-15766
-5148,18315,-13167
-9198,18620,-9422
-12672,17853,-5181
-15868,16945,-1077
-17795,14973,2822
-18843,12288,6555
-19148,8922,10226
-18595,5383,13212
-17275,1456,15819
-15266,-2326,17592
-12502,-6166,18668
-9405,-9697,19102
-5770,-12985,18755
-1947,-15592,17539
1621,-17345,15724
5634,-18702,13068
9392,-19102,9710
12754,-18752,5998
15543,-17688,2145
17568,-15922,-1646
18847,-13633,-5214
19288,-10494,-8794
19057,-7004,-12053
17968,-3093,-14875
16207,796,-17003
13752,4727,-18479
10774,8357,-19131
7367,11710,-19077
3419,14619,-18038
-486,16718,-16232
-4248,18323,-14075
-8101,19049,-10948
-11595,18871,-7276
-14709,17861,-3152
-16974,15926,1048
-18356,13426,4930
-18950,10077,8873
-18723,6505,12218
-18034,2809,15225
-16264,-1047,17311
-13629,-4954,18583
-10469,-8641,19110
-7136,-11966,19102
-3357,-14862,18219
544,-16916,16372
3889,-18397,14508
7614,-19338,11724
11112,-19346,8234
14181,-18488,4307
16718,-17056,338
18343,-14829,-3514
19280,-11884,-7396
19490,-8860,-10630
18995,-5181,-13814
18438,-2083,-16355
16483,1579,-18062
13600,5374,-18974
10452,8971,-19423
6562,12469,-19031
2631,15287,-17918
-1113,17250,-16137
-5024,18673,-13649
-9112,18954,-9842
-12688,18492,-5804
-15753,17506,-1753
-17894,15592,2302
-19057,13129,5928
-19358,9611,9747
-19003,6088,12915
-17902,2190,15712
-16161,-1555,17716
-13505,-5457,18962
-10370,-9075,19445
-6897,-12432,19329
-3089,-15167,18256
952,-17180,16228
4570,-18661,14091
8580,-19313,10733
12007,-19214,7207
15072,-18257,3185
17419,-16834,-585
18871,-14590,-4281
19684,-11698,-7986
19647,-8307,-11340
18871,-4496,-14375
17341,-581,-16760
15134,3201,-18335
12193,7029,-19222
8604,10667,-19271
4694,13802,-18496
627,16297,-16924
-3609,17906,-14297
-7577,18888,-11311
-11380,18871,-7491
-14738,17576,-2838
-16995,15497,1498
-18628,13158,5470
-19115,9788,9327
-18719,6047,12672
-17663,2058,15605
-15732,-1773,17505
-12969,-5770,18739
-9516,-9508,19024
-5651,-12861,18512
-1456,-15695,17151
2450,-17506,15056
6451,-18810,12359
10197,-19144,8947
13455,-18665,5210
16277,-17254,977
18046,-15097,-2949
19127,-12280,-6847
19420,-9062,-10358
19482,-6171,-13311
18244,-2235,-16009
16104,1530,-17634
13488,5440,-18928
10052,9116,-19168
6418,12568,-18986
2574,15340,-17914
-1047,17201,-16154
-5251,18632,-13381
-9037,19226,-10189
-12531,18921,-6390
-15695,17630,-1935
-17683,15691,1992
-19008,12931,6077
-19325,9582,9743
-18880,5944,12936
-17667,1872,15795
-15840,-1823,17663
-13088,-5874,18962
-9838,-9425,19263
-6208,-12754,18962
-2343,-15493,17836
1307,-17432,16125
5465,-18727,13262
9343,-19206,9863
12845,-18880,6035
15761,-17947,2186
17787,-16145,-1642
19045,-13546,-5499
19523,-10238,-9285
19218,-6719,-12499
18158,-2862,-15296
16491,849,-17340
13975,4710,-18685
10679,8460,-19139
7024,11867,-18891
3036,14837,-17873
-940,16912,-15972
-5469,18203,-12734
-9413,18768,-9355
-13068,18228,-5160
-16029,16636,-607
-17803,14260,3543
-18950,11463,7487
-18995,8052,10943
-18137,3997,14140
-16834,284,16550
-14400,-3667,18067
-11603,-7420,19023
-7837,-11038,18875
-3799,-14107,17906
288,-16611,16323
4034,-18145,14111
8080,-18979,10899
11661,-18814,7153
14738,-17791,3053
17098,-16112,-986
18537,-13744,-4793
19181,-10572,-8609
19008,-7169,-11839
18376,-3630,-14746
16842,90,-16932
14478,3906,-18384
11475,7672,-19147
7627,11248,-18875
3774,14375,-18149
-259,16615,-16356
-3980,18174,-14194
-7821,18937,-11116
-11376,18888,-7512
-14759,17989,-3230
-16962,16046,916
-18492,13773,4719
-19152,10543,8609
-19082,7132,11950
-18096,3188,14908
-16396,-610,17006
-13975,-4578,18553
-10927,-8307,19234
-7437,-11698,19135
-3762,-14656,18418
189,-16813,16624
3679,-18335,14656
7437,-19255,11818
11026,-19284,8258
14165,-18533,4368
16747,-17131,384
18331,-15027,-3304
19338,-12255,-7083
19523,-9025,-10498
19074,-5469,-13605
17811,-1608,-16203
16438,1621,-18059
13752,5453,-19205
10613,8856,-19469
6798,12292,-19090
2895,15002,-17897
-1068,16995,-15927
-5919,17956,-12037
-9730,18492,-8762
-13414,18228,-4814
-16227,17019,-792
-18084,14775,3309
-19016,11888,7128
-19135,8476,10659
-18455,4545,13910
-16924,565,16359
-14697,-3209,17906
-11723,-7189,18912
-8151,-10716,18867
-4100,-13967,18067
-103,-16462,16565
3823,-18038,14215
7726,-18896,11170
11430,-18785,7355
14730,-17890,3160
16970,-16186,-784
18558,-13670,-4888
19210,-10572,-8638
19041,-7086,-11955
18356,-3605,-14751
17213,-193,-17020
14495,3724,-18219
11475,7441,-18916
7610,11104,-18714
3741,14181,-17922
-371,16512,-16141
-4059,18137,-14078
-8204,18904,-10700
-11966,18277,-6311
-15151,17366,-2215
-17391,15526,1865
-18665,12948,5717
-19041,9693,9348
-18698,6191,12507
-17531,2120,15411
-15617,-1633,17250
-12952,-5626,18578
-9838,-9231,19069
-6459,-12515,18974
-2557,-15295,17852
1167,-17155,15988
5061,-18599,13538
8856,-19251,10395
12288,-18904,6616
15225,-17980,2755
17320,-16322,-998
18785,-14227,-4558
19428,-11191,-8237
19296,-7874,-11422
18438,-3931,-14507
16735,8,-16743
14536,3708,-18244
11698,7503,-19201
8295,10918,-19213
4545,13971,-18516
602,16359,-16961
-3229,17956,-14727
-7111,18896,-11785
-10865,18801,-7936
-14231,17844,-3613
-16714,16153,561
-18257,13719,4538
-19053,10543,8510
-18880,6942,11938
-18178,3271,14907
-16772,-358,17130
-14268,-4215,18483
-11352,-7899,19251
-7862,-11327,19189
-4166,-14264,18430
-103,-16574,16677
3531,-18216,14685
7321,-19131,11810
10947,-19239,8292
14210,-18339,4129
16751,-16896,145
18335,-14557,-3778
19230,-11611,-7619
19358,-8427,-10931
18719,-4690,-14029
17725,-1258,-16467
15732,2384,-18116
12799,6237,-19036
9421,9846,-19267
5511,13129,-18640
1390,15819,-17209
-2421,17556,-15135
-6513,18731,-12218
-10403,18859,-8456
-13864,18071,-4207
-16594,16710,-116
-18364,14643,3721
-19127,11653,7474
-19135,8167,10968
-18389,4339,14050
-17176,540,16636
-15068,-3217,18285
-12280,-6930,19210
-8971,-10494,19465
-5445,-13505,18950
-1716,-16038,17754
2202,-17692,15490
6030,-18999,12969
9759,-19399,9640
13162,-18888,5726
15922,-17832,1910
17923,-16194,-1729
19197,-13785,-5412
19717,-10646,-9071
19338,-7078,-12260
18484,-3324,-15160
16776,569,-17345
14330,4450,-18780
11397,8118,-19515
7726,11636,-19362
3823,14544,-18367
-156,16792,-16636
-3943,18430,-14487
-7577,19280,-11703
-11244,19371,-8127
-14581,18253,-3672
-16825,15910,915
-18587,13756,4831
-19288,10477,8811
-19065,6831,12234
-18265,3023,15242
-16706,-676,17382
-14231,-4529,18760
-11100,-8262,19362
-7429,-11702,19131
-3477,-14751,18228
767,-16945,16178
4323,-18434,14111
8390,-19181,10791
11871,-19152,7281
15076,-18203,3127
17312,-16450,-862
18830,-13946,-4884
19453,-10687,-8766
19276,-7214,-12062
18339,-3246,-15093
16520,532,-17052
14086,4426,-18512
10799,8254,-19053
7235,11785,-19020
3333,14734,-18067
-759,16904,-16145
-4958,18224,-13266
-9029,18669,-9640
-12911,18290,-5379
-15860,17048,-1188
-17923,14965,2958
-19098,12214,6884
-19259,8827,10432
-18583,4970,13613
-17411,1196,16215
-15637,-2421,18058
-12750,-6286,19036
-9524,-9796,19320
-5733,-13068,18801
-1711,-15765,17476
1897,-17523,15626
6199,-18760,12561
10027,-19094,9067
13488,-18690,5202
16223,-17477,1254
18063,-15576,-2487
19102,-12746,-6356
19404,-9433,-9971
18904,-5832,-13072
17708,-1885,-15823
15724,1926,-17650
13059,5766,-18825
9524,9611,-19135
5597,12915,-18512
1757,15728,-17485
-2173,17543,-15370
-6179,18739,-12560
-10019,19090,-9071
-13464,18467,-5003
-16141,16759,-618
-17857,14132,3725
-18867,11467,7400
-18962,7907,11055
-18174,4063,14111
-16863,198,16665
-14400,-3712,18112
-11583,-7540,19123
-7783,-11191,18974
-3902,-14251,18153
292,-16652,16360
3762,-18244,14482
7705,-19053,11348
11228,-19020,7792
14437,-18075,3638
16830,-16599,-231
18385,-14177,-4208
19160,-11162,-7998
19156,-7742,-11414
18261,-3856,-14405
16747,61,-16808
14462,3795,-18257
11525,7569,-19094
7829,11121,-18950
3873,14185,-18058
-45,16471,-16426
-3803,18038,-14235
-7816,18793,-10977
-11508,18566,-7058
-14878,17580,-2702
-17028,15373,1655
-18657,13167,5490
-19078,9817,9261
-18995,6447,12548
-18034,2586,15448
-16223,-1064,17287
-14091,-4665,18756
-11022,-8410,19432
-7565,-11620,19185
-3584,-14606,18190
358,-16768,16410
3968,-18282,14314
7796,-19173,11377
11512,-19090,7578
14524,-18249,3725
17023,-16722,-301
18488,-14412,-4076
19296,-11492,-7804
19391,-8266,-11125
18632,-4393,-14239
17205,-569,-16636
15213,3007,-18220
12486,6740,-19226
9182,10201,-19383
5329,13307,-18636
1336,15922,-17258
-2611,17683,-15072
-6670,18624,-11954
-10428,18876,-8448
-13905,18282,-4377
-16570,17040,-470
-18282,14726,3556
-19123,11933,7190
-19263,8650,10613
-18442,4537,13905
-16974,614,16360
-14689,-3304,17993
-11739,-7140,18879
-8287,-10770,19057
-4236,-13979,18215
-280,-16413,16693
3605,-17993,14388
7445,-18975,11530
11116,-18975,7859
14359,-18228,3869
16858,-16561,-297
18315,-14198,-4117
19131,-11228,-7903
19127,-7783,-11344
18352,-3960,-14392
16937,-210,-16727
14548,3592,-18140
11550,7449,-18999
7705,11116,-18821
3819,14152,-17971
-214,16450,-16236
-3861,18067,-14206
-7903,18917,-11014
-11743,18356,-6613
-15035,17424,-2389
-17230,15650,1580
-18583,13121,5462
-19102,9817,9285
-18756,6241,12515
-17473,1897,15576
-15477,-1984,17461
-12808,-5940,18748
-9900,-9318,19218
-6921,-12222,19143
-2899,-15126,18025
849,-16990,16141
4669,-18418,13749
8596,-19148,10552
12106,-18830,6724
15357,-17865,2508
17254,-16359,-895
18768,-14049,-4719
19441,-11013,-8428
19210,-7524,-11686
18158,-3333,-14825
16656,144,-16800
14425,3898,-18323
11550,7635,-19185
8427,10890,-19317
4281,14074,-18355
-86,16537,-16451
-3774,18162,-14388
-7532,18888,-11356
-11248,18711,-7463
-14837,17704,-2867
-16891,16079,812
-18546,13451,5095
-19065,10465,8600
-18711,6397,12314
-18026,3110,14916
-16446,-672,17118
-13596,-4945,18541
-10745,-8291,19036
-7165,-11735,18900
-3349,-14734,18083
792,-16871,16079
4376,-18393,14017
8555,-19214,10659
11752,-19024,7272
14804,-18178,3374
17205,-16227,-978
18612,-13835,-4777
19222,-10642,-8580
19201,-7783,-11418
18562,-3927,-14635
17663,-792,-16871
15295,2871,-18166
12185,6851,-19036
8365,10766,-19131
4653,13719,-18372
585,16219,-16804
-3250,17947,-14697
-7623,18847,-11224
-11050,18739,-7689
-14421,17890,-3469
-17073,16227,846
-18541,13950,4591
-19168,11092,8076
-18999,7552,11447
-18170,3592,14578
-16574,-532,17106
-14148,-4479,18627
-11154,-8217,19371
-8522,-11149,19671
-4974,-14132,19106
-911,-16421,17332
3023,-18100,15077
6571,-19119,12548
10164,-19494,9330
13443,-18929,5486
16442,-17733,1291
18088,-16211,-1877
19404,-13942,-5462
19993,-10609,-9384
19626,-7416,-12210
18772,-3580,-15192
17094,206,-17300
14499,4347,-18846
11847,7866,-19713
8724,10976,-19700
5028,13975,-19003
730,16636,-17366
-3147,18249,-15102
-6567,19234,-12667
-10267,19577,-9310
-13880,18628,-4748
-16557,16396,161
-18521,14487,4034
-19519,11512,8007
-19511,8130,11381
-18838,4261,14577
-17580,643,16937
-15349,-3180,18529
-12597,-6872,19469
-9108,-10477,19585
-5234,-13690,18924
-1006,-16359,17365
2871,-17931,15060
6785,-19234,12449
10502,-19457,8955
13983,-18892,4909
16619,-17494,875
18389,-15266,-3123
19416,-12280,-7136
19573,-8930,-10643
18995,-5131,-13864
17490,-1208,-16282
15270,2788,-18058
12255,6711,-18966
8757,10444,-19201
4801,13744,-18545
466,16236,-16702
-4240,17696,-13456
-8398,18442,-10044
-12247,18665,-6418
-15460,17560,-2100
-17597,15584,2013
-18921,12841,6080
-19234,9413,9821
-18760,5696,13064
-17551,1757,15794
-15712,-1984,17696
-13113,-5907,19020
-9735,-9504,19239
-6010,-12874,18884
-2062,-15609,17671
1687,-17506,15819
5857,-18793,12936
9834,-19243,9409
13245,-18723,5478
16153,-17749,1596
18059,-16083,-1976
19255,-13538,-5717
19544,-10188,-9356
19173,-6612,-12561
18125,-2664,-15461
16396,1023,-17419
13789,4933,-18722
10522,8749,-19271
6901,12131,-19032
2833,15151,-17984
-792,17139,-16347
-5040,18653,-13613
-8889,19313,-10424
-12358,18966,-6608
-15477,17490,-2013
-17485,15010,2475
-18777,12519,6258
-19354,9178,10176
-18785,5416,13369
-17799,1629,16170
-15819,-2161,17980
-13307,-5907,19214
-10296,-9363,19659
-6406,-12643,19049
-2536,-15468,18004
1171,-17424,16253
5160,-18834,13674
8910,-19416,10506
12321,-19082,6761
15411,-17927,2516
17490,-16170,-1320
18909,-13542,-5367
19445,-10275,-9170
19098,-6661,-12437
18170,-2821,-15349
16223,1010,-17233
13744,4987,-18731
10378,8749,-19127
6624,12201,-18825
2611,15217,-17828
-1175,17015,-15840
-5783,18216,-12433
-9850,18187,-8337
-13719,17844,-4125
-16421,16405,16
-18236,14268,3968
-19090,11154,7936
-19160,7874,11286
-18537,4046,14491
-16916,160,16756
-14718,-3555,18273
-11797,-7392,19189
-8233,-10910,19143
-4273,-14000,18273
-276,-16392,16668
3440,-17985,14545
7375,-19012,11637
11174,-19144,7970
14359,-18302,3943
16854,-16830,-24
18401,-14590,-3811
19255,-11640,-7615
19441,-8526,-10915
18909,-4995,-13914
17589,-1134,-16455
15802,2305,-18107
12973,6125,-19098
9681,9669,-19350
5828,12960,-18788
1802,15749,-17551
-2157,17498,-15341
-6377,18607,-12230
-10172,18979,-8807
-13653,18442,-4789
-16330,17242,-912
-18207,15109,3098
-19131,12115,7016
-19358,8736,10622
-18702,4941,13761
-17333,944,16389
-15237,-2805,18042
-12465,-6604,19069
-9178,-10267,19445
-5651,-13307,18958
-1876,-15988,17864
1526,-17663,16137
5593,-19008,13415
9231,-19445,10214
12684,-18966,6282
15613,-17968,2355
17630,-16071,-1559
18954,-13464,-5490
19461,-10172,-9289
19193,-6752,-12441
18174,-2850,-15324
16495,866,-17361
13814,4830,-18644
10659,8600,-19259
6727,12111,-18838
2817,15027,-17844
-952,17052,-16100
-5065,18554,-13489
-9504,18550,-9046
-12960,17721,-4761
-16186,16850,-664
-18013,14656,3357
-19012,11727,7285
-19152,8398,10754
-18364,4463,13901
-16945,416,16529
-14532,-3436,17968
-11698,-7330,19028
-8278,-10795,19073
-4426,-13971,18397
-424,-16339,16763
3382,-17923,14541
7326,-18946,11620
11145,-18900,7755
14429,-18133,3704
16863,-16702,-161
18459,-14421,-4038
19259,-11451,-7808
19214,-8184,-11030
18426,-4219,-14207
16908,-313,-16595
14627,3481,-18108
11855,7206,-19061
8563,10663,-19226
4615,13773,-18388
503,16182,-16685
-3333,17894,-14561
-7466,18777,-11311
-11319,18471,-7152
-14635,17729,-3094
-16999,15951,1048
-18455,13497,4958
-19090,10291,8799
-18715,6624,12091
-17947,2949,14998
-16347,-688,17035
-13752,-4690,18442
-10568,-8439,19007
-7078,-11851,18929
-3064,-14936,18000
886,-16990,16104
4479,-18475,13996
8291,-19230,10939
11715,-19102,7387
14718,-18166,3448
17007,-16508,-499
18533,-14033,-4500
19189,-10989,-8200
19156,-7730,-11426
18484,-4087,-14397
17242,-416,-16826
15163,3163,-18326
11987,7115,-19102
8563,10667,-19230
4607,13868,-18475
771,16236,-17007
-3217,17952,-14735
-6868,18929,-12061
-10712,19057,-8345
-14037,18352,-4315
-16570,16797,-227
-18298,14693,3605
-19127,11649,7478
-19119,8052,11067
-18451,4145,14306
-17221,457,16764
-15130,-3333,18463
-12824,-6835,19659
-10663,-9941,20604
-7305,-12870,20175
-3588,-15324,18912
202,-17345,17143
3861,-18797,14936
7561,-19717,12156
11079,-19853,8774
14070,-19338,5268
16681,-18187,1506
18554,-16710,-1844
19812,-14462,-5350
20414,-11475,-8939
20245,-8254,-11991
19515,-4496,-15019
18030,-754,-17276
16025,2776,-18801
13521,6525,-20046
10518,9867,-20385
6934,13010,-19944
3180,15774,-18954
-787,17716,-16929
-4327,19292,-14965
-8245,20059,-11814
-11917,19919,-8002
-15180,18595,-3415
-17514,16706,808
-19399,14796,4603
-20109,11574,8535
-19985,8080,11905
-19292,4240,15052
-18001,552,17449
-15811,-3242,19053
-12956,-7024,19980
-9528,-10675,20203
-5630,-13987,19617
-1534,-16693,18227
2223,-18323,16100
6187,-19791,13604
9879,-20394,10515
13455,-19944,6489
16376,-18958,2582
18426,-17094,-1332
19828,-14594,-5234
20418,-11389,-9029
20299,-7948,-12351
19503,-4129,-15374
17659,-49,-17610
15398,3832,-19230
12127,7944,-20071
8650,11488,-20138
4558,14792,-19350
548,17106,-17654
-3778,18768,-14990
-7936,19606,-11670
-11954,19800,-7846
-15287,18958,-3671
-17704,17135,569
-19338,14796,4542
-20026,11397,8629
-19808,7610,12198
-18929,3423,15506
-17172,-495,17667
-14610,-4727,19337
-11166,-8691,19857
-7610,-12234,19844
-3559,-15423,18982
614,-17659,17045
4467,-19276,14809
8530,-20035,11505
12370,-19965,7595
15485,-19086,3601
17939,-17535,-404
19474,-15192,-4282
20278,-12069,-8209
20212,-8538,-11674
19507,-4582,-14925
18079,-651,-17428
15943,3135,-19078
12969,7161,-20130
9367,10819,-20186
5407,14218,-19625
1505,16772,-18277
-2553,18665,-16112
-6641,19853,-13212
-10568,20146,-9578
-14148,19597,-5449
-16978,17638,-660
-18826,15142,3684
-19956,12280,7676
-20220,8786,11434
-19548,4929,14619
-18385,1097,17288
-16186,-2875,19061
-13558,-6562,20120
-9875,-10477,20352
-5940,-13827,19767
-1848,-16607,18455
2132,-18546,16414
6105,-19915,13810
10081,-20336,10255
13682,-19923,6241
16615,-18595,1980
18669,-16710,-1959
19952,-13959,-5993
20431,-10679,-9752
20055,-6839,-13216
18999,-2891,-16108
17238,998,-18236
14511,5098,-19609
11145,9050,-20195
6938,12791,-19729
2986,15856,-18842
-1089,17894,-16805
-5758,19168,-13410
-10052,19375,-9323
-13979,19140,-5161
-16982,17589,-607
-18876,15505,3371
-19919,12441,7478
-20072,8885,11187
-19589,4978,14611
-17964,833,17131
-15683,-3196,18879
-12436,-7379,19815
-8819,-11100,19919
-4710,-14482,19192
-375,-16990,17365
3547,-18830,15283
7767,-19866,12099
11653,-19911,8258
15072,-19098,4026
17518,-17527,9
19251,-15134,-4117
20142,-12024,-8118
20171,-8423,-11748
19453,-4455,-14998
18055,-577,-17478
16215,2982,-19197
13096,6979,-20075
9508,10642,-20150
5552,14099,-19651
1262,16665,-17927
-2813,18583,-15770
-7123,19614,-12491
-11108,19742,-8634
-14767,19177,-4410
-17333,17807,-474
-19193,15291,3902
-20154,12234,7920
-20171,8724,11447
-19354,4409,14945
-17943,561,17382
-15687,-3370,19057
-12923,-7260,20183
-9450,-10898,20348
-5725,-14227,19952
-1612,-16846,18458
1893,-18570,16677
6047,-19927,13880
9887,-20410,10523
13575,-20084,6509
16537,-18995,2458
18574,-17085,-1489
20002,-14449,-5553
20674,-11319,-9355
20435,-7775,-12660
19762,-4013,-15749
18513,-573,-17940
15955,3485,-19440
12610,7548,-20158
8753,11385,-20138
4694,14705,-19399
627,17205,-17832
-3300,18991,-15691
-7779,20014,-12235
-11921,19573,-7652
-15411,18896,-3485
-18022,17349,673
-19626,14804,4822
-20344,11512,8832
-20187,7854,12333
-19309,3741,15568
-17605,-202,17807
-14932,-4364,19296
-11962,-8217,20179
-8225,-11954,20179
-4021,-15237,19258
-12,-17605,17617
4162,-19251,15089
8402,-20175,11773
12337,-20171,7834
15571,-19255,3684
18038,-17556,-482
19676,-15163,-4513
20468,-12111,-8357
20369,-8435,-11934
19507,-4327,-15180
17865,-338,-17527
15493,3634,-19127
12515,7643,-20158
8976,11352,-20328
4690,14817,-19507
808,17151,-17959
-3510,19094,-15584
-7800,20031,-12231
-11809,19894,-8085
-15196,19164,-3968
-17824,17333,491
-19432,14829,4603
-20196,11380,8816
-19960,7627,12333
-19251,3687,15564
-17749,-140,17889
-15175,-4343,19518
-11908,-8340,20248
-8344,-12057,20401
-4698,-15213,19911
-614,-17568,18182
3135,-19218,16083
7132,-20431,13299
10869,-20620,9751
14355,-20051,5696
17065,-18690,1625
19032,-16640,-2392
20187,-13690,-6497
20596,-10234,-10362
20352,-6653,-13699
19366,-2759,-16607
17721,928,-18649
14957,5007,-19964
11508,9025,-20533
7656,12651,-20307
3477,15794,-19271
-618,17910,-17292
-4570,19515,-14945
-9021,20167,-11146
-12985,19779,-6794
-16260,18694,-2434
-18636,16900,1736
-20109,14305,5804
-20455,10621,9834
-20204,6765,13439
-19111,2689,16422
-17432,-1150,18582
-14825,-5143,19968
-11570,-9099,20669
-8287,-12436,20723
-4125,-15543,19668
45,-17857,17812
4108,-19428,15320
8481,-20377,11896
12358,-20204,7846
15732,-19432,3700
18228,-17832,-396
19952,-15551,-4401
20814,-12399,-8415
20752,-8782,-11970
19944,-4739,-15205
18286,-660,-17626
16104,3242,-19346
13191,7235,-20426
9405,11137,-20542
5341,14553,-19894
994,17085,-18079
-3262,18983,-15721
-7552,20138,-12586
-11809,20336,-8527
-15307,19441,-4134
-17952,17531,421
-19713,15097,4616
-20645,12040,8605
-20493,8291,12202
-19894,4467,15427
-18822,866,17956
-16615,-2990,19605
-13414,-7029,20443
-9883,-10844,20727
-5692,-14462,20154
-1254,-17172,18426
2594,-18946,16352
6711,-20439,13728
10696,-20769,10073
14260,-20493,6233
17077,-19243,2166
19148,-17254,-1894
20505,-14548,-5957
20893,-10997,-9896
20752,-7367,-13385
19824,-3531,-16293
18026,482,-18508
15262,4710,-19972
11908,8782,-20690
8126,12527,-20653
4145,15699,-19844
-24,18051,-18027
-3931,19655,-15724
-8398,20554,-12156
-12387,20682,-8295
-15889,19606,-3717
-18360,17844,516
-19969,15390,4579
-20744,11838,8906
-20620,8085,12535
-19828,3918,15910
-18141,-82,18223
-15662,-4265,19927
-12395,-8357,20752
-8790,-12094,20884
-4995,-15340,20335
-796,-17745,18541
3089,-19548,16459
7524,-20538,13014
11492,-20703,9211
15031,-20196,5165
17774,-18830,1056
19651,-16689,-2962
20818,-13476,-7342
20905,-9586,-11319
20369,-5754,-14615
19020,-1732,-17288
16842,2388,-19230
13789,6649,-20438
10131,10621,-20752
5869,14379,-20248
1769,17061,-18830
-2697,19003,-16306
-7165,20233,-13068
-11467,20530,-9063
-15184,19734,-4550
-17832,17993,-161
-19742,15402,4340
-20794,12416,8378
-20922,8773,12149
-20092,4690,15402
-19263,1303,17960
-16957,-2796,19753
-14033,-6736,20769
-10308,-10774,21082
-5952,-14334,20286
-1848,-17143,18991
2099,-19193,17094
6381,-20575,14194
10399,-21054,10655
14202,-20583,6381
17143,-19239,2096
19272,-17320,-1952
20625,-14449,-6176
21054,-10943,-10111
20868,-7152,-13716
19754,-3093,-16661
17972,849,-18821
15274,4999,-20273
11583,9215,-20798
7643,13080,-20723
3353,16178,-19531
-820,18488,-17668
-5123,20026,-14903
-9644,20472,-10828
-13732,20167,-6435
-16871,18851,-1980
-19156,16706,2450
-20493,13814,6679
-20835,10044,10791
-20583,6298,14285
-19102,1922,17180
-16929,-2260,19189
-14020,-6443,20463
-10333,-10494,20827
-6191,-14161,20352
-2091,-16933,19024
1938,-18975,17037
6303,-20389,14086
10465,-20814,10349
14251,-20439,6188
17151,-18925,1774
19251,-16854,-2397
20509,-13818,-6691
20851,-9949,-10902
20340,-5968,-14372
18863,-1662,-17201
16739,2454,-19193
13612,6674,-20286
9957,10588,-20545
5700,14334,-20034
1373,17036,-18409
-3052,19041,-15989
-7750,19849,-12099
-12139,20072,-7933
-15757,19300,-3543
-18463,17741,722
-20006,15048,4958
-20765,11554,9211
-20616,7767,12849
-19833,3836,15997
-18587,239,18348
-16071,-3889,19960
-12688,-7977,20665
-8848,-11830,20678
-4694,-15233,19927
-313,-17840,18153
3617,-19548,15931
8101,-20579,12478
12152,-20666,8514
15658,-19828,4170
18302,-18125,-177
19965,-15538,-4427
20934,-12498,-8436
21029,-9083,-11946
20554,-5379,-15175
19437,-1707,-17730
17172,2310,-19482
13855,6595,-20450
9986,10667,-20653
5808,14338,-20146
1588,17106,-18694
-2549,19057,-16508
-6872,20559,-13687
-11240,20534,-9294
-14936,19845,-4909
-17778,18426,-648
-19684,16104,3580
-20765,12960,7805
-20889,9421,11468
-20163,5156,15007
-18607,1018,17589
-16302,-3122,19424
-13171,-7346,20517
-9524,-11232,20756
-5296,-14808,20104
-1080,-17403,18483
2883,-19321,16438
7185,-20587,13402
11314,-20765,9451
14825,-20196,5371
17572,-18723,1151
19507,-16636,-2871
20703,-13624,-7079
20860,-9842,-11018
20352,-5878,-14474
18777,-1456,-17321
16495,2693,-19188
13294,7053,-20347
9627,11083,-20710
5416,14668,-20084
1138,17325,-18463
-3114,19267,-16153
-7552,20402,-12850
-11727,20521,-8794
-15295,19721,-4426
-17993,18137,-144
-19771,15497,4274
-20674,12148,8526
-20620,8377,12243
-19960,4422,15538
-18645,585,18060
-16339,-3572,19911
-12973,-7672,20645
-9400,-11529,20929
-5486,-14883,20369
-1258,-17527,18785
2689,-19404,16715
6789,-20608,13819
10696,-21070,10374
14470,-20497,6027
17259,-19069,1810
19379,-17003,-2376
20649,-13888,-6761
20955,-10279,-10676
20769,-6624,-14145
19684,-2677,-17007
18038,1027,-19065
15072,5292,-20364
11467,9372,-20839
7284,13228,-20512
3036,16207,-19243
-1084,18546,-17462
-5737,19977,-14240
-10180,20237,-10057
-14396,19771,-5375
-17407,18393,-986
-19531,16467,3064
-20682,13410,7272
-20748,9409,11339
-20167,5292,14875
-18888,1398,17490
-16747,-2681,19428
-13761,-6814,20575
-10287,-10708,20995
-6352,-14206,20558
-2198,-16933,19131
1947,-18970,17023
6484,-20241,13757
10700,-20843,10143
14487,-20241,5754
17333,-18921,1588
19457,-16999,-2458
20752,-14268,-6484
21111,-10642,-10469
20798,-6876,-13922
19428,-2656,-16772
17353,1526,-18879
14627,5572,-20199
11170,9681,-20851
6798,13629,-20427
2479,16495,-18974
-1753,18649,-16896
-6286,20068,-13782
-10621,20633,-10012
-14536,20084,-5548
-17432,18422,-990
-19474,16108,3366
-20658,13022,7636
-20823,9198,11625
-20282,5308,14974
-19140,1509,17631
-17209,-2392,19601
-14140,-6505,20645
-10337,-10539,20876
-6352,-14206,20558
-1963,-16904,18867
1901,-18975,17074
6336,-20468,14132
10382,-20979,10597
14053,-20757,6704
17011,-19503,2492
19243,-17498,-1745
20596,-14792,-5804
21153,-11306,-9847
21037,-7651,-13386
20389,-4079,-16310
18546,53,-18599
15786,4331,-20117
12379,8456,-20835
8613,12276,-20889
4587,15551,-20138
457,18022,-18479
-3799,19787,-15988
-8221,20674,-12453
-12432,20818,-8386
-15840,20002,-4162
-18492,18170,322
-20270,15691,4579
-21078,12449,8629
-21021,8571,12450
-20175,4376,15799
-18628,441,18187
-16256,-3757,20013
-13059,-7870,20929
-9603,-11595,21198
-5511,-15081,20592
-1419,-17593,19012
2648,-19515,16867
7111,-20827,13716
11149,-21041,9892
14965,-20493,5528
17683,-19317,1634
19738,-17217,-2521
20971,-14124,-6847
21136,-10316,-10820
20835,-6447,-14388
19465,-2326,-17139
17452,1716,-19168
14350,6105,-20455
10576,10291,-20867
6171,14173,-20344
1740,17044,-18784
-3106,18954,-15848
-7544,20266,-12722
-12016,20612,-8596
-15650,19680,-4030
-18302,17861,441
-19956,15048,4908
-20971,11781,9190
-20761,7940,12821
-19936,3749,16187
-18678,185,18493
-16021,-4092,20113
-12977,-8093,21070
-8782,-12205,20987
-4562,-15485,20047
-297,-18117,18414
3782,-19894,16112
8035,-20901,12866
11950,-21115,9165
15510,-20175,4665
18117,-18715,598
20022,-16330,-3692
20946,-13195,-7751
21181,-9483,-11698
20468,-5453,-15015
19102,-1348,-17754
16887,2776,-19663
13620,7144,-20764
9751,11248,-20999
5412,14866,-20278
1402,17494,-18896
-2937,19362,-16425
-7326,20583,-13257
-11764,20587,-8823
-15431,19936,-4505
-18104,18009,95
-20022,15691,4331
-20967,12296,8671
-20913,8505,12408
-20299,4504,15795
-18492,305,18187
-16062,-3947,20009
-12808,-8109,20917
-9013,-11917,20930
-4950,-15332,20282
-709,-17873,18582
3407,-19626,16219
7614,-20781,13167
11851,-20983,9132
15340,-20167,4827
18108,-18521,413
19927,-16124,-3803
20946,-12878,-8068
21107,-9033,-12074
20319,-4917,-15402
18645,-713,-17932
16392,3267,-19659
13121,7478,-20599
9367,11446,-20813
4925,14969,-19894
292,17580,-17872
-4933,19057,-14124
-9363,19548,-10185
-13996,19804,-5808
-16995,18587,-1592
-19329,16491,2838
-20501,13228,7273
-20719,9487,11232
-20274,5535,14739
-19255,1831,17424
-17250,-2140,19390
-14086,-6410,20496
-10197,-10423,20620
-6232,-14095,20327
-1753,-16962,18715
2239,-18979,16740
6723,-20373,13650
11096,-20662,9566
14759,-20130,5371
17622,-18686,1064
19544,-16269,-3275
20674,-13249,-7425
20971,-9693,-11278
20554,-5935,-14619
19696,-2483,-17213
17490,1645,-19135
14214,6022,-20236
10337,10283,-20620
6088,14033,-20121
1885,16875,-18760
-2314,19028,-16714
-6736,20439,-13703
-11075,20707,-9632
-14730,20059,-5329
-17638,18715,-1077
-19610,16405,3205
-20794,13521,7273
-21000,9862,11138
-20600,6072,14528
-19226,1897,17329
-17271,-1963,19234
-14495,-6125,20620
-11063,-10139,21202
-7561,-13690,21251
-3386,-16483,19869
792,-18739,17947
4624,-20290,15666
8773,-21120,12347
12696,-21004,8308
15984,-20257,4273
18438,-18628,190
20125,-16429,-3696
21206,-13274,-7932
21264,-9565,-11699
20521,-5486,-15035
18834,-1084,-17750
16681,2953,-19634
13600,7111,-20711
9908,11149,-21057
5832,14689,-20521
1530,17341,-18871
-2648,19325,-16677
-7408,20361,-12953
-11830,20163,-8333
-15460,19602,-4142
-18265,17927,338
-19960,15283,4677
-20893,11847,9046
-20715,7924,12791
-19952,3898,16054
-18649,144,18505
-15802,-4244,20046
-12593,-8299,20892
-8839,-12218,21057
-4677,-15559,20236
-445,-18013,18458
3671,-19762,16091
7833,-20806,12973
12016,-21016,9000
15534,-20125,4591
18203,-18459,256
19969,-15873,-4096
20913,-12643,-8270
21045,-8980,-12065
20323,-4879,-15444
18962,-944,-18018
16607,3172,-19779
13315,7408,-20723
9248,11492,-20740
4768,15081,-19849
581,17675,-18256
-3898,19515,-15617
-8452,20307,-11855
-12729,20389,-7660
-16203,19383,-3180
-18756,17584,1172
-20369,15019,5350
-20959,11492,9467
-20732,7499,13233
-19738,3390,16348
-18273,-433,18706
-15699,-4624,20323
-12284,-8658,20942
-8699,-12502,21201
-4508,-15666,20174
-272,-18154,18426
3993,-19824,15831
8386,-20785,12399
12449,-20847,8398
15852,-19981,4129
18438,-18467,29
20154,-16145,-4009
21186,-13006,-8180
21309,-9388,-11921
20571,-5341,-15230
18921,-1068,-17853
16549,3102,-19651
13426,7346,-20772
9693,11286,-20979
5498,14825,-20323
1159,17502,-18661
-3196,19375,-16179
-7491,20575,-13084
-11764,20905,-9141
-15365,20088,-4723
-18042,17935,107
-19960,15460,4500
-20917,12226,8691
-20856,8349,12507
-20175,4306,15869
-18999,627,18372
-16689,-3399,20088
-13575,-7491,21066
-9545,-11525,21070
-5502,-14969,20471
-1076,-17659,18735
2908,-19527,16619
7123,-20860,13737
11269,-21334,10065
14821,-20765,5944
17692,-19321,1629
19746,-17254,-2492
21004,-14260,-6744
21384,-10716,-10668
21177,-7103,-14074
20187,-3093,-17094
18191,874,-19065
15307,5176,-20483
11669,9380,-21049
7903,13167,-21070
3588,16297,-19885
-565,18616,-18051
-4950,20241,-15291
-9450,20905,-11455
-13583,20893,-7310
-16875,19597,-2722
-19247,17725,1522
-20724,15015,5709
-21330,11500,9830
-21190,7697,13493
-20105,3531,16574
-18583,-313,18896
-15996,-4566,20562
-12709,-8584,21293
-8905,-12469,21374
-4859,-15708,20567
-767,-18282,19049
3436,-20043,16607
7763,-21082,13319
11970,-21305,9335
15468,-20711,5243
18211,-19350,1139
20080,-17316,-2764
21297,-14293,-7004
21454,-10312,-11142
21132,-6567,-14565
19729,-2297,-17432
17749,1765,-19514
14734,6129,-20863
10848,10386,-21234
6703,14239,-20942
2293,17209,-19502
-1897,19263,-17366
-6451,20703,-14252
-10861,21239,-10378
-14697,20608,-5911
-17646,18863,-1217
-19659,16050,3609
-20889,13051,7838
-21214,9355,11859
-20398,5082,15316
-19094,1027,18067
-16615,-3382,19997
-13406,-7651,21057
-9409,-11818,21227
-5032,-15349,20381
-705,-18038,18743
3411,-19845,16434
7647,-21111,13464
11805,-21276,9471
15472,-20464,4992
18211,-18975,764
20138,-16636,-3502
21194,-13410,-7784
21400,-9681,-11719
20728,-5548,-15180
19486,-1629,-17857
17234,2565,-19799
14169,6843,-21012
10225,10960,-21185
6022,14631,-20653
1744,17424,-19168
-2421,19399,-16978
-6975,20761,-13786
-11653,20724,-9071
-15357,20113,-4756
-18220,18174,46
-20142,15823,4319
-21111,12366,8745
-21297,8819,12478
-20699,4875,15824
-19053,606,18447
-16640,-3510,20150
-13464,-7668,21132
-9706,-11636,21342
-5704,-15105,20809
-1386,-17774,19160
2796,-19622,16826
7227,-20955,13728
11459,-21301,9842
15093,-20625,5532
17997,-19107,1110
20006,-16879,-3127
21165,-13740,-7425
21379,-9883,-11496
20880,-5985,-14895
19366,-1720,-17646
17279,2334,-19613
14256,6492,-20748
10498,10617,-21115
6088,14482,-20570
1707,17283,-18990
-3151,19267,-16116
-7936,20097,-12161
-12478,20666,-8188
-16137,19754,-3617
-18793,18096,697
-20447,15266,5181
-21054,11690,9364
-20901,7717,13184
-19795,3460,16335
-18071,-556,18627
-15279,-4933,20212
-11562,-9194,20756
-7453,-13241,20694
-3011,-16429,19440
1192,-18735,17543
5816,-20286,14470
10188,-20992,10804
14202,-20546,6344
17275,-19292,2017
19441,-17081,-2360
20781,-14144,-6637
21437,-11055,-10382
21346,-7519,-13827
20290,-3605,-16685
18595,367,-18962
15567,4780,-20347
11851,9079,-20930
7796,13088,-20884
3481,16223,-19704
-808,18698,-17890
-5379,20501,-15122
-9537,20996,-11459
-13538,20744,-7206
-16809,19589,-2780
-19206,17514,1692
-20662,14841,5821
-21227,11294,9933
-21070,7334,13736
-19767,2734,17033
-18166,-796,18962
-15200,-5519,20719
-12494,-9021,21515
-8905,-12700,21605
-4970,-15881,20851
-672,-18306,18978
3229,-20035,16806
7573,-21194,13621
11644,-21396,9752
15596,-20744,5148
17976,-19470,1494
20150,-17077,-3073
21338,-14495,-6843
21532,-10246,-11286
21206,-6777,-14429
19705,-2363,-17342
17683,1662,-19345
14808,5952,-20760
11203,10114,-21317
7338,13773,-21111
2908,16834,-19742
-1113,19094,-17981
-6385,20554,-14169
-11141,20554,-9413
-15052,20220,-5168
-17787,18855,-1068
-20026,16186,3840
-20983,13340,7643
-21111,9334,11777
-20385,4826,15559
-19098,808,18290
-16751,-3027,19778
-13480,-7416,20896
-9120,-11913,21033
-4813,-15427,20240
-911,-17848,18759
3493,-19668,16175
8159,-20930,12771
12106,-21054,8948
15967,-20097,4130
18607,-18224,-383
20204,-15914,-4290
21082,-12482,-8600
21128,-8406,-12722
20431,-4422,-16009
19474,-1262,-18212
16908,3056,-19964
13464,7383,-20847
9421,11558,-20979
4331,15555,-19886
-152,18112,-17960
-4042,19688,-15646
-9339,20509,-11170
-13567,20332,-6765
-16830,19185,-2355
-19267,17259,2008
-20563,14685,5878
-21008,10989,10019
-20744,6534,14210
-19399,2338,17061
-17824,-1270,19094
-14994,-5572,20566
-11380,-9982,21362
-8283,-13175,21458
-4079,-16260,20339
457,-18665,18208
4467,-20233,15766
8938,-20967,12029
13369,-20860,7491
16244,-20068,3824
19049,-18216,-833
20530,-16013,-4517
21412,-12350,-9062
21437,-8707,-12730
20460,-4430,-16030
18748,-264,-18484
16116,3951,-20067
13063,8010,-21073
9165,12057,-21222
4888,15415,-20303
519,17964,-18483
-3737,19866,-16129
-8188,20827,-12639
-12548,21070,-8522
-16112,19610,-3498
-18649,17547,1102
-20497,15101,5396
-21227,11446,9781
-21054,7623,13431
-20270,3782,16488
-19012,86,18926
-16512,-3939,20451
-13187,-8097,21284
-8967,-12177,21144
-4764,-15501,20265
-330,-18030,18360
3811,-19985,16174
8270,-21041,12771
12498,-21181,8683
15914,-20435,4521
18566,-18768,202
20377,-16231,-4146
21276,-12927,-8349
21441,-9425,-12016
20765,-5350,-15415
19358,-1353,-18005
17052,2776,-19828
13670,7185,-20855
9817,11261,-21078
5692,14866,-20558
1332,17716,-19048
-3122,19531,-16409
-7845,20546,-12701
-12304,20922,-8618
-15823,20200,-4377
-18591,18583,8
-20406,15947,4459
-21318,12725,8593
-21363,9161,12202
-20563,4859,15704
-19012,804,18208
-16871,-3283,20154
-13719,-7515,21234
-10209,-11281,21490
-6059,-14961,21020
-1980,-17609,19589
1980,-19647,17667
6525,-21082,14557
10712,-21359,10647
14441,-21157,6716
17279,-19985,2706
19696,-18339,-1357
21062,-15613,-5449
21598,-11908,-9690
21425,-8068,-13357
20493,-3943,-16550
18768,132,-18900
16149,4438,-20587
12589,8687,-21276
8505,12742,-21247
4347,16021,-20368
99,18587,-18686
-4005,20315,-16310
-8518,21264,-12746
-12630,21433,-8803
-16087,20237,-4150
-18591,18005,586
-20369,14961,5408
-21412,11838,9574
-21313,7928,13385
-20443,3828,16615
-18933,-136,19069
-16264,-4422,20686
-13080,-8509,21589
-9273,-12399,21672
-4945,-15749,20694
-693,-18381,19074
3386,-20138,16752
7631,-21264,13633
12003,-21445,9442
15584,-20616,5032
18389,-18999,610
20340,-16479,-3861
21417,-13076,-8341
21664,-9487,-12177
20950,-5329,-15621
19560,-1225,-18335
17254,2949,-20203
14194,7181,-21375
10580,11137,-21717
6595,14705,-21300
2425,17465,-19890
-1513,19511,-17998
-6204,20946,-14742
-10659,21507,-10848
-14685,21157,-6472
-17741,19734,-1993
-19993,17568,2425
-21421,14779,6642
-21837,11022,10815
-21978,7684,14294
-21140,3807,17333
-19090,-301,19391
-16545,-4504,21049
-13253,-8617,21870
-9652,-12428,22080
-5436,-15761,21197
-1431,-18352,19783
2842,-20262,17420
7148,-21693,14545
11236,-22105,10869
14969,-21734,6765
17902,-20435,2533
20092,-18550,-1542
21573,-15819,-5754
22295,-12399,-9896
22006,-8349,-13657
21111,-4302,-16809
19523,-305,-19218
17114,3885,-20999
13756,8138,-21894
10089,12168,-22257
5461,15716,-21177
1332,18475,-19807
-3184,20402,-17218
-7924,21313,-13389
-12296,21755,-9459
-16038,21177,-5139
-18909,19688,-779
-21012,17271,3741
-21920,13979,7941
-22221,10192,12029
-21602,6030,15572
-20196,1798,18398
-18075,-2429,20504
-14936,-6752,21688
-11195,-11022,22217
-7177,-14672,21849
-3102,-17609,20711
1146,-19837,18691
5399,-21342,15943
9772,-22155,12383
13888,-22048,8160
17217,-21000,3783
19783,-18830,-953
21429,-15996,-5433
22291,-12507,-9784
22105,-8514,-13591
21227,-4327,-16900
19391,-20,-19371
16673,4376,-21049
13187,8794,-21981
8852,13035,-21887
4587,16409,-20996
4,19148,-19152
-4129,20963,-16834
-8947,21899,-12952
-13426,21565,-8139
-17048,20501,-3453
-19857,18657,1200
-21520,16029,5491
-22295,12486,9809
-22155,8472,13683
-21181,4219,16962
-19527,53,19474
-16809,-4290,21099
-13558,-8588,22146
-9850,-12564,22414
-5548,-16104,21652
-1320,-18731,20051
2920,-20674,17754
7548,-21920,14372
11962,-22270,10308
15637,-21846,6209
18587,-20418,1831
20773,-18244,-2529
22110,-15188,-6922
22596,-11640,-10956
22204,-7425,-14779
20884,-3151,-17733
18925,1097,-20022
15906,5737,-21643
12432,9895,-22327
8303,13938,-22241
3823,17155,-20978
-676,19701,-19025
-5139,21487,-16348
-9904,22213,-12309
-14202,21858,-7656
-17609,20806,-3197
-20175,18702,1473
-21763,15873,5890
-22427,12144,10283
-22270,8221,14049
-21363,4079,17284
-19775,-70,19845
-16900,-4549,21449
-13290,-8967,22257
-9289,-13138,22427
-4888,-16570,21458
-445,-19267,19712
3790,-21132,17342
8237,-22180,13943
12639,-22551,9912
16211,-21627,5416
19160,-19808,648
21021,-17056,-3965
22118,-13422,-8696
22378,-9677,-12701
21656,-5420,-16236
20035,-944,-19091
17539,3456,-20995
13789,8167,-21956
9681,12548,-22229
5011,16174,-21185
528,18975,-19503
-4195,20843,-16648
-9091,21784,-12693
-13707,21697,-7990
-17172,20761,-3589
-19940,18772,1168
-21615,16009,5606
-22246,12032,10214
-22006,7816,14190
-21037,3518,17519
-19329,-602,19931
-16586,-5131,21717
-13154,-9285,22439
-9314,-13294,22608
-5020,-16553,21573
-499,-19259,19758
4145,-20979,16834
8703,-22101,13398
13138,-22196,9058
16726,-21235,4509
19602,-19783,181
21507,-17312,-4195
22493,-13831,-8662
22675,-10007,-12668
21730,-5490,-16240
20278,-1196,-19082
17634,3180,-20814
14619,7478,-22097
10514,11892,-22406
6059,15563,-21622
1398,18550,-19948
-3465,20521,-17056
-8217,21718,-13501
-12816,22110,-9294
-16698,21148,-4450
-19573,19041,532
-21528,16425,5103
-22299,12771,9528
-22308,8765,13543
-21594,4797,16797
-20546,1006,19540
-18150,-3118,21268
-14487,-7734,22221
-10308,-12086,22394
-5981,-15745,21726
-1093,-18694,19787
3498,-20703,17205
7891,-22052,14161
12478,-22468,9990
16149,-21800,5651
19086,-20257,1171
21165,-17906,-3259
22336,-14610,-7726
22642,-10725,-11917
22411,-7119,-15292
21181,-2833,-18348
18719,1658,-20377
15613,6212,-21825
11636,10729,-22365
7433,14643,-22076
3027,17832,-20859
-1291,20167,-18876
-6426,21528,-15102
-11129,22332,-11203
-15155,22081,-6926
-18480,20686,-2206
-20773,18381,2392
-22233,15390,6843
-22720,11632,11088
-22473,7635,14838
-21285,3308,17977
-19453,-837,20290
-16669,-5263,21932
-13344,-9574,22918
-9442,-13480,22922
-5164,-16920,22084
-1023,-19387,20410
3366,-21396,18030
8014,-22448,14434
12292,-22951,10659
16132,-22213,6081
18937,-21120,2183
21239,-18917,-2322
22555,-15819,-6736
23133,-11999,-11134
22708,-7862,-14846
21643,-3679,-17964
19952,462,-20414
17040,5073,-22113
13360,9425,-22785
9400,13554,-22954
4917,16957,-21874
684,19701,-20385
-3799,21557,-17758
-8349,22704,-14355
-12874,23005,-10131
-16566,22180,-5614
-19581,20026,-445
-21565,17188,4377
-22918,14058,8860
-23223,10308,12915
-22456,5973,16483
-21454,2079,19375
-19222,-2124,21346
-16178,-6550,22728
-12420,-10943,23363
-8122,-14858,22980
-3968,-17935,21903
668,-20447,19779
4739,-22221,17482
9438,-23067,13629
13777,-23199,9422
17399,-21903,4504
20270,-20092,-178
22159,-17395,-4764
23161,-13723,-9438
23376,-9937,-13439
22501,-5601,-16900
20934,-1155,-19779
18492,3246,-21738
15151,7742,-22893
11158,12181,-23339
6826,15823,-22649
2413,18822,-21235
-1885,21029,-19144
-7119,22497,-15378
-12069,22811,-10742
-16108,22452,-6344
-19354,20963,-1609
-21660,18566,3094
-23133,15477,7656
-23475,11537,11938
-23689,8225,15464
-22695,4067,18628
-20604,-247,20851
-17869,-4826,22695
-14206,-9260,23466
-10469,-13274,23743
-6195,-16780,22975
-1683,-19738,21421
2590,-21693,19103
7231,-23178,15947
11690,-23830,12140
15382,-23590,8208
18867,-22374,3507
21342,-20369,-973
23058,-17729,-5329
23900,-13851,-10049
24069,-10238,-13831
23190,-5878,-17312
21652,-1456,-20196
19465,2813,-22278
16322,7264,-23586
12573,11517,-24090
8435,15361,-23796
3605,18599,-22204
-503,21111,-20608
-5387,22782,-17395
-10246,23702,-13456
-14697,23772,-9075
-18319,22629,-4310
-21247,20942,305
-23042,18063,4979
-24024,14342,9682
-24432,10716,13716
-23487,6212,17275
-22320,2066,20254
-20340,-2099,22439
-17221,-6608,23829
-13620,-10902,24522
-9495,-14928,24423
-5519,-18108,23627
-907,-20740,21647
3473,-22716,19243
8175,-24052,15877
12589,-24593,12004
16706,-23953,7247
19845,-22341,2496
22217,-19816,-2401
23834,-16751,-7083
24601,-12787,-11814
24382,-8819,-15563
23265,-4417,-18848
21309,132,-21441
18405,4838,-23243
14866,9512,-24378
10225,13975,-24200
5709,17568,-23277
862,20691,-21553
-3964,22671,-18707
-9198,23925,-14727
-14239,23694,-9455
-18207,22873,-4666
-21293,21107,186
-23298,18529,4769
-24362,14746,9616
-24568,10659,13909
-23772,6228,17544
-22176,1604,20572
-19515,-3184,22699
-16450,-7656,24106
-12498,-12135,24633
-8283,-16112,24395
-3634,-19395,23029
998,-21829,20831
6006,-23557,17551
10968,-24535,13567
15303,-24395,9092
18814,-23392,4578
21685,-21528,-157
23665,-18863,-4802
24671,-14973,-9698
24811,-10906,-13905
24065,-6430,-17635
22126,-1559,-20567
19655,3205,-22860
16149,8031,-24180
11966,12783,-24749
7458,16681,-24139
2673,19977,-22650
-2165,22341,-20176
-7255,24057,-16802
-12350,24523,-12173
-16491,24090,-7599
-20138,22559,-2421
-22724,20187,2537
-24271,17011,7260
-24931,12927,12004
-24535,8514,16021
-23776,4331,19445
-22002,-33,22035
-19160,-4768,23928
-15361,-9495,24856
-11401,-13888,25289
-7342,-17498,24840
-2355,-20587,22942
1876,-22687,20811
6736,-24469,17733
11673,-25051,13378
15864,-24968,9104
19498,-23355,3857
22237,-21025,-1212
23929,-17514,-6415
24844,-13426,-11418
24849,-9186,-15663
23953,-4764,-19189
21862,86,-21948
18851,4966,-23817
14817,10027,-24844
10065,14544,-24609
5337,18294,-23631
144,21264,-21408
-5304,23265,-17961
-11088,24052,-12964
-15827,24090,-8263
-19663,22753,-3090
-22555,20385,2170
-24263,17073,7190
-24873,12552,12321
-24378,7845,16533
-23058,3139,19919
-20955,-1493,22448
-17683,-6492,24175
-13979,-11063,25042
-9334,-15472,24806
-4529,-18962,23491
858,-21771,20913
5973,-23578,17605
11438,-24552,13114
16071,-24201,8130
19696,-23095,3399
22650,-20889,-1761
24267,-17580,-6687
25158,-13558,-11600
24651,-8918,-15733
23512,-4351,-19161
21268,680,-21948
18154,5535,-23689
14053,10642,-24695
9273,15229,-24502
4087,18942,-23029
-1431,21722,-20291
-6897,23479,-16582
-12333,24547,-12214
-16817,24222,-7405
-20414,22332,-1918
-23025,19816,3209
-24502,16330,8172
-24935,11999,12936
-24857,8093,16764
-24131,4199,19932
-21949,-515,22464
-18768,-5362,24130
-14416,-10473,24889
-9875,-14920,24795
-5069,-18682,23751
165,-21454,21289
4966,-23648,18682
10188,-24902,14714
14738,-25038,10300
18616,-24213,5597
21668,-22204,536
23652,-19358,-4294
24989,-15666,-9323
25121,-11323,-13798
24853,-7371,-17482
23157,-2384,-20773
20559,2487,-23046
16995,7540,-24535
12746,12412,-25158
8155,16541,-24696
3432,19923,-23355
-1299,22530,-21231
-6971,24259,-17288
-11991,25162,-13171
-16512,24754,-8242
-20076,23380,-3304
-22819,21111,1708
-24461,17646,6815
-25331,13624,11707
-25187,9260,15927
-24077,4599,19478
-22258,41,22217
-19556,-4739,24295
-15732,-9611,25343
-11908,-13827,25735
-7515,-17704,25219
-2392,-20810,23202
1868,-23207,21339
7268,-24811,17543
12296,-25377,13081
16541,-25290,8749
19940,-24114,4174
22910,-22266,-644
24655,-19193,-5462
25748,-15213,-10535
25715,-11001,-14714
24844,-6261,-18583
23219,-1567,-21652
20719,3159,-23878
17221,8072,-25293
12639,12989,-25628
8324,17015,-25339
3601,20451,-24052
-1324,22980,-21656
-6657,24700,-18043
-11731,25707,-13976
-16310,25595,-9285
-20130,23945,-3815
-23005,21181,1824
-24857,18051,6806
-26070,14569,11501
-25987,10357,15630
-25306,6080,19226
-24106,1843,22263
-21272,-3040,24312
-17952,-7887,25839
-13810,-12568,26378
-9095,-16772,25867
-4302,-20237,24539
548,-22968,22420
5168,-24890,19722
10291,-25991,15700
14866,-26181,11315
18892,-25253,6361
22192,-23434,1242
24481,-20649,-3832
25822,-16809,-9013
26230,-12478,-13752
25971,-8299,-17672
24490,-3370,-21120
21879,1654,-23533
18591,6769,-25360
14664,11710,-26374
9809,16145,-25954
4929,19849,-24778
-367,22761,-22394
-5593,24803,-19210
-11475,25608,-14133
-16215,25521,-9306
-20319,24531,-4212
-23252,21903,1349
-25191,18764,6427
-26189,14528,11661
-26098,10118,15980
-25319,5416,19903
-23067,321,22746
-19960,-4834,24794
-15864,-10073,25937
-11331,-14788,26119
-6554,-18735,25289
-1237,-22089,23326
3906,-24197,20291
9169,-25913,16744
14206,-26181,11975
18607,-25566,6959
22023,-23813,1790
24473,-21008,-3465
26070,-17341,-8729
26441,-12812,-13629
26065,-8419,-17646
24564,-3460,-21104
22378,1249,-23627
18925,6529,-25454
14462,11673,-26135
9953,16165,-26118
4731,19973,-24704
-602,22897,-22295
-6439,24894,-18455
-11991,25847,-13856
-16896,25900,-9004
-20868,24387,-3519
-23920,22180,1740
-25608,18649,6959
-26565,14363,12202
-26668,10386,16282
-25983,6150,19833
-24312,1460,22852
-21470,-3543,25013
-17634,-8707,26341
-13195,-13608,26803
-8497,-17671,26168
-3646,-21252,24898
1373,-23743,22370
6649,-25661,19012
12016,-26709,14693
16669,-26622,9953
20563,-25401,4838
23607,-23120,-487
25624,-20109,-5515
26874,-16297,-10577
27101,-12214,-14887
26342,-7515,-18827
24931,-2714,-22217
22122,2421,-24543
18533,7767,-26300
14301,12696,-26997
9392,17036,-26428
4269,20781,-25050
-705,23669,-22964
-6199,25781,-19582
-11756,26824,-15068
-16652,26400,-9748
-20748,25405,-4657
-23838,23203,635
-25876,20022,5854
-27010,15951,11059
-27200,11793,15407
-26461,6880,19581
-24395,1612,22783
-21714,-3419,25133
-18067,-8773,26840
-13546,-13674,27220
-9174,-17791,26965
-3580,-21503,25083
1402,-24201,22799
6513,-26127,19614
11962,-27113,15151
16632,-27130,10498
20530,-26103,5573
23768,-23966,198
25880,-20748,-5132
27390,-17077,-10313
27456,-12507,-14949
26919,-7981,-18938
24927,-2524,-22403
22221,2668,-24889
18760,8019,-26779
14404,13002,-27406
9615,17308,-26923
4483,21235,-25718
-915,24094,-23179
-6208,26202,-19994
-11719,27398,-15679
-16623,27315,-10692
-20798,25847,-5049
-24081,23735,346
-26206,20567,5639
-27451,16388,11063
-27625,12069,15556
-27055,7313,19742
-25764,2862,22902
-23298,-2124,25422
-19701,-7420,27121
-15567,-12346,27913
-11248,-16648,27896
-6678,-20422,27100
-1373,-23549,24922
3638,-25669,22031
9132,-27282,18150
13967,-28128,14161
18665,-27385,8720
22563,-25447,2884
25249,-22683,-2566
27138,-18851,-8287
27996,-14800,-13196
27835,-10221,-17614
26816,-5465,-21351
24943,-470,-24473
21808,4785,-26593
17320,10283,-27603
12997,15035,-28032
7953,19408,-27361
1843,22935,-24778
-4153,25377,-21224
-10209,27043,-16834
-15646,27423,-11777
-20224,26395,-6171
-23912,24378,-466
-26346,21297,5049
-27802,17127,10675
-27984,12366,15618
-26985,7123,19862
-25179,1843,23336
-22320,-3489,25809
-18624,-8798,27422
-14177,-13954,28131
-8889,-18414,27303
-3295,-22369,25664
2355,-25030,22675
8815,-26812,17997
14590,-27332,12742
19276,-26783,7507
23182,-25141,1959
25801,-22489,-3312
27678,-18562,-9116
28050,-13843,-14207
27546,-9013,-18533
26008,-3803,-22205
23227,1831,-25058
19288,7610,-26898
14631,13055,-27686
9322,17952,-27274
3328,21986,-25314
-2631,24729,-22098
-8901,26796,-17895
-14643,27678,-13035
-19428,27134,-7706
-23256,24832,-1576
-25950,21689,4261
-27658,17956,9702
-27926,13158,14768
-27501,8703,18798
-26820,4203,22617
-24337,-924,25261
-20641,-6484,27125
-16227,-11937,28164
-11273,-16784,28057
-5577,-20946,26523
-61,-24147,24208
5337,-26437,21100
11046,-27885,16839
16000,-28330,12330
20369,-27319,6950
23908,-25463,1555
26350,-22440,-3910
27847,-18286,-9561
28483,-14000,-14483
28239,-9607,-18632
26899,-4496,-22403
24481,763,-25244
20909,6294,-27203
16702,11620,-28322
12189,16198,-28387
7008,20505,-27513
1551,23945,-25496
-4401,26329,-21928
-10378,27847,-17469
-15654,28545,-12891
-20241,27546,-7305
-23871,25583,-1712
-26725,22906,3819
-28264,18975,9289
-28957,14619,14338
-28730,10155,18575
-27258,5016,22242
-25690,573,25117
-23095,-4417,27512
-18673,-9883,28556
-14371,-14755,29126
-10205,-18756,28961
-4471,-22621,27092
882,-25500,24618
6241,-27633,21392
11603,-28941,17338
16743,-28829,12086
21070,-28347,7277
24622,-26400,1778
27072,-23442,-3630
28718,-19569,-9149
29353,-14924,-14429
29068,-10407,-18661
27926,-5379,-22547
25752,-334,-25418
22790,4912,-27702
18855,10217,-29072
14458,15200,-29658
9343,19630,-28973
4026,23285,-27311
-1419,26251,-24832
-7119,28078,-20959
-12350,29642,-17292
-17568,29555,-11987
-22011,28239,-6228
-25488,25620,-132
-27897,22402,5495
-29568,18888,10680
-30182,14928,15254
-29778,10551,19227
-29015,5853,23162
-27340,1245,26095
-24135,-4026,28161
-20913,-8930,29843
-17411,-13517,30928
-12684,-17877,30561
-7656,-21714,29370
-2429,-25051,27480
2301,-27493,25192
7742,-29518,21776
13068,-30339,17271
18112,-30281,12169
22543,-28784,6241
26012,-26552,540
28594,-23731,-4863
30157,-19845,-10312
30797,-15555,-15242
30677,-10956,-19721
29407,-5935,-23472
26816,-433,-26383
24382,4694,-29076
20464,10007,-30471
15687,15159,-30846
10918,19441,-30359
5775,23500,-29275
-346,26672,-26326
-6455,28912,-22457
-12779,30120,-17341
-17807,30360,-12553
-22765,29596,-6831
-26276,26771,-495
-28953,23710,5243
-30446,19531,10915
-31242,15097,16145
-31073,10502,20571
-29238,4912,24326
-26895,-433,27328
-23714,-5952,29666
-19536,-11422,30958
-15081,-16124,31205
-10279,-20732,31011
-4030,-24638,28668
1439,-27596,26157
7519,-29881,22362
13336,-30991,17655
18983,-30599,11616
23698,-28994,5296
27266,-26445,-821
29893,-23029,-6864
30850,-18397,-12453
31387,-13851,-17536
30182,-8105,-22077
28375,-2800,-25575
25587,2998,-28585
21190,9186,-30376
16219,14833,-31052
11215,19684,-30899
4912,24110,-29022
-1097,27365,-26268
-8163,29485,-21322
-14115,30912,-16797
-19721,30982,-11261
-24370,29097,-4727
-27608,26676,932
-30174,23149,7025
-31399,18970,12429
-32125,14804,17321
-31572,9990,21582
-29786,4380,25406
-27010,-1010,28020
-23797,-6839,30636
-19853,-12061,31914
-15064,-16995,32059
-9961,-21586,31547
-4232,-25356,29588
1518,-28326,26808
7470,-30558,23088
13249,-32162,18913
18657,-32043,13386
23277,-30723,7446
27117,-29011,1894
29778,-25806,-3972
31560,-21833,-9727
32748,-18145,-14603
32723,-13579,-19144
31626,-8303,-23323
29997,-3007,-26990
27105,2516,-29621
23240,8175,-31415
19313,13286,-32599
14482,18244,-32726
9549,22827,-32376
3217,26536,-29753
-2536,28974,-26438
-8258,31737,-23479
-14045,33231,-19186
-19680,32241,-12561
-24065,31119,-7054
-27930,29745,-1815
-30826,26659,4167
-32455,23038,9417
-33325,18855,14470
-33825,14965,18860
-33330,10060,23270
-31882,5040,26842
-29518,-82,29600
-26688,-4970,31658
-23491,-10085,33576
-19742,-14734,34476
-15064,-19391,34455
-9343,-23483,32826
-4141,-27130,31271
1093,-30430,29337
7202,-32142,24940
13175,-33037,19862
18475,-33841,15366
23859,-33569,9710
27641,-30991,3350
30624,-28404,-2220
33214,-25463,-7751
34584,-21346,-13238
34369,-16355,-18014
34010,-11537,-22473
32958,-6088,-26870
30479,-358,-30121
26890,5135,-32025
23236,10386,-33622
20130,15303,-35433
16005,20422,-36427
8889,24535,-33424
1406,27311,-28717
-2743,31329,-28586
-8262,35924,-27662
-15650,34823,-19173
-20468,30652,-10184
-25562,32513,-6951
-31741,34051,-2310
-32302,27489,4813
-32373,21953,10420
-35833,19692,16141
-38152,16504,21648
-34641,9462,25179
-29114,3188,25926
-30327,-528,30855
-35095,-3947,39042
-27641,-10098,37739
-10461,-16005,26466
-4896,-18744,23640
-25781,-28780,54561
-18723,-37298,56021
12032,-20352,8320
15571,-17399,1828
5783,-60654,54871
22039,-46950,24911
15712,-10638,-5074
25368,-27918,2550
47251,-49615,2364
32059,-24684,-7375
19267,-8423,-10844
36568,-18154,-18414
73115,-36106,-37009
34423,-7598,-26825
-6430,13257,-6827
73185,-30838,-42347
-8113,25335,-17222
134904,33099,-168003
65822,60303,-126125
19519,66441,-85960
-30756,6150,24606
-4537,-8802,13339
21351,118659,-140010
-12564,33569,-21005
-15687,3473,12214
26474,124075,-150549
-7301,-3229,10530
-7383,-2508,9891
1340,19507,-20847
25393,113346,-138739
11471,94099,-105570
-17935,12432,5503
-14293,3064,11229
16227,119835,-136062
11343,134718,-146061
11290,81056,-92346
-14202,11257,2945
-15043,-2404,17447
-10943,24325,-13382
19358,130663,-150021
-6888,-2561,9449
-19387,5795,13592
13451,117504,-130955
-19742,32769,-13027
-34872,-5271,40143
9846,11723,-21569
4356,134784,-139140
-18141,-1782,19923
-6884,24750,-17866
25133,124331,-149464
25760,117067,-142827
27769,111762,-139531
31040,96991,-128031
31948,93517,-125465
36559,97416,-133975
36790,86212,-123002
51954,85956,-137910
41703,78309,-120012
53839,63574,-117413
71407,63063,-134470
80049,59065,-139114
86047,54326,-140373
120982,43192,-164174
100802,61615,-162417
115780,48955,-164735
117517,40086,-157603
129945,35957,-165902
134821,32653,-167474
134734,30215,-164949
74258,37236,-111494
49137,26008,-75145
28800,16066,-44866
-7651,12824,-5173
-2099,13365,-11266
19474,17547,-37021
76197,-19263,-56934
-1402,-3172,4574
26226,1390,-27616
39039,-4690,-34349
134879,16805,-151684
26272,-8955,-17317
134916,-50353,-84563
110224,-43060,-67164
15885,-25991,10106
862,-7268,6406
13839,-48530,34691
7788,-28813,21025
57098,-2953,-54145
84863,-8262,-76601
-5779,-9260,15039
106123,27493,-133616
18438,-31886,13448
18426,10238,-28664
16929,-2281,-14648
134866,11884,-146750
-251,-5053,5304
134866,-4834,-130032
-3287,-19474,22761
39571,10601,-50172
90721,3634,-94355
128654,-2829,-125825
129211,23227,-152438
738,-16413,15675
134908,-2545,-132363
76065,-19548,-56517
-4570,1018,3552
81361,-19837,-61524
90527,-18216,-72311
-6550,-3984,10534
38729,-2289,-36440
1959,2355,-4314
-7829,1938,5891
32760,-9021,-23739
131756,10597,-142353
-6253,2376,3877
55910,-6748,-49162
-7103,-1291,8394
132379,23871,-156250
28714,-11248,-17466
-3452,-5267,8719
134883,14812,-149695
-1113,-5086,6199
39261,-19969,-19292
8456,10023,-18479
134677,5704,-140381
-5655,-10300,15955
134520,20917,-155437
12548,-26890,14342
-2446,15254,-12808
42854,3019,-45873
9978,2347,-12325
37640,-3502,-34138
16384,13810,-30194
9240,-14383,5143
47895,13921,-61816
-4851,-528,5379
132684,4541,-137225
1464,-20059,18595
134875,16050,-150925
569,-8976,8407
27439,-1348,-26091
11154,-1980,-9174
63863,-4475,-59388
53579,-30673,-22906
55064,-21759,-33305
-10312,8146,2166
134908,2743,-137651
17209,-25298,8089
21206,16240,-37446
7825,-40420,32595
-4120,985,3135
53740,6686,-60426
99041,-22819,-76222
9116,-37863,28747
-10320,-1233,11553
25294,-53402,28108
109498,5053,-114551
25517,-57651,32134
4397,6958,-11355
34810,-12148,-22662
119183,-13303,-105880
18434,-15922,-2512
32484,-26511,-5973
-5098,-32480,37578
76811,-35701,-41110
39802,-84319,44517
635,-21404,20769
-12185,2380,9805
-13979,-10362,24341
-39121,10312,28809
-19441,22572,-3131
-63157,50886,12271
-51715,13959,37756
5003,77636,-82639
7173,2458,-9631
-6043,25529,-19486
-3514,14458,-10944
30351,-27971,-2380
75330,-6402,-68928
17894,-22460,4566
31020,-7664,-23356
116655,-20175,-96480
6534,-30900,24366
14264,-15452,1188
65665,-60843,-4822
88332,-11389,-76943
32269,-51018,18749
6010,-33437,27427
-10044,-12936,22980
-24927,-37397,62324
-73280,-8072,81352
-74757,30083,44674
-108640,16673,91967
-42334,89013,-46679
-19754,-6051,25805
2293,-1233,-1060
573,-6690,6117
134904,-37731,-97173
-462,-31614,32076
129603,-15963,-113640
22341,-24366,2025
-5544,-17254,22798
134895,-36675,-98220
8848,-74365,65517
134871,-43584,-91287
21656,-134833,113177
26078,-15996,-10082
60596,-15926,-44670
27893,-87862,59969
51059,2726,-53785
127644,-37017,-90627
15402,-13525,-1877
134883,-32723,-102160
21891,-75858,53967
90399,-59862,-30537
83143,-23376,-59767
51653,-75211,23558
5321,-35334,30013
-43696,-40012,83708
-25587,15675,9912
-9722,29068,-19346
-5453,39488,-34035
42553,371,-42924
39525,-51174,11649
-32228,-18698,50926
-46959,1117,45842
-41868,1670,40198
61400,10271,-71671
42227,-10498,-31729
91719,-85981,-5738
-7713,-51372,59085
-30269,-1658,31927
-11537,15439,-3902
-11356,27319,-15963
119,34522,-34641
33000,3811,-36811
28413,-33668,5255
-19383,-20043,39426
-39488,28260,11228
-3518,30046,-26528
-7825,-4706,12531
47664,-28120,-19544
-20988,-83469,104457
-116679,38779,77900
-2553,-10725,13278
-10287,134772,-124485
52643,18422,-71065
134883,-56450,-78433
4991,-42141,37150
39624,-64251,24627
-9900,-16161,26061
-9739,-15431,25170
-25513,3543,21970
-27773,21433,6340
-42231,52870,-10639
8571,40746,-49317
37978,-10659,-27319
10415,-29419,19004
-16182,-18104,34286
-41971,16186,25785
-39480,60814,-21334
58042,35454,-93496
30632,-14763,-15869
17015,-4752,-12263
33441,-38923,5482
9557,-8452,-1105
-14400,-11442,25842
-56504,4537,51967
-32822,23731,9091
1687,17989,-19676
-5247,28491,-23244
3250,46088,-49338
45729,41,-45770
21111,-29093,7982
-21474,-10679,32153
-18042,9949,8093
-37244,63454,-26210
-42966,40932,2034
-28243,134784,-106541
-10811,42198,-31387
-7095,-6534,13629
109547,-2433,-107114
134846,-29019,-105827
66346,-16949,-49397
119579,-9994,-109585
7788,-15406,7618
134800,-13818,-120982
16619,-13464,-3155
134875,-1749,-133126
-1167,-3881,5048
18108,-9471,-8637
20538,-9128,-11410
-1975,-10419,12394
101623,-6839,-94784
-3877,-9887,13764
94495,-709,-93786
21577,1394,-22971
4199,-10296,6097
-5659,-6711,12370
39616,-7940,-31676
28363,-6257,-22106
-6909,-12181,19090
49244,-16203,-33041
32179,-17040,-15139
21780,-21016,-764
-552,-15361,15913
44781,-42293,-2488
33375,-50881,17506
-7689,-20934,28623
-17572,-15708,33280
-34295,-7297,41592
-49318,16120,33198
-35450,31688,3762
-627,17609,-16982
14029,14916,-28945
24836,22765,-47601
30343,-21165,-9178
27736,-38115,10379
16966,-7280,-9686
-25727,-3559,29286
-39253,26424,12829
-19375,49648,-30273
-29753,69712,-39959
-10650,-5209,15859
55431,99243,-154674
39282,37945,-77227
511,-5329,4818
134854,-6769,-128085
5758,1245,-7003
67810,-15081,-52729
7965,-43815,35850
119975,-10118,-109857
5036,-26136,21100
-9879,-6253,16132
100282,-20130,-80152
96718,-22394,-74324
961,-25752,24791
69328,-21025,-48303
-3993,-19816,23809
-3836,-10774,14610
134904,-13018,-121886
30393,-9079,-21314
-4504,-14326,18830
-561,-4339,4900
86707,-1827,-84880
22468,-9227,-13241
54033,-10077,-43956
-5024,-18880,23904
31997,-19911,-12086
-2714,-9268,11982
37797,-49413,11616
121996,-7610,-114386
1229,-21235,20006
126060,-21697,-104363
82491,-13257,-69234
18434,-11682,-6752
13422,-2755,-10667
218,-10118,9900
-350,-6459,6809
12436,-9755,-2681
118416,6587,-125003
-2301,-655,2956
76927,-21879,-55048
-5354,-9186,14540
2706,-17787,15081
106689,1460,-108149
-5787,-11805,17592
-5572,-12432,18004
74526,-14746,-59780
-7049,-5098,12147
134866,-4809,-130057
69568,-8254,-61314
6612,-22448,15836
79723,-40024,-39699
7981,-1353,-6628
122298,-21025,-101273
-6241,-7887,14128
17362,-8646,-8716
21441,-21371,-70
87594,-36064,-51530
13666,-9891,-3775
87751,-45593,-42158
730,-22411,21681
96966,-27480,-69486
-2656,-5836,8492
-1699,-17081,18780
36118,-14503,-21615
10366,-14944,4578
78828,-14685,-64143
92070,-29345,-62725
2899,-42871,39972
515,-31251,30736
118428,-9858,-108570
100064,-28722,-71342
6117,-49071,42954
-6501,-25055,31556
127833,-37492,-90341
134376,-39934,-94442
-3745,-12263,16008
134887,-15015,-119872
5094,-9941,4847
134899,-2743,-132156
31081,-31201,120
114031,-3337,-110694
-6546,-15171,21717
134904,19082,-153986
11731,-7317,-4414
-4516,-14284,18800
5535,3898,-9433
12379,750,-13129
70657,-13063,-57594
-6958,-2734,9692
116943,16863,-133806
-6393,-10914,17307
25876,-5329,-20547
32459,-13678,-18781
602,18760,-19362
10918,-4269,-6649
14870,-9528,-5342
14573,-12016,-2557
-3271,-4541,7812
19148,-5572,-13576
113309,-24391,-88918
2640,-29163,26523
39319,2990,-42309
115801,-22638,-93163
16792,-15745,-1047
74839,-36518,-38321
5816,-12643,6827
3357,-14214,10857
4401,3634,-8035
34942,-17127,-17815
66156,-19985,-46171
1761,-35850,34089
13942,-5255,-8687
25603,-12049,-13554
1534,-10597,9063
58360,-11690,-46670
113025,-28738,-84287
-2334,-4954,7288
14470,-10700,-3770
71544,-25851,-45693
134825,-54615,-80210
8691,-49949,41258
119889,-8109,-111780
9367,-41295,31928
118944,-13447,-105497
-1414,-27031,28445
84970,-8839,-76131
1414,-8749,7335
45911,-9029,-36882
73375,-10564,-62811
17989,-15023,-2966
29077,-13662,-15415
66177,-29085,-37092
77723,-42788,-34935
2623,-32014,29391
134920,-13389,-121531
-4653,-6876,11529
96533,-18587,-77946
-8542,-6925,15467
47062,-8575,-38487
71696,-8035,-63661
-5836,-17184,23020
134899,849,-135748
35784,-5469,-30315
122223,7264,-129487
15184,-6150,-9034
25084,998,-26082
-3378,-10469,13847
133105,17820,-150925
-4079,-19193,23272
134850,21400,-156250
11677,-19610,7933
134116,12812,-146928
18570,-10700,-7870
-3481,-1794,5275
-218,-2095,2313
573,-4611,4038
-519,-9842,10361
71176,9825,-81001
-6917,-15250,22167
134879,6158,-141037
-891,4479,-3588
123007,165,-123172
134904,-16570,-118334
-1889,-9009,10898
93649,13497,-107146
-1489,-4859,6348
129912,16252,-146164
26045,-12395,-13650
134842,3572,-138414
28252,-16842,-11410
4488,17584,-22072
4087,16891,-20978
94256,5086,-99342
-5333,-12597,17930
4248,5985,-10233
-4879,-466,5345
134846,15043,-149889
-4884,-15369,20253
5614,-5337,-277
19239,-6769,-12470
-3493,-2487,5980
-8633,-4735,13368
16669,-4644,-12025
-6257,-9079,15336
3423,4236,-7659
134891,-2664,-132227
3324,-19226,15902
11422,-17275,5853
96826,9623,-106449
-2272,6414,-4142
19082,-6059,-13023
-1010,-11422,12432
134875,3588,-138463
-4104,-22613,26717
47091,8023,-55114
14845,-7057,-7788
5473,6451,-11924
13761,-5069,-8692
-5185,-18459,23644
-2825,-15724,18549
7672,-11710,4038
-2545,-10766,13311
78304,-16809,-61495
-301,-39051,39352
-767,-12758,13525
122731,-19552,-103179
-7375,-8819,16194
21450,-13389,-8061
134891,-1109,-133782
134854,-5267,-129587
-4818,1122,3696
31510,1703,-33213
118168,1720,-119888
7767,-8427,660
27027,-6397,-20630
4129,10605,-14734
-1596,-8060,9656
-4145,-1707,5852
17605,9796,-27401
22939,2433,-25372
127165,9582,-136747
-878,-11888,12766
4648,4488,-9136
20385,-4397,-15988
25261,-6113,-19148
-4182,-20410,24592
40491,-2050,-38441
130609,13798,-144407
104337,-5486,-98851
746,-1955,1209
-1608,-610,2218
134916,3093,-138009
5127,-15947,10820
5127,-919,-4208
13909,1909,-15818
-4640,2854,1786
74575,-4339,-70236
3168,-11917,8749
133353,11442,-144795
-6678,-10745,17423
96603,-4228,-92375
11888,-11867,-21
6142,5746,-11888
-2470,4933,-2463
120862,19993,-140855
-7874,-5395,13269
133984,3324,-137308
-6150,-18397,24547
37710,17234,-54944
4739,-16368,11629
129516,1171,-130687
131929,3737,-135666
-6278,-5453,11731
134883,-4450,-130433
-3539,-10060,13599
129813,8674,-138487
-6369,-15650,22019
131818,17197,-149015
28025,-16776,-11249
10704,-23751,13047
94854,8052,-102906
34225,-5618,-28607
8122,1336,-9458
22237,8695,-30932
4805,8270,-13075
83803,-5527,-78276
-4351,-14573,18924
16124,-15873,-251
129562,-2178,-127384
-1526,-13208,14734
118383,11908,-130291
-4780,-9941,14721
8522,1918,-10440
6125,-17287,11162
11752,2479,-14231
29535,-3675,-25860
5387,13653,-19040
101235,2734,-103969
-5325,-6934,12259
120767,15534,-136301
-5589,-11682,17271
134635,19647,-154282
-5601,-18756,24357
134858,3737,-138595
3407,-14173,10766
134941,9743,-144684
19725,-8580,-11145
-965,3852,-2887
40532,-4450,-36082
23549,-10918,-12631
18364,-4607,-13757
2479,-9396,6917
134904,3514,-138418
2301,-7738,5437
22056,-1695,-20361
-5226,-12416,17642
34274,-5387,-28887
4661,-9821,5160
8703,-12552,3849
88831,8629,-97460
3852,-18385,14533
121976,11508,-133484
22543,-10333,-12210
19816,-7495,-12321
61202,-15382,-45820
4327,14784,-19111
134858,-7437,-127421
30261,-14152,-16109
29481,-12816,-16665
72612,-9986,-62626
117624,-20010,-97614
12292,-3262,-9030
71152,-14672,-56480
80268,-20785,-59483
86748,-26989,-59759
39410,-11496,-27914
12379,-8901,-3478
-2004,-10370,12374
-4776,2920,1856
28652,-5197,-23455
73198,136,-73334
24960,-14400,-10560
63096,2495,-65591
-5263,-21709,26972
30661,-12948,-17713
51735,3411,-55146
-6480,-10308,16788
-9722,-8596,18318
134817,8047,-142864
8794,-2582,-6212
-5535,-5061,10596
61371,15386,-76757
-4141,-14478,18619
14478,11257,-25735
27278,4331,-31609
2260,-10626,8366
-961,-5626,6587
17733,13327,-31060
134615,-11809,-122806
25731,-10733,-14998
-3696,-12049,15745
17609,4954,-22563
23834,-10399,-13435
29229,-2239,-26990
40717,-4533,-36184
6727,12102,-18829
6793,-5308,-1485
39983,-9660,-30323
45358,-19705,-25653
134833,-38304,-96529
-7858,-5610,13468
119600,-28499,-91101
32117,-20513,-11604
12515,-12032,-483
9537,-10271,734
55807,-10576,-45231
68140,903,-69043
75227,-22320,-52907
77512,-29398,-48114
28111,-16302,-11809
127330,7767,-135097
133447,94,-133541
185,1897,-2082
93889,10803,-104692
5511,-15765,10254
134858,8068,-142926
14029,-11958,-2071
-5655,-23632,29287
134854,6930,-141784
1142,-5486,4344
106309,-13002,-93307
-3601,-3015,6616
15559,759,-16318
134912,11475,-146387
-3271,-23079,26350
31189,4079,-35268
9619,-21272,11653
56710,-8695,-48015
-990,7664,-6674
404,-5704,5300
43531,-7676,-35855
39921,-26045,-13876
49582,-14301,-35281
24354,-12342,-12012
-2677,-9524,12201
107732,5775,-113507
-6356,-7920,14276
4277,2058,-6335
19074,-2409,-16665
4125,-6781,2656
134846,8233,-143079
4558,-16858,12300
134912,-639,-134273
1208,-3931,2723
20047,-1815,-18232
-7750,-7218,14968
-6282,-8839,15121
134437,19234,-153671
6971,-10452,3481
134833,3947,-138780
-6352,-16108,22460
132152,10225,-142377
20711,-4673,-16038
21932,7453,-29385
11071,-111,-10960
21953,-2037,-19916
1505,-7598,6093
21033,-292,-20741
134899,18422,-153321
-5849,-21932,27781
91418,13678,-105096
-6509,-15757,22266
134305,-544,-133761
43135,-614,-42521
72525,-12276,-60249
32208,-19668,-12540
6146,-11323,5177
90890,-41283,-49607
-1381,-3955,5336
33841,-11875,-21966
24589,-10902,-13687
87421,-21907,-65514
11314,-23034,11720
-2202,-14883,17085
9318,-12453,3135
-6558,-13208,19766
30021,-24502,-5519
134838,-35371,-99467
-11611,-2800,14411
-9660,-3687,13347
-5209,-5511,10720
96223,-6810,-89413
-5065,-19820,24885
127594,14911,-142505
20451,-10312,-10139
-878,-5770,6648
3861,-11446,7585
-1798,7420,-5622
21986,-8031,-13955
-6154,-15741,21895
126703,20699,-147402
12787,-16264,3477
20864,-1340,-19524
5614,4,-5618
50263,-1909,-48354
28569,-15844,-12725
32690,136,-32826
27781,-7288,-20493
10997,-7821,-3176
16669,2598,-19267
-1757,-9112,10869
56256,-4987,-51269
-3040,-12832,15872
14202,7301,-21503
55906,7367,-63273
5440,-27744,22304
134916,3667,-138583
-5350,-17180,22530
11178,9854,-21032
132012,2970,-134982
19197,-8303,-10894
13076,-10510,-2566
-6356,-14965,21321
90770,17015,-107785
-2784,-25962,28746
17745,-3576,-14169
-20,4747,-4727
52969,-4504,-48465
97114,-15761,-81353
84121,-15126,-68995
72562,-9986,-62576
94899,-16009,-78890
14825,-11607,-3218
48988,-18818,-30170
112752,-33919,-78833
106029,-48621,-57408
-9417,8105,1312
22221,-8171,-14050
128568,-38395,-90173
54582,-2124,-52458
58294,-12989,-45305
6430,-31638,25208
-6736,-3935,10671
134792,27229,-162021
7288,2730,-10018
-2136,-10531,12667
56846,-1241,-55605
133291,915,-134206
-6661,-11739,18400
16776,5416,-22192
20843,-8303,-12540
1732,-5449,3717
67328,32839,-100167
35318,3048,-38366
-3766,-7136,10902
132251,5412,-137663
3011,-23545,20534
134883,12379,-147262
13233,4830,-18063
-3592,5242,-1650
-1782,5143,-3361
26272,1043,-27315
134850,20757,-155607
44141,55827,-99968
48060,35322,-83382
40293,-3572,-36721
11335,-2553,-8782
18727,-1526,-17201
2318,-5750,3432
-891,2227,-1336
1996,-18381,16385
43572,-20010,-23562
102638,5189,-107827
2392,-9450,7058
87569,-4496,-83073
5053,-26466,21413
79959,-10473,-69486
-445,-3584,4029
63504,-6063,-57441
50477,-11995,-38482
32624,-7037,-25587
58422,-15171,-43251
22514,-21511,-1003
53299,-17931,-35368
50267,-34856,-15411
27010,-4925,-22085
134862,-30145,-104717
54747,-3807,-50940
134776,-2710,-132066
-4508,-16075,20583
36201,-8666,-27535
-1625,22572,-20947
17201,16434,-33635
9083,68755,-77838
10535,-11913,1378
3815,36399,-40214
16524,78969,-95493
29584,49450,-79034
39121,64882,-104003
22848,15547,-38395
16809,-10036,-6773
134924,6265,-141189
123754,23644,-147398
-173,643,-470
127231,-11661,-115570
84409,-14693,-69716
37838,5407,-43245
13761,-7668,-6093
-10291,-3848,14139
117673,9541,-127214
134875,6377,-141252
29889,-13604,-16285
2169,-816,-1353
24085,-1600,-22485
98071,24044,-122115
134899,28788,-163687
53394,16198,-69592
13327,1744,-15071
-3894,-23067,26961
26094,-8782,-17312
134912,-2462,-132450
969,-12568,11599
134924,4149,-139073
15675,-4991,-10684
-2701,-14466,17167
134858,15588,-150446
17250,-12577,-4673
-2376,-8971,11347
5280,1926,-7206
-5993,-4785,10778
4587,3052,-7639
134825,22860,-157685
4933,-12849,7916
-3700,-14251,17951
23269,-5919,-17350
34159,16,-34175
134904,16198,-151102
-3481,-18480,21961
11715,-29667,17952
8014,4595,-12609
90007,-15468,-74539
10733,-6633,-4100
44698,-490,-44208
38226,-12139,-26087
35590,-10626,-24964
38148,-14099,-24049
57399,-20967,-36432
4908,-43943,39035
14784,8736,-23520
16322,-1101,-15221
11739,-6051,-5688
134850,11999,-146849
-4578,-14511,19089
27262,-6756,-20506
52329,7684,-60013
116205,24135,-140340
23669,6364,-30033
36551,-21949,-14602
31337,-6831,-24506
4970,-12358,7388
29448,-51455,22007
76176,-23867,-52309
11294,-36345,25051
30091,-7099,-22992
10881,-5626,-5255
9033,-4917,-4116
69539,-7796,-61743
13035,-20253,7218
22687,-6872,-15815
52824,7833,-60657
-4772,-10477,15249
78115,-15332,-62783
27443,-27596,153
837,-10539,9702
36889,2602,-39491
12733,4558,-17291
50622,-3460,-47162
-4182,-136,4318
-6657,-862,7519
28314,-705,-27609
14614,6030,-20644
134932,16702,-151634
134879,15208,-150087
12024,-13039,1015
56199,-10135,-46064
-2338,-24774,27112
23735,-2202,-21533
123700,-23194,-100506
31647,-7053,-24594
96607,-10964,-85643
-3147,-3159,6306
134875,7235,-142110
-3324,-20497,23821
22464,-3493,-18971
1596,-17601,16005
22213,2475,-24688
-3126,-4186,7312
25645,3312,-28957
114485,11005,-125490
134796,21928,-156724
65843,39113,-104956
50139,49908,-100047
40330,54738,-95068
31011,28153,-59164
21239,9759,-30998
1126,25855,-26981
11030,29832,-40862
26082,-6257,-19825
4888,-9710,4822
-5020,1542,3478
15514,9957,-25471
13365,7660,-21025
15802,9095,-24897
15460,2660,-18120
24935,-2343,-22592
134875,2314,-137189
80503,2994,-83497
43263,-13447,-29816
92408,-35739,-56669
-280,-25925,26205
10324,24985,-35309
132825,-43122,-89703
31176,-9627,-21549
2202,-27113,24911
14672,9318,-23990
133076,27975,-161051
77723,41439,-119162
66292,33952,-100244
50980,41827,-92807
54194,39026,-93220
41060,38577,-79637
26779,-3415,-23364
-1027,-16132,17159
10943,5403,-16346
816,9260,-10076
33478,96982,-130460
28446,77715,-106161
37884,91273,-129157
34687,95452,-130139
48258,74010,-122268
41472,47767,-89239
50275,27926,-78201
87256,27703,-114959
4108,3947,-8055
40528,-17997,-22531
58500,-19206,-39294
26824,-33713,6889
134908,-20620,-114288
-2763,-28850,31613
10081,18892,-28973
37615,-3027,-34588
134545,-5131,-129414
134846,1381,-136227
19800,30141,-49941
35400,-6653,-28747
-643,-5622,6265
-6220,-12915,19135
1707,990,-2697
7156,70195,-77351
51459,66074,-117533
26730,80214,-106944
40144,-3060,-37084
6505,69267,-75772
22869,-10345,-12524
6839,78771,-85610
15774,-6315,-9459
20158,-7969,-12189
30570,117995,-148565
28470,24358,-52828
47957,99045,-147002
98657,39843,-138500
125573,25616,-151189
38647,8060,-46707
69910,-19470,-50440
4409,-17820,13411
133641,-18562,-115079
4772,-13282,8510
-202,-11603,11805
16198,4780,-20978
131591,26148,-157739
119818,30355,-150173
27266,-5498,-21768
19177,169,-19346
21124,5374,-26498
-8811,95349,-86538
1633,-3217,1584
-2297,77385,-75088
16780,-3217,-13563
19338,43399,-62737
17560,103908,-121468
38028,79191,-117219
21903,20761,-42664
12197,39542,-51739
14082,107617,-121699
39616,-565,-39051
10258,-13835,3577
-5082,-680,5762
13963,9528,-23491
24873,3172,-28045
30892,-3019,-27873
134871,-1018,-133853
32752,-12020,-20732
54450,-25315,-29135
134937,-87363,-47574
71721,-65038,-6683
-5902,8369,-2467
4566,-50972,46406
22419,-2041,-20378
64944,11426,-76370
124047,26111,-150158
17539,32401,-49940
36229,-4153,-32076
13068,2652,-15720
4380,9429,-13809
-1757,25339,-23582
3823,24935,-28758
28202,3984,-32186
32517,105831,-138348
59445,66020,-125465
58500,72855,-131355
64205,50023,-114228
30050,61293,-91343
43737,51063,-94800
33746,18657,-52403
13769,-668,-13101
8324,-5271,-3053
-3535,-17952,21487
1509,-6113,4604
20175,-14940,-5235
134838,6327,-141165
29172,-17518,-11654
95601,-35887,-59714
-416,-6377,6793
16438,-18975,2537
5956,-28256,22300
-3931,-13794,17725
26197,-4648,-21549
87450,-899,-86551
6245,-6418,173
-2957,-5428,8385
-2124,-2866,4990
-7961,-3799,11760
-7676,-5671,13347
-4570,-6674,11244
-5296,-7445,12741
-6410,-8435,14845
21590,-6422,-15168
20884,-160,-20724
71605,8526,-80131
126154,41703,-167857
80177,21433,-101610
2887,1724,-4611
-255,-16970,17225
12733,-7033,-5700
10436,-10003,-433
-387,-11991,12378
132400,-23025,-109375
-3856,-20051,23907
82867,-18533,-64334
272,-17828,17556
95675,7350,-103025
-5762,-10308,16070
28210,-2664,-25546
-3238,20319,-17081
33354,101458,-134812
40478,22708,-63186
2780,9615,-12395
10605,11715,-22320
5684,114864,-120548
1575,19688,-21263
177,680,-857
12692,-8336,-4356
-5968,92461,-86493
5502,9454,-14956
24259,108945,-133204
20394,11966,-32360
12086,73062,-85148
32665,15027,-47692
10956,8217,-19173
40676,-8196,-32480
13191,12069,-25260
100295,29865,-130160
118696,5874,-124570
-2103,-19944,22047
134800,14491,-149291
-4863,-12156,17019
5350,8377,-13727
81027,18158,-99185
7528,5440,-12968
3073,12647,-15720
23463,-4512,-18951
14594,268,-14862
14990,-6278,-8712
21780,16099,-37879
4731,46088,-50819
8596,18521,-27117
6711,17890,-24601
10749,-2866,-7883
-2000,46653,-44653
-12049,1480,10569
3176,37096,-40272
2231,34563,-36794
9413,-7099,-2314
11281,61969,-73250
12399,2120,-14519
21247,-5176,-16071
33466,112414,-145880
53686,47540,-101226
44731,39575,-84306
37735,27109,-64844
-7210,486,6724
-6814,-9396,16210
134912,-3370,-131542
54730,-19263,-35467
134487,-38552,-95935
-9042,-994,10036
-2305,-45663,47968
7895,-19379,11484
12709,5841,-18550
79266,-2264,-77002
46596,12886,-59482
7165,-379,-6786
-243,5861,-5618
-14936,96702,-81766
-5651,34579,-28928
-4100,6583,-2483
14309,-7169,-7140
-24531,68767,-44236
-16050,73833,-57783
2297,26057,-28354
-23739,118734,-94995
-15262,-4537,19799
25298,5362,-30660
709,52041,-52750
3914,-11277,7363
14544,63013,-77557
34740,67963,-102703
35982,36852,-72834
67650,46385,-114035
58207,34831,-93038
-6356,13224,-6868
28380,-16792,-11588
15774,1666,-17440
134871,495,-135366
32764,-3477,-29287
90931,-29328,-61603
-7722,-5770,13492
134854,-3510,-131344
-4830,-19816,24646
24448,-6905,-17543
19985,4945,-24930
134817,21507,-156324
134817,19544,-154361
52948,29836,-82784
45601,9215,-54816
-1678,-3361,5039
21998,-6983,-15015
2998,-3848,850
51711,-3535,-48176
75780,-9112,-66668
2536,-7944,5408
1555,-4141,2586
22246,3634,-25880
16656,-8815,-7841
9747,1942,-11689
-6286,-14334,20620
134776,8006,-142782
-3399,-25228,28627
53319,-2697,-50622
77929,-15823,-62106
79942,-11669,-68273
77302,-9904,-67398
73317,-8947,-64370
-5799,-11962,17761
134838,-3844,-130994
-2594,-20080,22674
47169,-1014,-46155
25026,-10184,-14842
29473,-6232,-23241
134899,-9136,-125763
20018,-7103,-12915
70867,-10914,-59953
-330,-20534,20864
102782,10613,-113395
3258,-18331,15073
65500,-2743,-62757
35640,-11215,-24425
55213,-10671,-44542
122557,-22567,-99990
948,-14132,13184
10857,-10267,-590
134862,4521,-139383
-895,-16071,16966
132895,12622,-145517
3130,-24886,21756
29601,-12502,-17099
134784,16392,-151176
35037,15307,-50344
-424,841,-417
-2054,-10007,12061
50036,-6480,-43556
134821,3914,-138735
3073,-10960,7887
134817,11100,-145917
3432,-28693,25261
17667,-2157,-15510
134825,8126,-142951
44442,-19866,-24576
61743,-9450,-52293
114736,-19738,-94998
123675,-32183,-91492
-4855,-16145,21000
134763,17481,-152244
3576,-4294,718
134809,16566,-151375
80808,20117,-100925
71783,29823,-101606
51991,51001,-102992
28582,13290,-41872
24527,-2586,-21941
14474,-5643,-8831
-4830,78630,-73800
-12230,594,11636
19247,111709,-130956
-35578,19181,16397
12973,-9920,-3053
4562,100567,-105129
-19837,61817,-41980
-7161,74332,-67171
4681,-3444,-1237
24139,107976,-132115
-23780,5057,18723
16062,965,-17027
11327,8340,-19667
16702,-6818,-9884
-8105,22930,-14825
7429,8765,-16194
15320,12148,-27468
5234,10287,-15521
16797,3716,-20513
16615,5098,-21713
9058,7317,-16375
39199,53740,-92939
94029,48650,-142679
44207,51814,-96021
72851,49137,-121988
60658,35722,-96380
58781,50650,-109431
46930,36304,-83234
64675,34291,-98966
50296,39257,-89553
55473,36861,-92334
55778,37294,-93072
9417,18315,-27732
6806,-1460,-5346
13934,-845,-13089
1084,-2759,1675
-5997,-6451,12448
849,-13179,12330
-12197,-7532,19729
9499,8237,-17736
-2904,14561,-11657
36262,101937,-138199
35516,111494,-147010
22522,127276,-149798
14396,7466,-21862
15576,22151,-37727
693,17358,-18051
4747,13340,-18087
15794,76052,-91846
14301,1472,-15773
17399,113676,-131075
27567,103314,-130881
26074,28586,-54660
15815,108953,-124768
28186,12758,-40944
6443,3003,-9446
16087,-5671,-10416
-4809,-8559,13368
5234,11508,-16742
-1179,-4038,5217
15052,-4818,-10234
602,12482,-13084
3081,110092,-113173
40363,58933,-99296
29708,114534,-144242
40590,66185,-106775
28433,125313,-153746
14511,44059,-58570
3654,39183,-42837
18814,121200,-140014
23091,30504,-53595
36135,75087,-111222
33317,49025,-82342
30364,110133,-140497
20579,25504,-46083
29840,11925,-41765
5168,71296,-76464
17366,4768,-22134
26379,2924,-29303
499,16887,-17386
4310,14008,-18318
24015,121341,-145356
25282,38869,-64151
-2083,19907,-17824
4442,12238,-16680
22402,116943,-139345
21936,31288,-53224
-4170,49120,-44950
30355,116952,-147307
31688,-5684,-26004
26346,54771,-81117
24700,9706,-34406
7800,-10547,2747
15621,6381,-22002
9079,-4030,-5049
6897,2190,-9087
9174,40243,-49417
779,17956,-18735
-5288,31721,-26433
5478,9194,-14672
11446,6278,-17724
-1530,13678,-12148
3605,-4595,990
16198,23842,-40040
-3498,17457,-13959
17857,67617,-85474
28573,104985,-133558
28429,29196,-57625
1460,121122,-122582
21978,46113,-68091
36411,37867,-74278
18818,51327,-70145
24436,14874,-39310
5131,7783,-12914
1336,1538,-2874
16231,25302,-41533
-2594,11970,-9376
19956,-4554,-15402
17407,3386,-20793
-2083,57415,-55332
19841,123729,-143570
11273,128766,-140039
15708,33808,-49516
6472,7833,-14305
8452,13550,-22002
6996,-4290,-2706
15650,-2701,-12949
19280,-5952,-13328
6447,80614,-87061
5556,-6455,899
3609,-11323,7714
6917,75050,-81967
8064,-5589,-2475
4578,-1971,-2607
-6430,109576,-103146
6117,106639,-112756
12115,15241,-27356
20847,99325,-120172
16883,114592,-131475
15159,120606,-135765
16033,-2223,-13810
9636,-177,-9459
13558,-6323,-7235
23017,122104,-145121
11215,2528,-13743
16137,28054,-44191
-4471,-14944,19415
2392,-606,-1786
16759,110578,-127337
17003,109003,-126006
36630,9640,-46270
7928,34311,-42239
14961,126827,-141788
26841,99049,-125890
43613,81881,-125494
21153,114584,-135737
21342,133794,-155136
30784,9178,-39962
1398,2277,-3675
148,46084,-46232
8208,84451,-92659
26965,94986,-121951
24135,115500,-139635
15349,129698,-145047
40664,52812,-93476
23557,48984,-72541
31997,22044,-54041
11913,-643,-11270
28891,-2227,-26664
-3481,-5259,8740
14845,-3069,-11776
-2932,-7301,10233
544,41835,-42379
12948,5911,-18859
-2722,18108,-15386
-400,13657,-13257
27802,-94,-27708
19597,35021,-54618
14635,-12057,-2578
23834,74633,-98467
49706,57745,-107451
29188,52065,-81253
38861,67291,-106152
25834,39579,-65413
10077,120429,-130506
13278,-3460,-9818
16607,-14977,-1630
-1076,134751,-133675
33783,-1142,-32641
-1406,-12131,13537
13484,5090,-18574
-1992,15670,-13678
-6109,125292,-119183
21887,107254,-129141
17696,2751,-20447
-6088,91591,-85503
19878,110719,-130597
13781,128448,-142229
32443,4937,-37380
7552,-1414,-6138
25364,26849,-52213
9908,134767,-144675
30492,98364,-128856
10539,118173,-128712
13063,-6018,-7045
13125,-1926,-11199
10287,30607,-40894
6868,16945,-23813
13530,-8324,-5206
3056,125602,-128658
18983,-3143,-15840
10704,24337,-35041
17931,-8431,-9500
-6670,10626,-3956
8641,126732,-135373
13971,1039,-15010
21503,5556,-27059
15283,35371,-50654
20575,-2689,-17886
18038,33363,-51401
4677,-4867,190
-4191,37958,-33767
11818,74151,-85969
12828,1221,-14049
-15076,34010,-18934
7775,19168,-26943
13422,25253,-38675
9957,8171,-18128
12940,35817,-48757
14973,-4529,-10444
16244,46369,-62613
4021,117843,-121864
27905,54978,-82883
31993,102840,-134833
26767,49809,-76576
18587,83964,-102551
25113,29077,-54190
18269,-4360,-13909
103,8196,-8299
5407,110550,-115957
24869,103904,-128773
7561,122603,-130164
28111,61912,-90023
30223,1835,-32058
5564,56087,-61651
6290,3526,-9816
5403,115372,-120775
29563,102415,-131978
22349,116325,-138674
21553,113408,-134961
28285,-1963,-26322
3427,48864,-52291
10869,-3960,-6909
-2730,-334,3064
144,-10708,10564
12370,7082,-19452
-1513,17205,-15692
10143,70991,-81134
12086,14322,-26408
12985,133192,-146177
20670,14462,-35132
3836,10914,-14750
-7392,965,6427
5313,-2949,-2364
-11298,52911,-41613
4112,25768,-29880
9475,66371,-75846
13583,66808,-80391
23916,40251,-64167
12073,43098,-55171
11698,58950,-70648
20777,99577,-120354
16957,83914,-100871
30182,67192,-97374
19416,52713,-72129
13579,5519,-19098
4657,1909,-6566
2355,309,-2664
3081,-924,-2157
16141,9326,-25467
6290,122830,-129120
-16000,5787,10213
6517,15423,-21940
-16227,134322,-118095
-7812,4719,3093
5358,3003,-8361
-18640,-825,19465
11809,6282,-18091
4397,9768,-14165
-6199,70780,-64581
1551,6727,-8278
10324,1559,-11883
713,134805,-135518
14528,9834,-24362
7755,21742,-29497
6699,-5770,-929
5861,18966,-24827
6373,6393,-12766
-6591,17985,-11394
13827,39125,-52952
10473,17011,-27484
6756,-5898,-858
9537,60443,-69980
14685,88485,-103170
6476,1361,-7837
7973,8435,-16408
-13484,-985,14469
-1064,84925,-83861
10770,-8613,-2157
-14313,54029,-39716
16384,-5494,-10890
-9722,59639,-49917
14140,119286,-133426
8217,111808,-120025
16764,34204,-50968
7585,70978,-78563
17275,-367,-16908
-1551,12531,-10980
-7140,35656,-28516
3192,114291,-117483
13888,12284,-26172
12280,47635,-59915
15015,-1914,-13101
639,133918,-134557
16479,-2293,-14186
-12325,48757,-36432
3432,22114,-25546
2722,63615,-66337
4941,-3592,-1349
2780,-2004,-776
3382,-1980,-1402
-837,120157,-119320
-11269,16025,-4756
5193,-4954,-239
1216,44694,-45910
-2120,6699,-4579
30611,80627,-111238
-12709,53286,-40577
-5498,-3931,9429
14128,7602,-21730
6278,50580,-56858
9141,-5927,-3214
16343,-5527,-10816
6389,6987,-13376
2013,2462,-4475
2194,136,-2330
-4178,134842,-130664
-8790,25558,-16768
2772,-5053,2281
20917,102234,-123151
-5032,24349,-19317
11228,-2516,-8712
-1047,110756,-109709
-771,-2136,2907
-7029,130762,-123733
-5482,3716,1766
21239,84117,-105356
-8637,-5317,13954
973,15353,-16326
825,-3621,2796
1452,-2136,684
2706,-8485,5779
9689,126563,-136252
-19861,11756,8105
-1749,49079,-47330
9825,115227,-125052
-29452,15505,13947
-358,48753,-48395
-1518,88072,-86554
9355,-5849,-3506
13063,131748,-144811
-2569,80689,-78120
-2095,60146,-58051
1757,-4013,2256
10201,-7288,-2913
7994,2293,-10287
-7495,134718,-127223
449,5044,-5493
21771,8860,-30631
7825,112678,-120503
5333,7280,-12613
2763,2211,-4974
3597,-198,-3399
-8922,12911,-3989
4005,-1274,-2731
21157,121650,-142807
-6649,26400,-19751
1922,21148,-23070
-22662,43362,-20700
-2070,51405,-49335
-16516,85148,-68632
-5960,1761,4199
24725,72171,-96896
-21714,60138,-38424
-7156,-2640,9796
25434,72930,-98364
-1790,22394,-20604
6414,14594,-21008
2532,52647,-55179
4595,34381,-38976
1216,57593,-58809
1959,39802,-41761
-2541,66688,-64147
-1687,7272,-5585
11059,4797,-15856
-1332,115009,-113677
-1039,4764,-3725
3514,132074,-135588
-5011,15233,-10222
5902,21111,-27013
12787,114361,-127148
-12160,134536,-122376
9182,-2281,-6901
8052,-4450,-3602
14742,118288,-133030
3147,7986,-11133
5432,24444,-29876
7470,12465,-19935
5168,-5622,454
1398,53728,-55126
-796,47689,-46893
-10890,134516,-123626
-10943,-5135,16078
-4566,111969,-107403
-9075,68739,-59664
-19841,8146,11695
24688,75198,-99886
-18653,61054,-42401
-10935,125701,-114766
7647,-1604,-6043
14792,116869,-131661
11950,13472,-25422
1971,31993,-33964
4698,28920,-33618
9141,-6727,-2414
17465,7247,-24712
-688,134800,-134112
8431,-8674,243
1241,112084,-113325
8893,1732,-10625
10931,32373,-43304
8654,76419,-85073
4248,5110,-9358
-1262,117442,-116180
-4822,7771,-2949
2145,-1658,-487
7668,7499,-15167
-12486,27439,-14953
5828,-1868,-3960
29118,118185,-147303
3328,-6657,3329
2553,-3217,664
13105,-9058,-4047
-1971,33210,-31239
3939,9961,-13900
27967,121765,-149732
-33639,1889,31750
115,15943,-16058
15765,118932,-134697
-22712,10696,12016
8753,11929,-20682
-13839,132028,-118189
17452,-7326,-10126
10077,97325,-107402
2891,-6265,3374
-12820,134602,-121782
1757,40874,-42631
-1530,16673,-15143
1101,6014,-7115
-28,29048,-29020
3894,120437,-124331
-16095,69205,-53110
-20286,127149,-106863
-12197,67798,-55601
-10935,-7829,18764
13398,105406,-118804
-31535,-202,31737
8080,-6917,-1163
-4339,40412,-36073
2788,9318,-12106
2318,32340,-34658
5865,-7379,1514
-66,57061,-56995
4244,-7309,3065
325,38742,-39067
9079,-9574,495
-3621,73189,-69568
-1357,-639,1996
20946,107047,-127993
-8918,7387,1531
12024,112835,-124859
726,5321,-6047
-2668,-358,3026
23826,117310,-141136
-24898,3044,21854
18921,5795,-24716
-2103,20653,-18550
25863,6612,-32475
-5531,89392,-83861
-9070,2582,6488
16821,74567,-91388
-911,-2714,3625
3762,9466,-13228
-3955,10254,-6299
-730,44776,-44046
-4211,71156,-66945
-8155,73338,-65183
1142,-9223,8081
21041,124364,-145405
-26573,6001,20572
12729,-9141,-3588
2990,88114,-91104
9293,-7231,-2062
-5568,74448,-68880
2615,2648,-5263
9681,-7272,-2409
-1035,8138,-7103
1390,-7755,6365
-3225,43399,-40174
-2338,32422,-30084
10663,105793,-116456
-25410,46068,-20658
-14965,82603,-67638
-18929,-2710,21639
8336,21800,-30136
4075,-3988,-87
2132,128708,-130840
-33713,2648,31065
870,17733,-18603
21322,104824,-126146
-22844,24510,-1666
7177,2227,-9404
4533,7433,-11966
-4900,16005,-11105
3683,-140,-3543
3634,10593,-14227
2367,16834,-19201
7185,9772,-16957
-5709,8266,-2557
8443,9834,-18277
-3077,34505,-31428
4842,-6670,1828
6290,-2343,-3947
6001,-2945,-3056
5457,-3333,-2124
5465,-2664,-2801
5770,-2165,-3605
5894,-2157,-3737
6146,-4397,-1749
-6595,19350,-12755
15142,103228,-118370
-7672,33132,-25460
1212,41311,-42523
-5874,134433,-128559
-6727,6892,-165
2850,15567,-18417
-1670,39517,-37847
-9578,82929,-73351
-13579,114699,-101120
-17543,125243,-107700
-18830,129331,-110501
-19428,129929,-110501
-18665,127751,-109086
-17168,127611,-110443
-15794,126872,-111078
-15208,9846,5362
9726,119662,-129388
-6686,-1324,8010
30017,64288,-94305
-3031,21738,-18707
-13006,88176,-75170
-5024,-2388,7412
7111,2974,-10085
22353,125507,-147860
-26936,8955,17981
-2631,-6455,9086
-1023,78119,-77096
1955,16553,-18508
4805,6072,-10877
-7870,2446,5424
26309,115054,-141363
-32224,6550,25674
5985,13629,-19614
6880,-5762,-1118
-2140,132280,-130140
-22551,-4615,27166
26961,31358,-58319
-9541,69617,-60076
-13604,-2128,15732
7090,115953,-123043
-936,4335,-3399
-561,32212,-31651
-5523,43749,-38226
-18071,87462,-69391
-26082,41134,-15052
13794,-2223,-11571
-6298,125874,-119576
-15551,37294,-21743
-14474,69312,-54838
-28722,-4570,33292
31036,57807,-88843
-30632,32142,-1510
-358,19651,-19293
9660,129908,-139568
-24094,96999,-72905
-26074,1175,24899
14866,-6633,-8233
16495,129842,-146337
-23731,-2343,26074
8897,8885,-17782
28342,116807,-145149
470,81439,-81909
1373,25533,-26906
3489,4422,-7911
2149,22679,-24828
-18554,134759,-116205
-15621,9145,6476
9268,7000,-16268
730,12333,-13063
1526,11913,-13439
1394,12164,-13558
1117,11946,-13063
1278,11467,-12745
1208,11294,-12502
1559,11112,-12671
1703,11112,-12815
1683,11104,-12787
2178,10609,-12787
2173,10799,-12972
2706,10659,-13365
21874,126253,-148127
-15922,40899,-24977
61,56067,-56128
-10283,101644,-91361
-12845,129520,-116675
-10642,32150,-21508
2074,35842,-37916
-1980,38750,-36770
3106,-4698,1592
5222,33548,-38770
-4512,27612,-23100
10258,-21870,11612
27171,116419,-143590
-34513,58905,-24392
-10865,76254,-65389
-6542,26870,-20328
-15266,76366,-61100
-12135,-57,12192
21520,763,-22283
-12721,-4244,16965
1192,42908,-44100
4442,26404,-30846
4488,45573,-50061
2400,30727,-33127
-3349,82165,-78816
-1150,3399,-2249
13699,128452,-142151
-24151,3601,20550
4537,44917,-49454
-6150,57065,-50915
-16046,31127,-15081
16471,128398,-144869
-30430,6199,24231
305,16945,-17250
9726,116766,-126492
-41819,4558,37261
11781,-8122,-3659
16038,112237,-128275
-28994,34278,-5284
8844,-7066,-1778
16392,126509,-142901
-33812,4269,29543
9075,8757,-17832
10588,108842,-119430
-31704,4261,27443
7623,-429,-7194
8237,-13509,5272
26107,112105,-138212
-36254,3980,32274
10415,-6228,-4187
14548,107695,-122243
-9433,27068,-17635
2050,25443,-27493
-23054,44748,-21694
-12094,-198,12292
3683,-6521,2838
14454,112794,-127248
-48324,4694,43630
13018,1245,-14263
9367,128803,-138170
-34926,367,34559
8625,-8105,-520
18570,117979,-136549
-28351,-3316,31667
8336,-14569,6233
19597,105930,-125527
-25117,83477,-58360
-511,-445,956
-3114,3031,83
1975,43065,-45040
-12573,66061,-53488
-6298,29836,-23538
9153,98884,-108037
-42664,4776,37888
10568,11092,-21660
9112,131859,-140971
-32241,-1192,33433
5865,-13579,7714
11265,118630,-129895
-34678,276,34402
5527,-11913,6386
7132,127396,-134528
-8835,16599,-7764
2462,14713,-17175
-17056,132247,-115191
-18104,12317,5787
23017,14408,-37425
-5139,115372,-110233
-19239,2087,17152
33363,37587,-70950
-27835,134553,-106718
-20158,4133,16025
32084,61945,-94029
-11488,53319,-41831
-14874,-911,15785
30446,42541,-72987
-29477,35685,-6208
-4941,39542,-34601
-20922,90576,-69654
-19358,-4009,23367
16215,104531,-120746
-40915,80709,-39794
-13851,7664,6187
3609,37335,-40944
-2190,2021,169
5234,108862,-114096
-19107,55662,-36555
-26878,10555,16323
15217,12981,-28198
-21070,83708,-62638
-9817,-779,10596
26457,4516,-30973
-7082,17704,-10622
-1934,57787,-55853
305,13876,-14181
1893,22889,-24782
1002,412,-1414
19614,107076,-126690
-32645,-70,32715
3696,-705,-2991
9768,129772,-139540
-27864,132981,-105117
-24898,2904,21994
12659,7297,-19956
-11418,107815,-96397
-10667,-5358,16025
-11236,52944,-41708
-9784,9949,-165
20245,7763,-28008
-18698,30112,-11414
-63162,20596,42566
-11970,-5973,17943
-4846,108821,-103975
-12086,-74,12160
4261,36139,-40400
-2701,23368,-20667
19998,89203,-109201
-17927,60311,-42384
-11125,-4636,15761
29077,77974,-107051
-10687,44273,-33586
-14845,3250,11595
25397,71902,-97299
-16891,43419,-26528
-13092,-2710,15802
12651,37339,-49990
-15130,43725,-28595
-19350,-1650,21000
5139,53117,-58256
8584,132783,-141367
-40948,2887,38061
7536,-10630,3094
-4776,115933,-111157
-26094,10481,15613
9875,93241,-103116
-58451,21664,36787
-1402,-4380,5782
-11550,26536,-14986
-22209,78255,-56046
-47066,10593,36473
-17939,104193,-86254
-44508,9718,34790
17234,1493,-18727
-12746,101450,-88704
-18389,5733,12656
23896,26956,-50852
-19424,54400,-34976
-20443,-3691,24134
25933,44908,-70841
-13076,35891,-22815
-17184,7990,9194
32249,39657,-71906
-24514,134792,-110278
-28252,1501,26751
9780,8386,-18166
-19936,119666,-99730
-20798,8460,12338
7738,9838,-17576
17209,107452,-124661
-33173,43147,-9974
-12771,61293,-48522
-32525,49879,-17354
8724,173,-8897
-16009,115693,-99684
-35037,2512,32525
7338,107039,-114377
-53711,3081,50630
15427,13183,-28610
-46967,16623,30344
-3807,19090,-15283
-49933,57935,-8002
-1522,35697,-34175
-28677,123824,-95147
-33074,45003,-11929
-11121,62992,-51871
-35161,9549,25612
-4776,61120,-56344
-34080,107089,-73009
-22770,3675,19095
15188,101087,-116275
-40379,-1802,42181
18459,7759,-26218
-5506,110195,-104689
-20035,3543,16492
13212,72356,-85568
-15749,103281,-87532
-22815,-1835,24650
25641,89351,-114992
-28078,44484,-16406
-13802,169,13633
1460,-8736,7276
-6872,120660,-113788
-42334,11500,30834
-1526,50089,-48563
-22427,52284,-29857
-1806,-6018,7824
-26841,51801,-24960
4566,16821,-21387
-44319,13336,30983
-2615,49582,-46967
-15873,103459,-87586
-9380,-3625,13005
-8,101582,-101574
-29064,71997,-42933
-40953,9499,31454
18748,6963,-25711
-30166,124459,-94293
-12201,-6105,18306
2165,123007,-125172
-13039,27922,-14883
2239,6439,-8678
-486,20868,-20382
-7334,91562,-84228
-7272,-5981,13253
-15728,61800,-46072
-13191,2215,10976
-8963,24015,-15052
-5544,100942,-95398
-31292,63384,-32092
-45969,64205,-18236
4785,-2668,-2117
-39204,127239,-88035
-23916,1212,22704
-94672,10213,84459
-5956,114155,-108199
-2499,29737,-27238
-7272,-2264,9536
15167,89038,-104205
2800,-5502,2702
6455,-2751,-3704
-5981,-2520,8501
177,-10749,10572
-6897,-7717,14614
-4397,-3910,8307
-4116,-4838,8954
-7437,20323,-12886
251,27348,-27599
-8072,31292,-23220
-20554,62695,-42141
-44290,98830,-54540
-20666,-688,21354
-4863,20876,-16013
-88543,53913,34630
11170,24679,-35849
-14878,-292,15170
-29629,-1233,30862
19148,114736,-133884
-9289,-2512,11801
-107,9046,-8939
9524,8245,-17769
4277,22732,-27009
6043,31527,-37570
2161,85907,-88068
8060,116877,-124937
-30236,-16,30252
969,41844,-42813
-21652,52944,-31292
-9450,10535,-1085
11979,-1155,-10824
-66433,5589,60844
1163,70950,-72113
-21841,77710,-55869
-14045,21313,-7268
-14540,58946,-44406
-14524,42046,-27522
8588,-6600,-1988
20468,120342,-140810
-16438,-5036,21474
12606,68545,-81151
-4611,-1542,6153
13426,25459,-38885
-3056,46996,-43940
-3634,23058,-19424
-796,47367,-46571
-5618,50081,-44463
-8357,-2879,11236
21206,120318,-141524
2949,-7668,4719
-3947,30244,-26297
-2326,-8064,10390
2759,66701,-69460
-18343,-1394,19737
1670,13047,-14717
27687,124146,-151833
-29691,8196,21495
6121,3064,-9185
-13468,134722,-121254
1522,2297,-3819
-2553,134772,-132219
-23104,-2619,25723
7746,10626,-18372
7750,130795,-138545
-29691,53,29638
13715,8629,-22344
-11203,21379,-10176
19573,1159,-20732
-8468,134623,-126155
-12486,-6719,19205
18830,108487,-127317
-11867,-2899,14766
1427,15811,-17238
-4504,12036,-7532
-13018,-7181,20199
5849,51232,-57081
-15918,1353,14565
13851,-3258,-10593
-18302,-1266,19568
-10758,34513,-23755
853,-7812,6959
-17737,59820,-42083
-19181,-2904,22085
21058,83341,-104399
-32340,27274,5066
-330,29242,-28912
-30001,91533,-61532
-42619,18100,24519
8427,-17667,9240
-23128,105402,-82274
1798,-4879,3081
-31238,4475,26763
-6138,8332,-2194
1827,108359,-110186
519,20674,-21193
5754,5374,-11128
21355,20002,-41357
-4611,-5882,10493
-1427,15192,-13765
17993,123853,-141846
-7870,22419,-14549
-9875,-7165,17040
27715,123242,-150957
577,-5754,5177
-19259,134792,-115533
-19201,32793,-13592
7788,110793,-118581
-20200,9999,10201
-4199,-10704,14903
-13752,65859,-52107
-26684,17523,9161
14470,8571,-23041
-5519,140,5379
-18079,73070,-54991
-26928,7515,19413
-2759,17906,-15147
13026,61912,-74938
7062,1926,-8988
9801,-8596,-1205
29073,111486,-140559
5490,-2714,-2776
-12111,1460,10651
-6789,114064,-107275
-15526,-4673,20199
7887,61276,-69163
-14866,2272,12594
11665,7643,-19308
-11479,55514,-44035
-10003,-2607,12610
16990,103772,-120762
-16652,27237,-10585
2462,8122,-10584
5016,94050,-99066
-17106,-1225,18331
18818,11257,-30075
-6674,95964,-89290
-1744,4587,-2843
-338,-2743,3081
2565,-13422,10857
27187,102135,-129322
-20191,69465,-49274
-13814,-3848,17662
26746,105509,-132255
-21808,3217,18591
20365,23392,-43757
-3308,10341,-7033
-12123,-7280,19403
28054,39154,-67208
-8270,34295,-26025
-1885,-2219,4104
4768,37186,-41954
15134,-11211,-3923
1744,11710,-13454
6847,-5853,-994
9450,41377,-50827
-8637,-8118,16755
-1188,43428,-42240
16512,114732,-131244
-40565,255,40310
33668,105806,-139474
1295,129417,-130712
-5940,-1518,7458
14986,118016,-133002
-2198,5688,-3490
-9524,-7581,17105
660,43943,-44603
6142,23512,-29654
-9058,17201,-8143
-10304,17869,-7565
4958,9330,-14288
-1848,14462,-12614
8530,124022,-132552
13352,19082,-32434
3097,6022,-9119
10060,2074,-12134
-14685,-1695,16380
-4248,18558,-14310
-185,36155,-35970
15897,12993,-28890
-14949,13996,953
5795,7140,-12935
13241,102444,-115685
2693,2916,-5609
-2516,-7453,9969
-3609,-7796,11405
-10250,-8320,18570
-13703,70,13633
-4941,18632,-13691
-17869,-924,18793
15732,27666,-43398
-23240,134194,-110954
-4999,15213,-10214
-8010,-5387,13397
2462,12333,-14795
-7627,15167,-7540
28573,110083,-138656
9961,11248,-21209
-19573,17056,2517
3984,36456,-40440
-28091,79864,-51773
-688,-4046,4734
9961,10659,-20620
-2404,83193,-80789
-3547,28371,-24824
-10927,-2264,13191
-1117,18385,-17268
14322,113631,-127953
-3015,11822,-8807
4104,15736,-19840
8695,15840,-24535
13992,105311,-119303
-25533,87115,-61582
-1806,-10052,11858
16190,82479,-98669
1645,8823,-10468
-12478,23615,-11137
21619,113231,-134850
-7730,21887,-14157
-2112,-9570,11682
-19383,3209,16174
-3832,9772,-5940
-14115,82924,-68809
-17300,2017,15283
-46653,7462,39191
-40767,9314,31453
-3394,10485,-7091
-10131,-8146,18277
-17609,104820,-87211
-21899,3634,18265
-29291,11178,18113
-74,-565,639
-40280,6100,34180
-29885,-259,30144
-20963,6674,14289
15361,69922,-85283
-26107,32410,-6303
2611,6930,-9541
-17469,54441,-36972
-6418,-6105,12523
19556,119224,-138780
-21656,-3019,24675
16693,113977,-130670
-23826,9174,14652
5931,13035,-18966
3440,134693,-138133
-11917,33,11884
-6946,90873,-83927
-23982,825,23157
16359,3324,-19683
2231,81910,-84141
-2685,8328,-5643
20158,115269,-135427
-70,-1592,1662
2627,54301,-56928
-2017,133509,-131492
-7573,-420,7993
14470,2743,-17213
-10159,12560,-2401
29464,112868,-142332
16198,112670,-128868
-160,12271,-12111
12738,15967,-28705
-12540,19804,-7264
6868,124917,-131785
-5775,41538,-35763
-12276,-1146,13422
1381,11100,-12481
-21276,102423,-81147
-18009,8208,9801
-10671,-1258,11929
-10324,9079,1245
-5288,-8872,14160
17939,119691,-137630
-31424,-3304,34728
7185,13447,-20632
1258,3819,-5077
0,0,0
-12610,11756,854
-12610,11756,854
-12610,11756,854
-12610,11756,854
-12610,11756,854
-12610,11756,854
-12610,11756,854
-12610,11756,854
-12610,11756,854
-12610,11756,854
-12610,11756,854
-12610,11756,854
-12610,11756,854
-12610,11756,854
-12610,11756,854
-12610,11756,854
-12610,11756,854
-12610,11756,854
-12610,11756,854
-12610,11756,854
-12610,11756,854
-12610,11756,854
-12610,11756,854
-12610,11756,854
-12610,11756,854
-12610,11756,854
-12610,11756,854
-12610,11756,854
-12610,11756,854
-12610,11756,854
-12610,11756,854
-12610,11756,854
-12610,11756,854
-12610,11756,854
-12610,11756,854
-12610,11756,854
-12610,11756,854
-12610,11756,854
-12610,11756,854
-12610,11756,854
-12610,11756,854
-12610,11756,854
-12610,11756,854
-12610,11756,854
-12610,11756,854
-12610,11756,854
-12610,11756,854
-12610,11756,854
-12610,11756,854
-12610,11756,854
-12610,11756,854
-12610,11756,854
-12610,11756,854
-12610,11756,854
-12610,11756,854
-12610,11756,854
-12610,11756,854
-12610,11756,854
-12610,11756,854
-12610,11756,854
-12610,11756,854
-12610,11756,854
-12610,11756,854
-12610,11756,854
-12610,11756,854
-12610,11756,854
-12610,11756,854
-12610,11756,854
-12610,11756,854
-12610,11756,854
-12610,11756,854
-12610,11756,854
-12610,11756,854
-12610,11756,854
-12610,11756,854
-12610,11756,854
-12610,11756,854
-12610,11756,854
-12610,11756,854
-12610,11756,854
-12610,11756,854
-12610,11756,854
-12610,11756,854
-12610,11756,854
-12610,11756,854
-12610,11756,854
-12610,11756,854
-12610,11756,854
-12610,11756,854
-12610,11756,854
-12610,11756,854
-12610,11756,854
-12610,11756,854
-12610,11756,854
-12610,11756,854
-12610,11756,854
-12610,11756,854
-12610,11756,854
-12610,11756,854
-12610,11756,854
-12610,11756,854
-12610,11756,854
-12610,11756,854
-12610,11756,854
-12610,11756,854
-12610,11756,854
-12610,11756,854
-12610,11756,854
-12610,11756,854
-12610,11756,854
-12610,11756,854
-12610,11756,854
-12610,11756,854
-12610,11756,854
-12610,11756,854
-12610,11756,854
-12610,11756,854
-12610,11756,854
-12610,11756,854
-12610,11756,854
-12610,11756,854
-12610,11756,854
-12610,11756,854
-12610,11756,854
-12610,11756,854
-12610,11756,854
-12610,11756,854
-12610,11756,854
-12610,11756,854
-12610,11756,854
-12610,11756,854
-12610,11756,854
-12610,11756,854
-12610,11756,854
-12610,11756,854
-12610,11756,854
-12610,11756,854
-12610,11756,854
-12610,11756,854
-12610,11756,854
-12610,11756,854
-12610,11756,854
-12610,11756,854
-12610,11756,854
-12610,11756,854
-12610,11756,854
-12610,11756,854
-12610,11756,854
-12610,11756,854
-12610,11756,854
-12610,11756,854
-12610,11756,854
-12610,11756,854
-12610,11756,854
-12610,11756,854
-12610,11756,854
-12610,11756,854
-12610,11756,854
-12610,11756,854
-12610,11756,854
-12610,11756,854
-12610,11756,854
-12610,11756,854
-12610,11756,854
-12610,11756,854
-12610,11756,854
-12610,11756,854
-12610,11756,854
-12610,11756,854
-12610,11756,854
-12610,11756,854
-12610,11756,854
-12610,11756,854
-12610,11756,854
-12610,11756,854
-12610,11756,854
-12610,11756,854
-12610,11756,854
-12610,11756,854
-12610,11756,854
-12610,11756,854
-12610,11756,854
-12610,11756,854
-12610,11756,854
-12610,11756,854
-12610,11756,854
-12610,11756,854
-12610,11756,854
-12610,11756,854
-12610,11756,854
-12610,11756,854
-12610,11756,854
-12610,11756,854
-12610,11756,854
-12610,11756,854
-12610,11756,854
-12610,11756,854
-12610,11756,854
-12610,11756,854
-12610,11756,854
-12610,11756,854
-12610,11756,854
-12610,11756,854
-12610,11756,854
-12610,11756,854
-12610,11756,854
-12610,11756,854
-12610,11756,854
-12610,11756,854
-12610,11756,854
-12610,11756,854
-12610,11756,854
-12610,11756,854
-12610,11756,854
-12610,11756,854
-12610,11756,854
-12610,11756,854
-12610,11756,854
-12610,11756,854
-12610,11756,854
-12610,11756,854
-12610,11756,854
-12610,11756,854
-12610,11756,854
-12610,11756,854
-12610,11756,854
-12610,11756,854
-12610,11756,854
-12610,11756,854
-12610,11756,854
-12610,11756,854
-12610,11756,854
-12610,11756,854
-12610,11756,854
-12610,11756,854
-12610,11756,854
-12610,11756,854
-12610,11756,854
-12610,11756,854
-12610,11756,854
-12610,11756,854
-12610,11756,854
-12610,11756,854
-12610,11756,854
-12610,11756,854
-12610,11756,854
-12610,11756,854
-12610,11756,854
-12610,11756,854
-12610,11756,854
-12610,11756,854
-12610,11756,854
-12610,11756,854
-12610,11756,854
-12610,11756,854
-12610,11756,854
-12610,11756,854
-12610,11756,854
-12610,11756,854
-12610,11756,854
-12610,11756,854
-12610,11756,854
-12610,11756,854
-12610,11756,854
-12610,11756,854
-12610,11756,854
-12610,11756,854
-12610,11756,854
-12610,11756,854
-12610,11756,854
-12610,11756,854
-12610,11756,854
-12610,11756,854
-12610,11756,854
-12610,11756,854
-12610,11756,854
-12610,11756,854
-12610,11756,854
-12610,11756,854
-12610,11756,854
-12610,11756,854
-12610,11756,854
-12610,11756,854
-12610,11756,854
-12610,11756,854
-12610,11756,854
-12610,11756,854
-12610,11756,854
-12610,11756,854
-12610,11756,854
-12610,11756,854
-12610,11756,854
-12610,11756,854
-12610,11756,854
-12610,11756,854
-12610,11756,854
-12610,11756,854
-12610,11756,854
-12610,11756,854
-12610,11756,854
-12610,11756,854
-12610,11756,854
-12610,11756,854
-12610,11756,854
-12610,11756,854
-12610,11756,854
-12610,11756,854
-12610,11756,854
-12610,11756,854
-12610,11756,854
-12610,11756,854
-12610,11756,854
-12610,11756,854
-12610,11756,854
-12610,11756,854
-12610,11756,854
-12610,11756,854
-12610,11756,854
-12610,11756,854
-12610,11756,854
-12610,11756,854
-12610,11756,854
-12610,11756,854
-12610,11756,854
-12610,11756,854
-12610,11756,854
-12610,11756,854
-12610,11756,854
-12610,11756,854
-12610,11756,854
-12610,11756,854
-12610,11756,854
-12610,11756,854
-12610,11756,854
-12610,11756,854
-12610,11756,854
-12610,11756,854
-12610,11756,854
-12610,11756,854
-12610,11756,854
-12610,11756,854
-12610,11756,854
-12610,11756,854
-12610,11756,854
-12610,11756,854
-12610,11756,854
-12610,11756,854
-12610,11756,854
-12610,11756,854
-12610,11756,854
-12610,11756,854
-12610,11756,854
-12610,11756,854
-12610,11756,854
-12610,11756,854
-12610,11756,854
-12610,11756,854
-12610,11756,854
-12610,11756,854
-12610,11756,854
-12610,11756,854
-12610,11756,854
-12610,11756,854
-12610,11756,854
-12610,11756,854
-12610,11756,854
-12610,11756,854
-12610,11756,854
-12610,11756,854
-12610,11756,854
-12610,11756,854
-12610,11756,854
-12610,11756,854
-12610,11756,854
-12610,11756,854
-12610,11756,854
-12610,11756,854
-12610,11756,854
-12610,11756,854
-12610,11756,854
-12610,11756,854
-12610,11756,854
-12610,11756,854
-12610,11756,854
-12610,11756,854
-12610,11756,854
-12610,11756,854
-12610,11756,854
-12610,11756,854
-12610,11756,854
-12610,11756,854
-12610,11756,854
-12610,11756,854
-12610,11756,854
-12610,11756,854
-12610,11756,854
-12610,11756,854
-12610,11756,854
-12610,11756,854
-12610,11756,854
-12610,11756,854
-12610,11756,854
-12610,11756,854
-12610,11756,854
-12610,11756,854
-12610,11756,854
-12610,11756,854
-12610,11756,854
-12610,11756,854
-12610,11756,854
-12610,11756,854
-12610,11756,854
-12610,11756,854
-12610,11756,854
-12610,11756,854
-12610,11756,854
-12610,11756,854
-12610,11756,854
-12610,11756,854
-12610,11756,854
-12610,11756,854
-12610,11756,854
-12610,11756,854
-12610,11756,854
-12610,11756,854
-12610,11756,854
-12610,11756,854
-12610,11756,854
-12610,11756,854
-12610,11756,854
-12610,11756,854
-12610,11756,854
-12610,11756,854
-12610,11756,854
-12610,11756,854
-12610,11756,854
-12610,11756,854
-12610,11756,854
-12610,11756,854
-12610,11756,854
-12610,11756,854
-12610,11756,854
-12610,11756,854
-12610,11756,854
-12610,11756,854
-12610,11756,854
-12610,11756,854
-12610,11756,854
-12610,11756,854
-12610,11756,854
-12610,11756,854
-12610,11756,854
-12610,11756,854
-12610,11756,854
-12610,11756,854
-12610,11756,854
-12610,11756,854
-12610,11756,854
-12610,11756,854
-12610,11756,854
-12610,11756,854
-12610,11756,854
-12610,11756,854
-12610,11756,854
-12610,11756,854
-12610,11756,854
-12610,11756,854
-12610,11756,854
-12610,11756,854
-12610,11756,854
-12610,11756,854
-12610,11756,854
-12610,11756,854
-12610,11756,854
-12610,11756,854
-12610,11756,854
-12610,11756,854
-12610,11756,854
-12610,11756,854
-12610,11756,854
-12610,11756,854
-12610,11756,854
-12610,11756,854
-12610,11756,854
-12610,11756,854
-12610,11756,854
-12610,11756,854
-12610,11756,854
-12610,11756,854
-12610,11756,854
-12610,11756,854
-12610,11756,854
-12610,11756,854
-12610,11756,854
-12610,11756,854
-12610,11756,854
-12610,11756,854
-12610,11756,854
-12610,11756,854
-12610,11756,854
-12610,11756,854
-12610,11756,854
-12610,11756,854
-12610,11756,854
-12610,11756,854
-12610,11756,854
-12610,11756,854
-12610,11756,854
-12610,11756,854
-12610,11756,854
-12610,11756,854
-12610,11756,854
-12610,11756,854
-12610,11756,854
-12610,11756,854
-12610,11756,854
-12610,11756,854
-12610,11756,854
-12610,11756,854
-12610,11756,854
-12610,11756,854
-12610,11756,854
-12610,11756,854
-12610,11756,854
-12610,11756,854
-12610,11756,854
-12610,11756,854
-12610,11756,854
-12610,11756,854
-12610,11756,854
-12610,11756,854
-12610,11756,854
-12610,11756,854
-12610,11756,854
-12610,11756,854
-12610,11756,854
-12610,11756,854
-12610,11756,854
-12610,11756,854
-12610,11756,854
-12610,11756,854
-12610,11756,854
-12610,11756,854
-12610,11756,854
-12610,11756,854
-12610,11756,854
-12610,11756,854
-12610,11756,854
-12610,11756,854
-12610,11756,854
-12610,11756,854
-12610,11756,854
-12610,11756,854
-12610,11756,854
-12610,11756,854
-12610,11756,854
-12610,11756,854
-12610,11756,854
-12610,11756,854
-12610,11756,854
-12610,11756,854
-12610,11756,854
-12610,11756,854
-12610,11756,854
-12610,11756,854
-12610,11756,854
-12610,11756,854
-12610,11756,854
-12610,11756,854
-12610,11756,854
-12610,11756,854
-12610,11756,854
-12610,11756,854
-12610,11756,854
-12610,11756,854
-12610,11756,854
-12610,11756,854
-12610,11756,854
-12610,11756,854
-12610,11756,854
-12610,11756,854
-12610,11756,854
-12610,11756,854
-12610,11756,854
-12610,11756,854
-12610,11756,854
-12610,11756,854
-12610,11756,854
-12610,11756,854
-12610,11756,854
-12610,11756,854
-12610,11756,854
-12610,11756,854
-12610,11756,854
-12610,11756,854
-12610,11756,854
-12610,11756,854
-12610,11756,854
-12610,11756,854
-12610,11756,854
-12610,11756,854
-12610,11756,854
-12610,11756,854
-12610,11756,854
-12610,11756,854
-12610,11756,854
-12610,11756,854
-12610,11756,854
-12610,11756,854
-12610,11756,854
-12610,11756,854
-12610,11756,854
-12610,11756,854
-12610,11756,854
-12610,11756,854
-12610,11756,854
-12610,11756,854
-12610,11756,854
-12610,11756,854
-12610,11756,854
-12610,11756,854
-12610,11756,854
-12610,11756,854
-12610,11756,854
-12610,11756,854
-12610,11756,854
-12610,11756,854
-12610,11756,854
-12610,11756,854
-12610,11756,854
-12610,11756,854
-12610,11756,854
-12610,11756,854
-12610,11756,854
-12610,11756,854
-12610,11756,854
-12610,11756,854
-12610,11756,854
-12610,11756,854
-12610,11756,854
-12610,11756,854
-12610,11756,854
-12610,11756,854
-12610,11756,854
-12610,11756,854
-12610,11756,854
-12610,11756,854
-12610,11756,854
-12610,11756,854
-12610,11756,854
-12610,11756,854
-12610,11756,854
-12610,11756,854
-12610,11756,854
-12610,11756,854
-12610,11756,854
-12610,11756,854
-12610,11756,854
-12610,11756,854
-12610,11756,854
-12610,11756,854
-12610,11756,854
-12610,11756,854
-12610,11756,854
-12610,11756,854
-12610,11756,854
-12610,11756,854
-12610,11756,854
-12610,11756,854
-12610,11756,854
-12610,11756,854
-12610,11756,854
-12610,11756,854
-12610,11756,854
-12610,11756,854
-12610,11756,854
-12610,11756,854
-12610,11756,854
-12610,11756,854
-12610,11756,854
-12610,11756,854
-12610,11756,854
-12610,11756,854
-12610,11756,854
-12610,11756,854
-12610,11756,854
-12610,11756,854
-12610,11756,854
-12610,11756,854
-12610,11756,854
-12610,11756,854
-12610,11756,854
-12610,11756,854
-12610,11756,854
-12610,11756,854
-12610,11756,854
-12610,11756,854
-12610,11756,854
-12610,11756,854
-12610,11756,854
-12610,11756,854
-12610,11756,854
-12610,11756,854
-12610,11756,854
-12610,11756,854
-12610,11756,854
-12610,11756,854
-12610,11756,854
-12610,11756,854
-12610,11756,854
-12610,11756,854
-12610,11756,854
-12610,11756,854
-12610,11756,854
-12610,11756,854
-12610,11756,854
-12610,11756,854
-12610,11756,854
-12610,11756,854
-12610,11756,854
-12610,11756,854
-12610,11756,854
-12610,11756,854
-12610,11756,854
-12610,11756,854
-12610,11756,854
-12610,11756,854
-12610,11756,854
-12610,11756,854
-12610,11756,854
-12610,11756,854
-12610,11756,854
-12610,11756,854
-12610,11756,854
-12610,11756,854
-12610,11756,854
-12610,11756,854
-12610,11756,854
-12610,11756,854
-12610,11756,854
-12610,11756,854
-12610,11756,854
-12610,11756,854
-12610,11756,854
-12610,11756,854
-12610,11756,854
-12610,11756,854
-12610,11756,854
-12610,11756,854
-12610,11756,854
-12610,11756,854
-12610,11756,854
-12610,11756,854
-12610,11756,854
-12610,11756,854
-12610,11756,854
-12610,11756,854
-12610,11756,854
-12610,11756,854
-12610,11756,854
-12610,11756,854
-12610,11756,854
-12610,11756,854
-12610,11756,854
-12610,11756,854
-12610,11756,854
-12610,11756,854
-12610,11756,854
-12610,11756,854
-12610,11756,854
-12610,11756,854
-12610,11756,854
-12610,11756,854
-12610,11756,854
-12610,11756,854
-12610,11756,854
-12610,11756,854
-12610,11756,854
-12610,11756,854
-12610,11756,854
-12610,11756,854
-12610,11756,854
-12610,11756,854
-12610,11756,854
-12610,11756,854
-12610,11756,854
-12610,11756,854
-12610,11756,854
-12610,11756,854
-12610,11756,854
-12610,11756,854
-12610,11756,854
-12610,11756,854
-12610,11756,854
-12610,11756,854
-12610,11756,854
-12610,11756,854
-12610,11756,854
-12610,11756,854
-12610,11756,854
-12610,11756,854
-12610,11756,854
-12610,11756,854
-12610,11756,854
-12610,11756,854
-12610,11756,854
-12610,11756,854
-12610,11756,854
-12610,11756,854
-12610,11756,854
-12610,11756,854
-12610,11756,854
-12610,11756,854
-12610,11756,854
-12610,11756,854
-12610,11756,854
-12610,11756,854
-12610,11756,854
-12610,11756,854
-12610,11756,854
-12610,11756,854
-12610,11756,854
-12610,11756,854
-12610,11756,854
-12610,11756,854
-12610,11756,854
-12610,11756,854
-12610,11756,854
-12610,11756,854
-12610,11756,854
-12610,11756,854
-12610,11756,854
-12610,11756,854
-12610,11756,854
-12610,11756,854
-12610,11756,854
-12610,11756,854
-12610,11756,854
-12610,11756,854
-12610,11756,854
-12610,11756,854
-12610,11756,854
-12610,11756,854
-12610,11756,854
-12610,11756,854
-12610,11756,854
-12610,11756,854
-12610,11756,854
-12610,11756,854
-12610,11756,854
-12610,11756,854
-12610,11756,854
-12610,11756,854
-12610,11756,854
-12610,11756,854
-12610,11756,854
-12610,11756,854
-12610,11756,854
-12610,11756,854
-12610,11756,854
-12610,11756,854
-12610,11756,854
-12610,11756,854
-12610,11756,854
-12610,11756,854
-12610,11756,854
-12610,11756,854
-12610,11756,854
-12610,11756,854
-12610,11756,854
-12610,11756,854
-12610,11756,854
-12610,11756,854
-12610,11756,854
-12610,11756,854
-12610,11756,854
-12610,11756,854
-12610,11756,854
-12610,11756,854
-12610,11756,854
-12610,11756,854
-12610,11756,854
-12610,11756,854
-12610,11756,854
-12610,11756,854
-12610,11756,854
-12610,11756,854
-12610,11756,854
-12610,11756,854
-12610,11756,854
-12610,11756,854
-12610,11756,854
-12610,11756,854
-12610,11756,854
-12610,11756,854
-12610,11756,854
-12610,11756,854
-12610,11756,854
-12610,11756,854
-12610,11756,854
-12610,11756,854
-12610,11756,854
-12610,11756,854
-12610,11756,854
-12610,11756,854
-12610,11756,854
-12610,11756,854
-12610,11756,854
-12610,11756,854
-12610,11756,854
-12610,11756,854
-12610,11756,854
-12610,11756,854
-12610,11756,854
-12610,11756,854
-12610,11756,854
-12610,11756,854
-12610,11756,854
-12610,11756,854
-12610,11756,854
-12610,11756,854
-12610,11756,854
-12610,11756,854
-12610,11756,854
-12610,11756,854
-12610,11756,854
-12610,11756,854
-12610,11756,854
-12610,11756,854
-12610,11756,854
-12610,11756,854
-12610,11756,854
-12610,11756,854
-12610,11756,854
-12610,11756,854
-12610,11756,854
-12610,11756,854
-12610,11756,854
-12610,11756,854
-12610,11756,854
-12610,11756,854
-12610,11756,854
-12610,11756,854
-12610,11756,854
-12610,11756,854
-12610,11756,854
-12610,11756,854
-12610,11756,854
-12610,11756,854
-12610,11756,854
-12610,11756,854
-12610,11756,854
-12610,11756,854
-12610,11756,854
-12610,11756,854
-12610,11756,854
-12610,11756,854
-12610,11756,854
-12610,11756,854
-12610,11756,854
-12610,11756,854
-12610,11756,854
-12610,11756,854
-12610,11756,854
-12610,11756,854
-12610,11756,854
-12610,11756,854
-12610,11756,854
-12610,11756,854
-12610,11756,854
-12610,11756,854
-12610,11756,854
-12610,11756,854
-12610,11756,854
-12610,11756,854
-12610,11756,854
-12610,11756,854
-12610,11756,854
-12610,11756,854
-12610,11756,854
-12610,11756,854
-12610,11756,854
-12610,11756,854
-12610,11756,854
-12610,11756,854
-12610,11756,854
-12610,11756,854
-12610,11756,854
-12610,11756,854
-12610,11756,854
-12610,11756,854
-12610,11756,854
-12610,11756,854
-12610,11756,854
-12610,11756,854
-12610,11756,854
-12610,11756,854
-12610,11756,854
-12610,11756,854
-12610,11756,854
-12610,11756,854
-12610,11756,854
-12610,11756,854
-12610,11756,854
-12610,11756,854
-12610,11756,854
-12610,11756,854
-12610,11756,854
-12610,11756,854
-12610,11756,854
-12610,11756,854
-12610,11756,854
-12610,11756,854
-12610,11756,854
-12610,11756,854
-12610,11756,854
-12610,11756,854
-12610,11756,854
-12610,11756,854
-12610,11756,854
-12610,11756,854
-12610,11756,854
-12610,11756,854
-12610,11756,854
-12610,11756,854
-12610,11756,854
-12610,11756,854
-12610,11756,854
-12610,11756,854
-12610,11756,854
-12610,11756,854
-12610,11756,854
-12610,11756,854
-12610,11756,854
-12610,11756,854
-12610,11756,854
-12610,11756,854
-12610,11756,854
-12610,11756,854
-12610,11756,854
-12610,11756,854
-12610,11756,854
-12610,11756,854
-12610,11756,854
-12610,11756,854
-12610,11756,854
-12610,11756,854
-12610,11756,854
-12610,11756,854
-12610,11756,854
-12610,11756,854
-12610,11756,854
-12610,11756,854
-12610,11756,854
-12610,11756,854
-12610,11756,854
-12610,11756,854
-12610,11756,854
-12610,11756,854
-12610,11756,854
-12610,11756,854
-12610,11756,854
-12610,11756,854
-12610,11756,854
-12610,11756,854
-12610,11756,854
-12610,11756,854
-12610,11756,854
-12610,11756,854
-12610,11756,854
-12610,11756,854
-12610,11756,854
-12610,11756,854
-12610,11756,854
-12610,11756,854
-12610,11756,854
-12610,11756,854
-12610,11756,854
-12610,11756,854
-12610,11756,854
-12610,11756,854
-12610,11756,854
-12610,11756,854
-12610,11756,854
-12610,11756,854
-12610,11756,854
-12610,11756,854
-12610,11756,854
-12610,11756,854
-12610,11756,854
-12610,11756,854
-12610,11756,854
-12610,11756,854
-12610,11756,854
-12610,11756,854
-12610,11756,854
-12610,11756,854
-12610,11756,854
-12610,11756,854
-12610,11756,854
-12610,11756,854
-12610,11756,854
-12610,11756,854
-12610,11756,854
-12610,11756,854
-12610,11756,854
-12610,11756,854
-12610,11756,854
-12610,11756,854
-12610,11756,854
-12610,11756,854
-12610,11756,854
-12610,11756,854
-12610,11756,854
-12610,11756,854
-12610,11756,854
-12610,11756,854
-12610,11756,854
-12610,11756,854
-12610,11756,854
-12610,11756,854
-12610,11756,854
-12610,11756,854
-12610,11756,854
-12610,11756,854
-12610,11756,854
-12610,11756,854
-12610,11756,854
-12610,11756,854
-12610,11756,854
-12610,11756,854
-12610,11756,854
-12610,11756,854
-12610,11756,854
-12610,11756,854
-12610,11756,854
-12610,11756,854
-12610,11756,854
-12610,11756,854
-12610,11756,854
-12610,11756,854
-12610,11756,854
-12610,11756,854
-12610,11756,854
-12610,11756,854
-12610,11756,854
-12610,11756,854
-12610,11756,854
-12610,11756,854
-12610,11756,854
-12610,11756,854
-12610,11756,854
-12610,11756,854
-12610,11756,854
-12610,11756,854
-12610,11756,854
-12610,11756,854
-12610,11756,854
-12610,11756,854
-12610,11756,854
-12610,11756,854
-12610,11756,854
-12610,11756,854
-12610,11756,854
-12610,11756,854
-12610,11756,854
-12610,11756,854
-12610,11756,854
-12610,11756,854
-12610,11756,854
-12610,11756,854
-12610,11756,854
-12610,11756,854
-12610,11756,854
-12610,11756,854
-12610,11756,854
-12610,11756,854
-12610,11756,854
-12610,11756,854
-12610,11756,854
-12610,11756,854
-12610,11756,854
-12610,11756,854
-12610,11756,854
-12610,11756,854
-12610,11756,854
-12610,11756,854
-12610,11756,854
-12610,11756,854
-12610,11756,854
-12610,11756,854
-12610,11756,854
-12610,11756,854
-12610,11756,854
-12610,11756,854
-12610,11756,854
-12610,11756,854
-12610,11756,854
-12610,11756,854
-12610,11756,854
-12610,11756,854
-12610,11756,854
-12610,11756,854
-12610,11756,854
-12610,11756,854
-12610,11756,854
-12610,11756,854
-12610,11756,854
-12610,11756,854
-12610,11756,854
-12610,11756,854
-12610,11756,854
-12610,11756,854
-12610,11756,854
-12610,11756,854
-12610,11756,854
-12610,11756,854
-12610,11756,854
-12610,11756,854
-12610,11756,854
-12610,11756,854
-12610,11756,854
-12610,11756,854
-12610,11756,854
-12610,11756,854
-12610,11756,854
-12610,11756,854
-12610,11756,854
-12610,11756,854
-12610,11756,854
-12610,11756,854
-12610,11756,854
-12610,11756,854
-12610,11756,854
-12610,11756,854
-12610,11756,854
-12610,11756,854
-12610,11756,854
-12610,11756,854
-12610,11756,854
-12610,11756,854
-12610,11756,854
-12610,11756,854
-12610,11756,854
-12610,11756,854
-12610,11756,854
-12610,11756,854
-12610,11756,854
-12610,11756,854
-12610,11756,854
-12610,11756,854
-12610,11756,854
-12610,11756,854
-12610,11756,854
-12610,11756,854
-12610,11756,854
-12610,11756,854
-12610,11756,854
-12610,11756,854
-12610,11756,854
-12610,11756,854
-12610,11756,854
-12610,11756,854
-12610,11756,854
-12610,11756,854
-12610,11756,854
-12610,11756,854
-12610,11756,854
-12610,11756,854
-12610,11756,854
-12610,11756,854
-12610,11756,854
-12610,11756,854
-12610,11756,854
-12610,11756,854
-12610,11756,854
-12610,11756,854
-12610,11756,854
-12610,11756,854
-12610,11756,854
-12610,11756,854
-12610,11756,854
-12610,11756,854
-12610,11756,854
-12610,11756,854
-12610,11756,854
-12610,11756,854
-12610,11756,854
-12610,11756,854
-12610,11756,854
-12610,11756,854
-12610,11756,854
-12610,11756,854
-12610,11756,854
-12610,11756,854
-12610,11756,854
-12610,11756,854
-12610,11756,854
-12610,11756,854
-12610,11756,854
-12610,11756,854
-12610,11756,854
-12610,11756,854
-12610,11756,854
-12610,11756,854
-12610,11756,854
-12610,11756,854
-12610,11756,854
-12610,11756,854
-12610,11756,854
-12610,11756,854
-12610,11756,854
-12610,11756,854
-12610,11756,854
-12610,11756,854
-12610,11756,854
-12610,11756,854
-12610,11756,854
-12610,11756,854
-12610,11756,854
-12610,11756,854
-12610,11756,854
-12610,11756,854
-12610,11756,854
-12610,11756,854
-12610,11756,854
-12610,11756,854
-12610,11756,854
-12610,11756,854
-12610,11756,854
-12610,11756,854
-12610,11756,854
-12610,11756,854
-12610,11756,854
-12610,11756,854
-12610,11756,854
-12610,11756,854
-12610,11756,854
-12610,11756,854
-12610,11756,854
-12610,11756,854
-12610,11756,854
-12610,11756,854
-12610,11756,854
-12610,11756,854
-12610,11756,854
-12610,11756,854
-12610,11756,854
-12610,11756,854
-12610,11756,854
-12610,11756,854
-12610,11756,854
-12610,11756,854
-12610,11756,854
-12610,11756,854
-12610,11756,854
-12610,11756,854
-12610,11756,854
-12610,11756,854
-12610,11756,854
-12610,11756,854
-12610,11756,854
-12610,11756,854
-12610,11756,854
-12610,11756,854
-12610,11756,854
-12610,11756,854
-12610,11756,854
-12610,11756,854
-12610,11756,854
-12610,11756,854
-12610,11756,854
-12610,11756,854
-12610,11756,854
-12610,11756,854
-12610,11756,854
-12610,11756,854
-12610,11756,854
-12610,11756,854
-12610,11756,854
-12610,11756,854
-12610,11756,854
-12610,11756,854
-12610,11756,854
-12610,11756,854
-12610,11756,854
-12610,11756,854
-12610,11756,854
-12610,11756,854
-12610,11756,854
-12610,11756,854
-12610,11756,854
-12610,11756,854
-12610,11756,854
-12610,11756,854
-12610,11756,854
-12610,11756,854
-12610,11756,854
-12610,11756,854
-12610,11756,854
-12610,11756,854
-12610,11756,854
-12610,11756,854
-12610,11756,854
-12610,11756,854
-12610,11756,854
-12610,11756,854
-12610,11756,854
-12610,11756,854
-12610,11756,854
-12610,11756,854
-12610,11756,854
-12610,11756,854
-12610,11756,854
-12610,11756,854
-12610,11756,854
-12610,11756,854
-12610,11756,854
-12610,11756,854
-12610,11756,854
-12610,11756,854
-12610,11756,854
-12610,11756,854
-12610,11756,854
-12610,11756,854
-12610,11756,854
-12610,11756,854
-12610,11756,854
-12610,11756,854
-12610,11756,854
-12610,11756,854
-12610,11756,854
-12610,11756,854
-12610,11756,854
-12610,11756,854
-12610,11756,854
-12610,11756,854
-12610,11756,854
-12610,11756,854
-12610,11756,854
-12610,11756,854
-12610,11756,854
-12610,11756,854
-12610,11756,854
-12610,11756,854
-12610,11756,854
-12610,11756,854
-12610,11756,854
-12610,11756,854
-12610,11756,854
-12610,11756,854
-12610,11756,854
-12610,11756,854
-12610,11756,854
-12610,11756,854
-12610,11756,854
-12610,11756,854
-12610,11756,854
-12610,11756,854
-12610,11756,854
-12610,11756,854
-12610,11756,854
-12610,11756,854
-12610,11756,854
-12610,11756,854
-12610,11756,854
-12610,11756,854
-12610,11756,854
-12610,11756,854
-12610,11756,854
-12610,11756,854
-12610,11756,854
-12610,11756,854
-12610,11756,854
-12610,11756,854
-12610,11756,854
-12610,11756,854
-12610,11756,854
-12610,11756,854
-12610,11756,854
-12610,11756,854
-12610,11756,854
-12610,11756,854
-12610,11756,854
-12610,11756,854
-12610,11756,854
-12610,11756,854
-12610,11756,854
-12610,11756,854
-12610,11756,854
-12610,11756,854
-12610,11756,854
-12610,11756,854
-12610,11756,854
-12610,11756,854
-12610,11756,854
-12610,11756,854
-12610,11756,854
-12610,11756,854
-12610,11756,854
-12610,11756,854
-12610,11756,854
-12610,11756,854
-12610,11756,854
-12610,11756,854
-12610,11756,854
-12610,11756,854
-12610,11756,854
-12610,11756,854
-12610,11756,854
-12610,11756,854
-12610,11756,854
-12610,11756,854
-12610,11756,854
-12610,11756,854
-12610,11756,854
-12610,11756,854
-12610,11756,854
-12610,11756,854
-12610,11756,854
-12610,11756,854
-12610,11756,854
-12610,11756,854
-12610,11756,854
-12610,11756,854
-12610,11756,854
-12610,11756,854
-12610,11756,854
-12610,11756,854
-12610,11756,854
-12610,11756,854
-12610,11756,854
-12610,11756,854
-12610,11756,854
-12610,11756,854
-12610,11756,854
-12610,11756,854
-12610,11756,854
-12610,11756,854
-12610,11756,854
-12610,11756,854
-12610,11756,854
-12610,11756,854
-12610,11756,854
-12610,11756,854
-12610,11756,854
-12610,11756,854
-12610,11756,854
-12610,11756,854
-12610,11756,854
-12610,11756,854
-12610,11756,854
-12610,11756,854
-12610,11756,854
-12610,11756,854
-12610,11756,854
-12610,11756,854
-12610,11756,854
-12610,11756,854
-12610,11756,854
-12610,11756,854
-12610,11756,854
-12610,11756,854
-12610,11756,854
-12610,11756,854
-12610,11756,854
-12610,11756,854
-12610,11756,854
-12610,11756,854
-12610,11756,854
-12610,11756,854
-12610,11756,854
-12610,11756,854
-12610,11756,854
-12610,11756,854
-12610,11756,854
-12610,11756,854
-12610,11756,854
-12610,11756,854
-12610,11756,854
-12610,11756,854
-12610,11756,854
-12610,11756,854
-12610,11756,854
-12610,11756,854
-12610,11756,854
-12610,11756,854
-12610,11756,854
-12610,11756,854
-12610,11756,854
-12610,11756,854
-12610,11756,854
-12610,11756,854
-12610,11756,854
-12610,11756,854
-12610,11756,854
-12610,11756,854
-12610,11756,854
-12610,11756,854
-12610,11756,854
-12610,11756,854
-12610,11756,854
-12610,11756,854
-12610,11756,854
-12610,11756,854
-12610,11756,854
-12610,11756,854
-12610,11756,854
-12610,11756,854
-12610,11756,854
-12610,11756,854
-12610,11756,854
-12610,11756,854
-12610,11756,854
-12610,11756,854
-12610,11756,854
-12610,11756,854
-12610,11756,854
-12610,11756,854
-12610,11756,854
-12610,11756,854
-12610,11756,854
-12610,11756,854
-12610,11756,854
-12610,11756,854
-12610,11756,854
-12610,11756,854
-12610,11756,854
-12610,11756,854
-12610,11756,854
-12610,11756,854
-12610,11756,854
-12610,11756,854
-12610,11756,854
-12610,11756,854
-12610,11756,854
-12610,11756,854
-12610,11756,854
-12610,11756,854
-12610,11756,854
-12610,11756,854
-12610,11756,854
-12610,11756,854
-12610,11756,854
-12610,11756,854
-12610,11756,854
-12610,11756,854
-12610,11756,854
-12610,11756,854
-12610,11756,854
-12610,11756,854
-12610,11756,854
-12610,11756,854
-12610,11756,854
-12610,11756,854
-12610,11756,854
-12610,11756,854
-12610,11756,854
-12610,11756,854
-12610,11756,854
-12610,11756,854
-12610,11756,854
-12610,11756,854
-12610,11756,854
-12610,11756,854
-12610,11756,854
-12610,11756,854
-12610,11756,854
-12610,11756,854
-12610,11756,854
-12610,11756,854
-12610,11756,854
-12610,11756,854
-12610,11756,854
-12610,11756,854
-12610,11756,854
-12610,11756,854
-12610,11756,854
-12610,11756,854
-12610,11756,854
-12610,11756,854
-12610,11756,854
-12610,11756,854
-12610,11756,854
-12610,11756,854
-12610,11756,854
-12610,11756,854
-12610,11756,854
-12610,11756,854
-12610,11756,854
-12610,11756,854
-12610,11756,854
-12610,11756,854
-12610,11756,854
-12610,11756,854
-12610,11756,854
-12610,11756,854
-12610,11756,854
-12610,11756,854
-12610,11756,854
-12610,11756,854
-12610,11756,854
-12610,11756,854
-12610,11756,854
-12610,11756,854
-12610,11756,854
-12610,11756,854
-12610,11756,854
-12610,11756,854
-12610,11756,854
-12610,11756,854
-12610,11756,854
-12610,11756,854
-12610,11756,854
-12610,11756,854
-12610,11756,854
-12610,11756,854
-12610,11756,854
-12610,11756,854
-12610,11756,854
-12610,11756,854
-12610,11756,854
-12610,11756,854
-12610,11756,854
-12610,11756,854
-12610,11756,854
-12610,11756,854
-12610,11756,854
-12610,11756,854
-12610,11756,854
-12610,11756,854
-12610,11756,854
-12610,11756,854
-12610,11756,854
-12610,11756,854
-12610,11756,854
-12610,11756,854
-12610,11756,854
-12610,11756,854
-12610,11756,854
-12610,11756,854
-12610,11756,854
-12610,11756,854
-12610,11756,854
-12610,11756,854
-12610,11756,854
-12610,11756,854
-12610,11756,854
-12610,11756,854
-12610,11756,854
-12610,11756,854
-12610,11756,854
-12610,11756,854
-12610,11756,854
-12610,11756,854
-12610,11756,854
-12610,11756,854
-12610,11756,854
-12610,11756,854
-12610,11756,854
-12610,11756,854
-12610,11756,854
-12610,11756,854
-12610,11756,854
-12610,11756,854
-12610,11756,854
-12610,11756,854
-12610,11756,854
-12610,11756,854
-12610,11756,854
-12610,11756,854
-12610,11756,854
-12610,11756,854
-12610,11756,854
-12610,11756,854
-12610,11756,854
-12610,11756,854
-12610,11756,854
-12610,11756,854
-12610,11756,854
-12610,11756,854
-12610,11756,854
-12610,11756,854
-12610,11756,854
-12610,11756,854
-12610,11756,854
-12610,11756,854
-12610,11756,854
-12610,11756,854
-12610,11756,854
-12610,11756,854
-12610,11756,854
-12610,11756,854
-12610,11756,854
-12610,11756,854
-12610,11756,854
-12610,11756,854
-12610,11756,854
-12610,11756,854
-12610,11756,854
-12610,11756,854
-12610,11756,854
-12610,11756,854
-12610,11756,854
-12610,11756,854
-12610,11756,854
-12610,11756,854
-12610,11756,854
-12610,11756,854
-12610,11756,854
-12610,11756,854
-12610,11756,854
-12610,11756,854
-12610,11756,854
-12610,11756,854
-12610,11756,854
-12610,11756,854
-12610,11756,854
-12610,11756,854
-12610,11756,854
-12610,11756,854
-12610,11756,854
-12610,11756,854
-12610,11756,854
-12610,11756,854
-12610,11756,854
-12610,11756,854
-12610,11756,854
-12610,11756,854
-12610,11756,854
-12610,11756,854
-12610,11756,854
-12610,11756,854
-12610,11756,854
-12610,11756,854
-12610,11756,854
-12610,11756,854
-12610,11756,854
-12610,11756,854
-12610,11756,854
-12610,11756,854
-12610,11756,854
-12610,11756,854
-12610,11756,854
-12610,11756,854
-12610,11756,854
-12610,11756,854
-12610,11756,854
-12610,11756,854
-12610,11756,854
-12610,11756,854
-12610,11756,854
-12610,11756,854
-12610,11756,854
-12610,11756,854
-12610,11756,854
-12610,11756,854
-12610,11756,854
-12610,11756,854
-12610,11756,854
-12610,11756,854
-12610,11756,854
-12610,11756,854
-12610,11756,854
-12610,11756,854
-12610,11756,854
-12610,11756,854
-12610,11756,854
-12610,11756,854
-12610,11756,854
-12610,11756,854
-12610,11756,854
-12610,11756,854
-12610,11756,854
-12610,11756,854
-12610,11756,854
-12610,11756,854
-12610,11756,854
-12610,11756,854
-12610,11756,854
-12610,11756,854
-12610,11756,854
-12610,11756,854
-12610,11756,854
-12610,11756,854
-12610,11756,854
-12610,11756,854
-12610,11756,854
-12610,11756,854
-12610,11756,854
-12610,11756,854
-12610,11756,854
-12610,11756,854
-12610,11756,854
-12610,11756,854
-12610,11756,854
-12610,11756,854
-12610,11756,854
-12610,11756,854
-12610,11756,854
-12610,11756,854
-12610,11756,854
-12610,11756,854
-12610,11756,854
-12610,11756,854
-12610,11756,854
-12610,11756,854
-12610,11756,854
-12610,11756,854
-12610,11756,854
-12610,11756,854
-12610,11756,854
-12610,11756,854
-12610,11756,854
-12610,11756,854
-12610,11756,854
-12610,11756,854
-12610,11756,854
-12610,11756,854
-12610,11756,854
-12610,11756,854
-12610,11756,854
-12610,11756,854
-12610,11756,854
-12610,11756,854
-12610,11756,854
-12610,11756,854
-12610,11756,854
-12610,11756,854
-12610,11756,854
-12610,11756,854
-12610,11756,854
-12610,11756,854
-12610,11756,854
-12610,11756,854
-12610,11756,854
-12610,11756,854
-12610,11756,854
-12610,11756,854
-12610,11756,854
-12610,11756,854
-12610,11756,854
-12610,11756,854
-12610,11756,854
-12610,11756,854
-12610,11756,854
-12610,11756,854
-12610,11756,854
-12610,11756,854
-12610,11756,854
-12610,11756,854
-12610,11756,854
-12610,11756,854
-12610,11756,854
-12610,11756,854
-12610,11756,854
-12610,11756,854
-12610,11756,854
-12610,11756,854
-12610,11756,854
-12610,11756,854
-12610,11756,854
-12610,11756,854
-12610,11756,854
-12610,11756,854
-12610,11756,854
-12610,11756,854
-12610,11756,854
-12610,11756,854
-12610,11756,854
-12610,11756,854
-12610,11756,854
-12610,11756,854
-12610,11756,854
-12610,11756,854
-12610,11756,854
-12610,11756,854
-12610,11756,854
-12610,11756,854
-12610,11756,854
-12610,11756,854
-12610,11756,854
-12610,11756,854
-12610,11756,854
-12610,11756,854
-12610,11756,854
-12610,11756,854
-12610,11756,854
-12610,11756,854
-12610,11756,854
-12610,11756,854
-12610,11756,854
-12610,11756,854
-12610,11756,854
-12610,11756,854
-12610,11756,854
-12610,11756,854
-12610,11756,854
-12610,11756,854
-12610,11756,854
-12610,11756,854
-12610,11756,854
-12610,11756,854
-12610,11756,854
-12610,11756,854
-12610,11756,854
-12610,11756,854
-12610,11756,854
-12610,11756,854
-12610,11756,854
-12610,11756,854
-12610,11756,854
-12610,11756,854
-12610,11756,854
-12610,11756,854
-12610,11756,854
-12610,11756,854
-12610,11756,854
-12610,11756,854
-12610,11756,854
-12610,11756,854
-12610,11756,854
-12610,11756,854
-12610,11756,854
-12610,11756,854
-12610,11756,854
-12610,11756,854
-12610,11756,854
-12610,11756,854
-12610,11756,854
-12610,11756,854
-12610,11756,854
-12610,11756,854
-12610,11756,854
-12610,11756,854
-12610,11756,854
-12610,11756,854
-12610,11756,854
-12610,11756,854
-12610,11756,854
-12610,11756,854
-12610,11756,854
-12610,11756,854
-12610,11756,854
-12610,11756,854
-12610,11756,854
-12610,11756,854
-12610,11756,854
-12610,11756,854
-12610,11756,854
-12610,11756,854
-12610,11756,854
-12610,11756,854
-12610,11756,854
-12610,11756,854
-12610,11756,854
-12610,11756,854
-12610,11756,854
-12610,11756,854
-12610,11756,854
-12610,11756,854
-12610,11756,854
-12610,11756,854
-12610,11756,854
-12610,11756,854
-12610,11756,854
-12610,11756,854
-12610,11756,854
-12610,11756,854
-12610,11756,854
-12610,11756,854
-12610,11756,854
-12610,11756,854
-12610,11756,854
-12610,11756,854
-12610,11756,854
-12610,11756,854
-12610,11756,854
-12610,11756,854
-12610,11756,854
-12610,11756,854
-12610,11756,854
-12610,11756,854
-12610,11756,854
-12610,11756,854
-12610,11756,854
-12610,11756,854
-12610,11756,854
-12610,11756,854
-12610,11756,854
-12610,11756,854
-12610,11756,854
-12610,11756,854
-12610,11756,854
-12610,11756,854
-12610,11756,854
-12610,11756,854
-12610,11756,854
-12610,11756,854
-12610,11756,854
-12610,11756,854
-12610,11756,854
-12610,11756,854
-12610,11756,854
-12610,11756,854
-12610,11756,854
-12610,11756,854
-12610,11756,854
-12610,11756,854
-12610,11756,854
-12610,11756,854
-12610,11756,854
-12610,11756,854
-12610,11756,854
-12610,11756,854
-12610,11756,854
-12610,11756,854
-12610,11756,854
-12610,11756,854
-12610,11756,854
-12610,11756,854
-12610,11756,854
-12610,11756,854
-12610,11756,854
-12610,11756,854
-12610,11756,854
-12610,11756,854
-12610,11756,854
-12610,11756,854
-12610,11756,854
-12610,11756,854
-12610,11756,854
-12610,11756,854
-12610,11756,854
-12610,11756,854
-12610,11756,854
-12610,11756,854
-12610,11756,854
-12610,11756,854
-12610,11756,854
-12610,11756,854
-12610,11756,854
-12610,11756,854
-12610,11756,854
-12610,11756,854
-12610,11756,854
-12610,11756,854
-12610,11756,854
-12610,11756,854
-12610,11756,854
-12610,11756,854
-12610,11756,854
-12610,11756,854
-12610,11756,854
-12610,11756,854
-12610,11756,854
-12610,11756,854
-12610,11756,854
-12610,11756,854
-12610,11756,854
-12610,11756,854
-12610,11756,854
-12610,11756,854
-12610,11756,854
-12610,11756,854
-12610,11756,854
-12610,11756,854
-12610,11756,854
-12610,11756,854
-12610,11756,854
-12610,11756,854
-12610,11756,854
-12610,11756,854
-12610,11756,854
-12610,11756,854
-12610,11756,854
-12610,11756,854
-12610,11756,854
-12610,11756,854
-12610,11756,854
-12610,11756,854
-12610,11756,854
-12610,11756,854
-12610,11756,854
-12610,11756,854
-12610,11756,854
-12610,11756,854
-12610,11756,854
-12610,11756,854
-12610,11756,854
-12610,11756,854
-12610,11756,854
-12610,11756,854
-12610,11756,854
-12610,11756,854
-12610,11756,854
-12610,11756,854
-12610,11756,854
-12610,11756,854
-12610,11756,854
-12610,11756,854
-12610,11756,854
-12610,11756,854
-12610,11756,854
-12610,11756,854
-12610,11756,854
-12610,11756,854
-12610,11756,854
-12610,11756,854
-12610,11756,854
-12610,11756,854
-12610,11756,854
-12610,11756,854
-12610,11756,854
-12610,11756,854
-12610,11756,854
-12610,11756,854
-12610,11756,854
-12610,11756,854
-12610,11756,854
-12610,11756,854
-12610,11756,854
-12610,11756,854
-12610,11756,854
-12610,11756,854
-12610,11756,854
-12610,11756,854
-12610,11756,854
-12610,11756,854
-12610,11756,854
-12610,11756,854
-12610,11756,854
-12610,11756,854
-12610,11756,854
-12610,11756,854
-12610,11756,854
-12610,11756,854
-12610,11756,854
-12610,11756,854
-12610,11756,854
-12610,11756,854
-12610,11756,854
-12610,11756,854
-12610,11756,854
-12610,11756,854
-12610,11756,854
-12610,11756,854
-12610,11756,854
-12610,11756,854
-12610,11756,854
-12610,11756,854
-12610,11756,854
-12610,11756,854
-12610,11756,854
-12610,11756,854
-12610,11756,854
-12610,11756,854
-12610,11756,854
-12610,11756,854
-12610,11756,854
-12610,11756,854
-12610,11756,854
-12610,11756,854
-12610,11756,854
-12610,11756,854
-12610,11756,854
-12610,11756,854
-12610,11756,854
-12610,11756,854
-12610,11756,854
-12610,11756,854
-12610,11756,854
-12610,11756,854
-12610,11756,854
-12610,11756,854
-12610,11756,854
-12610,11756,854
-12610,11756,854
-12610,11756,854
-12610,11756,854
-12610,11756,854
-12610,11756,854
-12610,11756,854
-12610,11756,854
-12610,11756,854
-12610,11756,854
-12610,11756,854
-12610,11756,854
-12610,11756,854
-12610,11756,854
-12610,11756,854
-12610,11756,854
-12610,11756,854
-12610,11756,854
-12610,11756,854
-12610,11756,854
-12610,11756,854
-12610,11756,854
-12610,11756,854
-12610,11756,854
-12610,11756,854
-12610,11756,854
-12610,11756,854
-12610,11756,854
-12610,11756,854
-12610,11756,854
-12610,11756,854
-12610,11756,854
-12610,11756,854
-12610,11756,854
-12610,11756,854
-12610,11756,854
-12610,11756,854
-12610,11756,854
-12610,11756,854
-12610,11756,854
-12610,11756,854
-12610,11756,854
-12610,11756,854
-12610,11756,854
-12610,11756,854
-12610,11756,854
-12610,11756,854
-12610,11756,854
-12610,11756,854
-12610,11756,854
-12610,11756,854
-12610,11756,854
-12610,11756,854
-12610,11756,854
-12610,11756,854
-12610,11756,854
-12610,11756,854
-12610,11756,854
-12610,11756,854
-12610,11756,854
-12610,11756,854
-12610,11756,854
-12610,11756,854
-12610,11756,854
-12610,11756,854
-12610,11756,854
-12610,11756,854
-12610,11756,854
-12610,11756,854
-12610,11756,854
-12610,11756,854
-12610,11756,854
-12610,11756,854
-12610,11756,854
-12610,11756,854
-12610,11756,854
-12610,11756,854
-12610,11756,854
-12610,11756,854
-12610,11756,854
-12610,11756,854
-12610,11756,854
-12610,11756,854
-12610,11756,854
-12610,11756,854
-12610,11756,854
-12610,11756,854
-12610,11756,854
-12610,11756,854
-12610,11756,854
-12610,11756,854
-12610,11756,854
-12610,11756,854
-12610,11756,854
-12610,11756,854
-12610,11756,854
-12610,11756,854
-12610,11756,854
-12610,11756,854
-12610,11756,854
-12610,11756,854
-12610,11756,854
-12610,11756,854
-12610,11756,854
-12610,11756,854
-12610,11756,854
-12610,11756,854
-12610,11756,854
-12610,11756,854
-12610,11756,854
-12610,11756,854
-12610,11756,854
-12610,11756,854
-12610,11756,854
-12610,11756,854
-12610,11756,854
-12610,11756,854
-12610,11756,854
-12610,11756,854
-12610,11756,854
-12610,11756,854
-12610,11756,854
-12610,11756,854
-12610,11756,854
-12610,11756,854
-12610,11756,854
-12610,11756,854
-12610,11756,854
-12610,11756,854
-12610,11756,854
-12610,11756,854
-12610,11756,854
-12610,11756,854
-12610,11756,854
-12610,11756,854
-12610,11756,854
-12610,11756,854
-12610,11756,854
-12610,11756,854
-12610,11756,854
-12610,11756,854
-12610,11756,854
-12610,11756,854
-12610,11756,854
-12610,11756,854
-12610,11756,854
-12610,11756,854
-12610,11756,854
-12610,11756,854
-12610,11756,854
-12610,11756,854
-12610,11756,854
-12610,11756,854
-12610,11756,854
-12610,11756,854
-12610,11756,854
-12610,11756,854
-12610,11756,854
-12610,11756,854
-12610,11756,854
-12610,11756,854
-12610,11756,854
-12610,11756,854
-12610,11756,854
-12610,11756,854
-12610,11756,854
-12610,11756,854
-12610,11756,854
-12610,11756,854
-12610,11756,854
-12610,11756,854
-12610,11756,854
-12610,11756,854
-12610,11756,854
-12610,11756,854
-12610,11756,854
-12610,11756,854
-12610,11756,854
-12610,11756,854
-12610,11756,854
-12610,11756,854
-12610,11756,854
-12610,11756,854
-12610,11756,854
-12610,11756,854
-12610,11756,854
-12610,11756,854
-12610,11756,854
-12610,11756,854
-12610,11756,854
-12610,11756,854
-12610,11756,854
-12610,11756,854
-12610,11756,854
-12610,11756,854
-12610,11756,854
-12610,11756,854
-12610,11756,854
-12610,11756,854
-12610,11756,854
-12610,11756,854
-12610,11756,854
-12610,11756,854
-12610,11756,854
-12610,11756,854
-12610,11756,854
-12610,11756,854
-12610,11756,854
-12610,11756,854
-12610,11756,854
-12610,11756,854
-12610,11756,854
-12610,11756,854
-12610,11756,854
-12610,11756,854
-12610,11756,854
-12610,11756,854
-12610,11756,854
-12610,11756,854
-12610,11756,854
-12610,11756,854
-12610,11756,854
-12610,11756,854
-12610,11756,854
-12610,11756,854
-12610,11756,854
-12610,11756,854
-12610,11756,854
-12610,11756,854
-12610,11756,854
-12610,11756,854
-12610,11756,854
-12610,11756,854
-12610,11756,854
-12610,11756,854
-12610,11756,854
-12610,11756,854
-12610,11756,854
-12610,11756,854
-12610,11756,854
-12610,11756,854
