I0,I1,I2,I3,I4,I5
70,0,0,0,0,0
6797,6836,5162,-983,774,209
5930,6836,5163,-556,610,-54
5292,6707,5649,24,412,-436
5055,6944,6073,945,12,-957
5012,6986,6271,1403,-603,-800
5108,6858,6890,1225,-757,-468
5013,6150,6987,846,-706,-140
5161,5482,6838,468,-526,58
5816,5251,6748,275,-596,321
6614,5386,6473,-193,-633,826
6738,5260,5938,-919,-500,1419
6842,5156,5780,-1275,-202,1477
6974,5026,5669,-1313,344,969
6984,5191,5013,-1291,1162,129
7048,6077,4950,-1225,1264,-39
6807,6837,5162,-989,1030,-41
5923,6828,5171,-700,851,-151
5369,6630,5654,-200,672,-472
5208,6790,6336,257,730,-987
5190,6810,6787,1107,459,-1566
5103,6723,6896,1396,122,-1518
4993,6454,7005,1254,-502,-752
5054,5532,6944,1026,-1018,-8
5697,5146,6852,905,-957,52
6356,5310,6688,510,-729,219
6719,5280,6085,96,-580,484
6925,5072,5538,-862,-173,1035
6989,5011,5492,-1460,574,886
7014,5406,4984,-1397,1010,387
7000,6212,4999,-886,832,54
6658,6793,5206,-598,663,-65
5804,6704,5295,-386,771,-385
5320,6680,5825,134,831,-965
5207,6791,6379,849,594,-1443
5169,6829,6600,1273,334,-1607
5104,6895,6823,1331,-143,-1188
4973,6375,7026,1257,-1002,-255
5055,5522,6943,1001,-1052,51
5718,5153,6845,899,-976,77
6364,5332,6665,512,-727,215
6734,5264,6090,121,-521,400
6968,5030,5614,-929,6,923
6986,5013,5435,-1504,739,765
7044,5420,4955,-1476,1045,431
7023,6236,4975,-962,762,200
6632,6848,5150,-649,675,-26
5722,6732,5268,-388,606,-218
5305,6695,5969,213,699,-912
5217,6782,6432,911,649,-1560
5218,6781,6707,1262,497,-1759
5092,6712,6906,1291,203,-1494
5056,6456,6943,1152,-518,-634
5115,5572,6884,910,-1109,199
5729,5205,6794,1054,-1285,231
6355,5380,6618,676,-1021,345
6613,5387,6237,444,-835,391
6817,5180,5459,-319,-418,737
6925,5074,5532,-1460,327,1133
6915,5223,5083,-1559,937,622
7056,5961,4943,-1348,995,353
6894,6729,5106,-980,798,182
6046,6883,5116,-686,737,-51
5328,6670,5513,-178,541,-363
5147,6851,6336,425,573,-998
5112,6887,6589,1260,242,-1502
5156,6793,6843,1408,-128,-1280
5020,6362,6979,1025,-394,-631
5070,5626,6928,896,-767,-129
5519,5182,6816,785,-804,19
6219,5213,6785,547,-659,112
6820,5178,6356,-13,-232,245
7017,4982,5891,-925,348,577
6951,5048,5414,-1102,607,495
6955,5469,5044,-803,606,197
6873,6194,5125,-340,496,-156
6283,6623,5376,171,467,-638
5577,6552,5446,846,528,-1374
5266,6732,5407,1173,140,-1313
5064,6934,5493,1409,-1018,-391
4960,7038,6030,1247,-1275,28
4942,7057,6781,1263,-1371,108
4918,6315,7081,1093,-1341,248
5060,5377,6939,719,-912,193
5798,5159,6839,552,-732,180
6607,5391,6444,48,-637,589
6769,5230,5742,-630,-649,1279
6784,5215,5566,-1291,-345,1636
6874,5125,5528,-1426,161,1265
6921,5228,5078,-1267,882,385
7012,6043,4986,-1152,1111,41
6812,6749,5187,-887,891,-4
6025,6790,5210,-671,800,-129
5393,6605,5494,-250,684,-434
5137,6862,6208,340,450,-790
4997,7002,6342,1280,-214,-1066
5073,6925,6808,1311,-752,-559
4971,6253,7028,924,-863,-61
5097,5505,6902,567,-681,114
5755,5232,6766,473,-744,271
6551,5448,6522,100,-853,753
6765,5234,5855,-423,-738,1161
6819,5178,5591,-1190,-352,1542
6929,5069,5563,-1427,202,1225
6961,5189,5037,-1357,1007,350
7027,6034,4972,-1150,1123,27
6807,6789,5191,-882,892,-10
5992,6792,5205,-682,814,-132
5372,6627,5466,-347,670,-323
5123,6875,6252,343,378,-721
5012,6986,6348,1330,-261,-1069
5056,6942,6848,1481,-836,-645
4988,6239,7011,1136,-846,-290
5099,5516,6900,619,-614,-5
5704,5215,6783,508,-651,143
6558,5440,6552,73,-728,655
6805,5194,5884,-580,-602,1182
6891,5107,5775,-1306,-123,1429
6996,5003,5612,-1443,463,980
7000,5263,5000,-1357,1063,294
7028,6109,4971,-993,1016,-23
6706,6824,5175,-833,942,-109
5856,6772,5226,-499,826,-327
5333,6666,5700,-106,821,-715
5135,6863,6481,526,595,-1121
5172,6827,6680,1268,300,-1568
5108,6781,6890,1344,-47,-1297
5014,6307,6985,1187,-738,-449
5115,5483,6884,866,-965,99
5745,5204,6795,829,-1024,195
6373,5378,6620,502,-868,366
6692,5306,5976,-5,-647,652
6837,5161,5561,-1040,-266,1306
6935,5064,5636,-1500,372,1128
6937,5220,5061,-1435,1028,407
7044,6024,4954,-1249,1115,134
6858,6776,5140,-908,875,33
6020,6850,5149,-675,774,-99
5346,6653,5639,-70,540,-470
5182,6817,6383,533,645,-1178
5188,6811,6656,1187,448,-1635
5129,6791,6869,1358,138,-1496
5016,6571,6983,1252,-523,-729
5040,5648,6958,1005,-1050,45
5571,5179,6819,923,-969,46
6238,5306,6693,528,-773,245
6715,5283,6224,122,-561,439
6987,5013,5764,-902,58,844
7018,4981,5524,-1472,874,598
7033,5308,4966,-1444,1122,322
7052,6148,4947,-917,892,25
6677,6849,5150,-592,687,-95
5726,6736,5263,-299,682,-383
5297,6700,5947,273,782,-1055
5227,6771,6407,830,769,-1599
5239,6760,6751,1104,620,-1724
5070,6591,6928,1116,424,-1540
4979,6358,7019,1116,-213,-903
5087,5589,6912,1043,-1145,102
5725,5173,6826,1128,-1280,152
6366,5342,6656,763,-952,189
6674,5324,6270,480,-655,175
6940,5058,5507,-327,-141,468
6995,5004,5374,-1442,711,731
7059,5472,4940,-1557,1069,488
7031,6276,4968,-1058,772,286
6605,6875,5123,-714,697,17
5676,6760,5239,-404,631,-227
5299,6698,6012,165,675,-840
5221,6777,6534,749,762,-1511
5226,6709,6773,1158,630,-1788
5059,6469,6938,1202,472,-1674
4980,6142,7018,1112,73,-1185
5161,5654,6838,932,-915,-17
5699,5226,6772,1164,-1351,187
6327,5359,6639,814,-1069,255
6636,5362,6300,471,-676,205
6959,5039,5621,-417,-44,461
6992,5006,5482,-1536,938,598
7024,5321,4973,-1621,1158,463
7056,6116,4943,-1139,900,239
6746,6867,5131,-780,774,6
5808,6822,5176,-463,694,-231
5285,6714,5852,84,692,-776
5169,6830,6483,671,740,-1411
5203,6728,6796,1191,554,-1745
5044,6422,6955,1134,574,-1708
4911,6023,7087,994,343,-1337
5151,5672,6847,985,-701,-284
5788,5182,6817,1225,-1532,307
6428,5364,6635,852,-1134,282
6585,5413,6188,558,-851,293
6727,5272,5463,-55,-510,565
6877,5121,5400,-1291,172,1119
6893,5296,5106,-1549,913,636
7042,6011,4957,-1368,979,389
6891,6752,5107,-1021,749,272
6097,6902,5096,-792,744,48
5314,6685,5440,-237,503,-266
5222,6777,6276,213,715,-928
5175,6823,6819,782,686,-1468
5012,6490,6986,1114,508,-1622
4949,6001,7050,873,393,-1266
5141,5684,6857,626,-281,-345
5671,5297,6703,874,-1269,395
6243,5441,6557,717,-1221,504
6547,5451,6281,400,-778,378
6847,5151,5739,-510,-80,590
6903,5096,5794,-1460,959,501
6877,5122,5250,-1508,1227,281
7090,5618,4909,-1449,1218,231
7043,6423,4956,-1215,934,281
6441,6954,5044,-807,616,191
5470,6835,5162,-296,421,-125
5124,6874,5930,219,268,-487
5105,6893,6721,604,414,-1018
5054,6418,6944,580,745,-1325
5195,5943,6804,-22,842,-820
5375,5380,6624,-853,533,320
5827,5440,6559,-746,-40,786
6277,5449,6549,-436,-617,1053
6764,5235,6733,-558,2,556
6982,5017,6569,-907,1443,-536
7132,4866,5912,-1200,1812,-612
7034,4964,5129,-1450,1863,-413
7115,5807,4883,-1140,1593,-453
6908,6793,5091,-830,1030,-200
6052,6859,5139,-723,837,-114
5384,6614,5438,-385,693,-308
5202,6797,6219,87,628,-715
5133,6866,6727,1060,340,-1400
5106,6796,6891,1445,-37,-1408
5011,6338,6988,1157,-374,-783
5090,5616,6907,658,-741,83
5663,5211,6787,749,-1013,264
6330,5365,6633,549,-1039,490
6658,5341,6197,319,-862,543
6864,5135,5343,-547,-429,976
6916,5082,5465,-1539,207,1332
6934,5192,5064,-1534,844,690
7058,6019,4940,-1285,1013,272
6870,6803,5128,-954,864,90
5957,6876,5123,-620,758,-138
5324,6675,5537,-262,660,-398
5160,6838,6337,209,633,-842
5156,6723,6843,935,562,-1497
5039,6363,6960,1029,649,-1678
4961,5859,7038,686,636,-1322
5125,5492,6874,526,71,-597
5692,5312,6686,972,-1392,420
6300,5445,6554,904,-1403,499
6507,5493,6262,567,-980,413
6681,5318,5715,-69,-406,475
6899,5099,5821,-1273,479,794
6833,5166,5302,-1543,1169,374
7035,5601,4964,-1487,1219,268
7045,6364,4953,-1350,934,416
6593,6945,5053,-1089,750,339
5664,6904,5094,-483,477,6
5097,6901,5750,133,143,-276
5098,6901,6670,534,323,-857
5037,6491,6961,627,698,-1325
5075,5983,6924,274,818,-1092
5404,5402,6597,-664,501,163
5892,5568,6429,-910,-196,1106
6289,5550,6449,-646,-1028,1674
6548,5451,6477,-737,-396,1133
6802,5196,6722,-888,1041,-153
6918,5080,6273,-1011,1695,-684
7054,4945,5685,-1166,1751,-585
7041,5103,4958,-1593,1931,-338
7140,6100,4859,-1496,1694,-198
6807,6956,5042,-1091,981,110
5806,6956,5042,-747,743,4
5205,6794,5580,-288,458,-170
5177,6822,6444,-17,657,-640
5031,6586,6966,339,722,-1061
4917,6070,7083,845,670,-1515
4943,5490,7055,575,684,-1259
5301,5189,6809,624,86,-710
6073,5364,6634,850,-1272,422
6529,5470,6434,937,-1515,578
6598,5401,5979,519,-907,388
6829,5169,5249,-451,-296,747
6878,5120,5392,-1592,688,904
6991,5530,5007,-1577,1045,532
7078,6282,4920,-1408,860,548
6710,6944,5055,-1146,682,464
5711,6943,5057,-660,548,112
5106,6893,5636,-134,261,-127
5212,6786,6572,18,579,-597
5155,6485,6843,-46,913,-867
5148,5928,6850,-201,920,-719
5269,5351,6729,-708,794,-86
5724,5114,6884,-604,537,67
6220,5156,6843,-296,177,119
6551,5314,6685,289,-282,-7
6717,5282,6082,771,-526,-245
6751,5247,5475,361,-355,-6
7022,5266,4976,-708,302,406
7087,5892,4911,-1478,966,512
6974,6739,5024,-1581,751,830
6229,6975,5024,-1104,502,602
5418,6900,5098,-496,250,246
5112,6886,5919,30,-11,-19
5108,6891,6849,514,176,-690
5016,6310,6983,908,361,-1269
4967,5787,7032,609,801,-1410
5185,5259,6813,139,654,-793
5802,5383,6615,-60,-196,256
6192,5416,6582,297,-1272,975
6533,5465,6428,708,-1188,480
6662,5337,5832,304,-522,218
6982,5016,5632,-939,373,566
6867,5131,5133,-1689,1311,378
7100,5772,4898,-1612,1276,336
7011,6569,4988,-1205,878,327
6295,6975,5024,-909,780,129
5342,6768,5231,-338,509,-171
5185,6813,6208,142,556,-698
5196,6802,6753,296,921,-1217
4980,6398,7017,602,772,-1374
4995,5851,7003,426,704,-1130
5355,5433,6644,-161,193,-32
5978,5501,6498,-244,-1108,1352
6269,5516,6484,63,-1475,1412
6482,5517,6360,173,-903,730
6662,5337,6066,-72,-276,348
6927,5072,5920,-786,663,123
6867,5131,5436,-1424,1428,-4
6994,5451,5005,-1559,1471,88
7106,6181,4892,-1609,1224,385
6796,6947,5052,-1390,796,594
5886,7108,4891,-754,96,658
5035,6964,5090,-39,-773,812
4855,7144,6083,463,-792,329
5115,6818,6883,558,-331,-227
5351,5716,6648,-451,684,-233
5348,5378,6650,-1404,1223,181
5699,5248,6751,-1221,1129,92
6096,5121,6878,-946,957,-11
6643,5049,6950,-706,956,-250
7016,4982,6547,-600,1099,-499
7016,4982,6013,-169,767,-598
6718,5280,5549,530,829,-1359
6643,5974,5355,758,745,-1503
6510,6643,5355,853,194,-1047
6115,6970,5029,708,-895,187
5689,7004,4995,770,-1386,616
5021,7021,4977,724,-1380,656
4838,7160,5669,362,-1082,720
5100,6899,6361,-516,-788,1304
5196,6187,6803,-856,-717,1573
5394,5375,6623,-871,-352,1223
5983,4991,7007,-837,457,380
6451,5033,6966,-1056,1247,-191
6968,5032,6841,-1001,1221,-220
7104,4895,6118,-730,1033,-303
6931,5068,5495,-308,624,-316
6546,5679,5453,607,600,-1207
6469,6329,5529,1179,435,-1614
6169,6760,5239,1029,-251,-778
5934,6810,5188,842,-1147,305
5626,6847,5152,844,-1292,448
5128,6881,5118,671,-1206,535
4839,7159,5693,662,-1335,673
4895,7103,6515,721,-1304,583
4948,6448,7049,603,-1192,589
5146,5604,6853,291,-906,615
5903,5336,6664,-62,-886,948
6581,5418,6394,-570,-876,1446
6711,5287,6195,-1108,-399,1507
6919,5080,6464,-1390,578,812
6969,5029,5832,-1222,1181,41
6958,5040,5125,-1250,1327,-77
7070,5790,4929,-1316,1399,-83
6929,6636,5069,-1002,1017,-15
6214,6866,5133,-743,784,-41
5395,6603,5403,-243,557,-314
5142,6857,6213,540,410,-950
5049,6949,6211,1390,-196,-1194
5036,6963,6597,1460,-771,-689
4946,6504,7053,1403,-1087,-316
4993,5697,7006,1016,-815,-201
5417,5151,6847,664,-657,-7
6377,5308,6692,210,-565,355
6754,5245,6016,-386,-726,1112
6823,5176,5601,-1024,-516,1540
6889,5108,5378,-1315,-171,1486
6900,5130,5098,-1228,379,849
7008,5921,4992,-877,979,-102
6810,6672,5189,-783,971,-188
6064,6754,5244,-739,1021,-282
5474,6590,5408,-465,907,-442
5244,6756,6145,17,570,-587
5079,6919,6518,1100,114,-1214
5021,6977,6627,1502,-552,-950
4931,6443,7068,1432,-1079,-353
4981,5594,7017,981,-869,-112
5618,5094,6904,745,-767,22
6456,5283,6715,343,-571,228
6788,5211,6027,-116,-630,746
6857,5142,5405,-880,-442,1322
6854,5282,5145,-1194,-300,1494
7014,5689,4984,-1022,-244,1266
6971,6173,5027,-723,82,641
6694,6665,5304,-733,944,-211
5943,6687,5311,-873,1261,-388
5463,6536,5469,-610,996,-386
5291,6707,6151,-113,531,-418
5050,6947,6365,1076,-140,-936
5059,6940,6665,1583,-1003,-580
4930,6455,7068,1522,-1170,-352
4967,5639,7031,1066,-840,-226
5479,5086,6913,860,-801,-59
6411,5212,6787,420,-636,216
6747,5251,6030,-11,-688,699
6851,5148,5357,-391,-775,1166
6910,5433,5089,-992,-649,1641
6994,5883,5005,-853,-709,1562
7009,6437,4990,-489,-519,1008
6655,6488,5344,-634,547,87
5943,6667,5332,-1038,1586,-548
5533,6465,5553,-842,1339,-497
5446,6554,5974,-413,764,-351
5177,6821,6469,565,117,-682
5144,6854,6424,1507,-865,-642
5121,6700,6878,1527,-1135,-392
4875,6083,7124,1476,-1096,-380
5003,5243,6996,1463,-821,-642
5915,4961,7038,1071,-601,-470
6861,5040,6959,298,-81,-217
7042,4957,5898,-233,131,102
6865,5533,5134,-234,-484,718
6680,5978,5318,666,-1163,497
6683,6497,5316,1316,-1079,-237
6383,6775,5224,1064,-744,-320
5866,6874,5124,685,-553,-132
5331,6840,5158,549,-564,15
5061,6937,5480,422,-602,180
5011,6987,6011,217,-685,468
5103,6895,6819,378,-943,565
5052,6201,6946,684,-939,255
5157,5559,6841,542,-647,105
5595,5225,6774,496,-533,37
6443,5209,6789,69,-212,143
6992,5005,6581,-752,487,265
7025,4973,6020,-1086,906,180
6955,5043,5393,-802,676,126
6877,5506,5121,-365,530,-165
6613,6218,5387,280,521,-801
6128,6586,5413,984,304,-1288
5716,6779,5219,1141,-194,-947
5417,6824,5175,1152,-1036,-116
5110,6889,5391,959,-1168,209
4891,7109,5945,783,-1102,319
5010,6988,6680,736,-1053,317
5044,6346,6955,487,-1023,536
5400,5612,6599,-74,-682,756
6024,5501,6497,-810,-553,1363
6375,5221,6777,-1048,32,1016
6653,5153,6846,-1214,1379,-165
6920,5079,6588,-1176,1646,-470
7154,4845,6002,-1024,1457,-433
7042,4957,5204,-1044,1451,-407
7089,5816,4908,-745,1233,-488
6874,6711,5125,-515,840,-325
6101,6775,5223,-502,752,-250
5356,6643,5496,-85,712,-627
5125,6873,6157,733,343,-1076
5021,6977,6115,1397,-304,-1093
5021,6979,6683,1329,-867,-462
4971,6391,7028,1157,-1009,-148
5047,5632,6952,660,-732,72
5623,5199,6800,566,-790,224
6447,5402,6596,239,-854,615
6728,5270,5988,-244,-864,1108
6798,5201,5556,-1084,-464,1548
6875,5124,5489,-1456,-31,1487
6918,5081,5165,-1378,650,728
7041,5885,4957,-1258,1157,101
6880,6688,5118,-1032,1034,-2
6073,6851,5147,-796,921,-125
5433,6603,5395,-429,719,-290
5205,6793,6131,41,586,-627
5096,6902,6625,1067,211,-1278
5109,6889,6823,1456,-224,-1232
4985,6396,7014,1298,-762,-536
5050,5573,6948,842,-823,-19
5619,5172,6827,726,-854,128
6376,5347,6651,426,-769,343
6707,5291,5961,-145,-707,852
6791,5207,5534,-1084,-425,1509
6860,5138,5514,-1452,-24,1476
6896,5103,5172,-1355,658,697
7028,5897,4970,-1236,1153,83
6876,6658,5123,-930,960,-30
6132,6833,5165,-808,917,-109
5423,6575,5424,-332,699,-367
5228,6772,6154,182,656,-838
5135,6865,6576,1094,339,-1433
5084,6914,6705,1460,-184,-1276
4967,6551,7031,1398,-936,-462
4985,5678,7012,1066,-996,-70
5500,5126,6873,849,-844,-5
6303,5271,6728,397,-570,173
6761,5237,6082,-215,-484,699
6947,5052,5865,-1178,62,1116
7003,4995,5608,-1434,766,668
7006,5258,4993,-1336,1052,284
7028,6086,4970,-888,885,3
6767,6782,5216,-576,636,-60
5867,6708,5291,-308,704,-396
5311,6688,5784,253,796,-1049
5218,6781,6267,943,575,-1518
5154,6845,6502,1266,307,-1573
5069,6930,6719,1302,-199,-1103
4965,6453,7033,1281,-1104,-177
5028,5594,6971,1020,-1077,57
5644,5144,6853,906,-994,88
6327,5302,6696,533,-767,234
6705,5293,6210,266,-670,404
6932,5067,5381,-522,-327,849
6944,5053,5373,-1419,278,1141
7013,5344,4986,-1414,815,599
7023,6180,4976,-1009,789,220
6709,6828,5170,-717,725,-8
5837,6776,5223,-525,750,-225
5362,6636,5830,-62,750,-688
5225,6773,6447,389,834,-1223
5239,6752,6759,1106,592,-1698
5100,6586,6899,1266,387,-1653
5001,6304,6997,1176,-31,-1145
5104,5744,6895,858,-882,24
5568,5194,6804,1117,-1365,248
6300,5316,6683,809,-1066,257
6581,5416,6328,539,-845,306
6753,5245,5599,-17,-484,501
6918,5080,5460,-1282,176,1106
6887,5160,5111,-1589,885,704
7070,5884,4929,-1432,1014,418
6932,6659,5066,-1060,807,253
6122,6909,5089,-776,761,15
5316,6683,5399,-206,472,-266
5165,6834,6311,423,499,-922
5130,6868,6595,1183,315,-1498
5148,6765,6851,1370,7,-1377
5018,6317,6980,983,-194,-789
5072,5729,6927,772,-640,-132
5471,5203,6795,825,-862,37
6186,5225,6774,632,-768,136
6742,5256,6367,143,-387,244
6998,5002,5798,-766,139,627
6988,5009,5507,-1196,514,682
6987,5328,5011,-1142,817,325
7000,6130,4998,-699,716,-17
6648,6767,5232,-456,684,-228
5654,6625,5374,-27,767,-740
5317,6683,5955,670,876,-1546
5281,6718,6224,1108,642,-1750
5210,6788,6356,1267,350,-1617
5061,6937,6464,1238,-349,-889
5001,6573,6997,1327,-1323,-4
5027,5752,6972,1154,-1213,59
5361,5173,6826,1003,-1012,9
6141,5232,6766,669,-766,97
6668,5329,6387,232,-555,323
6998,5001,5789,-639,-27,666
7001,4997,5578,-1474,826,648
6990,5180,5009,-1461,1021,440
7079,5982,4919,-1148,930,218
6866,6794,5132,-746,648,98
5952,6836,5162,-354,398,-44
5205,6794,5668,497,129,-626
5067,6931,5833,1108,-198,-910
5028,6971,6277,1048,-406,-642
5128,6754,6870,647,-322,-325
5157,6061,6843,114,-157,43
5446,5395,6603,-517,27,490
5935,5250,6747,-748,70,678
6471,5195,6804,-674,171,503
6888,5109,6708,-673,608,65
7028,4971,6148,-624,758,-134
7000,4997,5479,-595,781,-186
6920,5439,5078,-487,841,-354
6712,6176,5286,-28,780,-752
6062,6476,5522,543,697,-1240
5686,6540,5458,930,530,-1460
5392,6879,5119,1096,-375,-721
5138,6860,5313,1166,-1489,323
4938,7060,5813,1027,-1460,433
4881,7117,6551,1163,-1519,356
4925,6522,7073,1043,-1436,393
4989,5600,7010,708,-1010,302
5625,5158,6841,668,-837,169
6400,5349,6649,395,-804,409
6764,5235,5980,-177,-599,776
6906,5093,5764,-1280,16,1264
6955,5043,5615,-1570,670,900
6966,5237,5032,-1428,984,444
7030,6028,4968,-1168,924,244
6831,6733,5168,-805,680,125
6032,6809,5190,-517,699,-182
5352,6647,5615,-35,754,-719
5139,6860,6330,522,668,-1190
5157,6843,6605,1214,354,-1568
5103,6735,6896,1238,165,-1403
5023,6336,6976,952,-233,-719
5115,5666,6884,677,-917,240
5647,5233,6766,818,-1236,418
6288,5381,6617,638,-1159,521
6627,5371,6206,301,-802,501
6853,5145,5493,-593,-353,946
6954,5044,5687,-1477,410,1067
6911,5150,5087,-1510,1073,437
7073,5922,4925,-1387,1170,217
6927,6711,5072,-983,867,116
6103,6904,5094,-742,754,-12
5302,6696,5483,-119,470,-351
5167,6832,6368,481,608,-1089
5177,6821,6716,1111,500,-1611
5093,6636,6906,1289,295,-1584
4992,6260,7007,1025,-2,-1023
5104,5750,6895,722,-696,-26
5603,5235,6763,860,-1168,308
6235,5369,6629,631,-1059,428
6614,5385,6312,372,-761,389
6902,5097,5609,-515,-208,723
6984,5014,5686,-1427,777,650
6949,5169,5049,-1520,1160,360
7053,5910,4946,-1148,1003,145
6905,6676,5093,-757,731,26
6144,6848,5150,-557,635,-78
5357,6641,5564,-51,568,-517
5155,6843,6300,507,638,-1145
5151,6848,6629,1117,440,-1557
5097,6689,6901,1181,282,-1463
4991,6283,7007,911,10,-921
5105,5809,6893,664,-641,-23
5570,5243,6756,873,-1139,266
6198,5376,6623,653,-987,334
6616,5383,6315,313,-616,303
6946,5053,5892,-701,90,611
6982,5017,5693,-1454,1047,407
6952,5096,5047,-1504,1209,295
7065,5845,4934,-1236,1038,198
6925,6656,5074,-750,740,10
6148,6865,5134,-549,670,-121
5344,6655,5559,-49,570,-521
5187,6813,6285,446,796,-1242
5176,6822,6678,1003,643,-1646
5064,6595,6934,1184,509,-1693
4943,6139,7054,942,430,-1372
5084,5802,6915,619,-220,-399
5554,5254,6744,1073,-1584,511
6268,5356,6643,950,-1506,556
6520,5479,6302,748,-1185,437
6603,5397,5829,280,-659,379
6817,5182,5431,-864,-33,897
6823,5175,5397,-1523,811,712
6960,5563,5039,-1411,1009,402
7070,6266,4929,-1403,873,530
6744,6927,5071,-1282,670,612
5769,6961,5038,-730,496,234
5072,6926,5437,-92,72,20
5066,6931,6422,247,129,-376
5039,6402,6959,429,553,-982
5134,5975,6865,83,991,-1074
5316,5439,6683,-554,793,-239
5699,5182,6817,-642,507,135
6192,5185,6814,-393,220,173
6613,5213,6785,-79,98,-19
6917,5082,6487,-11,362,-351
7035,4963,5733,-268,787,-519
7003,5112,4997,-1212,1233,-21
7053,5944,4945,-1153,1127,26
6863,6695,5136,-723,795,-72
6087,6803,5195,-530,784,-254
5381,6617,5677,-3,784,-781
5216,6783,6328,558,839,-1397
5231,6768,6610,1132,602,-1734
5180,6791,6818,1246,324,-1570
5047,6662,6952,1188,-355,-833
5042,5827,6956,983,-1108,125
5397,5217,6782,985,-1167,182
6139,5290,6708,729,-998,269
6607,5392,6437,404,-766,362
6893,5105,5694,-380,-249,629
7010,4989,5741,-1467,642,825
6921,5076,5077,-1599,1160,439
7100,5828,4899,-1448,1162,286
6970,6658,5028,-991,805,186
6182,6915,5084,-565,525,40
5219,6780,5351,134,112,-246
5063,6935,5913,873,-112,-761
5052,6946,6389,1009,-217,-792
5105,6626,6894,700,-57,-643
5094,5942,6906,233,164,-397
5405,5363,6636,-443,238,205
5915,5299,6699,-715,67,648
6438,5344,6655,-609,-150,759
6792,5206,6533,-636,89,547
7019,4979,6272,-694,682,12
7088,4911,5596,-942,1123,-181
6974,5266,5025,-1128,1330,-202
6988,6086,5009,-729,1083,-354
6642,6754,5244,-545,888,-343
5892,6663,5336,-463,979,-516
5341,6658,5637,-92,817,-725
5146,6852,6326,705,394,-1099
5023,6975,6221,1361,-251,-1110
5041,6957,6804,1412,-961,-451
5001,6253,6997,1071,-997,-74
5099,5535,6900,613,-755,142
5712,5222,6776,609,-789,180
6459,5423,6576,272,-797,525
6772,5226,5902,-375,-571,946
6926,5071,5955,-1410,179,1202
6965,5034,5572,-1594,992,602
6984,5188,5014,-1502,1160,342
7040,6078,4958,-1122,988,134
6851,6748,5148,-859,780,79
6025,6799,5200,-475,549,-74
5290,6709,5721,214,549,-763
5093,6906,5998,1020,219,-1239
4988,7010,6151,1430,-556,-874
5070,6928,6775,1183,-795,-388
5000,6205,6998,750,-804,54
5130,5559,6868,477,-694,217
5924,5315,6684,211,-772,561
6569,5430,6402,-250,-878,1128
6717,5281,5972,-1046,-511,1557
6867,5131,6097,-1413,78,1335
6980,5019,5808,-1354,897,457
6948,5089,5051,-1337,1321,16
7071,5913,4928,-1313,1335,-22
6904,6726,5094,-985,988,-3
6088,6880,5119,-745,837,-92
5350,6649,5476,-247,634,-387
5227,6771,6221,168,800,-968
5183,6815,6798,875,603,-1478
5041,6541,6957,1274,406,-1680
4948,6210,7050,1168,132,-1300
5104,5775,6896,855,-608,-247
5630,5206,6794,948,-1227,279
6277,5344,6654,682,-1045,363
6608,5390,6283,418,-756,338
6902,5096,5593,-574,-155,729
6959,5039,5647,-1432,740,692
6957,5257,5042,-1496,1096,400
7070,5923,4928,-1265,1008,257
6924,6690,5075,-863,709,154
6158,6882,5116,-611,594,17
5320,6679,5465,-83,454,-371
5137,6861,6365,542,574,-1116
5170,6828,6740,1064,485,-1549
5053,6531,6946,1048,494,-1542
4941,6024,7057,711,492,-1203
5120,5673,6880,527,-184,-343
5620,5296,6702,888,-1353,465
6228,5415,6585,873,-1399,526
6546,5453,6355,596,-927,331
6822,5177,5793,-251,-153,404
6940,5058,5737,-1344,836,508
6875,5146,5124,-1586,1264,322
7100,5684,4898,-1508,1154,354
7028,6487,4972,-1194,812,382
6290,6962,5037,-842,649,193
5448,6811,5187,-389,492,-103
5191,6808,6201,127,515,-642
5189,6808,6685,233,908,-1141
4994,6460,7004,595,819,-1414
4961,5928,7038,545,788,-1333
5191,5379,6808,70,451,-521
5667,5432,6567,132,-752,620
6151,5391,6608,782,-1556,774
6495,5503,6346,847,-1278,431
6583,5415,5870,294,-521,227
6861,5137,5606,-751,195,556
6823,5175,5423,-1537,1089,448
6956,5486,5043,-1423,1109,314
7092,6172,4906,-1430,946,484
6763,6936,5062,-1306,706,600
5770,6993,5006,-684,442,242
5031,6967,5408,-13,-61,74
5016,6982,6319,343,-38,-305
5059,6487,6940,583,360,-943
5104,6001,6895,222,966,-1188
5333,5432,6666,-565,808,-243
5666,5210,6788,-713,562,151
6239,5197,6801,-487,272,215
6658,5231,6767,-224,117,107
6877,5122,6502,-31,235,-204
6989,5009,5960,-27,557,-530
6988,5066,5011,-803,1055,-252
7035,5876,4963,-1125,1090,35
6885,6669,5114,-726,732,-6
6275,6854,5144,-652,693,-41
5421,6627,5371,-258,565,-307
5221,6776,6171,296,672,-968
5177,6822,6673,1041,545,-1586
5119,6775,6879,1258,371,-1629
4987,6527,7011,1219,-258,-961
5038,5708,6961,925,-1064,139
5485,5173,6826,957,-1211,254
6303,5310,6689,624,-999,375
6621,5378,6287,425,-861,436
6784,5214,5452,-187,-522,709
6894,5104,5407,-1371,71,1300
6891,5179,5107,-1560,826,734
7062,5941,4937,-1366,1021,345
6897,6708,5101,-968,738,230
6121,6871,5127,-667,641,26
5327,6672,5462,-86,407,-321
5094,6904,6096,688,159,-847
5005,6993,6242,1254,-359,-895
5101,6898,6793,1212,-716,-496
4996,6300,7002,860,-703,-157
5076,5580,6923,554,-500,-54
5594,5200,6798,389,-463,74
6458,5290,6707,37,-408,371
6849,5150,6137,-578,-184,762
6929,5070,5865,-1014,130,884
6897,5101,5343,-884,191,693
6955,5488,5043,-633,257,376
6850,6113,5148,-259,380,-121
6432,6592,5407,46,679,-725
5729,6599,5400,248,748,-996
5243,6755,5422,802,197,-999
5024,6974,5417,1270,-1153,-117
4900,7099,6000,1293,-1469,176
4944,7054,6797,1384,-1520,136
4901,6266,7098,1023,-1302,279
5069,5348,6930,723,-923,200
5842,5180,6817,558,-674,116
6609,5390,6431,44,-596,552
6830,5169,5863,-822,-377,1199
6948,5051,5948,-1493,322,1171
6960,5039,5462,-1422,844,578
7004,5441,4994,-1260,1037,223
6985,6229,5014,-776,831,-55
6563,6801,5197,-643,810,-167
5690,6671,5327,-319,838,-519
5327,6672,5844,105,967,-1072
5206,6791,6420,799,652,-1451
5182,6816,6603,1318,349,-1667
5115,6884,6799,1385,-195,-1190
4996,6323,7002,1296,-1064,-232
5086,5507,6911,996,-1079,83
5707,5173,6825,930,-1076,146
6377,5342,6658,585,-900,315
6660,5339,6110,267,-787,520
6826,5172,5296,-436,-562,998
6856,5142,5262,-1379,-122,1501
6916,5196,5084,-1463,524,939
7021,6066,4977,-1191,993,198
6805,6824,5174,-911,950,-39
5907,6824,5174,-710,888,-178
5374,6625,5622,-272,734,-462
5250,6749,6272,87,829,-916
5166,6751,6833,902,552,-1454
5086,6607,6912,1362,285,-1647
4950,6329,7049,1259,-193,-1066
5062,5613,6937,1073,-922,-151
5650,5150,6847,988,-1036,48
6315,5301,6697,564,-719,155
6722,5278,6157,81,-452,371
6979,5019,5820,-1002,205,797
6979,5019,5491,-1465,981,484
7011,5344,4988,-1408,1100,308
7012,6131,4986,-941,846,95
6728,6789,5209,-545,600,-55
5770,6683,5316,-176,664,-488
5286,6713,5899,435,813,-1248
5221,6778,6246,1007,598,-1605
5153,6846,6518,1249,321,-1570
5067,6931,6745,1278,-205,-1073
4963,6413,7035,1255,-1137,-118
5040,5560,6958,1024,-1101,77
5679,5149,6849,897,-999,102
6359,5313,6687,573,-832,259
6713,5286,6225,362,-675,313
6923,5077,5373,-455,-289,744
6927,5071,5279,-1371,263,1108
7025,5414,4973,-1375,730,645
7000,6241,4997,-963,705,258
6635,6825,5173,-664,689,-25
5765,6732,5266,-457,709,-252
5338,6660,5900,72,750,-822
5220,6778,6460,788,648,-1436
5216,6782,6624,1306,427,-1733
5160,6838,6825,1374,-13,-1361
5035,6456,6964,1261,-799,-462
5071,5636,6927,930,-1016,86
5547,5159,6840,1016,-1094,78
6298,5276,6723,667,-833,166
6656,5343,6298,394,-710,316
6878,5121,5498,-286,-404,690
6962,5037,5375,-1436,242,1194
7001,5262,4998,-1558,840,718
7050,6105,4947,-1182,894,288
6773,6857,5142,-866,824,42
5866,6827,5171,-517,694,-177
5312,6687,5797,4,667,-671
5148,6850,6475,591,676,-1267
5206,6779,6792,1227,469,-1696
5038,6454,6960,1207,462,-1669
4922,6089,7077,1052,197,-1249
5131,5626,6867,961,-805,-156
5790,5179,6820,1168,-1428,260
6418,5366,6633,761,-1044,283
6606,5392,6182,472,-802,330
6782,5216,5388,-237,-461,698
6904,5096,5456,-1393,252,1141
6925,5304,5073,-1529,959,570
7025,6054,4973,-1250,957,293
6864,6783,5133,-902,774,128
6032,6872,5126,-721,765,-44
5326,6672,5564,-168,554,-386
5233,6766,6309,255,802,-1057
5203,6791,6797,850,696,-1546
5041,6498,6958,1108,529,-1637
4926,6105,7072,1006,308,-1314
5146,5794,6853,747,-533,-214
5700,5230,6769,967,-1424,457
6318,5389,6609,760,-1244,484
6571,5428,6288,547,-928,381
6750,5249,5583,-101,-431,532
6927,5071,5625,-1359,416,943
6863,5191,5135,-1609,1109,500
7098,5847,4900,-1475,1130,345
6972,6622,5027,-1194,765,429
6255,6932,5067,-811,541,270
5302,6810,5188,-118,179,-61
5005,6994,5921,532,-142,-390
4970,7030,6271,1016,-468,-548
5142,6834,6856,831,-528,-303
5066,6109,6932,393,-365,-28
5415,5308,6691,-265,83,182
6041,5210,6789,-958,359,599
6475,5182,6817,-952,387,565
6844,5154,6602,-729,479,250
6916,5082,6041,-436,372,64
6756,5243,5531,51,26,-77
6739,5605,5260,243,14,-257
6789,6203,5209,213,65,-278
6736,6826,5172,-35,-54,89
6281,7089,4909,-323,-266,589
5620,7156,4842,-649,-745,1394
5038,6960,5309,-829,-729,1558
5150,6848,6307,-925,-259,1184
5201,5944,6796,-866,642,224
5337,5530,6660,-1329,1318,11
5501,5284,6714,-1313,1267,46
5883,5145,6854,-1033,1067,-34
6372,5023,6975,-726,866,-140
6960,5039,6816,-532,990,-458
6961,5037,6350,-27,713,-686
6780,5218,5804,812,594,-1406
6630,5659,5369,721,679,-1400
6713,6397,5285,375,305,-680
6914,7085,4912,-261,-797,1058
6396,7184,4814,-877,-1411,2288
5657,7196,4803,-642,-1341,1983
4912,7087,5393,-1053,-534,1587
5134,6724,6865,-916,447,469
5125,5897,6874,-672,969,-297
5322,5348,6675,-1111,1250,-139
5689,5188,6811,-1243,1145,98
6201,5146,6853,-1012,825,187
6721,5223,6776,-700,485,215
6726,5274,6172,-211,-82,293
6632,5367,5800,710,-759,49
6673,5527,5325,644,-545,-99
6982,5747,5016,-57,27,30
7015,6282,4982,-1298,668,630
6679,6924,5075,-1419,648,771
5866,7025,4972,-917,305,612
5191,6933,5065,-549,-164,713
5078,6921,5811,-587,-298,885
5300,6512,6699,-604,239,365
5211,5833,6787,-760,894,-134
5246,5361,6753,-896,1122,-226
5615,5143,6855,-856,1124,-268
6135,5079,6919,-860,965,-105
6699,5105,6893,-644,688,-44
6904,5094,6558,-191,462,-271
6753,5245,5901,963,20,-983
6680,5575,5317,981,-213,-768
6712,6141,5286,622,-167,-455
6778,6810,5188,289,-418,129
6652,7066,4932,-159,-883,1042
6039,7258,4740,-917,-895,1812
5162,7030,4968,-1070,-844,1914
5009,6989,6035,-1163,-388,1551
5152,6270,6846,-858,407,451
5274,5616,6725,-917,1055,-138
5418,5304,6694,-1156,1303,-147
5770,5181,6818,-1062,1297,-235
6121,5069,6928,-886,1180,-294
6736,5005,6994,-663,1153,-490
7041,4958,6477,-448,1119,-671
6898,5100,6088,320,755,-1075
6617,5382,5380,900,732,-1632
6554,6096,5445,953,465,-1418
6457,6814,5184,864,-357,-507
6174,6878,5120,695,-1236,541
5739,6966,5033,722,-1391,669
5126,6992,5006,690,-1359,669
4938,7061,5556,330,-981,651
5107,6892,6093,-836,-589,1425
5297,6386,6701,-1027,-586,1613
5400,5536,6599,-1051,-183,1234
5728,5128,6872,-895,761,134
6064,5102,6897,-864,1165,-301
6557,5041,6957,-821,1109,-288
7020,4979,6666,-648,1090,-442
7016,4982,6078,-241,766,-525
6690,5308,5663,479,659,-1138
6566,5871,5432,958,560,-1518
6558,6609,5389,882,36,-918
6297,6828,5171,573,-1042,469
5971,6891,5106,567,-1424,857
5530,6999,4999,680,-1443,763
4927,7071,5128,644,-1500,856
4825,7175,5920,358,-1218,860
5014,6984,6984,464,-1095,631
4990,6094,7008,515,-965,450
5491,5412,6586,-30,-700,730
6308,5511,6487,-850,-769,1619
6561,5437,6440,-1149,-467,1616
6796,5203,6785,-1405,638,767
6907,5092,6307,-1051,1085,-34
7036,4962,5716,-902,1027,-125
6940,5139,5060,-1085,1261,-176
6998,5950,5000,-827,1161,-334
6758,6702,5240,-659,863,-204
6045,6662,5335,-447,696,-249
5328,6669,5579,193,519,-712
5023,6976,5619,1177,-301,-876
4958,7040,6061,1423,-1035,-388
4935,7063,6776,1302,-1188,-114
4902,6348,7096,1124,-1214,90
5033,5368,6965,664,-802,138
5816,5132,6866,481,-670,189
6669,5330,6393,-109,-597,706
6745,5253,5753,-843,-659,1502
6732,5266,5452,-1251,-504,1755
6785,5213,5339,-1334,-242,1576
6864,5186,5133,-1221,404,817
6987,5966,5010,-1159,1135,24
6814,6706,5185,-999,1027,-28
6080,6793,5205,-835,931,-96
5482,6639,5360,-479,712,-233
5126,6874,5956,44,293,-337
4921,7078,6265,1142,-509,-633
5088,6911,6903,1348,-897,-451
4956,6210,7043,891,-769,-122
5121,5455,6877,468,-564,96
5980,5297,6701,103,-602,499
6643,5356,6243,-476,-781,1257
6729,5270,5949,-988,-633,1621
6821,5177,5722,-1242,-294,1536
6970,5029,5685,-1293,350,943
6975,5202,5023,-1311,1228,83
7017,6049,4983,-1177,1218,-41
6788,6776,5209,-930,945,-15
6020,6764,5235,-691,794,-103
5354,6644,5425,-281,487,-206
4987,7012,5944,676,-227,-449
4972,7028,6229,1397,-945,-452
5025,6974,6922,1426,-1055,-371
4938,6219,7060,1164,-919,-245
5082,5452,6916,683,-582,-101
5859,5223,6775,349,-529,180
6642,5357,6316,-329,-673,1002
6766,5233,5925,-963,-651,1614
6827,5172,5649,-1289,-362,1651
6922,5077,5470,-1396,116,1280
6983,5202,5015,-1297,932,365
7021,6109,4978,-1121,1189,-68
6722,6817,5181,-1005,1090,-85
5865,6783,5216,-686,936,-250
5397,6602,5542,-429,867,-438
5215,6783,6292,33,640,-673
5143,6856,6791,1100,305,-1405
5094,6790,6905,1481,-128,-1353
4981,6276,7017,1312,-740,-572
5081,5437,6918,896,-890,-6
5781,5150,6848,814,-932,118
6489,5371,6627,440,-728,288
6708,5291,5879,-81,-715,796
6777,5222,5370,-999,-481,1480
6821,5178,5347,-1422,-124,1546
6880,5184,5119,-1351,483,868
6993,6014,5006,-1141,1046,95
6809,6746,5190,-914,982,-68
6024,6816,5183,-796,919,-123
5420,6578,5500,-352,686,-334
5215,6783,6206,145,607,-752
5101,6897,6585,1141,203,-1344
5057,6942,6730,1482,-386,-1096
4938,6376,7061,1379,-1025,-354
5008,5513,6991,980,-956,-24
5697,5108,6891,714,-762,48
6533,5338,6660,261,-552,291
6804,5194,5911,-287,-588,875
6877,5122,5541,-1101,-273,1374
6899,5098,5313,-1356,181,1175
6948,5412,5051,-1122,654,468
6964,6212,5035,-759,817,-58
6616,6765,5233,-627,780,-153
5892,6741,5257,-530,813,-283
5337,6662,5691,-107,606,-499
5122,6877,6361,659,359,-1018
5051,6948,6428,1340,-162,-1178
5052,6947,6882,1333,-735,-598
4953,6147,7045,1111,-1028,-83
5108,5379,6890,716,-788,72
5861,5190,6808,532,-736,204
6580,5418,6462,149,-756,607
6792,5206,5839,-261,-740,1001
6818,5180,5368,-1034,-439,1473
6865,5207,5133,-1255,-212,1467
6981,5464,5018,-1185,308,877
6935,6215,5063,-820,912,-92
6516,6766,5232,-863,1113,-250
5801,6659,5339,-682,1046,-364
5405,6594,5668,-369,810,-441
5150,6849,6397,488,327,-815
5030,6969,6157,1463,-514,-949
5091,6908,6775,1519,-1070,-449
4945,6305,7053,1392,-1108,-284
5021,5537,6978,908,-775,-133
5624,5119,6879,749,-763,14
6506,5316,6684,308,-596,288
6756,5242,5899,-238,-665,903
6816,5182,5417,-993,-518,1511
6825,5192,5174,-1395,-287,1682
6958,5415,5040,-1345,87,1258
6975,5976,5023,-1014,750,264
6763,6760,5235,-1005,1064,-59
5961,6758,5240,-814,1027,-213
5435,6564,5442,-474,861,-387
5209,6789,6219,121,484,-605
5035,6963,6349,1286,-159,-1127
5050,6949,6753,1543,-844,-699
4965,6335,7033,1355,-1031,-324
5028,5533,6971,841,-829,-12
5665,5132,6866,670,-806,136
6526,5348,6650,287,-705,418
6739,5260,5884,-239,-813,1052
6790,5209,5391,-932,-656,1588
6828,5295,5170,-1279,-496,1775
6984,5479,5015,-1268,-134,1402
6955,5911,5043,-1069,724,345
6777,6756,5221,-1044,1264,-220
5938,6769,5228,-945,1184,-239
5466,6533,5481,-540,900,-360
5295,6703,6154,-126,623,-497
5119,6880,6546,993,173,-1166
5067,6931,6593,1522,-652,-870
4956,6447,7042,1450,-1120,-330
5001,5645,6998,1052,-901,-151
5481,5130,6869,792,-784,-8
6340,5263,6736,382,-623,241
6742,5256,6041,-191,-634,825
6853,5145,5535,-954,-455,1409
6861,5138,5334,-1365,-65,1430
6928,5217,5070,-1248,396,852
7019,5995,4979,-1031,937,94
6804,6718,5194,-857,814,43
6073,6770,5228,-616,742,-126
5370,6629,5492,-148,550,-402
5032,6967,5959,745,10,-755
4938,7060,6174,1402,-872,-530
5042,6956,6870,1397,-1096,-301
4965,6259,7034,857,-870,13
5171,5458,6828,388,-604,216
6063,5364,6635,-110,-574,684
6611,5389,6386,-829,-650,1479
6787,5212,6260,-1204,-218,1422
6981,5018,6248,-1384,707,677
7024,4974,5602,-1215,1158,57
7020,5257,4980,-1286,1329,-43
7043,6105,4955,-962,1092,-130
6674,6832,5166,-684,801,-117
5879,6768,5230,-513,781,-268
5328,6669,5688,-156,736,-580
5167,6831,6510,480,565,-1045
5153,6845,6636,1287,268,-1555
5114,6820,6885,1403,-149,-1254
5035,6294,6963,1138,-694,-444
5109,5527,6890,725,-846,121
5734,5207,6792,804,-983,179
6362,5362,6636,527,-905,378
6722,5277,6075,98,-604,506
6941,5058,5595,-980,-76,1056
6990,5008,5507,-1587,676,911
7052,5324,4947,-1509,1051,458
7063,6192,4936,-1137,931,206
6667,6898,5101,-862,825,37
5716,6800,5198,-395,554,-159
5222,6776,5892,254,451,-705
5118,6881,6311,1063,278,-1341
5179,6819,6656,1232,85,-1317
5061,6559,6939,1003,13,-1016
5036,6042,6961,690,-258,-432
5219,5469,6780,530,-769,239
5820,5243,6756,708,-1075,367
6417,5369,6630,509,-839,330
6718,5280,5933,-24,-508,532
6923,5075,5693,-1102,27,1075
6979,5019,5503,-1464,772,692
7039,5394,4960,-1470,1191,279
7038,6230,4960,-1060,976,84
6642,6874,5125,-792,820,-28
5739,6795,5204,-467,716,-249
5297,6701,5915,83,725,-808
5199,6800,6532,479,889,-1368
5176,6687,6823,974,704,-1678
5007,6378,6992,1071,534,-1605
4951,5951,7048,903,243,-1146
5212,5582,6787,794,-820,26
5853,5279,6718,962,-1331,369
6359,5449,6549,721,-1117,396
6614,5384,6122,290,-560,270
6937,5061,5897,-811,266,545
6917,5080,5566,-1505,1206,299
6964,5245,5034,-1485,1211,274
7073,5977,4925,-1221,1020,201
6895,6776,5103,-849,731,118
6079,6890,5108,-571,629,-58
5295,6704,5565,-91,536,-445
5199,6800,6314,305,777,-1082
5179,6819,6817,828,694,-1522
5034,6434,6964,952,633,-1585
4937,5915,7062,627,575,-1202
5116,5583,6884,492,-31,-461
5717,5299,6699,902,-1432,530
6303,5439,6560,931,-1497,566
6561,5438,6264,629,-943,314
6774,5223,5747,-111,-263,374
6926,5071,5659,-1386,830,556
6873,5194,5126,-1621,1237,384
7087,5815,4912,-1508,1088,420
6985,6574,5014,-1128,736,392
6278,6944,5054,-844,666,178
5366,6758,5239,-343,472,-129
5210,6789,6206,154,497,-651
5131,6867,6848,518,761,-1279
5022,6457,6977,970,646,-1616
4959,5938,7040,696,668,-1364
5116,5464,6883,357,275,-632
5602,5361,6638,750,-1090,340
6219,5454,6545,843,-1449,606
6494,5505,6324,604,-1068,464
6678,5321,5823,-72,-358,430
6883,5115,5880,-1301,679,622
6845,5153,5421,-1548,1177,371
7000,5452,5000,-1425,1146,279
7081,6186,4918,-1418,987,431
6773,6925,5074,-1201,769,432
5815,6951,5048,-610,527,83
5098,6900,5535,-19,192,-173
5085,6913,6509,356,292,-648
5054,6495,6945,565,750,-1315
5168,6040,6830,68,1034,-1102
5312,5456,6686,-831,672,159
5766,5398,6600,-818,99,719
6271,5470,6529,-490,-854,1344
6670,5327,6428,-505,-457,962
6953,5046,6658,-998,1004,-6
7061,4938,6007,-1250,1696,-446
7103,4895,5247,-1515,1857,-342
7133,5622,4865,-1605,1860,-255
7024,6687,4974,-1262,1292,-30
6234,6979,5020,-934,879,55
5331,6734,5264,-354,466,-112
5182,6816,6234,302,322,-624
5211,6775,6788,933,478,-1411
5068,6496,6930,1095,575,-1670
4884,6048,7116,971,514,-1485
5065,5620,6934,775,64,-839
5505,5306,6693,838,-1231,393
6241,5360,6637,922,-1588,666
6518,5481,6330,812,-1367,555
6577,5421,5869,444,-834,390
6808,5190,5226,-514,-258,772
6838,5160,5386,-1519,688,831
6978,5575,5021,-1410,1051,359
7083,6336,4916,-1395,925,470
6661,6956,5043,-1218,652,566
5707,6991,5007,-584,396,188
5041,6957,5492,-13,-44,57
5080,6919,6419,93,111,-204
5265,6260,6735,-234,780,-546
5246,5847,6751,-1160,1186,-26
5264,5321,6734,-996,1012,-16
5715,5126,6873,-759,853,-94
6253,5008,6989,-589,748,-159
6847,5081,6917,-426,802,-376
6918,5080,6584,205,637,-842
6856,5142,5844,930,601,-1531
6698,5535,5301,462,778,-1240
6903,6287,5096,-92,362,-270
6960,7153,4846,-658,-690,1348
6423,7207,4792,-780,-1366,2146
5592,7218,4781,-646,-1260,1906
4915,7083,5499,-761,-797,1558
5124,6875,6612,-664,-157,821
5094,5772,6905,-749,869,-120
5330,5302,6697,-1305,1461,-156
5742,5207,6791,-1508,1339,169
6228,5192,6807,-1236,872,364
6712,5287,6665,-745,320,425
6660,5338,6009,-108,-479,587
6607,5391,5804,753,-927,174
6652,5522,5346,719,-654,-65
6982,5726,5018,-91,-75,166
7041,6209,4957,-1500,794,706
6726,6924,5075,-1700,704,996
5892,6966,5032,-1061,521,540
5189,6809,5214,-690,365,325
5203,6795,6117,-535,324,211
5352,6418,6646,-709,880,-171
5224,5966,6774,-760,989,-229
5225,5448,6773,-577,958,-381
5388,5087,6911,-426,958,-532
5718,4806,7193,48,923,-971
6372,4886,7113,822,703,-1525
6843,5155,6269,1364,41,-1405
6644,5395,5354,1220,-1018,-202
6647,5954,5352,1171,-1164,-7
6673,6367,5325,992,-1072,80
6640,6670,5328,638,-991,353
6562,6913,5085,140,-907,767
6268,7186,4812,-760,-869,1629
5444,7065,4933,-956,-1084,2040
5024,6974,5532,-1099,-663,1762
5250,6748,6623,-976,-95,1071
5221,5790,6776,-816,633,183
5286,5396,6713,-1032,1154,-122
5551,5176,6823,-925,1244,-319
5999,5051,6948,-858,1265,-407
6553,4970,7029,-752,1171,-419
7017,4982,6641,-534,1092,-558
6925,5074,6260,211,673,-884
6685,5313,5474,1160,507,-1667
6578,5990,5420,1106,463,-1569
6547,6753,5245,902,-240,-662
6265,6865,5134,673,-1196,523
5864,6957,5042,677,-1385,708
5264,7034,4965,705,-1368,663
4935,7064,5486,455,-1131,676
5095,6904,5910,-545,-651,1196
5298,6565,6700,-1044,-628,1672
5396,5748,6603,-943,-392,1335
5624,5095,6903,-865,542,323
5972,5099,6899,-923,1368,-445
6379,5040,6960,-906,1417,-511
7000,4998,6926,-741,1341,-600
7099,4900,6212,-383,1029,-646
6833,5166,5699,431,762,-1193
6691,5781,5308,870,674,-1544
6590,6552,5407,959,235,-1194
6177,6926,5072,769,-795,26
5834,6932,5068,829,-1390,561
5319,6965,5032,846,-1415,569
4923,7076,5439,721,-1316,595
4950,7048,6046,168,-811,643
5324,6675,6617,-693,-697,1390
5363,5889,6635,-959,-539,1498
5588,5237,6763,-948,126,822
5971,5094,6905,-765,1090,-325
6368,5065,6933,-891,1386,-495
6951,5048,6934,-783,1295,-512
7150,4848,6228,-592,1227,-635
7031,4968,5423,-376,960,-584
6814,5669,5184,36,858,-894
6495,6379,5503,541,625,-1166
6107,6695,5304,874,231,-1105
5672,6963,5036,938,-933,-5
5317,6901,5097,1061,-1538,477
4946,7053,5392,969,-1480,511
4838,7161,6158,849,-1317,468
4993,6868,7004,595,-1109,514
5059,5912,6939,295,-973,678
5683,5374,6625,-226,-766,992
6404,5488,6510,-832,-697,1529
6643,5355,6451,-1136,-331,1467
6832,5167,6652,-1360,870,490
6924,5075,6134,-1181,1262,-81
7015,4983,5562,-1075,1176,-101
7004,5324,4995,-1272,1408,-136
7017,6156,4981,-958,1153,-195
6635,6826,5172,-759,934,-175
5838,6756,5243,-529,872,-343
5360,6639,5787,-90,862,-772
5225,6775,6438,369,836,-1205
5230,6768,6755,1100,556,-1656
5111,6681,6887,1271,231,-1502
5045,6456,6953,1171,-470,-701
5101,5593,6897,937,-1090,153
5678,5209,6789,932,-1145,213
6306,5368,6630,586,-942,356
6642,5356,6227,325,-750,425
6893,5106,5448,-526,-298,824
6983,5015,5629,-1489,495,994
6968,5233,5030,-1542,1092,450
7080,6023,4919,-1347,1061,286
6881,6826,5119,-957,753,204
6002,6881,5117,-536,551,-15
5234,6763,5576,134,259,-393
5057,6942,6017,946,-78,-868
5021,6977,6304,1238,-493,-745
5149,6762,6850,1009,-605,-404
5040,6137,6959,622,-496,-126
5161,5323,6837,253,-148,-105
5885,5115,6884,-140,112,28
6643,5160,6838,-483,233,250
6903,5096,6462,-627,337,290
6852,5146,5799,-311,19,292
6631,5410,5367,300,-377,77
6740,5980,5259,711,-584,-127
6740,6521,5258,629,-594,-35
6452,6841,5158,462,-605,143
6109,7057,4942,123,-582,459
5699,7153,4845,-469,-769,1238
5044,6955,5330,-1119,-720,1839
5114,6885,6220,-1070,-421,1491
5277,6163,6722,-805,13,792
5289,5453,6709,-1030,952,78
5483,5234,6765,-1023,1235,-212
5845,5095,6903,-873,1235,-362
6353,4962,7036,-684,1131,-447
6990,5007,6865,-515,1181,-666
6993,5005,6376,55,817,-872
6787,5211,5664,915,592,-1507
6606,5781,5392,876,549,-1425
6671,6638,5328,759,-24,-735
6379,6886,5111,502,-1107,605
5967,6972,5026,567,-1517,950
5438,7082,4916,730,-1535,805
4881,7117,5253,550,-1400,850
4884,7114,6060,13,-995,982
5152,6758,6846,-120,-905,1025
5312,5827,6685,-431,-647,1078
5704,5315,6685,-979,-172,1151
6197,5023,6975,-1012,627,385
6642,5111,6887,-1155,1246,-91
6989,5009,6604,-1075,1168,-93
7079,4920,5923,-721,889,-168
6840,5159,5392,-194,651,-457
6567,5885,5432,729,768,-1497
6426,6426,5572,1203,477,-1680
6071,6677,5322,1104,-51,-1053
5809,6801,5198,882,-951,69
5488,6807,5191,869,-1117,248
5102,6898,5316,737,-1106,369
4861,7138,5872,742,-1228,486
4970,7029,6631,858,-1329,471
4984,6338,7015,702,-1302,600
5146,5615,6852,549,-799,250
5716,5308,6691,235,-685,450
6551,5405,6593,-300,-602,902
6877,5120,6562,-1069,70,999
7037,4961,6265,-1401,1195,206
7118,4880,5592,-1372,1389,-17
7018,5252,4981,-1194,1301,-107
7030,6190,4968,-759,1024,-265
6592,6787,5212,-466,638,-172
5607,6590,5409,4,605,-609
5273,6726,5849,846,438,-1284
5093,6905,5738,1414,-286,-1128
5021,6978,6121,1349,-949,-400
5028,6970,6842,1209,-1102,-107
4984,6270,7015,963,-1021,58
5104,5548,6896,539,-713,174
5808,5271,6728,365,-731,366
6548,5450,6389,-156,-858,1014
6729,5270,5941,-750,-735,1485
6813,5185,5799,-1218,-302,1520
6773,5225,5667,644,-114,-530
6894,5320,5104,-63,338,-275
7097,6013,4901,-1240,904,336
6924,6766,5074,-1357,522,835
6236,7100,4899,-953,185,768
5447,7091,4907,-488,-276,764
5062,6936,5563,-307,-518,825
5401,6545,6599,-412,274,138
5264,6100,6735,-814,1164,-350
5242,5652,6756,-658,1249,-591
5235,5270,6764,-558,1306,-748
5501,4966,7032,-318,1259,-941
6052,4850,7148,11,1184,-1195
6587,4926,7072,628,667,-1295
6888,5112,5893,1388,0,-1388
6754,5657,5244,1016,-757,-259
6721,6187,5278,1156,-1067,-89
6709,6668,5290,1005,-990,-15
6334,6862,5138,780,-945,165
5819,7022,4977,555,-832,277
5226,6969,5030,397,-942,545
5127,6871,5239,-436,-606,1042
5219,6780,6343,-1344,-162,1506
5288,6163,6710,-1082,154,928
5246,5458,6752,-778,572,206
5460,5184,6814,-602,937,-335
5882,5009,6989,-509,1050,-541
6428,4906,7093,-380,1149,-769
6891,5029,6969,134,1025,-1159
6971,5027,6151,1248,595,-1843
6682,5316,5379,965,526,-1491
6672,6261,5327,918,34,-952
6544,6786,5212,824,-982,158
6297,6845,5153,780,-1405,625
5858,6975,5024,729,-1363,634
5234,6991,5009,669,-1315,646
4973,7025,5452,311,-882,571
5113,6886,5994,-951,-453,1404
5319,6446,6680,-1092,-343,1435
5365,5554,6633,-1071,131,940
5604,5237,6762,-919,925,-6
5867,5169,6829,-761,1082,-321
6313,5062,6937,-689,1034,-345
6943,5037,6962,-593,1112,-519
7098,4901,6302,-438,1123,-685
6937,5061,5727,74,858,-932
6645,5614,5354,553,831,-1384
6554,6269,5444,847,517,-1364
6284,6866,5133,718,-209,-509
5885,6979,5020,756,-1297,541
5421,7008,4990,877,-1563,686
4895,7104,5252,795,-1521,726
4822,7175,6117,473,-1128,655
5114,6849,6885,141,-861,720
5261,5912,6737,-287,-850,1137
5720,5441,6559,-843,-458,1301
6194,5214,6785,-1061,155,906
6442,5180,6818,-1113,1132,-19
6790,5209,6715,-1063,1235,-172
7001,4997,6295,-861,1061,-200
7055,4943,5629,-872,1076,-204
6938,5282,5061,-685,1075,-390
6859,6127,5140,-331,953,-622
6267,6558,5441,216,818,-1034
5652,6556,5442,805,708,-1513
5278,6759,5239,1135,-25,-1110
5098,6901,5360,1372,-1398,26
4943,7055,5876,1276,-1500,224
4890,7109,6622,1327,-1552,225
4906,6476,7092,1143,-1512,369
4992,5446,7007,741,-1029,288
5703,5119,6879,647,-789,142
6563,5360,6639,276,-734,458
6743,5255,5938,-103,-873,976
6806,5193,5287,-700,-701,1401
6873,5417,5126,-1075,-601,1676
7047,5764,4952,-1038,-462,1500
6976,6136,5022,-986,116,870
6689,6738,5261,-978,1195,-217
5876,6727,5272,-940,1276,-336
5473,6526,5536,-653,967,-314
5337,6661,6084,-286,565,-279
5079,6921,6502,831,-81,-750
5110,6890,6717,1541,-930,-611
4941,6438,7057,1491,-1077,-414
4949,5635,7050,1268,-802,-466
5429,5064,6936,938,-637,-301
6325,5129,6870,502,-537,35
6808,5189,6127,28,-417,389
6774,5224,5456,-109,-885,994
6908,5452,5091,-287,-892,1179
7052,5963,4946,-621,-769,1390
6960,6519,5039,-378,-639,1017
6499,6613,5386,-154,220,-66
5941,6638,5359,-817,1620,-803
5530,6468,5608,-1016,1618,-602
5476,6521,5971,-643,1014,-371
5318,6680,6461,79,330,-409
5167,6830,6427,1391,-635,-756
5168,6628,6830,1548,-1051,-497
4945,6082,7055,1366,-910,-456
4991,5332,7008,1432,-656,-776
5734,4979,7020,1199,-509,-690
6639,4936,7064,500,-21,-479
7076,4922,6312,23,465,-488
6779,5292,5218,-52,-104,156
6682,5998,5316,629,-1120,491
6764,6419,5234,974,-1254,280
6579,6810,5187,749,-1163,414
6083,6955,5044,633,-1184,551
5539,7027,4972,681,-1180,499
4955,7043,5171,565,-1217,652
4915,7084,5855,242,-943,701
5225,6775,6396,-481,-763,1244
5323,6077,6675,-939,-669,1608
5458,5389,6610,-1035,-233,1268
5929,5048,6950,-840,783,57
6281,5051,6947,-878,1316,-438
6866,5052,6947,-892,1343,-451
7072,4927,6337,-690,1088,-398
6987,5010,5821,-77,647,-570
6652,5489,5347,738,786,-1524
6586,6260,5412,1017,593,-1610
6277,6747,5252,969,15,-984
5908,6929,5069,810,-1036,226
5487,6924,5074,948,-1427,479
5000,6998,5197,869,-1362,493
4834,7164,5945,691,-1268,577
4988,7010,6825,490,-1112,622
5134,6110,6864,57,-934,877
5587,5469,6528,-611,-677,1288
6136,5402,6597,-1013,-377,1390
6440,5094,6905,-1159,559,600
6739,5238,6761,-1208,1410,-202
6923,5075,6418,-1011,1338,-327
7101,4898,5815,-935,1249,-314
6932,5067,5099,-957,1256,-299
7008,5895,4990,-628,1150,-522
6719,6651,5279,-356,803,-447
5848,6587,5412,62,783,-845
5329,6669,5622,723,533,-1256
5028,6970,5374,1322,-484,-838
4966,7033,5918,1398,-1352,-46
4906,7093,6655,1350,-1381,31
4934,6496,7064,1147,-1307,160
5021,5536,6976,777,-911,134
5608,5175,6824,529,-661,132
6511,5414,6584,85,-661,576
6810,5188,5918,-539,-563,1102
6908,5090,5845,-1298,-17,1315
6995,5003,5637,-1414,640,774
7012,5240,4986,-1332,1082,250
7035,6085,4963,-1003,950,53
6795,6807,5192,-730,779,-49
5924,6784,5214,-566,797,-231
5387,6613,5693,-191,831,-640
5223,6776,6316,219,843,-1062
5200,6796,6798,1058,539,-1597
5081,6663,6918,1344,301,-1645
4979,6354,7019,1267,-186,-1081
5072,5643,6925,917,-941,24
5665,5166,6831,1097,-1310,213
6378,5318,6682,723,-1066,343
6603,5395,6245,587,-981,394
6709,5290,5556,166,-672,506
6872,5228,5127,-1060,-261,1321
6904,5333,5095,-1558,293,1265
7047,5938,4952,-1359,773,586
6886,6749,5113,-1097,838,259
6031,6905,5094,-855,861,-6
5333,6666,5378,-409,609,-200
5194,6804,6208,33,624,-657
5134,6864,6845,941,398,-1339
5067,6512,6931,1303,215,-1518
4943,6012,7056,983,185,-1168
5095,5549,6904,795,-270,-525
5665,5227,6771,893,-1075,182
6317,5376,6623,642,-956,314
6639,5360,6153,243,-661,418
6878,5121,5593,-792,-166,958
6965,5034,5706,-1524,674,850
6938,5181,5061,-1507,1153,354
7058,5953,4939,-1273,1084,189
6893,6746,5106,-869,826,43
6081,6875,5123,-618,725,-107
5320,6678,5570,-104,598,-494
5220,6777,6314,315,853,-1168
5201,6797,6760,868,756,-1624
5044,6515,6955,1072,570,-1642
4931,6082,7067,947,362,-1309
5152,5792,6847,674,-434,-240
5673,5256,6743,946,-1496,550
6292,5407,6591,816,-1370,554
6544,5456,6299,556,-976,420
6730,5268,5657,-136,-392,528
6919,5081,5763,-1347,507,840
6835,5163,5219,-1553,1144,409
7076,5697,4923,-1430,1140,290
7022,6476,4976,-1263,850,413
6430,6950,5049,-919,620,299
5487,6861,5138,-329,375,-46
5094,6905,5844,204,126,-330
5032,6967,6561,685,66,-751
5061,6485,6939,661,214,-875
5142,5808,6856,61,679,-740
5436,5352,6647,-886,673,213
5872,5314,6685,-885,320,565
6355,5358,6640,-580,-76,656
6778,5220,6637,-565,167,398
7015,4984,6392,-688,938,-250
7127,4872,5693,-1034,1399,-365
6952,5153,5047,-1138,1456,-318
6999,5980,5000,-831,1194,-363
6745,6714,5252,-585,868,-283
6017,6683,5316,-484,942,-458
5358,6640,5472,-166,781,-615
5109,6890,6211,589,325,-914
4991,7008,6165,1310,-312,-998
5007,6991,6783,1354,-954,-400
4957,6292,7042,1135,-1039,-96
5068,5515,6931,675,-782,107
5750,5192,6807,541,-777,236
6559,5438,6520,119,-783,664
6803,5197,5807,-505,-663,1168
6871,5127,5725,-1348,-136,1484
6974,5023,5653,-1544,554,990
6989,5252,5009,-1434,1099,335
7035,6086,4963,-1157,1044,113
6817,6817,5182,-891,864,27
5936,6813,5185,-578,756,-178
5343,6656,5619,-137,675,-538
5113,6885,6408,538,497,-1035
5110,6888,6521,1336,32,-1368
5114,6885,6880,1298,-292,-1006
4994,6249,7005,1075,-810,-265
5116,5479,6882,712,-822,110
5755,5225,6774,652,-867,215
6463,5412,6588,335,-840,505
6750,5250,5849,-329,-597,926
6846,5152,5691,-1256,-196,1452
6966,5033,5675,-1462,433,1029
6972,5213,5027,-1390,1098,292
7056,6064,4943,-1211,1156,55
6841,6840,5157,-920,903,17
5952,6843,5154,-657,750,-93
5335,6664,5697,-51,545,-494
5176,6823,6424,577,608,-1185
5185,6813,6682,1245,402,-1647
5131,6806,6866,1391,39,-1430
4986,6472,7012,1267,-678,-589
5038,5569,6961,1029,-1036,7
5662,5141,6858,902,-960,58
6347,5308,6691,478,-684,206
6725,5273,6100,52,-595,543
6926,5073,5544,-865,-212,1077
7001,4997,5498,-1434,483,951
7017,5379,4981,-1396,1017,379
7012,6211,4986,-880,878,2
6620,6817,5180,-625,743,-118
5771,6715,5284,-415,784,-369
5323,6676,5852,80,818,-898
5204,6794,6447,815,573,-1388
5177,6821,6613,1319,309,-1628
5115,6882,6816,1356,-190,-1166
4969,6340,7029,1257,-995,-262
5058,5497,6940,994,-1013,19
5716,5150,6849,871,-919,48
6376,5328,6670,502,-697,195
6740,5258,6104,149,-569,420
6950,5048,5501,-801,-134,935
6973,5025,5386,-1399,457,942
7025,5471,4974,-1328,880,448
6991,6275,5007,-818,729,89
6560,6816,5182,-623,724,-101
5699,6682,5316,-380,744,-364
5322,6677,5944,132,837,-969
5227,6770,6456,889,622,-1511
5204,6796,6591,1337,374,-1711
5139,6859,6807,1366,-112,-1254
5015,6379,6983,1261,-943,-318
5086,5572,6913,954,-1037,83
5619,5159,6839,1002,-1070,68
6329,5301,6697,598,-785,187
6665,5332,6234,335,-706,371
6882,5116,5428,-371,-412,783
6947,5051,5372,-1465,218,1247
7000,5279,4999,-1524,827,697
7045,6126,4953,-1166,903,263
6747,6860,5138,-875,864,11
5830,6830,5168,-554,773,-219
5316,6683,5791,-66,677,-611
5164,6834,6524,477,706,-1183
5185,6741,6813,1229,487,-1716
5045,6516,6954,1337,386,-1723
4932,6183,7066,1235,-33,-1202
5101,5524,6897,1111,-975,-136
5767,5150,6848,1131,-1210,79
6424,5330,6669,681,-856,175
6670,5329,6149,384,-678,294
6878,5121,5298,-413,-390,803
6942,5056,5368,-1461,307,1154
7025,5417,4974,-1502,966,536
7011,6248,4987,-1040,887,153
6613,6854,5145,-764,834,-70
5749,6771,5228,-490,793,-303
5340,6659,5923,14,792,-806
5238,6760,6478,352,949,-1301
5208,6708,6790,954,717,-1671
5047,6445,6951,1087,486,-1573
4981,6117,7018,996,72,-1068
5171,5609,6828,824,-951,127
5782,5246,6753,998,-1396,398
6342,5433,6566,725,-1142,417
6598,5401,6207,418,-747,329
6881,5117,5554,-504,-156,660
6932,5067,5625,-1514,848,666
6921,5218,5077,-1559,1190,369
7097,5931,4901,-1435,1125,310
6944,6734,5054,-1078,778,300
6102,6936,5062,-633,552,81
5209,6790,5357,-10,254,-244
5045,6954,6175,568,124,-692
5100,6899,6621,939,-1,-938
5061,6436,6938,680,110,-790
5107,5768,6892,184,306,-490
5601,5369,6629,-519,291,228
6036,5417,6583,-802,-86,888
6504,5493,6505,-642,-499,1141
6794,5205,6529,-815,-34,849
7011,4987,6344,-1005,1181,-176
7101,4898,5675,-1266,1590,-324
7004,5156,4995,-1443,1704,-261
7074,6056,4925,-1067,1377,-310
6725,6843,5155,-823,896,-73
5903,6795,5203,-635,836,-201
5351,6648,5500,-432,807,-375
5235,6764,6264,-85,709,-624
5058,6722,6940,642,548,-1190
4978,6341,7020,1236,484,-1720
4897,5805,7101,874,612,-1486
5113,5409,6886,656,40,-696
5877,5254,6746,1032,-1560,528
6502,5433,6566,1027,-1617,590
6542,5456,6069,858,-1293,435
6587,5413,5558,233,-711,478
6764,5294,5234,-1067,-90,1157
6750,5248,5277,-1465,534,931
6965,5798,5034,-1278,874,404
6974,6622,5024,-1391,742,649
6432,6952,5047,-1196,567,629
5607,6968,5031,-593,314,279
5082,6918,5551,-199,-38,237
5205,6795,6566,30,234,-264
5160,6303,6838,-119,886,-767
5102,5784,6896,-125,899,-774
5163,5287,6835,-167,820,-653
5621,5001,6998,-66,597,-531
6075,4995,7003,204,339,-543
6630,5302,6697,723,-76,-647
6648,5351,5876,818,-714,-104
6645,5357,5354,479,-700,221
7122,5666,4876,-672,-309,981
7062,6014,4937,-1555,227,1328
6975,6643,5023,-1451,476,975
6256,6991,5007,-1199,711,488
5274,6847,5151,-454,359,95
5099,6898,5968,-88,167,-79
5258,6661,6740,-97,630,-533
5218,6127,6781,-367,897,-530
5229,5566,6770,-811,879,-68
5441,5210,6789,-756,773,-17
6042,5100,6898,-654,654,0
6595,5102,6896,-519,536,-17
6887,5113,6753,-220,484,-264
6839,5160,6360,591,423,-1014
6746,5254,5612,844,502,-1346
6688,5765,5310,475,632,-1107
6975,6686,5023,-71,30,41
6818,7224,4774,-924,-971,1895
6153,7327,4671,-925,-1337,2262
5056,7100,4899,-909,-906,1815
4922,7077,6166,-1061,-216,1277
5032,6210,6965,-582,519,63
5191,5443,6808,-895,1185,-290
5602,5269,6730,-1362,1358,4
6037,5250,6748,-1411,1088,323
6441,5238,6760,-1089,610,479
6805,5192,6486,-523,312,211
6891,5107,6144,-201,206,-5
6708,5290,5695,266,16,-282
6638,5652,5361,611,-3,-608
6726,6225,5272,490,-20,-470
6994,6925,5004,-145,-229,374
6467,7299,4698,-1295,-539,1834
5668,7183,4816,-1159,-818,1977
5034,6966,5571,-1361,-174,1535
5233,6752,6765,-1238,985,253
5220,5937,6779,-1181,1211,-30
5406,5497,6592,-1432,1243,189
5659,5321,6678,-1378,958,420
6095,5213,6785,-871,568,303
6488,5186,6813,-552,454,98
6893,5105,6815,-248,588,-340
6874,5124,6242,151,768,-919
6711,5287,5757,502,673,-1175
6627,5679,5371,501,646,-1147
6823,6285,5176,142,344,-486
7064,7158,4840,-809,-493,1302
6418,7254,4744,-1161,-1212,2373
5583,7200,4799,-826,-1144,1970
4928,7070,5709,-1038,-349,1387
5140,6525,6858,-602,433,169
5162,5855,6836,-675,1035,-360
5334,5363,6664,-1184,1320,-136
5760,5246,6754,-1322,1173,149
6198,5200,6799,-1092,745,347
6687,5287,6713,-647,297,350
6714,5285,6234,-239,-146,385
6578,5420,5873,680,-752,72
6639,5454,5358,602,-510,-92
7005,5483,4994,-323,190,133
7075,6182,4923,-1656,1067,589
6816,6904,5094,-1636,753,883
6068,6971,5027,-1141,600,541
5223,6783,5215,-534,372,162
5221,6777,6175,-300,378,-78
5379,6568,6620,-541,907,-366
5234,6078,6764,-555,856,-301
5234,5607,6764,-567,871,-304
5400,5211,6788,-608,913,-305
5836,5032,6966,-516,909,-393
6423,4994,7004,-375,893,-518
6786,5108,6890,115,692,-807
6845,5154,6228,1135,451,-1586
6636,5362,5493,905,261,-1166
6700,5975,5297,470,7,-477
7021,6660,4978,-132,-547,679
6968,7017,4982,-984,-1051,2035
6365,7154,4845,-899,-1096,1995
5560,7048,4950,-869,-429,1298
5231,6768,6071,-1051,636,415
5357,6607,6641,-939,1149,-210
5354,6053,6645,-1023,1277,-254
5311,5669,6687,-975,1234,-259
5309,5322,6689,-737,1148,-411
5625,5073,6926,-507,916,-409
5958,4844,7155,19,878,-897
6545,4976,7023,975,691,-1666
6857,5141,6133,1471,199,-1670
6679,5572,5319,1188,-752,-436
6686,6045,5312,1100,-1065,-35
6711,6473,5289,877,-1018,141
6537,6794,5204,605,-1021,416
6332,7039,4960,239,-954,715
5986,7264,4736,-519,-1065,1584
5045,6953,5045,-1152,-948,2100
5017,6982,6013,-1163,-544,1707
5212,6311,6785,-906,10,896
5281,5492,6717,-1081,982,99
5487,5265,6734,-1273,1231,42
5907,5148,6850,-1078,1091,-13
6391,5082,6916,-855,852,3
6889,5109,6759,-617,780,-163
6927,5071,6298,-230,550,-320
6700,5300,5908,535,308,-843
6607,5551,5392,746,312,-1058
6703,6187,5295,394,263,-657
7038,6970,4961,-270,-403,673
6549,7184,4814,-1152,-1022,2174
5809,7204,4794,-876,-1159,2035
4979,7019,5214,-1153,-450,1603
5193,6806,6768,-1042,609,433
5163,6087,6836,-774,1028,-254
5324,5506,6675,-1106,1213,-107
5553,5259,6739,-1256,1138,118
5993,5168,6830,-1009,906,103
6490,5100,6897,-725,706,19
6862,5137,6596,-509,585,-76
6724,5275,6175,237,59,-296
6594,5404,5428,937,-401,-536
6694,5826,5304,616,-310,-306
6820,6299,5177,210,-148,-62
7029,6816,4969,-677,-57,734
6374,7119,4880,-1438,13,1425
5573,7215,4785,-974,-542,1516
5015,6985,5378,-1009,-582,1591
5284,6708,6715,-1054,285,769
5250,5958,6748,-1119,1126,-7
5351,5522,6648,-1500,1349,151
5283,6525,6715,-89,-340,429
5327,5592,6672,-1239,201,1038
5604,5209,6789,-1232,517,715
6082,5157,6841,-858,657,201
6576,5128,6870,-699,669,30
6979,5021,6634,-558,765,-207
7023,4976,6013,-407,756,-349
6773,5225,5616,106,624,-730
6613,5736,5386,738,764,-1502
6585,6368,5414,649,499,-1148
6308,7008,4992,393,-433,40
5939,7050,4948,331,-1467,1136
5271,7072,4927,640,-1692,1052
4821,7178,5382,634,-1574,940
4809,7190,6404,344,-1083,739
4994,6557,7005,123,-931,808
5186,5626,6813,-27,-619,646
5983,5355,6644,-457,-341,798
6464,5193,6806,-1040,152,888
6810,5189,6742,-1248,981,267
6928,5070,6366,-1117,1032,85
7075,4924,5743,-822,850,-28
6896,5167,5103,-741,900,-159
6833,5939,5165,-279,822,-543
6272,6463,5536,554,734,-1288
5842,6522,5477,1034,682,-1716
5474,6708,5291,1148,66,-1214
5239,6812,5187,1179,-1220,41
5020,6980,5607,998,-1323,325
4884,7114,6265,945,-1291,346
5043,6838,6955,812,-1288,476
5033,5890,6965,413,-1084,671
5561,5336,6663,19,-836,817
6477,5511,6488,-516,-753,1269
6613,5386,6303,-998,-533,1531
6842,5157,6589,-1285,342,943
6931,5066,6143,-1218,1245,-27
6991,5008,5531,-1216,1370,-154
6978,5340,5020,-1357,1441,-84
6992,6122,5007,-992,1111,-119
6686,6760,5239,-750,742,8
5956,6698,5300,-419,573,-154
5172,6826,5412,321,70,-391
4991,7008,5669,1304,-1124,-180
4940,7059,6219,1462,-1267,-195
5044,6954,6895,1219,-1061,-158
4984,6202,7014,828,-876,48
5248,5438,6751,294,-494,200
6284,5439,6558,-487,-428,915
6559,5440,6404,-1075,-611,1686
6746,5253,6301,-1221,-256,1477
6956,5042,6375,-1342,743,599
7021,4978,5704,-1200,1250,-50
6967,5146,5031,-1301,1386,-85
7032,5967,4968,-943,1153,-210
6794,6777,5204,-701,900,-199
5979,6765,5234,-578,901,-323
5397,6602,5546,-316,947,-631
5227,6771,6232,115,800,-915
5164,6835,6764,1053,436,-1489
5127,6854,6872,1463,6,-1469
4991,6488,7007,1339,-642,-697
5032,5587,6968,965,-958,-7
5618,5138,6861,989,-1063,74
6377,5292,6706,555,-809,254
6642,5355,6119,271,-779,508
6785,5214,5362,-326,-631,957
6792,5206,5219,-1367,-247,1614
6881,5312,5117,-1492,203,1289
7014,5861,4985,-1302,796,506
6885,6658,5114,-1073,900,173
6153,6866,5133,-899,886,13
5459,6643,5355,-451,614,-163
5217,6782,6110,68,521,-589
5058,6940,6481,1119,71,-1190
5040,6959,6695,1491,-475,-1016
4980,6411,7019,1281,-856,-425
5018,5612,6980,957,-773,-184
5516,5144,6855,717,-768,51
6372,5284,6713,406,-747,341
6710,5288,6013,-101,-794,895
6806,5192,5433,-823,-649,1472
6812,5248,5186,-1287,-479,1766
6964,5407,5035,-1315,-143,1458
6979,5812,5020,-1146,673,473
6832,6715,5166,-1054,1233,-179
5995,6816,5183,-977,1166,-189
5463,6558,5442,-522,832,-310
5314,6683,6072,-248,732,-484
5153,6845,6787,659,428,-1087
5113,6884,6699,1471,-252,-1219
4980,6501,7018,1401,-909,-492
5005,5672,6994,1057,-901,-156
5438,5142,6856,816,-813,-3
6272,5247,6753,457,-674,217
6709,5289,6129,-35,-671,706
6856,5143,5490,-789,-481,1270
6872,5126,5325,-1360,-84,1444
6927,5171,5072,-1328,417,911
7030,5972,4968,-1091,953,138
6825,6730,5173,-886,851,35
6047,6785,5213,-621,741,-120
5378,6621,5519,-152,636,-484
5087,6911,6141,633,273,-906
4951,7047,6113,1427,-578,-849
5025,6973,6825,1485,-1070,-415
4954,6296,7044,1124,-997,-127
5065,5526,6934,610,-671,61
5734,5227,6773,429,-600,171
6578,5421,6481,-91,-688,779
6767,5232,5933,-837,-518,1355
6884,5114,5835,-1326,-66,1392
7013,4986,5695,-1339,540,799
7017,5223,4982,-1302,1169,133
7055,6095,4943,-1105,1101,4
6746,6847,5152,-816,830,-14
5908,6814,5184,-609,767,-158
5342,6656,5583,-299,731,-432
5199,6800,6346,154,673,-827
5139,6779,6859,1007,481,-1488
5014,6500,6985,1334,351,-1685
4943,5942,7056,974,290,-1264
5149,5592,6849,653,-331,-322
5799,5249,6750,962,-1402,440
6389,5428,6570,809,-1310,501
6576,5423,6193,572,-972,400
6743,5256,5493,-165,-448,613
6882,5116,5543,-1416,332,1084
6857,5216,5142,-1557,979,578
7091,5888,4908,-1416,1046,370
6949,6675,5050,-1225,801,424
6141,6948,5052,-847,666,181
5327,6746,5252,-331,473,-142
5121,6879,6107,101,424,-525
5125,6787,6873,635,558,-1193
5016,6361,6983,769,741,-1510
5004,5834,6995,456,722,-1178
5294,5418,6706,-1,236,-235
5814,5450,6549,71,-1032,961
6129,5417,6581,479,-1405,926
6528,5470,6359,424,-710,286
6878,5120,6065,-365,216,149
6918,5081,5796,-1384,1264,120
6912,5087,5243,-1513,1394,119
7099,5604,4900,-1554,1407,147
7053,6481,4946,-1221,1015,206
6433,6979,5019,-886,722,164
5426,6838,5160,-343,450,-107
5107,6892,6051,269,265,-534
5161,6838,6808,675,618,-1293
5044,6448,6955,742,763,-1505
5027,5930,6971,387,755,-1142
5314,5445,6686,-165,334,-169
5912,5597,6403,-328,-615,943
6302,5474,6524,-236,-1172,1408
6643,5355,6366,-484,-374,858
6879,5121,6537,-1016,1126,-110
6966,5032,6098,-1226,1663,-437
7050,4949,5392,-1360,1703,-343
7079,5446,4919,-1522,1761,-239
7055,6467,4943,-1201,1312,-111
6461,6952,5048,-886,872,14
5589,6809,5190,-488,594,-106
5247,6752,5955,-88,589,-501
5140,6858,6647,239,713,-952
5005,6528,6993,949,545,-1494
4925,6028,7072,816,658,-1474
4986,5444,7013,490,442,-932
5508,5347,6650,696,-819,123
6236,5371,6628,944,-1584,640
6536,5462,6313,849,-1349,500
6609,5388,5834,312,-681,369
6844,5154,5444,-871,30,841
6824,5173,5336,-1589,944,645
6992,5597,5007,-1456,1040,416
7062,6332,4936,-1329,810,519
6659,6944,5054,-1127,671,456
5696,6930,5068,-627,504,123
5095,6904,5655,-83,197,-114
5203,6795,6608,62,512,-574
40,7158,5724,399,-1127,728
5101,6898,6414,-405,-768,1173
5220,6176,6778,-845,-681,1526
5400,5373,6625,-886,-291,1177
5959,4980,7018,-818,607,211
6404,5016,6983,-1029,1305,-276
6979,5019,6893,-964,1269,-305
7121,4877,6144,-633,1008,-375
6909,5089,5605,-28,573,-545
6639,5733,5360,948,595,-1543
6499,6402,5499,1158,430,-1588
6112,6808,5191,1014,-264,-750
5843,6846,5153,933,-1175,242
5497,6866,5133,882,-1250,368
5031,6967,5274,680,-1159,479
4869,7130,5963,664,-1206,542
5009,6991,6754,541,-1053,512
5135,6188,6864,198,-940,742
5556,5531,6468,-491,-756,1247
6035,5408,6590,-915,-586,1501
6480,5081,6916,-1027,283,744
6811,5144,6855,-1247,1559,-312
7027,4972,6441,-1232,1627,-395
7170,4829,5722,-1155,1504,-349
7028,5161,4970,-1010,1459,-449
7062,6237,4938,-653,1125,-472
6626,6827,5172,-596,847,-251
5752,6683,5316,-389,774,-385
5295,6703,5941,280,700,-980
5204,6794,6229,1192,322,-1514
5091,6907,6178,1463,-258,-1205
5083,6915,6699,1321,-919,-402
4968,6329,7030,1253,-1181,-72
5049,5575,6948,863,-874,11
5615,5173,6825,681,-777,96
6416,5362,6636,277,-689,412
6755,5243,6028,-224,-702,926
6886,5113,5625,-1058,-317,1375
6983,5015,5505,-1412,301,1111
6969,5291,5031,-1327,976,351
7002,6119,4996,-826,944,-118
6682,6777,5222,-655,825,-170
5904,6712,5286,-491,872,-381
5347,6651,5686,-59,805,-746
5159,6839,6368,712,447,-1159
5062,6937,6319,1443,-165,-1278
5050,6948,6761,1440,-847,-593
4942,6281,7056,1342,-1146,-196
5040,5507,6959,889,-822,-67
5689,5146,6853,663,-710,47
6515,5380,6619,241,-553,312
6806,5192,5902,-365,-499,864
6940,5059,5766,-1252,27,1225
6990,5008,5506,-1397,594,803
7003,5398,4995,-1300,986,314
6986,6194,5012,-867,794,73
6653,6778,5221,-594,678,-84
5823,6690,5308,-421,788,-367
5338,6659,5806,74,850,-924
5202,6797,6383,787,629,-1416
5161,6837,6542,1320,314,-1634
5073,6925,6708,1405,-282,-1123
4975,6400,7023,1317,-1080,-237
5043,5567,6956,1001,-1041,40
5635,5151,6848,981,-1049,68
6361,5308,6691,542,-802,260
6667,5332,6145,244,-774,530
6837,5161,5308,-473,-514,987
6857,5141,5306,-1452,-51,1503
6894,5182,5104,-1502,519,983
7040,5986,4959,-1287,933,354
6857,6770,5141,-1004,877,127
5994,6855,5142,-749,807,-58
5359,6639,5530,-270,602,-332
5188,6810,6322,320,582,-902
5140,6859,6608,1242,262,-1504
5137,6861,6857,1463,-115,-1348
4989,6452,7010,1316,-707,-609
5035,5580,6963,1104,-942,-162
5565,5138,6861,882,-907,25
6325,5263,6736,535,-774,239
6689,5309,6107,138,-718,580
6851,5148,5313,-561,-572,1133
6837,5161,5191,-1372,-250,1622
6950,5288,5050,-1433,276,1157
7015,6024,4983,-1148,921,227
6793,6823,5175,-939,1045,-106
5909,6816,5183,-746,944,-198
5394,6605,5620,-313,748,-435
5251,6748,6316,130,767,-897
5205,6778,6794,1025,493,-1518
5135,6747,6862,1365,119,-1484
5019,6505,6979,1237,-532,-705
5059,5608,6940,965,-1002,37
5614,5173,6826,908,-1020,112
6307,5317,6682,534,-815,281
6677,5321,6169,191,-700,509
6887,5111,5434,-622,-367,989
6948,5050,5492,-1487,285,1202
6977,5230,5022,-1472,952,520
7080,6074,4919,-1249,1051,198
6807,6872,5125,-954,805,149
5935,6860,5139,-514,561,-47
5260,6739,5681,92,418,-510
5078,6920,6276,787,317,-1104
5107,6892,6563,1175,-35,-1140
5096,6567,6903,858,-78,-780
5055,5966,6943,415,-86,-329
5331,5415,6669,-13,-175,188
5887,5361,6638,-50,-572,622
6474,5364,6635,-47,-555,602
6920,5079,6371,-562,127,435
7044,4954,6099,-1118,1091,27
7082,4917,5414,-1276,1303,-27
7026,5438,4973,-1172,1266,-94
6983,6328,5015,-675,938,-263
6421,6776,5222,-429,696,-267
5564,6605,5394,-77,811,-734
5237,6762,5968,404,737,-1141
5188,6810,6332,1072,408,-1480
5087,6912,6399,1314,-51,-1263
5076,6922,6854,1291,-790,-501
5016,6134,6983,1020,-1056,36
5153,5426,6847,767,-870,103
5789,5223,6776,737,-839,102
6444,5338,6660,431,-669,238
6853,5145,6072,-199,-266,465
7037,4962,5907,-1234,508,726
6985,5014,5313,-1447,926,521
7018,5540,4981,-1229,925,304
6963,6323,5035,-653,692,-39
6405,6791,5207,-479,700,-221
5438,6560,5458,101,761,-862
5288,6712,6008,792,780,-1572
5237,6763,6245,1266,428,-1694
5107,6892,6259,1405,-95,-1310
5067,6932,6712,1324,-913,-411
4989,6261,7010,1309,-1310,1
5091,5533,6907,943,-998,55
5650,5176,6823,837,-942,105
6329,5331,6667,507,-787,280
6715,5285,6044,7,-609,602
6879,5120,5518,-932,-321,1253
6949,5049,5480,-1481,238,1243
6991,5243,5008,-1474,962,512
7058,6128,4940,-1229,1078,151
6765,6865,5133,-921,851,70
5919,6834,5165,-561,620,-59
5294,6704,5741,62,460,-522
5139,6860,6315,880,380,-1260
5096,6903,6476,1390,-50,-1340
5078,6921,6796,1356,-552,-804
4973,6198,7026,1118,-951,-167
5109,5436,6889,740,-797,57
5783,5211,6787,555,-720,165
6567,5433,6507,80,-732,652
6807,5192,5832,-544,-622,1166
6895,5104,5743,-1280,-127,1407
7007,4992,5564,-1383,605,778
7004,5391,4995,-1318,1182,136
6994,6213,5005,-875,980,-105
6599,6800,5199,-659,825,-166
5809,6708,5291,-469,874,-405
5342,6656,5765,-81,867,-786
5168,6831,6507,529,620,-1149
5150,6848,6644,1302,262,-1564
5102,6898,6847,1410,-276,-1134
4959,6261,7039,1289,-1017,-272
5070,5441,6928,975,-945,-30
5768,5151,6847,786,-821,35
6459,5367,6631,415,-614,199
6803,5195,5990,-105,-443,548
6979,5020,5736,-1182,229,953
6968,5031,5360,-1424,783,641
7029,5523,4969,-1335,970,365
6969,6297,5029,-850,688,162
6562,6793,5205,-532,604,-72
5652,6640,5358,-248,705,-457
5297,6701,5984,327,828,-1155
5229,6770,6371,1007,608,-1615
5179,6820,6542,1326,343,-1669
5093,6906,6756,1348,-216,-1132
4999,6364,6999,1274,-1098,-176
5080,5551,6918,988,-1093,105
5661,5174,6824,999,-1105,106
6347,5333,6666,583,-860,277
6648,5351,6197,349,-778,429
6833,5166,5370,-361,-485,846
6894,5104,5351,-1447,65,1382
6931,5211,5067,-1526,704,822
7046,6021,4952,-1282,944,338
6853,6807,5146,-968,862,106
5954,6855,5143,-675,756,-81
5338,6660,5622,-162,548,-386
5137,6861,6430,523,502,-1025
5101,6897,6516,1388,66,-1454
5090,6909,6788,1496,-396,-1100
4970,6312,7028,1280,-886,-394
5060,5506,6939,1000,-809,-191
5617,5155,6844,741,-767,26
6394,5317,6681,431,-723,292
6733,5265,6013,-76,-699,775
6832,5166,5414,-915,-472,1387
6838,5160,5216,-1355,-242,1597
6970,5299,5029,-1319,257,1062
7005,6051,4993,-1038,954,84
6725,6817,5182,-952,1116,-164
5869,6788,5211,-743,1019,-276
5421,6578,5626,-391,856,-465
5285,6715,6275,-24,814,-790
5177,6764,6821,835,536,-1371
5130,6720,6868,1370,84,-1454
5031,6460,6969,1245,-526,-719
5079,5597,6919,902,-932,30
5603,5185,6814,848,-971,123
6296,5325,6672,523,-813,290
6687,5311,6160,123,-659,536
6905,5093,5575,-822,-225,1047
6994,5004,5633,-1526,516,1010
6988,5234,5010,-1509,1072,437
7091,6053,4908,-1287,1061,226
6849,6881,5119,-939,782,157
5926,6881,5119,-504,547,-43
5209,6789,5652,189,242,-431
5097,6901,6234,845,178,-1023
5140,6858,6674,1015,87,-1102
5044,6371,6954,668,245,-913
5120,5734,6879,121,413,-534
5532,5419,6580,-460,113,347
6064,5502,6498,-549,-683,1232
6520,5440,6559,-420,-803,1223
6814,5185,6559,-808,52,756
6987,5012,6302,-1024,1294,-270
7079,4918,5667,-1166,1524,-358
7029,5169,4971,-1409,1704,-295
7089,6098,4910,-1144,1433,-289
6695,6888,5111,-850,955,-105
5810,6833,5165,-700,890,-190
5368,6631,5647,-435,780,-345
5282,6717,6301,-187,826,-639
5047,6631,6951,575,624,-1199
5013,6337,6986,1392,469,-1861
4860,5839,7137,1255,508,-1763
5038,5364,6960,1050,147,-1197
5749,5208,6790,1140,-1156,16
6459,5335,6663,916,-1160,244
6606,5393,6160,696,-947,251
6699,5299,5466,136,-569,433
6843,5156,5210,-1239,-5,1244
6892,5310,5106,-1574,693,881
7051,6060,4948,-1362,889,473
6864,6814,5135,-1067,780,287
5963,6899,5100,-719,750,-31
5310,6689,5442,-360,615,-255
5177,6822,6252,8,645,-653
5072,6721,6926,512,671,-1183
4992,6293,7007,875,687,-1562
4965,5756,7033,506,687,-1193
5289,5418,6710,151,34,-185
5780,5312,6687,474,-1459,985
6349,5492,6507,891,-1614,723
6491,5507,6182,738,-1222,484
6559,5440,5761,288,-624,336
6791,5207,5299,-573,-156,729
6797,5202,5318,-1474,801,673
6968,5657,5030,-1496,1169,327
7068,6396,4931,-1471,910,561
6640,6962,5036,-1336,658,678
5680,7020,4978,-673,349,324
4934,7064,5350,125,-492,367
4931,7067,6260,746,-586,-160
5088,6707,6912,562,-270,-292
5291,5650,6708,-303,410,-107
5508,5343,6656,-1411,996,415
5850,5237,6762,-1260,902,358
6262,5159,6840,-978,849,129
6753,5136,6863,-807,941,-134
7057,4943,6449,-773,1181,-408
7078,4921,5713,-752,1196,-444
6915,5209,5083,-630,1104,-474
6811,6036,5188,-209,959,-750
6193,6473,5526,554,739,-1293
5797,6550,5449,996,630,-1626
5426,6794,5204,1116,-96,-1020
5154,6844,5227,1179,-1374,195
4965,7034,5724,1049,-1478,429
4850,7148,6454,1023,-1387,364
4930,6663,7069,920,-1437,517
4962,5629,7037,609,-1032,423
5563,5146,6853,589,-844,255
6390,5343,6655,349,-782,433
6722,5276,6046,-102,-738,840
6838,5161,5573,-1029,-341,1370
6918,5080,5620,-1518,295,1223
6897,5170,5102,-1442,937,505
7036,5927,4963,-1269,995,274
6880,6652,5120,-849,722,127
6183,6850,5148,-698,735,-37
5431,6615,5383,-374,629,-255
5219,6780,6117,94,658,-752
5118,6882,6694,966,416,-1382
5109,6882,6890,1435,30,-1465
5008,6507,6992,1264,-451,-813
5042,5667,6957,786,-846,60
5577,5180,6818,850,-1059,209
6316,5327,6671,530,-934,404
6620,5379,6183,290,-939,649
6766,5233,5439,-304,-674,978
6794,5204,5286,-1304,-284,1588
6844,5210,5154,-1471,232,1239
7034,5743,4965,-1289,860,429
6925,6581,5074,-1106,962,144
6236,6881,5117,-957,929,28
5522,6688,5310,-469,612,-143
5228,6769,6034,25,506,-531
5049,6949,6424,1095,31,-1126
5035,6965,6631,1542,-598,-944
4978,6483,7020,1439,-914,-525
4977,5682,7022,1012,-781,-231
5424,5121,6877,749,-729,-20
6322,5251,6746,387,-556,169
6753,5245,5968,-305,-537,842
6834,5164,5584,-1094,-439,1533
6857,5141,5327,-1371,-210,1581
6934,5177,5064,-1311,282,1029
7019,5939,4980,-1057,1006,51
6823,6747,5175,-901,1079,-178
5981,6798,5199,-781,1037,-256
5434,6564,5532,-391,879,-488
5276,6722,6208,15,792,-807
5198,6801,6749,936,496,-1432
5160,6839,6800,1408,-1,-1407
5018,6548,6980,1295,-711,-584
5041,5691,6958,951,-973,22
5470,5176,6823,854,-942,88
6219,5278,6720,537,-771,234
6677,5321,6233,131,-672,541
6901,5098,5588,-730,-301,1031
6985,5014,5616,-1501,415,1086
6958,5153,5040,-1513,1028,485
7109,5979,4889,-1337,1111,226
6908,6846,5091,-987,808,179
5991,6907,5091,-551,529,22
5198,6800,5530,123,199,-322
5074,6924,6186,778,109,-887
5145,6853,6686,943,79,-1022
5030,6298,6968,593,348,-941
5177,5721,6822,-37,646,-609
5499,5339,6659,-738,414,324
6000,5468,6531,-578,-295,873
6374,5409,6590,-220,-862,1082
6714,5284,6434,-172,-331,503
7041,4957,6267,-747,909,-162
7073,4926,5642,-1268,1536,-268
7051,5172,4947,-1544,1742,-198
7112,6106,4887,-1265,1418,-153
6696,6930,5069,-911,947,-36
5760,6876,5121,-710,835,-125
5305,6692,5658,-421,697,-276
5306,6693,6328,-257,901,-644
5120,6544,6879,219,811,-1030
4985,6194,7013,1152,656,-1808
4899,5766,7100,1113,710,-1823
4999,5163,7001,1096,360,-1456
5780,5221,6777,1199,-835,-364
6557,5319,6680,970,-1131,161
6612,5386,6060,761,-940,179
6618,5381,5532,437,-795,358
6994,5495,5005,-620,-438,1058
6960,5673,5037,-1447,4,1443
7032,6129,4967,-1283,390,893
6783,6865,5133,-1203,866,337
5829,6922,5078,-871,891,-20
5279,6720,5438,-536,610,-74
5268,6729,6207,-421,702,-281
5211,6569,6788,-148,744,-596
4905,6098,7092,414,721,-1135
4937,5563,7062,689,808,-1497
5123,5054,6946,553,448,-1001
5936,5287,6712,908,-1098,190
6582,5416,6507,1006,-1572,566
6510,5490,5945,965,-1440,475
6501,5497,5649,699,-1147,448
6754,5669,5244,-53,-592,645
6852,5662,5148,-1199,-132,1331
6894,5904,5104,-1243,339,904
6923,6571,5076,-1220,697,523
6372,6947,5052,-1190,651,539
5579,6973,5026,-658,251,407
5063,6935,5405,-297,-275,572
5052,6946,6313,-8,-278,286
4997,6610,7002,459,-154,-305
4935,5833,7063,602,88,-690
5168,5085,6914,229,541,-770
6211,5231,6768,-546,517,29
6483,5514,6345,-896,-221,1117
6631,5368,6044,-640,-1012,1652
6734,5265,5753,-897,-516,1413
6970,5028,5931,-1217,418,799
6923,5075,5201,-1468,1470,-2
7076,5748,4922,-1608,1624,-16
6995,6573,5003,-1322,1182,140
6297,6952,5046,-1104,965,139
5503,6785,5214,-532,571,-39
5249,6749,5969,-222,541,-319
5146,6852,6720,149,614,-763
4958,6471,7041,928,469,-1397
4897,5901,7101,820,588,-1408
5020,5352,6979,489,360,-849
5704,5319,6679,697,-1009,312
6340,5427,6572,871,-1539,668
6569,5430,6222,726,-1191,465
6685,5313,5595,30,-492,462
6888,5111,5610,-1334,392,942
6817,5216,5182,-1641,1076,565
6995,5246,5003,-1225,1260,-35
7021,6056,4977,-1005,1057,-52
6770,6791,5208,-747,832,-85
5976,6762,5238,-581,796,-215
5346,6652,5542,-202,702,-500
5112,6886,6366,514,429,-943
5044,6954,6394,1331,-90,-1241
5037,6962,6800,1414,-691,-723
4982,6237,7017,1108,-910,-198
5103,5499,6894,632,-731,99
5769,5219,6780,569,-797,228
6535,5457,6541,197,-809,612
6771,5228,5845,-400,-672,1072
6859,5140,5729,-1325,-146,1471
6974,5025,5683,-1527,540,987
6979,5219,5019,-1407,1087,320
7044,6046,4954,-1155,1078,77
6833,6808,5165,-913,917,-4
5945,6824,5175,-570,741,-171
5342,6656,5642,-96,647,-551
5125,6874,6402,554,524,-1078
5109,6889,6545,1334,97,-1431
5115,6883,6876,1335,-257,-1078
5003,6268,6997,1070,-795,-275
5123,5501,6876,712,-825,113
5718,5214,6785,673,-873,200
6419,5369,6629,400,-767,367
6749,5249,5892,-252,-513,765
6892,5106,5753,-1253,-39,1292
6984,5016,5636,-1470,617,853
7007,5258,4991,-1406,1125,281
7061,6119,4938,-1152,1082,70
6772,6857,5141,-863,815,48
5909,6836,5164,-545,674,-129
5309,6689,5776,32,622,-654
5159,6840,6446,583,718,-1301
5197,6787,6801,1124,527,-1651
5030,6492,6967,1146,453,-1599
4960,6052,7038,840,193,-1033
5176,5648,6822,682,-809,127
5807,5259,6739,915,-1429,514
6343,5444,6555,750,-1262,512
6573,5427,6219,474,-832,358
6814,5185,5645,-313,-253,566
6917,5080,5621,-1405,759,646
6892,5217,5105,-1511,1114,397
7126,5888,4872,-1399,1087,312
6981,6721,5019,-1190,779,411
6164,6982,5016,-850,615,235
5203,6795,5211,-259,347,-88
5124,6874,6215,204,222,-426
5177,6679,6822,280,797,-1077
5079,6266,6920,246,953,-1199
5151,5747,6847,-63,864,-801
5408,5265,6732,-422,589,-167
5934,5238,6761,-458,244,214
6303,5300,6699,-107,-192,299
6725,5273,6662,162,-103,-59
7032,4967,6336,35,471,-506
7114,4885,5297,-1079,1376,-297
7023,5483,4975,-1449,1388,61
6975,6249,5023,-838,868,-30
6559,6776,5223,-562,736,-174
5703,6631,5368,-314,871,-557
5320,6678,5889,167,948,-1115
5222,6777,6393,906,616,-1522
5171,6827,6508,1339,295,-1634
5081,6918,6695,1377,-322,-1055
5001,6355,6996,1285,-1120,-165
5080,5577,6919,944,-1021,77
5602,5162,6837,963,-1007,44
6311,5305,6692,549,-725,176
6706,5292,6128,96,-536,440
6951,5048,5716,-953,4,949
6984,5014,5557,-1562,781,781
7012,5273,4986,-1502,1050,452
7045,6078,4953,-1093,882,211
6794,6838,5162,-766,774,-8
5880,6811,5188,-475,712,-237
5317,6681,5818,92,697,-789
5205,6793,6400,777,692,-1469
5226,6772,6712,1235,523,-1758
5095,6633,6903,1311,369,-1680
4996,6311,7004,842,123,-965
4970,5567,7028,479,397,-876
5425,5187,6812,-8,383,-375
6139,5495,6503,-156,-576,732
6471,5526,6389,4,-1315,1311
6518,5480,6121,135,-1213,1078
6611,5388,5701,-114,-682,796
6789,5209,5636,-996,62,934
6807,5193,5371,-1304,1049,255
6983,5640,5016,-1368,1367,1
7060,6412,4938,-1518,1121,397
6601,6969,5029,-1416,851,565
5650,6973,5026,-698,434,264
5031,6966,5472,-114,-79,193
5098,6900,6447,99,75,-174
5068,6352,6931,110,471,-581
5115,5804,6883,-109,818,-709
5331,5288,6711,-579,810,-231
5797,5121,6877,-675,701,-26
6329,5083,6916,-642,654,-12
6861,5137,6797,-570,699,-129
6985,5013,6251,-450,696,-246
6920,5078,5736,-134,655,-521
6730,5391,5268,127,809,-936
6783,6122,5215,130,767,-897
6648,6794,5204,0,253,-253
5998,7138,4859,43,-562,519
5180,6966,5033,665,-1209,544
4941,7058,5518,815,-1017,202
5008,6991,6147,188,-445,257
5282,6350,6717,-1057,100,957
5274,5497,6725,-1339,560,779
5585,5279,6719,-1203,704,499
6025,5178,6821,-851,634,217
6481,5122,6877,-613,628,-15
6942,5057,6793,-389,766,-377
7019,4979,6196,-129,940,-811
6819,5179,5597,180,873,-1053
6683,5691,5316,365,832,-1197
6617,6373,5381,479,453,-932
6313,7024,4975,422,-529,107
5901,7033,4965,440,-1454,1014
5288,7072,4926,745,-1714,969
4893,7107,5434,673,-1435,762
4945,7054,6104,25,-790,765
5275,6643,6724,-294,-728,1022
5386,5800,6611,-825,-423,1248
5611,5142,6856,-967,399,568
5987,5103,6896,-877,1214,-337
6409,5055,6945,-940,1333,-393
6997,5003,6891,-785,1222,-437
7131,4867,6120,-508,1067,-559
6906,5092,5536,35,774,-809
6679,5777,5319,790,730,-1520
6522,6436,5477,994,502,-1496
6086,6842,5157,899,-114,-785
5707,6949,5051,961,-1190,229
5220,6929,5070,938,-1340,402
4895,7103,5549,809,-1282,473
4920,7079,6342,483,-909,426
5277,6617,6722,-157,-771,928
5397,5794,6601,-952,-741,1693
5767,5456,6542,-1099,-405,1504
6166,5123,6876,-1025,380,645
6430,5159,6839,-977,1255,-278
6834,5166,6771,-950,1326,-376
7083,4915,6288,-815,1209,-394
7057,4942,5561,-800,1159,-359
6966,5440,5033,-589,1139,-550
6760,6233,5238,-164,868,-704
6106,6510,5490,381,719,-1100
5667,6659,5340,902,302,-1204
5387,6888,5111,1221,-1140,-81
5124,6875,5333,1327,-1753,426
4907,7091,5831,1227,-1587,360
4898,7100,6575,1233,-1534,301
4943,6461,7056,1150,-1503,353
5023,5569,6975,693,-961,268
5613,5181,6817,527,-788,261
6531,5431,6568,83,-784,701
6758,5241,5868,-527,-761,1288
6789,5209,5664,-1231,-372,1603
6893,5105,5630,-1421,139,1282
6904,5096,5139,-1269,881,388
7054,5891,4943,-1255,1244,11
6894,6677,5104,-1001,979,22
6123,6854,5144,-750,820,-70
5412,6606,5393,-354,680,-326
5191,6807,6087,38,608,-646
5065,6934,6658,931,240,-1171
5114,6774,6885,1220,-129,-1091
4991,6231,7008,778,-266,-512
5108,5623,6891,497,-535,38
5661,5231,6766,658,-956,298
6322,5374,6624,532,-1024,492
6653,5345,6161,270,-813,543
6854,5145,5372,-608,-405,1013
6931,5067,5536,-1488,266,1222
6939,5193,5059,-1489,933,556
7046,5998,4951,-1245,990,255
6857,6781,5142,-851,776,75
6037,6845,5152,-624,708,-84
5359,6639,5521,-248,603,-355
5143,6856,6348,392,503,-895
5076,6923,6505,1304,48,-1352
5065,6933,6779,1469,-454,-1015
5011,6289,6987,1084,-753,-331
5074,5546,6924,619,-673,54
5681,5186,6813,656,-796,140
6426,5387,6611,354,-747,393
6756,5242,6006,-141,-690,831
6895,5104,5603,-1111,-245,1356
6963,5036,5453,-1498,361,1137
7008,5263,4992,-1392,927,465
7043,6149,4956,-1066,1005,61
6576,6872,5125,-872,939,-67
5814,6809,5190,-521,807,-286
5314,6685,5701,-165,784,-619
5149,6849,6494,382,648,-1030
5146,6650,6852,1115,540,-1655
5007,6392,6991,1150,550,-1700
4935,5907,7064,984,351,-1335
5223,5666,6776,757,-551,-206
5838,5272,6726,1070,-1514,444
6399,5490,6508,749,-1213,464
6581,5417,6071,336,-735,399
6825,5173,5559,-521,-187,708
6901,5098,5739,-1443,750,693
6855,5194,5142,-1481,1177,304
7070,5891,4929,-1412,1164,248
6971,6580,5027,-1103,842,261
6285,6929,5068,-845,729,116
5285,6712,5312,-200,437,-237
5171,6827,6271,326,510,-836
5145,6853,6778,877,571,-1448
5033,6519,6967,982,531,-1513
4938,5978,7060,627,514,-1141
5279,5612,6719,248,-221,-27
5762,5387,6613,231,-1275,1044
6137,5420,6579,523,-1484,961
6525,5475,6330,415,-745,330
6809,5190,5978,-300,23,277
6888,5109,5783,-1348,1210,138
6874,5125,5301,-1469,1297,172
7078,5522,4920,-1434,1225,209
7073,6340,4926,-1302,977,325
6590,6957,5042,-959,654,305
5551,6887,5111,-415,444,-29
5103,6895,5867,119,195,-314
5178,6821,6701,300,551,-851
5049,6456,6950,369,890,-1259
4999,5995,7000,347,842,-1189
5176,5405,6824,-57,612,-555
5679,5342,6657,-147,-19,166
6104,5415,6583,134,-975,841
6577,5413,6586,422,-711,289
6940,5057,6270,-140,155,-15
7054,4944,5733,-1354,1388,-34
6995,5003,5030,-1737,1627,110
7113,5801,4886,-1452,1338,114
6967,6738,5033,-943,906,37
6137,6919,5079,-653,639,14
5290,6708,5533,-161,567,-406
5205,6794,6203,110,861,-971
5173,6815,6826,403,884,-1287
5024,6347,6975,853,767,-1620
4973,5891,7025,552,774,-1326
5204,5391,6796,110,361,-471
5595,5308,6691,476,-1169,693
6283,5421,6576,1006,-1471,465
6544,5455,6327,757,-996,239
6766,5232,5844,-33,-180,213
6933,5065,5699,-1219,779,440
6851,5148,5156,-1541,1193,348
7089,5806,4908,-1480,1099,381
7005,6500,4993,-1217,799,418
6371,6951,5047,-959,721,238
5368,6770,5228,-341,486,-145
5139,6859,6125,209,402,-611
5108,6890,6711,843,416,-1259
5031,6490,6968,966,576,-1542
4943,5986,7056,586,663,-1249
5167,5508,6833,277,190,-467
5758,5407,6591,253,-1201,948
6130,5417,6582,631,-1540,909
6534,5465,6299,387,-743,356
6876,5122,5931,-562,186,376
6887,5111,5875,-1419,1151,268
6892,5105,5305,-1474,1322,152
7071,5572,4928,-1491,1307,184
7043,6364,4956,-1183,970,213
6607,6932,5067,-921,775,146
5693,6863,5136,-471,554,-83
5165,6833,5997,235,374,-609
5145,6853,6649,704,706,-1410
5053,6647,6946,959,623,-1582
4940,6113,7058,865,505,-1370
5016,5699,6983,547,189,-736
5497,5349,6649,668,-1138,470
6139,5425,6573,743,-1473,730
6489,5510,6420,543,-1099,556
6685,5313,5831,-131,-386,517
6897,5102,5947,-1279,589,690
6864,5134,5488,-1515,1195,320
6984,5375,5015,-1416,1203,213
7118,6114,4882,-1403,1100,303
6821,6941,5057,-1173,760,413
5870,6994,5005,-605,467,138
5067,6932,5408,11,64,-75
5011,6988,6331,305,49,-354
5093,6417,6904,279,532,-811
5315,5968,6684,-719,1108,-389
5280,5425,6718,-1162,940,222
5695,5201,6798,-864,662,202
6232,5097,6902,-560,521,39
6762,5145,6853,-442,613,-171
6961,5037,6490,-202,693,-491
6973,5026,5834,-7,819,-812
6937,5262,5062,-354,931,-577
6982,5991,5017,-769,775,-6
6838,6664,5160,-622,481,141
6225,6944,5055,-477,207,270
5312,6931,5068,13,-194,181
4937,7062,5657,641,-624,-17
4974,7024,6344,597,-452,-145
5177,6519,6822,123,-16,-107
5308,5593,6691,-996,631,365
5514,5317,6681,-1390,751,639
5955,5199,6798,-966,523,443
6456,5234,6765,-618,324,294
6856,5142,6701,-423,331,92
7086,4912,6209,-367,829,-462
6971,5028,5434,-681,991,-310
6908,5488,5090,-470,881,-411
6762,6206,5237,-147,834,-687
6351,6629,5368,19,750,-769
5638,6613,5386,284,488,-772
5213,6936,5064,1002,-494,-508
5022,6976,5464,1240,-1474,234
4886,7111,6081,1259,-1438,179
5031,6967,6812,945,-1136,191
5003,6133,6996,489,-992,503
5404,5424,6594,-67,-751,818
6235,5473,6526,-685,-661,1346
6596,5338,6661,-1088,-210,1298
6826,5172,6743,-1415,1193,222
6935,5063,6370,-1322,1491,-169
7099,4899,5740,-1134,1310,-176
6971,5119,5029,-1165,1403,-238
7044,6120,4954,-788,1223,-435
6761,6799,5198,-587,862,-275
5927,6743,5256,-495,849,-354
5341,6657,5732,39,779,-818
5188,6811,6293,917,430,-1347
5092,6906,6254,1476,-127,-1349
5055,6943,6650,1398,-819,-579
4955,6385,7043,1310,-1179,-131
5023,5575,6976,922,-928,6
5609,5151,6848,715,-750,35
6443,5353,6645,242,-584,342
6794,5205,5968,-377,-576,953
6927,5072,5774,-1216,-85,1301
7021,4978,5578,-1412,585,827
6991,5349,5007,-1306,1059,247
7001,6152,4998,-775,875,-100
6651,6779,5220,-576,742,-166
5808,6669,5329,-353,790,-437
5303,6695,5813,212,767,-979
5161,6838,6193,1079,323,-1402
5025,6975,6178,1447,-333,-1114
5035,6963,6798,1355,-988,-367
4942,6262,7058,1232,-1187,-45
5056,5470,6943,822,-860,38
5766,5157,6841,620,-745,125
6553,5405,6594,246,-670,424
6783,5215,5929,-200,-687,887
6855,5142,5438,-1013,-384,1397
6858,5140,5180,-1304,-74,1378
6971,5390,5028,-1203,400,803
6966,6194,5032,-840,861,-21
6586,6779,5219,-814,963,-149
5837,6691,5307,-628,923,-295
5377,6622,5664,-292,771,-479
5132,6867,6440,528,390,-918
5033,6965,6285,1438,-308,-1130
5067,6932,6833,1489,-955,-534
4947,6220,7050,1304,-1076,-228
5056,5447,6942,812,-793,-19
5774,5141,6857,713,-797,84
6600,5399,6597,235,-626,391
6760,5238,5843,-257,-757,1014
6805,5194,5374,-1023,-550,1573
6838,5233,5160,-1389,-333,1722
6993,5419,5006,-1347,102,1245
6980,6051,5018,-1102,898,204
6699,6803,5196,-1083,1180,-97
5867,6769,5229,-818,1005,-187
5421,6578,5540,-464,790,-326
5209,6789,6322,172,466,-638
5070,6929,6393,1322,-142,-1180
5089,6910,6773,1514,-797,-717
4953,6297,7045,1362,-1017,-345
5024,5507,6975,939,-810,-129
5654,5116,6882,742,-740,-2
6508,5322,6677,304,-570,266
6799,5201,5878,-327,-589,916
6842,5156,5476,-1106,-414,1520
6840,5182,5159,-1280,-253,1533
6958,5463,5040,-1198,161,1037
6948,6080,5049,-758,791,-33
6648,6763,5236,-840,1104,-264
5888,6695,5304,-687,1013,-326
5397,6601,5591,-314,789,-475
5127,6872,6374,516,345,-861
5002,6997,6137,1443,-450,-993
5054,6944,6787,1519,-1135,-384
4935,6294,7064,1357,-1202,-155
5026,5466,6972,867,-862,-5
5711,5119,6880,599,-700,101
6630,5368,6622,143,-621,478
6797,5203,5838,-361,-758,1119
6805,5194,5378,-1002,-567,1569
6881,5399,5117,-1118,-530,1648
7050,5740,4949,-1014,-409,1423
6941,6079,5058,-858,267,591
6630,6716,5282,-985,1213,-228
5904,6672,5326,-875,1211,-336
5452,6547,5465,-539,847,-308
5163,6836,6001,158,159,-317
5001,6997,6211,1285,-914,-371
5055,6944,6819,1535,-1234,-301
4911,6349,7087,1437,-1180,-257
4982,5513,7017,927,-791,-136
5626,5077,6921,601,-629,28
6572,5281,6717,307,-586,279
6735,5263,5856,-129,-748,877
6776,5223,5348,-317,-1005,1322
6930,5479,5068,-797,-799,1596
7027,5924,4971,-841,-698,1539
7020,6479,4980,-580,-456,1036
6619,6593,5379,-731,799,-68
5843,6651,5348,-1106,1711,-605
5513,6486,5637,-939,1448,-509
5462,6536,5989,-501,875,-374
5229,6769,6564,370,208,-578
5172,6826,6484,1513,-796,-717
5121,6589,6878,1524,-1042,-482
4899,5984,7100,1377,-901,-476
5045,5213,6953,1367,-660,-707
5913,4995,7003,998,-512,-486
6826,5083,6916,369,-139,-230
6963,5037,5907,-35,-16,51
6766,5547,5232,45,-688,643
6716,5929,5282,765,-1216,451
6788,6465,5211,885,-1028,143
6514,6856,5142,643,-845,202
5922,6970,5028,532,-704,172
5359,6957,5041,427,-589,162
5077,6922,5255,-39,-568,607
5116,6882,5907,-913,-480,1393
5329,6669,6597,-643,-648,1291
5226,5993,6773,-233,-484,717
5020,4989,7009,130,406,-536
5316,4815,7183,645,1249,-1894
6083,4735,7263,681,1250,-1931
7028,4971,6870,739,791,-1530
6925,5073,5646,820,115,-935
6886,5926,5112,821,-849,28
6733,6548,5267,1224,-1280,56
6353,6709,5288,1521,-1271,-250
5956,6795,5203,1291,-906,-385
5492,6813,5185,935,-623,-312
5089,6909,5401,508,-458,-50
5122,6877,5855,28,-318,290
5372,6627,6427,-825,8,817
5310,6135,6689,-844,112,732
5278,5521,6720,-524,255,269
5179,4984,7015,13,592,-605
5628,4755,7243,913,845,-1758
6471,4892,7106,1020,752,-1772
6914,5084,6214,1385,109,-1494
6750,5427,5248,1197,-941,-256
6726,6066,5273,1206,-1167,-39
6652,6514,5347,1351,-1151,-200
6382,6742,5257,1067,-992,-75
6018,6878,5121,739,-785,46
5448,6973,5025,504,-769,265
5098,6902,5263,257,-806,549
5149,6849,5615,-697,-548,1245
5257,6742,6412,-1027,-532,1559
5332,6198,6667,-591,-636,1227
5225,5335,6774,-321,-30,351
5274,4911,7087,134,1082,-1216
5711,4766,7232,473,1508,-1981
6530,4883,7116,677,1221,-1898
7023,4976,6281,1078,426,-1504
6771,5425,5228,705,-291,-414
6745,6195,5253,749,-1023,274
6678,6582,5320,1087,-1388,301
6439,6775,5223,1032,-1402,370
6097,6924,5075,793,-1220,427
5503,7020,4978,611,-1125,514
5072,6927,5225,323,-813,490
5169,6830,5779,-1018,-239,1257
5315,6442,6683,-1269,330,939
5340,5809,6658,-1130,743,387
5356,5425,6644,-946,830,116
5573,5234,6764,-622,770,-148
5834,4972,7027,-147,600,-453
6194,4866,7132,486,804,-1290
6937,5061,6768,1167,709,-1876
6895,5104,5834,1168,408,-1576
6734,5759,5266,885,-47,-838
6724,6508,5275,992,-861,-131
6540,6778,5220,946,-1106,160
6121,6932,5066,814,-1109,295
5572,6994,5005,719,-1012,293
5045,6952,5215,478,-790,312
5094,6904,5551,-283,-467,750
5307,6691,6485,-1115,-204,1319
5371,5978,6629,-985,105,880
5319,5340,6679,-732,639,93
5511,5239,6759,-497,1040,-543
5665,5014,6985,-103,1073,-970
6049,4825,7174,329,1184,-1513
6804,4990,7009,772,1234,-2006
7014,4984,6126,1010,730,-1740
6748,5251,5336,698,480,-1178
6759,6341,5239,722,-101,-621
6542,6797,5202,1014,-1101,87
6177,6891,5109,1109,-1381,272
5723,6989,5009,1069,-1306,237
5107,6922,5076,893,-1191,298
4982,7016,5714,441,-719,278
5225,6773,6053,-562,-335,897
5336,6265,6663,-1173,-159,1332
5367,5488,6630,-1188,290,898
5630,5255,6744,-895,840,55
5911,5170,6828,-752,994,-242
6334,5064,6935,-648,992,-344
6968,5031,6936,-569,1145,-576
7098,4901,6244,-435,1193,-758
6934,5065,5643,20,997,-1017
6676,5651,5322,432,971,-1403
6572,6315,5427,814,597,-1411
6256,6898,5101,660,-201,-459
5865,6993,5006,757,-1467,710
5390,7013,4986,937,-1782,845
4865,7133,5251,844,-1710,866
4774,7225,6233,523,-1332,809
4955,6802,7044,380,-1011,631
5089,5751,6910,139,-792,653
5743,5332,6666,-224,-384,608
6387,5247,6752,-932,1,931
6793,5162,6835,-1172,854,318
6936,5063,6460,-1119,1147,-28
7105,4893,5831,-879,959,-80
6912,5086,5143,-670,868,-198
6796,5842,5202,-126,755,-629
6355,6477,5520,801,647,-1448
5880,6472,5526,1084,597,-1681
5574,6603,5397,1099,240,-1339
5299,6824,5174,998,-681,-317
5093,6904,5548,895,-1173,278
4925,7074,6088,817,-1175,358
4999,7000,6847,1123,-1417,294
4943,6196,7056,893,-1300,407
5151,5396,6846,823,-887,64
5802,5250,6749,576,-769,193
6557,5360,6639,230,-744,514
6865,5133,5907,-430,-404,834
6971,5027,5794,-1246,206,1040
6937,5061,5306,-1039,408,631
6978,5566,5020,-705,664,41
6892,6322,5107,-514,703,-189
6400,6720,5278,-515,759,-244
5556,6518,5480,-19,692,-673
5271,6728,5802,907,302,-1209
5104,6894,5584,1521,-842,-679
5049,6950,6069,1481,-1313,-168
4997,7001,6721,1353,-1272,-81
4947,6419,7053,1290,-1284,-6
5007,5559,6991,890,-953,63
5604,5141,6857,626,-641,15
6475,5340,6658,230,-573,343
6800,5198,5840,-475,-545,1020
6832,5167,5528,-1108,-485,1593
6867,5132,5218,-1310,-260,1570
6942,5301,5056,-1227,253,974
6972,6050,5026,-867,972,-105
6702,6763,5237,-871,1139,-268
5922,6709,5290,-699,1040,-341
5405,6594,5562,-308,796,-488
5127,6871,6299,551,300,-851
5001,6997,6080,1449,-540,-909
5054,6944,6745,1499,-1110,-389
4932,6351,7066,1388,-1214,-174
4997,5539,7001,904,-882,-22
5658,5105,6894,594,-673,79
6603,5348,6650,94,-548,454
6831,5167,5825,-495,-627,1122
6828,5170,5450,-1050,-492,1542
6844,5255,5155,-1196,-305,1501
6971,5606,5027,-948,-71,1019
6925,6019,5073,-654,543,111
6654,6731,5266,-822,1108,-286
5922,6736,5262,-822,1090,-268
5404,6595,5471,-451,628,-177
5065,6933,6118,332,42,-374
4966,7031,6288,1361,-871,-490
5031,6949,6967,1513,-1161,-352
4914,6150,7084,1223,-1038,-185
5067,5320,6931,708,-700,-8
5952,5162,6836,392,-550,158
6687,5311,6301,-226,-511,737
6814,5184,5776,-897,-521,1418
6815,5184,5452,-1177,-370,1547
6874,5284,5123,-1108,-245,1353
6981,5623,5018,-929,126,803
6885,6213,5112,-698,821,-123
6500,6748,5251,-855,1160,-305
5814,6706,5293,-759,1039,-280
5380,6620,5610,-415,646,-231
5081,6917,6301,374,187,-561
4966,7033,6323,1397,-685,-712
5013,6871,6986,1562,-1164,-398
4911,6047,7087,1262,-1036,-226
5090,5233,6910,838,-787,-51
6013,5113,6886,630,-748,118
6705,5294,6379,89,-641,552
6775,5223,5660,-258,-909,1167
6803,5262,5197,-852,-780,1632
6915,5592,5083,-1036,-724,1760
7071,6016,4928,-823,-629,1452
6908,6408,5090,-821,-13,834
6402,6710,5289,-1071,1376,-305
5724,6617,5380,-981,1421,-440
5467,6531,5682,-679,1041,-362
5315,6684,6258,-30,448,-418
5093,6905,6319,1182,-340,-842
5152,6847,6738,1571,-1048,-523
4941,6375,7058,1474,-1122,-352
4939,5577,7059,1424,-927,-497
5490,5013,6987,1141,-746,-395
6416,5064,6933,493,-454,-39
6952,5047,6193,-97,-104,201
6781,5325,5218,-323,-506,829
6732,5647,5268,161,-1117,956
6711,6154,5287,827,-1001,174
6692,6687,5306,870,-778,-92
6223,6852,5147,591,-617,26
5712,6948,5051,503,-653,150
5128,6890,5109,505,-840,335
4999,7000,5625,328,-825,497
5095,6903,6106,-171,-759,930
5311,6600,6687,-367,-943,1310
5257,5865,6741,-252,-738,990
5328,5139,6859,-14,-57,71
5847,4875,7123,-17,1041,-1024
6685,4932,7066,-460,1484,-1024
7095,4905,6617,-728,1260,-532
7055,4944,5862,-101,567,-466
6714,5463,5285,831,288,-1119
6709,6411,5290,1047,-78,-969
6343,6796,5203,1053,-776,-277
5973,6829,5169,1056,-1099,43
5582,6883,5116,941,-1013,72
5066,6932,5178,700,-968,268
6176,6907,5092,-830,802,28
5376,6675,5324,-352,577,-225
5198,6800,6138,105,661,-766
5118,6880,6770,897,497,-1394
5067,6586,6930,1247,327,-1574
4957,6055,7042,909,309,-1218
5072,5644,6926,651,-177,-474
5598,5238,6761,931,-1228,297
6273,5367,6631,723,-1101,378
6565,5435,6265,408,-833,425
6790,5207,5541,-431,-369,800
6917,5082,5813,-1441,436,1005
6868,5130,5250,-1489,1093,396
7065,5690,4933,-1425,1182,243
7007,6464,4990,-1109,880,229
6430,6931,5067,-906,770,136
5522,6783,5216,-395,519,-124
5205,6793,6067,202,425,-627
5127,6871,6677,751,628,-1379
5039,6634,6960,1078,504,-1582
4938,6135,7061,854,401,-1255
5093,5729,6904,514,-181,-333
5583,5303,6696,666,-1304,638
6207,5431,6567,701,-1438,737
6518,5481,6324,455,-985,530
6737,5263,5720,-321,-323,644
6887,5113,5905,-1366,623,743
6852,5146,5410,-1479,1160,319
7010,5476,4988,-1385,1174,211
7084,6232,4915,-1384,1003,381
6713,6939,5059,-1106,686,420
5795,6967,5031,-527,444,83
5072,6926,5501,89,11,-100
4956,7044,6365,467,-47,-420
5069,6599,6930,591,167,-758
5257,5882,6742,-206,844,-638
5328,5406,6670,-1173,909,264
5742,5225,6773,-944,631,313
6244,5122,6876,-612,546,66
6781,5154,6843,-548,699,-151
7046,4952,6414,-546,913,-367
7071,4928,5687,-639,1028,-389
6914,5221,5085,-611,1042,-431
6891,5990,5108,-402,948,-546
6429,6548,5450,63,770,-833
5700,6520,5478,653,741,-1394
5352,6665,5334,1019,230,-1249
5124,6876,5227,1243,-1182,-61
4968,7030,5745,1205,-1535,330
4833,7165,6471,1203,-1504,301
4923,6680,7077,1216,-1511,295
4926,5664,7072,825,-1103,278
5557,5091,6907,772,-904,132
6380,5245,6754,475,-799,324
6715,5285,6094,151,-804,653
6834,5164,5248,-530,-622,1152
6861,5368,5138,-1315,-487,1802
7008,5650,4990,-1318,-402,1720
7032,6057,4967,-1190,25,1165
6802,6673,5196,-1019,1057,-38
5932,6822,5177,-1005,1326,-321
5421,6577,5460,-704,964,-260
5278,6720,6072,-365,629,-264
5070,6928,6806,698,203,-901
5076,6921,6812,1575,-568,-1007
4932,6220,7067,1484,-954,-530
5046,5418,6953,966,-742,-224
5728,5097,6901,745,-811,66
6583,5322,6677,392,-676,284
6696,5303,5815,-86,-823,909
6753,5244,5288,-380,-977,1357
6885,5491,5114,-920,-765,1685
7034,5833,4964,-939,-594,1533
7014,6290,4984,-902,-148,1050
6678,6722,5277,-1012,1191,-179
5819,6738,5261,-1045,1444,-399
5488,6511,5613,-707,1025,-318
5393,6605,6108,-394,721,-327
5167,6831,6702,581,230,-811
5140,6857,6588,1524,-676,-848
5027,6459,6971,1466,-1062,-404
4935,5719,7063,1361,-902,-459
5289,5081,6917,1108,-676,-432
6178,5064,6933,530,-469,-61
6869,5129,6425,-3,-146,149
6865,5133,5528,-320,-255,575
6966,5478,5033,-542,-594,1136
6992,5947,5006,-454,-790,1244
6753,6509,5246,165,-611,446
6213,6551,5447,662,-34,-628
5733,6470,5528,550,871,-1421
5398,6600,5595,622,533,-1155
5099,6899,5263,973,-815,-158
4995,7004,5815,1131,-1676,545
4896,7102,6523,1336,-1751,415
4926,6641,7072,1491,-1825,334
4928,5608,7070,1153,-1360,207
5527,5063,6936,901,-923,22
6329,5206,6793,493,-602,109
6775,5223,6190,146,-555,409
6899,5099,5341,-404,-476,880
6911,5325,5088,-1089,-299,1388
7030,5907,4967,-861,-409,1270
6995,6522,5004,-400,-494,894
6599,6618,5382,-316,383,-67
5884,6653,5345,-902,1522,-620
5525,6475,5632,-886,1448,-562
5470,6530,5993,-570,977,-407
5310,6690,6565,162,415,-577
5153,6845,6418,1406,-478,-928
5153,6640,6846,1513,-1009,-504
4923,6026,7075,1350,-950,-400
5029,5266,6970,1379,-691,-688
5847,4984,7015,1172,-598,-574
6737,5024,6975,404,-125,-279
7003,4996,6066,12,115,-127
6781,5503,5217,76,-487,411
6704,5975,5294,897,-1211,314
6763,6461,5234,1123,-1138,15
6500,6834,5165,801,-921,120
5933,6955,5043,627,-754,127
5333,6934,5064,499,-629,130
5065,6934,5291,114,-518,404
5128,6870,5854,-780,-416,1196
5304,6694,6552,-739,-580,1319
5227,6051,6771,-275,-593,868
4992,5070,7007,270,178,-448
5313,4823,7175,897,1156,-2053
6058,4706,7292,739,1331,-2070
7030,4965,7034,737,916,-1653
7033,4965,5907,601,499,-1100
6869,5740,5128,517,-170,-347
6786,6591,5213,947,-1131,184
6389,6755,5243,1490,-1411,-79
5973,6818,5179,1412,-1173,-239
5495,6825,5174,1088,-741,-347
5200,6798,5632,541,-237,-304
5405,6594,6104,-308,605,-297
5403,6596,6574,-985,856,129
5250,6165,6748,-492,462,30
4911,5872,7087,300,5,-305
5042,5296,6957,1497,-422,-1075
5753,5048,6950,1295,-508,-787
6518,5112,6888,770,-385,-385
6838,5161,6330,637,-237,-400
6633,5365,5427,623,-520,-103
6756,5792,5243,657,-815,158
6859,6319,5140,430,-788,358
6940,6876,5059,41,-885,844
6570,7119,4880,-334,-877,1211
5818,7059,4939,-853,-393,1246
5297,6701,5721,-1267,745,522
5341,6658,6420,-1294,1314,-20
5427,6206,6571,-1187,1299,-112
5380,5903,6619,-947,1115,-168
5365,5617,6633,-495,921,-426
5144,5305,6855,118,862,-980
5298,4992,7006,1076,735,-1811
5977,4807,7191,1262,665,-1927
6819,4955,7043,1194,761,-1955
7038,4960,6045,1104,467,-1571
6781,5379,5217,610,144,-754
6850,6471,5149,346,-461,115
6602,6763,5235,842,-1266,424
6250,6900,5098,994,-1460,466
5755,7022,4977,941,-1332,391
5110,6943,5057,699,-1097,398
5031,6968,5479,18,-523,505
5302,6696,6575,-1281,146,1135
5279,5937,6721,-1209,714,495
5344,5528,6656,-1192,847,345
5582,5268,6731,-809,771,38
5937,5120,6879,-506,664,-158
6290,4939,7060,-114,714,-600
6749,5020,6979,386,1053,-1439
6961,5037,6215,991,823,-1814
6757,5242,5480,754,660,-1414
6686,5909,5313,632,461,-1093
6686,6844,5156,579,-337,-242
6230,6995,5004,582,-1313,731
5726,7067,4931,866,-1592,726
5071,7003,4997,783,-1276,493
4928,7071,5607,168,-674,506
5208,6791,6400,-842,-294,1136
5293,6044,6705,-967,-31,998
5350,5290,6709,-987,611,376
5675,5218,6781,-851,1066,-215
5992,5117,6882,-719,1070,-351
6528,5025,6973,-622,1062,-440
6972,5027,6668,-598,1139,-541
6988,5010,6221,-68,692,-624
6766,5232,5623,796,770,-1566
6645,5876,5354,827,798,-1625
6572,6560,5426,898,264,-1162
6238,6920,5079,673,-810,137
5854,6957,5040,688,-1330,642
5307,7016,4984,807,-1403,596
4913,7086,5445,654,-1283,629
4962,7037,6066,60,-830,770
5316,6656,6683,-777,-745,1522
5347,5808,6652,-1001,-578,1579
5684,5254,6746,-1022,33,989
6131,5100,6899,-984,1089,-105
6412,5101,6898,-1045,1335,-290
6939,5061,6801,-886,1237,-351
7091,4907,6131,-622,1071,-449
6957,5042,5456,-318,879,-561
6715,5666,5283,139,866,-1005
6490,6312,5509,888,592,-1480
6200,6759,5239,919,39,-958
5838,6945,5053,853,-1198,345
5444,6935,5064,963,-1671,708
4953,7045,5251,917,-1645,728
4810,7187,6036,777,-1487,710
4986,7012,6985,618,-1245,627
4963,6029,7036,436,-992,556
5443,5338,6662,23,-655,632
6405,5493,6506,-580,-600,1180
6615,5383,6410,-1088,-421,1509
6861,5138,6669,-1293,492,801
6931,5069,6184,-1150,1160,-10
7013,4984,5570,-1047,1149,-102
6968,5296,5031,-1135,1243,-108
6984,6084,5016,-745,998,-253
6670,6751,5247,-568,841,-273
5891,6672,5327,-448,909,-461
5344,6655,5681,-13,817,-804
5142,6857,6281,787,418,-1205
5015,6984,6249,1454,-234,-1220
5011,6988,6795,1445,-966,-479
4900,6258,7098,1304,-1221,-83
5022,5375,6977,954,-963,9
5841,5082,6917,814,-871,57
6654,5338,6661,360,-678,318
6744,5255,5875,51,-856,805
6793,5224,5206,-322,-846,1168
6947,5617,5052,-901,-754,1655
7061,6014,4937,-746,-776,1522
6994,6555,5005,-721,-341,1062
6463,6684,5316,-933,1102,-169
5698,6644,5354,-1031,1576,-545
5506,6493,5741,-776,1207,-431
5440,6558,6167,-314,724,-410
5235,6764,6608,777,127,-904
5199,6800,6496,1515,-696,-819
5114,6529,6885,1420,-1033,-387
4911,5897,7088,1405,-986,-419
5089,5132,6910,1395,-696,-699
6020,5008,6991,976,-523,-453
6909,5090,6902,247,-1,-246
6973,5026,5834,-209,102,107
6832,5510,5166,-112,-603,715
6765,5943,5234,374,-1010,636
6735,6492,5264,981,-922,-59
6419,6820,5178,806,-686,-120
5848,6909,5089,539,-467,-72
5390,6828,5170,264,-262,-2
5239,6761,5507,-248,-14,262
5231,6767,6132,-677,123,554
5203,6796,6796,-105,-233,338
4950,6258,7048,1110,-811,-299
4937,5504,7060,1382,-600,-782
5433,4890,7108,1227,-162,-1065
6266,4772,7226,675,391,-1066
6918,5082,6749,418,670,-1088
6626,5372,5436,789,-343,-446
6638,5919,5360,1283,-1540,257
6672,6241,5327,1393,-1633,240
6655,6555,5343,1085,-1448,363
6456,6771,5227,754,-1269,515
6084,6960,5039,553,-1164,611
5496,7099,4898,415,-1202,787
5025,6972,5039,-32,-1136,1168
4977,7022,5911,-1139,-814,1953
5250,6710,6748,-838,-708,1546
5314,5847,6684,-734,-432,1166
5504,5029,6969,-716,554,162
5967,5003,6996,-872,1411,-539
6497,4942,7057,-959,1478,-519
7043,4956,6713,-745,1295,-550
7015,4985,6156,39,574,-613
6716,5376,5282,1190,193,-1383
6730,6330,5269,1212,-196,-1016
6423,6732,5266,1176,-712,-464
6048,6787,5211,983,-855,-128
5653,6853,5146,723,-699,-24
5113,6886,5189,533,-715,182
4998,7000,5716,385,-793,408
5104,6894,6200,-57,-711,768
5343,6540,6655,-293,-813,1106
5335,5880,6664,-360,-620,980
5319,5096,6902,-85,111,-26
5530,4826,7172,329,1219,-1548
6149,4753,7246,627,1536,-2163
7035,4963,7002,758,1239,-1997
7066,4933,5780,675,645,-1320
6978,5533,5019,87,361,-448
6874,6796,5125,312,-516,204
6254,6825,5174,1249,-1192,-57
5776,6796,5202,1420,-931,-489
5351,6647,5384,1016,-284,-732
5348,6649,6205,514,579,-1093
5378,6621,6243,19,1092,-1111
5421,6578,6454,-516,858,-342
5105,6419,6893,-85,135,-50
4920,6027,7078,1448,-888,-560
5051,5148,6947,1945,-865,-1080
5854,4980,7017,1401,-540,-861
6711,5012,6987,767,-152,-615
6938,5060,6270,536,84,-620
6697,5448,5300,631,-463,-168
6781,6028,5217,854,-959,105
6736,6550,5263,961,-1031,70
6422,6807,5191,909,-980,71
5944,6944,5054,745,-821,76
5371,6915,5083,601,-732,131
5114,6885,5359,219,-473,254
5263,6735,6005,-920,25,895
5330,6477,6668,-957,313,644
5292,5959,6706,-567,215,352
5186,5338,6812,-285,364,-79
5160,4907,7092,349,726,-1075
5870,4790,7209,1017,896,-1913
6646,4981,7017,994,700,-1694
6853,5146,5979,1236,57,-1293
6701,5620,5297,957,-880,-77
6663,6117,5335,1033,-1178,145
6666,6478,5332,904,-1181,277
6568,6717,5281,646,-1166,520
6333,6920,5078,403,-1107,704
5996,7182,4816,-74,-1100,1174
5362,7066,4931,-816,-1128,1944
5014,6986,5715,-1092,-857,1949
5241,6758,6600,-912,-368,1280
5212,5723,6786,-944,321,623
5316,5257,6742,-1046,1086,-40
5734,5136,6863,-1030,1221,-191
6231,5079,6918,-974,1018,-44
6805,5128,6871,-662,691,-29
6878,5122,6440,-58,328,-270
6687,5312,5621,1078,-286,-792
6697,5850,5302,972,-524,-448
6710,6318,5288,779,-648,-131
6637,6756,5243,508,-681,173
6531,7054,4944,14,-698,684
5964,7233,4765,-994,-790,1784
5120,6959,5039,-1193,-734,1927
5088,6910,6135,-1336,-219,1555
5208,6194,6791,-924,570,354
5318,5678,6680,-1084,1111,-27
5394,5337,6662,-1085,1195,-110
5625,5221,6777,-847,1153,-306
6087,5065,6933,-550,1005,-455
6643,5030,6969,-532,1167,-635
7027,4971,6636,-409,1137,-728
6954,5044,6170,220,840,-1060
6680,5318,5416,814,810,-1624
6579,5989,5420,724,569,-1293
6530,6742,5257,748,-163,-585
6232,6896,5102,611,-1183,572
5815,6987,5012,690,-1429,739
5202,7049,4950,706,-1414,708
4887,7112,5501,455,-1155,700
5048,6951,6131,-356,-735,1091
5262,6473,6737,-855,-699,1554
5390,5685,6608,-853,-481,1334
5730,5081,6917,-852,357,495
6155,5055,6944,-938,1343,-405
6574,5038,6961,-1000,1461,-461
7051,4947,6674,-877,1348,-471
7088,4911,5920,-448,870,-422
6726,5272,5458,291,725,-1016
6625,5989,5373,1029,611,-1640
6447,6604,5394,1093,207,-1300
6070,6896,5103,829,-829,0
5749,6892,5107,825,-1338,513
5262,6917,5081,870,-1354,484
4916,7084,5516,768,-1304,536
4920,7079,6249,453,-965,512
5259,6650,6739,-152,-919,1071
5372,5849,6626,-868,-738,1606
5650,5382,6617,-961,-339,1300
6125,5020,6978,-818,728,90
6426,5073,6925,-979,1540,-561
6934,5064,6865,-982,1574,-592
7164,4834,6204,-788,1452,-664
7076,4922,5329,-616,1207,-591
7034,5696,4965,-552,1079,-527
6754,6452,5246,-294,739,-445
5855,6487,5511,368,606,-974
5484,6515,5498,1086,457,-1543
5307,6832,5167,1325,-477,-848
5158,6840,5511,1245,-1382,137
4991,7006,5998,1004,-1242,238
4973,7026,6705,1077,-1278,201
4975,6404,7023,926,-1260,334
5083,5527,6916,566,-858,292
5677,5230,6768,481,-809,328
6455,5370,6629,252,-857,605
6761,5238,5980,-258,-624,882
6898,5101,5669,-1124,-191,1315
7004,4994,5574,-1411,439,972
7041,5268,4957,-1392,1101,291
7060,6170,4939,-1108,1049,59
6680,6878,5121,-793,806,-13
5817,6824,5174,-579,755,-176
5343,6656,5712,-292,740,-448
5240,6758,6366,15,858,-873
5069,6669,6929,714,666,-1380
4976,6310,7023,1298,532,-1830
4881,5779,7116,1108,553,-1661
5111,5377,6888,893,13,-906
5871,5221,6777,1144,-1451,307
6520,5406,6593,948,-1319,371
6551,5446,6067,679,-989,310
6640,5357,5486,60,-585,525
6773,5225,5313,-1209,-5,1214
6788,5265,5210,-1489,686,803
7021,5879,4978,-1302,916,386
6955,6641,5043,-1317,749,568
6277,6951,5049,-1048,632,416
5480,6858,5140,-473,414,59
5102,6896,5848,-59,180,-121
5182,6815,6756,253,341,-594
5003,6340,6995,366,764,-1130
5039,5805,6959,226,830,-1056
5373,5283,6716,-341,465,-124
6056,5550,6448,-579,-437,1016
6456,5521,6478,-368,-1350,1718
6637,5361,6184,-347,-821,1168
6856,5143,6263,-915,181,734
6934,5064,5933,-1184,1318,-134
6924,5074,5254,-1368,1612,-244
7071,5676,4928,-1608,1689,-81
6995,6497,5004,-1339,1225,114
6385,6913,5086,-1089,907,182
5598,6768,5230,-445,484,-39
5093,6906,5799,247,76,-323
4931,7067,6094,1175,-621,-554
5040,6960,6731,1403,-951,-452
4981,6410,7018,1046,-791,-255
5018,5648,6981,535,-576,41
5766,5234,6764,165,-443,278
6607,5391,6450,-742,-387,1129
6743,5256,6195,-1141,-402,1543
6937,5062,6106,-1340,158,1182
7036,4962,5697,-1243,909,334
7010,5186,4989,-1291,1295,-4
7051,6062,4948,-983,1122,-139
6751,6822,5176,-712,846,-134
5933,6781,5219,-519,809,-290
5352,6646,5657,-154,842,-688
5196,6804,6367,295,754,-1049
5183,6771,6817,1043,542,-1585
5036,6575,6962,1229,407,-1636
4925,6242,7073,1144,-52,-1092
5074,5561,6924,978,-986,8
5793,5133,6866,1053,-1281,228
6480,5323,6676,781,-1024,243
6673,5327,6148,613,-850,237
6742,5255,5364,107,-556,449
6947,5293,5051,-1117,-155,1272
7003,5564,4996,-1464,312,1152
6976,6260,5022,-1156,626,530
6598,6844,5155,-846,783,63
5778,6775,5224,-635,770,-135
5365,6634,5793,-226,636,-410
5193,6806,6541,388,569,-957
5164,6834,6640,1334,211,-1545
5138,6861,6824,1476,-319,-1157
4995,6250,7004,1262,-882,-380
5091,5484,6908,837,-841,4
5694,5147,6852,852,-899,47
6439,5336,6663,441,-658,217
6717,5282,6011,13,-664,651
6859,5140,5376,-792,-445,1237
6879,5119,5254,-1441,-22,1463
6969,5258,5030,-1387,527,860
7013,6142,4984,-1063,951,112
6676,6835,5164,-932,998,-66
5816,6783,5216,-621,866,-245
5365,6633,5702,-258,760,-502
5180,6818,6486,385,591,-976
5154,6845,6654,1335,219,-1554
5127,6836,6871,1469,-222,-1247
4964,6294,7035,1304,-861,-443
5056,5431,6943,1025,-970,-55
5764,5111,6888,909,-963,54
6501,5324,6675,441,-643,202
6738,5259,5908,-58,-659,717
6825,5172,5279,-872,-514,1386
6855,5201,5143,-1363,-270,1633
7000,5411,4998,-1342,278,1064
6981,6182,5017,-982,942,40
6573,6829,5170,-963,1139,-176
5771,6741,5258,-677,960,-283
5405,6594,5722,-346,845,-499
5253,6746,6418,151,715,-866
5188,6810,6701,1141,350,-1491
5155,6844,6825,1423,-235,-1188
5002,6302,6995,1247,-902,-345
5086,5514,6914,893,-926,33
5670,5168,6830,798,-879,81
6400,5350,6648,437,-696,259
6730,5268,6040,-38,-631,669
6899,5100,5547,-973,-249,1222
6969,5029,5491,-1492,395,1097
7027,5316,4971,-1443,1022,421
7071,6188,4929,-1210,1039,171
6689,6879,5120,-930,713,217
5823,6820,5179,-436,494,-58
5200,6799,5715,250,280,-530
5011,6987,6034,1031,-157,-874
5043,6955,6438,1107,-463,-644
5097,6632,6902,695,-441,-254
5130,5899,6869,226,-299,73
5542,5294,6704,-318,-3,321
6158,5207,6791,-717,119,598
6669,5206,6793,-734,268,466
6917,5081,6479,-643,507,136
6938,5061,5900,-402,437,-35
6747,5251,5407,26,216,-242
6705,5751,5293,304,243,-547
6651,6426,5348,478,178,-656
6320,6903,5096,382,-287,-95
5875,7083,4916,302,-959,657
5172,7077,4920,305,-1312,1007
4919,7079,5498,125,-1100,975
5083,6916,6188,-717,-737,1454
5279,6367,6719,-815,-502,1317
5286,5372,6713,-998,118,880
5692,5097,6902,-864,1051,-187
6091,5038,6962,-969,1390,-421
6667,4985,7014,-883,1323,-440
7062,4936,6552,-684,1231,-547
7014,4985,5908,-211,723,-512
6627,5372,5532,561,586,-1147
6553,6038,5445,1032,489,-1521
6445,6715,5283,980,-180,-800
6136,6837,5161,731,-1116,385
5818,6895,5102,797,-1363,566
5331,6973,5027,723,-1276,553
4862,7136,5419,605,-1370,765
4836,7163,6313,497,-1196,699
5014,6689,6985,336,-1033,697
5232,5740,6767,-151,-874,1025
5883,5398,6600,-707,-698,1405
6395,5442,6557,-974,-554,1528
6760,5238,6758,-1211,191,1020
6851,5147,6553,-1302,1278,24
6995,5004,6035,-1023,1207,-184
7014,4986,5353,-1057,1233,-176
6979,5568,5020,-885,1228,-343
6878,6385,5120,-484,948,-464
6277,6679,5320,-282,910,-628
5494,6565,5433,125,893,-1018
5262,6737,5875,864,442,-1306
5041,6957,5660,1392,-432,-960
4993,7006,6224,1355,-1195,-160
5044,6934,6953,1394,-1398,4
4955,6127,7044,1064,-1189,125
5149,5314,6848,778,-862,84
5916,5244,6754,434,-603,169
6650,5349,6338,-252,-526,778
6906,5092,6328,-1250,197,1053
6976,5022,6066,-1548,1086,462
7005,4994,5404,-1404,1262,142
7018,5448,4982,-1396,1264,132
7003,6234,4996,-822,859,-37
6562,6807,5193,-472,627,-155
5585,6647,5352,-58,731,-673
5270,6728,6021,484,861,-1345
5227,6771,6341,953,692,-1645
5206,6792,6699,1146,480,-1626
5102,6807,6897,1193,84,-1277
4980,6364,7019,1210,-934,-276
5078,5469,6920,1128,-1208,80
5786,5149,6850,1030,-1118,88
6427,5338,6660,657,-852,195
6715,5283,6190,442,-640,198
6911,5088,5362,-316,-266,582
6938,5062,5198,-1354,347,1007
7044,5581,4955,-1384,791,593
6970,6385,5029,-853,658,195
6459,6835,5163,-638,727,-89
5612,6669,5330,-378,738,-360
5325,6674,6032,127,831,-958
5252,6747,6540,862,670,-1532
5257,6742,6666,1311,450,-1761
5170,6742,6827,1359,47,-1406
5047,6438,6952,1254,-708,-546
5066,5603,6933,1038,-1042,4
5533,5134,6864,1102,-1039,-63
6267,5242,6757,655,-641,-14
6776,5222,6388,180,-305,125
7110,4888,5888,-757,411,346
6984,5014,5336,-1410,984,426
6997,5493,5002,-1093,794,299
6985,6241,5014,-585,604,-19
6442,6746,5251,-364,553,-189
5457,6542,5510,275,601,-876
5307,6692,5851,1069,495,-1564
5113,6886,5675,1526,-276,-1250
5034,6964,6043,1443,-1043,-400
5021,6977,6760,1279,-1202,-77
4971,6360,7027,1168,-1185,17
5054,5561,6943,807,-929,122
5642,5186,6813,621,-782,161
6446,5393,6607,277,-739,462
6795,5204,5935,-379,-624,1003
6884,5113,5718,-1258,-150,1408
6960,5039,5551,-1396,321,1075
7009,5255,4990,-1280,974,306
7049,6141,4949,-1073,1058,15
6714,6857,5141,-856,902,-46
5863,6809,5188,-561,752,-191
5336,6661,5826,-1,636,-635
5192,6807,6489,607,701,-1308
5223,6774,6733,1221,506,-1727
5124,6737,6875,1320,145,-1465
5038,6446,6961,1192,-603,-589
5098,5580,6902,930,-1049,119
5657,5209,6790,909,-1077,168
6303,5358,6640,563,-893,330
6690,5309,6160,157,-604,447
6945,5053,5660,-875,-47,922
6996,5003,5561,-1537,795,742
7035,5270,4964,-1516,1168,348
7100,6127,4898,-1249,1058,191
6729,6920,5079,-885,747,138
5786,6876,5122,-398,448,-50
5174,6825,5741,302,194,-496
5090,6909,6317,843,211,-1054
5175,6733,6825,860,323,-1183
5028,6186,6969,501,670,-1171
5233,5700,6766,-135,670,-535
5545,5400,6599,-646,245,401
5994,5503,6496,-440,-523,963
6344,5370,6628,-45,-689,734
6823,5176,6789,-171,169,2
7060,4938,6179,-831,1449,-618
7115,4882,5544,-1419,1729,-310
7051,5258,4947,-1534,1718,-184
7087,6240,4911,-1092,1317,-225
6598,6911,5087,-760,865,-105
5721,6809,5189,-573,761,-188
5340,6659,5800,-316,795,-479
5271,6726,6369,-162,959,-797
5049,6576,6948,393,764,-1157
4948,6168,7050,1090,667,-1757
4879,5647,7120,905,672,-1577
5171,5250,6828,853,5,-858
6040,5236,6761,1133,-1516,383
6582,5417,6424,996,-1414,418
6543,5456,5942,797,-1157,360
6595,5417,5404,135,-686,551
6795,5402,5203,-1027,-196,1223
6785,5428,5214,-1445,365,1080
6964,5927,5033,-1245,788,457
6939,6703,5059,-1370,728,642
6156,6960,5039,-1061,529,532
5410,6934,5064,-510,178,332
5093,6905,5707,-244,-42,286
5290,6708,6693,-97,375,-278
5185,6247,6812,-272,906,-634
5193,5660,6805,-422,908,-486
5313,5206,6793,-605,827,-222
5852,5035,6963,-514,670,-156
6409,4997,7002,-229,470,-241
6705,5201,6797,312,257,-569
6656,5342,5754,1115,-472,-643
6675,5551,5323,686,-676,-10
6921,5989,5077,180,-479,299
7167,6544,4831,-844,-482,1326
6910,7148,4851,-1423,-526,1949
6103,7167,4831,-1422,-256,1678
5145,6853,5419,-1072,404,668
5188,6811,6322,-573,560,13
5255,6361,6743,-404,698,-294
5199,5843,6800,-394,856,-462
5240,5385,6758,-535,985,-450
5445,5078,6920,-469,971,-502
5927,4922,7076,-176,930,-754
6422,4948,7050,230,595,-825
6787,5212,6174,1339,-129,-1210
6619,5379,5388,1293,-886,-407
6648,5930,5350,1220,-1083,-137
6683,6352,5316,949,-929,-20
6657,6688,5310,636,-829,193
6484,6949,5050,247,-718,471
6113,7249,4750,-719,-753,1472
5300,7022,4976,-1160,-846,2006
5059,6939,5983,-1419,-308,1727
5186,6280,6812,-1086,533,553
5281,5769,6717,-1080,1010,70
5320,5304,6695,-1102,1105,-3
5755,5162,6837,-891,987,-96
6230,5059,6939,-754,815,-61
6782,5039,6960,-545,824,-279
6983,5015,6541,-215,825,-610
6833,5166,5979,952,552,-1504
6608,5443,5390,1024,619,-1643
6615,6263,5384,900,306,-1206
6475,6875,5123,660,-588,-72
6217,6903,5095,540,-1329,789
5741,7024,4974,611,-1452,841
5079,6984,5015,606,-1422,816
4959,7040,5498,103,-897,794
5149,6850,6324,-969,-581,1550
5328,6314,6671,-875,-557,1432
5379,5404,6619,-911,67,844
5666,5214,6785,-796,1126,-330
5965,5162,6837,-714,1370,-656
6324,5075,6923,-787,1354,-567
6922,5030,6969,-708,1302,-594
7153,4845,6283,-547,1310,-763
7033,4966,5296,-633,1178,-545
6971,5591,5028,-459,972,-513
6594,6372,5405,222,771,-993
5974,6508,5492,921,721,-1642
5548,6556,5443,1083,446,-1529
5349,6857,5141,1243,-713,-530
5159,6840,5421,1133,-1381,248
4954,7045,5930,831,-1138,307
4966,7034,6665,987,-1282,295
4993,6414,7006,861,-1292,431
5111,5531,6889,547,-972,425
5732,5283,6717,393,-890,497
6588,5409,6550,-95,-725,820
6868,5130,6309,-1059,-6,1065
6988,5010,6160,-1531,1061,470
7035,4963,5624,-1463,1259,204
7023,5185,4975,-1440,1372,68
7070,6172,4928,-1009,1081,-72
6658,6876,5121,-698,748,-50
5862,6799,5199,-443,586,-143
5243,6756,5986,396,460,-856
5200,6798,6313,1148,377,-1525
5152,6847,6491,1360,154,-1514
5092,6906,6739,1265,-291,-974
4979,6266,7019,1136,-1057,-79
5074,5538,6924,874,-984,110
5761,5194,6804,726,-902,176
6460,5409,6590,386,-832,446
6717,5282,6000,-21,-778,799
6840,5158,5397,-900,-424,1324
6904,5094,5385,-1449,99,1350
6987,5271,5011,-1377,855,522
7055,6161,4944,-1196,1089,107
6715,6878,5120,-955,921,34
5819,6840,5158,-592,735,-143
5310,6688,5699,-180,633,-453
5150,6850,6395,191,650,-841
5109,6726,6890,959,451,-1410
4989,6246,7010,929,568,-1497
4928,5708,7070,539,577,-1116
5215,5456,6783,530,-141,-389
5882,5354,6645,970,-1456,486
6388,5493,6506,866,-1406,540
6546,5453,6123,408,-721,313
6850,5149,5728,-638,73,565
6868,5131,5697,-1507,1083,424
6848,5171,5151,-1498,1232,266
7089,5758,4909,-1449,1146,303
6997,6556,5002,-1198,810,388
6341,6950,5049,-827,584,243
5443,6819,5180,-402,450,-48
5170,6829,6057,60,371,-431
5171,6827,6698,193,826,-1019
4960,6441,7038,695,699,-1394
4953,5882,7046,613,748,-1361
5125,5332,6874,244,437,-681
5723,5410,6589,276,-794,518
6237,5435,6563,806,-1577,771
6532,5466,6303,713,-1169,456
6678,5321,5748,33,-426,393
6910,5088,5772,-1283,518,765
6831,5167,5299,-1628,1191,437
7036,5615,4962,-1500,1164,336
7048,6369,4950,-1414,882,532
6537,6965,5035,-1170,724,446
5650,6936,5062,-479,449,30
5076,6922,5655,-2,125,-123
5188,6810,6666,246,369,-615
5195,6413,6803,-20,1013,-993
5224,5907,6775,-365,965,-600
5250,5338,6749,-743,765,-22
5706,5087,6911,-536,582,-46
6188,4991,7007,-265,488,-223
6663,5070,6929,84,597,-681
6870,5129,6528,710,555,-1265
6828,5170,5761,646,577,-1223
6882,5549,5118,15,625,-640
7075,6370,4923,-665,250,415
6929,7200,4799,-796,-651,1447
6193,7243,4754,-688,-1052,1740
5333,7054,4945,-579,-618,1197
5227,6772,6344,-931,566,365
5254,6414,6743,-1205,1445,-240
5343,5800,6656,-1419,1530,-111
5381,5436,6617,-1496,1430,66
5620,5283,6716,-1172,1183,-11
5987,5142,6856,-859,952,-93
6480,5035,6964,-572,873,-301
7008,4990,6754,-473,1137,-664
6995,5004,6208,-13,939,-926
6756,5242,5613,784,838,-1622
6644,5873,5354,867,798,-1665
6614,6581,5385,805,275,-1080
6233,6973,5027,591,-899,308
5833,7017,4983,666,-1484,818
5202,7048,4950,762,-1542,780
4900,7099,5530,424,-1130,706
5074,6925,6094,-731,-552,1283
5246,6416,6752,-1107,-585,1692
5366,5529,6632,-1068,-256,1324
5793,5103,6895,-1028,670,358
6128,5127,6872,-1112,1241,-129
6590,5105,6893,-959,1124,-165
7030,4968,6627,-699,1042,-343
7062,4937,5899,-478,893,-415
6772,5225,5480,55,739,-794
6559,5883,5440,816,658,-1474
6509,6525,5472,1013,242,-1255
6226,6843,5155,700,-814,114
5923,6855,5143,631,-1415,784
5538,6931,5068,707,-1495,788
4960,7039,5148,687,-1461,774
4810,7188,5930,505,-1333,828
4992,7008,6839,325,-1123,798
5075,6078,6924,46,-939,893
5414,5392,6608,-204,-574,778
6189,5326,6673,-589,-413,1002
6660,4992,7007,-981,480,501
6955,5042,6686,-1240,1395,-155
7146,4853,6085,-1089,1308,-219
7045,4953,5281,-977,1179,-202
7038,5723,4960,-589,1006,-417
6718,6531,5281,-147,747,-600
5813,6558,5440,343,748,-1091
5441,6558,5597,974,649,-1623
5258,6740,5423,1324,-82,-1242
5128,6870,5626,1298,-1165,-133
5022,6976,6126,1118,-1204,86
5026,6972,6841,1185,-1262,77
4986,6261,7013,1060,-1230,170
5120,5450,6878,747,-953,206
5767,5214,6783,588,-893,305
6502,5404,6595,295,-893,598
6779,5220,5903,-278,-670,948
6881,5117,5616,-1228,-182,1410
6971,5027,5534,-1462,387,1075
7032,5340,4966,-1399,1092,307
7051,6214,4948,-1118,1057,61
6653,6886,5112,-902,917,-15
5772,6824,5175,-563,757,-194
5305,6694,5863,-47,657,-610
5237,6761,6474,273,915,-1188
5161,6670,6837,865,744,-1609
5018,6363,6979,1076,552,-1628
4942,5933,7056,1024,304,-1328
5215,5649,6785,811,-572,-239
5805,5259,6739,1023,-1381,358
6353,5445,6553,740,-1121,381
6596,5403,6172,390,-678,288
6900,5100,5694,-660,41,619
6915,5084,5616,-1535,1025,510
6921,5224,5078,-1553,1223,330
7105,5914,4893,-1452,1138,314
6959,6732,5039,-1120,795,325
6116,6966,5033,-664,452,212
5175,6825,5253,15,80,-95
5026,6973,6110,416,113,-529
5138,6727,6861,547,398,-945
5408,6167,6591,-355,1112,-757
5317,5717,6681,-1429,1041,388
5486,5317,6680,-1068,648,420
5942,5200,6798,-608,430,178
6336,5050,6949,-303,436,-133
6872,5038,6961,-18,984,-966
7025,4973,6256,99,1227,-1326
6925,5074,5405,-48,1050,-1002
6943,5643,5057,-266,853,-587
6836,6343,5162,-286,500,-214
6287,6829,5170,5,36,-41
5465,6931,5069,523,-438,-85
5115,6884,5232,1007,-981,-26
5006,6992,5797,820,-763,-57
5069,6929,6429,358,-377,19
5322,6396,6677,-300,-35,335
5344,5599,6654,-1042,321,721
5546,5235,6765,-939,615,324
5995,5113,6886,-675,743,-68
6493,5025,6974,-585,835,-250
7010,4989,6740,-514,1077,-563
6998,5001,6219,-75,808,-733
6750,5248,5688,772,699,-1471
6609,5831,5389,926,691,-1617
6597,6537,5400,843,240,-1083
6260,6925,5073,567,-853,286
5904,6964,5034,664,-1487,823
5380,7045,4953,756,-1524,768
4845,7154,5296,608,-1496,888
4806,7192,6241,333,-1162,829
4969,6694,7029,282,-1046,764
5041,5763,6958,397,-747,350
5682,5373,6625,10,-523,513
6490,5400,6598,-703,-403,1106
6819,5180,6816,-1267,410,857
6878,5120,6482,-1430,1244,186
7021,4977,5944,-1095,1097,-2
6967,5031,5255,-1018,1072,-54
6974,5679,5025,-653,976,-323
6681,6455,5318,-93,754,-661
5842,6525,5473,492,806,-1298
5451,6550,5447,987,566,-1553
5162,6837,5216,1282,-350,-932
5048,6950,5611,1249,-1296,47
4914,7085,6223,1119,-1294,175
5046,6909,6952,1117,-1357,240
4951,5987,7047,649,-1183,534
5247,5211,6788,486,-908,422
6180,5316,6682,222,-868,646
6655,5345,6230,-204,-977,1181
6771,5227,5732,-855,-618,1473
6856,5142,5670,-1258,-177,1435
6954,5044,5437,-1300,623,677
6976,5577,5023,-1232,1210,22
6946,6323,5053,-968,972,-4
6554,6798,5201,-799,769,30
5874,6801,5198,-521,508,13
5084,6915,5353,176,-212,36
4978,7020,5932,1198,-1098,-100
5002,6997,6497,1253,-945,-308
5039,6696,6959,886,-713,-173
5065,5950,6933,409,-535,126
5676,5356,6642,-243,-305,548
6319,5413,6585,-1053,-185,1238
6623,5376,6518,-1118,-186,1304
6865,5134,6529,-1134,392,742
6991,5009,6079,-985,971,14
7045,4953,5391,-1063,1167,-104
6996,5480,5003,-1068,1217,-149
6950,6281,5048,-657,934,-277
6472,6760,5238,-540,820,-280
5706,6621,5378,-334,899,-565
5278,6721,5879,180,748,-928
5135,6864,6267,1058,310,-1368
5002,6996,6264,1456,-347,-1109
5044,6953,6951,1399,-1037,-362
4926,6088,7073,1166,-1155,-11
5112,5258,6886,895,-930,35
5980,5140,6859,739,-892,153
6627,5372,6530,360,-795,435
6719,5280,5853,112,-921,809
6868,5252,5131,-489,-733,1222
6946,5553,5052,-1208,-580,1788
7103,5964,4895,-1152,-537,1689
6981,6417,5017,-1077,-68,1145
6458,6792,5207,-1150,1305,-155
5637,6725,5274,-980,1333,-353
5429,6569,5742,-663,934,-271
5331,6668,6367,-191,609,-418
5177,6822,6749,1038,94,-1132
5172,6827,6759,1557,-576,-981
4962,6223,7037,1421,-970,-451
5011,5424,6987,1320,-808,-512
5648,5045,6953,1048,-700,-348
6530,5127,6872,382,-305,-77
6905,5093,6107,-209,-40,249
6857,5143,5225,-520,-310,830
6959,5622,5041,-490,-775,1265
6733,6132,5266,176,-853,677
6542,6607,5390,1038,-468,-570
6100,6441,5559,849,321,-1170
5624,6535,5463,530,838,-1368
5278,6773,5224,792,-94,-698
5072,6925,5415,1056,-1562,506
4911,7087,5978,1168,-1834,666
4905,7093,6789,1504,-1997,493
4849,6302,7149,1414,-1853,439
4997,5251,7002,1104,-1185,81
5876,5036,6963,824,-828,4
6698,5300,6645,336,-527,191
6787,5213,5716,-149,-599,748
6833,5259,5165,-881,-552,1433
6945,5585,5054,-1083,-624,1707
7108,6019,4890,-908,-567,1475
6925,6458,5073,-833,-86,919
6416,6702,5297,-899,1229,-330
5709,6630,5368,-935,1546,-611
5460,6538,5719,-869,1332,-463
5411,6588,6149,-480,814,-334
5177,6788,6822,451,289,-740
5159,6840,6708,1498,-537,-961
4982,6331,7016,1425,-1006,-419
4949,5523,7050,1361,-834,-527
5515,5016,6984,1159,-691,-468
6463,5077,6922,601,-464,-137
6935,5064,6238,64,-119,55
6733,5266,5286,35,-528,493
6719,5704,5280,418,-1007,589
6765,6227,5234,848,-1018,170
6670,6734,5265,800,-879,79
6187,6875,5123,666,-811,145
5673,6973,5025,583,-800,217
5066,6933,5099,522,-988,466
4986,7013,5692,324,-917,593
5128,6870,6148,-238,-747,985
5396,6467,6603,-581,-801,1382
5382,5805,6616,-677,-463,1140
5465,5030,6969,-407,482,-75
5642,4924,7075,-46,1399,-1353
6186,4815,7182,81,1580,-1661
6930,4917,7081,299,1359,-1658
7124,4874,5941,963,713,-1676
6849,5317,5150,510,554,-1064
6828,6516,5171,503,38,-541
6297,6921,5078,970,-987,17
5754,6891,5107,1262,-1072,-190
5254,6784,5214,1018,-571,-447
5249,6749,6065,462,158,-620
5451,6547,6191,-393,1082,-689
5421,6397,6576,-1095,1073,22
5320,5976,6678,-706,708,-2
5094,5650,6904,-59,382,-323
5055,5228,6943,1242,9,-1251
5712,4983,7016,1537,-241,-1296
6484,4975,7024,1022,-25,-997
6946,5052,6590,800,273,-1073
6759,5238,5601,757,1,-758
6765,5941,5234,719,-643,-76
6785,6419,5214,721,-931,210
6611,6804,5195,699,-1036,337
6150,6970,5028,657,-997,340
5545,6996,5003,611,-915,304
5085,6914,5200,352,-646,294
5173,6825,5626,-695,-327,1022
5396,6602,6604,-1122,64,1058
5291,5882,6708,-864,396,468
5281,5409,6717,-543,778,-235
5238,5102,6898,-92,949,-857
5448,4824,7175,622,1022,-1644
6271,4821,7178,958,1038,-1996
7000,4998,6740,1179,649,-1828
6883,5116,5692,857,372,-1229
6799,5966,5200,728,-316,-412
6753,6535,5246,1038,-1111,73
6507,6796,5203,1041,-1294,253
6075,6905,5094,1015,-1233,218
5548,6976,5023,866,-1048,182
5058,6940,5308,521,-765,244
5185,6813,5649,-393,-307,700
5348,6510,6650,-1295,330,965
5282,5887,6716,-1096,627,469
5293,5430,6706,-741,713,28
5551,5144,6854,-504,759,-255
5823,4883,7115,-86,827,-741
6292,4819,7179,604,1028,-1632
6982,5017,6660,1190,841,-2031
6894,5105,5676,1174,420,-1594
6767,5906,5232,898,-53,-845
6695,6635,5304,1080,-955,-125
6405,6789,5210,1127,-1210,83
6020,6906,5093,1001,-1161,160
5471,6990,5009,782,-1052,270
5041,6957,5378,535,-887,352
5136,6862,5695,-270,-418,688
5316,6682,6520,-1072,-139,1211
5355,6031,6643,-871,-38,909
5311,5290,6707,-668,484,184
5495,5169,6830,-417,991,-574
5677,4931,7068,65,1069,-1134
6183,4809,7189,616,1135,-1751
6961,5038,6851,1083,810,-1893
6910,5088,5721,1084,326,-1410
6777,5843,5221,673,-249,-424
6765,6471,5233,912,-1019,107
6595,6812,5187,858,-1190,332
6115,6928,5070,796,-1175,379
5557,6964,5034,772,-958,186
5062,6938,5259,485,-658,173
5134,6864,5661,-243,-340,583
5353,6645,6561,-1078,71,1007
5312,5935,6687,-997,361,636
5286,5417,6712,-704,679,25
5480,5165,6833,-479,864,-385
5678,4879,7120,38,868,-906
6260,4813,7185,803,1005,-1808
6966,5033,6746,1146,746,-1892
6845,5154,5575,1164,132,-1296
6810,6053,5189,874,-510,-364
6680,6508,5319,1157,-1085,-72
6462,6756,5243,1117,-1098,-19
6078,6889,5109,904,-1009,105
5552,6990,5008,699,-971,272
5058,6941,5284,596,-1052,456
5064,6934,5694,49,-588,539
5214,6785,6233,-893,-576,1469
5366,6286,6633,-737,-763,1500
5376,5573,6622,-594,-312,906
5517,5039,6960,-385,860,-475
5826,4952,7047,-201,1521,-1320
6519,4880,7119,-336,1581,-1245
7086,4913,6761,-365,1275,-910
7042,4957,5937,220,835,-1055
6712,5318,5286,576,651,-1227
6697,6233,5302,887,397,-1284
6358,6924,5074,1020,-501,-519
5904,6907,5092,1113,-1293,180
5500,6922,5076,1222,-1356,134
4999,7000,5215,926,-1156,230
4879,7119,5992,510,-934,424
5166,6833,6531,-99,-708,807
5341,6145,6657,-904,-669,1573
5506,5470,6529,-1091,-306,1397
5926,5106,6892,-986,543,443
6213,5128,6871,-900,1073,-173
6716,5123,6877,-810,1108,-298
7014,4983,6476,-715,1139,-424
7041,4957,5812,-446,845,-399
6748,5250,5407,104,791,-895
6594,5979,5405,827,737,-1564
6396,6501,5498,1040,381,-1421
6044,6892,5106,876,-467,-409
5757,6871,5127,811,-1262,451
5320,6888,5110,786,-1365,579
4911,7087,5428,708,-1328,620
4857,7142,6194,578,-1190,612
5023,6785,6976,459,-1037,578
5135,5956,6864,239,-820,581
5673,5460,6539,-262,-699,961
6276,5444,6555,-840,-564,1404
6658,5183,6815,-1126,198,928
6838,5160,6719,-1315,1477,-162
7004,4994,6236,-1214,1552,-338
7089,4909,5565,-1249,1440,-191
6979,5294,5020,-1062,1312,-250
6975,6194,5023,-690,1048,-358
6579,6746,5253,-535,811,-276
5706,6597,5402,-180,810,-630
5271,6729,5915,532,585,-1117
5085,6914,5720,1391,-242,-1149
5007,6991,6063,1489,-1061,-428
4996,7004,6780,1365,-1221,-144
4942,6337,7057,1223,-1222,-1
5038,5492,6960,825,-922,97
5720,5139,6859,590,-798,208
6574,5372,6627,272,-786,514
6710,5288,5848,-193,-937,1130
6766,5233,5357,-759,-855,1614
6819,5359,5178,-1100,-639,1739
7001,5646,4997,-1083,-417,1500
6954,5948,5044,-1026,310,716
6765,6718,5233,-1069,1335,-266
5929,6771,5228,-1075,1380,-305
5472,6526,5489,-664,987,-323
5349,6648,6051,-345,681,-336
5127,6871,6660,673,224,-897
5090,6910,6588,1540,-647,-893
4986,6492,7012,1526,-1102,-424
4942,5698,7057,1339,-919,-420
5349,5079,6919,1018,-689,-329
6270,5096,6902,416,-392,-24
6915,5084,6372,-307,115,192
7025,4973,5913,-927,403,524
6928,5071,5353,-965,594,371
6935,5579,5062,-606,484,122
6817,6383,5183,-125,210,-85
6146,6781,5218,457,-222,-235
5675,6897,5102,922,-557,-365
5201,6801,5198,865,-637,-228
5075,6923,5779,503,-427,-76
5282,6717,6317,-165,144,21
5290,6309,6709,-772,539,233
5209,5772,6790,-608,540,68
5214,5210,6788,-403,586,-183
5535,4959,7039,16,626,-642
5990,4814,7185,637,569,-1206
6869,5038,6961,1183,511,-1694
6855,5145,5796,1315,20,-1335
6749,5773,5250,957,-707,-250
6707,6254,5291,1117,-1106,-11
6691,6694,5305,1010,-1087,77
6343,6875,5123,743,-1020,277
5823,7052,4946,476,-936,460
5278,7006,4992,200,-997,797
5088,6911,5308,-798,-607,1405
5169,6829,6296,-1184,-373,1557
5341,6201,6657,-871,-158,1029
5264,5341,6736,-788,590,198
5482,5218,6781,-645,1186,-541
5792,5080,6919,-497,1264,-767
6331,4916,7083,-432,1264,-832
6928,5027,6973,-253,1155,-902
6976,5024,6506,675,777,-1452
6814,5185,5490,979,546,-1525
6682,5946,5317,820,406,-1226
6634,6840,5158,851,-438,-413
6211,6923,5075,782,-1252,470
5775,7013,4985,896,-1404,508
5135,6999,5000,813,-1325,512
4933,7064,5611,409,-853,444
5176,6824,6064,-461,-496,957
5335,6300,6662,-1129,-250,1379
5307,5476,6692,-1135,204,931
5625,5163,6836,-781,882,-101
5961,5074,6925,-689,1131,-442
6500,4978,7021,-653,1175,-522
7011,4987,6728,-585,1194,-609
6983,5015,6245,38,703,-741
6732,5267,5537,1029,648,-1677
6603,5927,5396,1014,561,-1575
6527,6660,5338,1039,-55,-984
6234,6834,5164,772,-1046,274
5894,6908,5091,741,-1206,465
5364,6976,5023,743,-1217,474
4961,7038,5410,662,-1245,583
4946,7052,6004,226,-861,635
5305,6694,6568,-477,-877,1354
5344,5942,6654,-869,-686,1555
5541,5312,6685,-875,-110,985
5965,5055,6943,-752,1031,-279
6303,5042,6957,-904,1519,-615
6898,5028,6971,-884,1488,-604
7139,4861,6299,-664,1359,-695
7041,4958,5477,-349,1001,-652
6823,5609,5175,21,894,-915
6514,6323,5485,488,607,-1095
6176,6780,5218,843,17,-860
5728,6954,5045,939,-1190,251
5393,6932,5068,1120,-1639,519
4934,7064,5310,933,-1538,605
4804,7194,6131,740,-1386,646
4944,6868,7054,553,-1136,583
5040,5873,6959,224,-922,698
5736,5340,6658,-336,-695,1031
6423,5449,6550,-858,-644,1502
6674,5325,6353,-1036,-444,1480
6911,5088,6556,-1262,453,809
6982,5016,5965,-1090,1090,0
7000,4999,5282,-1061,1195,-134
7034,5625,4965,-1109,1252,-143
6932,6444,5066,-776,969,-193
6336,6797,5201,-622,865,-243
5639,6649,5350,-465,955,-490
5303,6695,5881,-153,830,-677
5168,6831,6673,473,625,-1098
5166,6832,6812,1286,275,-1561
5047,6652,6951,1383,-178,-1205
5053,6062,6947,879,-657,-222
5215,5300,6784,787,-969,182
5979,5254,6745,756,-1005,249
6533,5418,6581,485,-887,402
6799,5199,5853,-94,-439,533
7003,4996,5783,-1366,384,982
6948,5049,5281,-1674,1041,633
7065,5588,4933,-1556,1124,432
7008,6405,4990,-1044,798,246
6401,6901,5097,-748,710,38
5477,6699,5300,-190,510,-320
5149,6848,6095,523,442,-965
5090,6909,6219,1296,-16,-1280
5125,6875,6622,1218,-228,-990
5062,6567,6937,919,-335,-584
5076,5930,6922,618,-607,-11
5263,5291,6736,503,-679,176
5944,5218,6781,545,-762,217
6640,5358,6518,209,-508,299
6891,5107,5802,-566,-203,769
6925,5075,5619,-1185,171,1014
6952,5047,5252,-1170,503,667
7034,5710,4965,-1116,987,129
6922,6506,5077,-710,796,-86
6289,6815,5184,-612,825,-213
5457,6574,5424,-231,797,-566
5294,6704,6121,249,926,-1175
5251,6747,6551,961,669,-1630
5242,6757,6745,1268,436,-1704
5108,6714,6891,1258,-29,-1229
5022,6192,6978,1172,-957,-215
5159,5393,6840,1048,-1133,85
5846,5218,6780,878,-979,101
6411,5346,6652,497,-700,203
6882,5117,6157,-147,-152,299
7063,4936,5878,-1309,903,406
7010,4990,5231,-1625,1320,305
7088,5582,4911,-1463,1215,248
7008,6458,4990,-972,807,165
6421,6884,5114,-482,485,-3
5356,6642,5356,68,456,-524
5257,6741,6135,787,639,-1426
5231,6767,6457,1022,682,-1704
5191,6720,6808,1102,583,-1685
5013,6527,6986,1091,320,-1411
5034,6249,6965,1058,-482,-576
5175,5348,6824,1078,-1267,189
5966,5205,6794,1049,-1257,208
6508,5421,6577,730,-979,249
6698,5300,6062,426,-634,208
6975,5023,5316,-565,-95,660
6950,5049,5213,-1577,838,739
7063,5678,4936,-1567,1054,513
6982,6468,5017,-943,712,231
6364,6887,5111,-684,737,-53
5491,6699,5300,-371,712,-341
5305,6693,6069,10,885,-895
5235,6763,6598,246,979,-1225
5105,6560,6894,976,693,-1669
4972,6213,7026,1136,593,-1729
4943,5688,7055,987,412,-1399
5287,5504,6712,914,-596,-318
6037,5277,6722,1111,-1442,331
6484,5515,6485,797,-1136,339
6562,5438,6051,470,-775,305
6803,5196,5444,-431,-229,660
6867,5131,5577,-1504,709,795
6891,5335,5109,-1485,1052,433
7090,5979,4908,-1357,981,376
6924,6759,5073,-1216,773,443
6046,6955,5043,-847,660,187
5226,6773,5296,-267,394,-127
5119,6879,6238,180,376,-556
5089,6735,6908,638,601,-1239
5004,6272,6994,624,816,-1440
5111,5741,6887,116,715,-831
5621,5476,6523,-448,17,431
6184,5564,6435,-541,-1259,1800
6514,5484,6466,-411,-1197,1608
6681,5318,6434,-842,-149,991
6862,5135,6373,-1059,1221,-162
6967,5031,5893,-1035,1435,-400
6981,5017,5145,-1278,1642,-364
7088,5752,4910,-1581,1732,-151
6964,6686,5033,-1290,1250,40
6215,6938,5060,-943,875,68
5368,6733,5266,-321,387,-66
5087,6911,6054,402,53,-455
5039,6959,6393,1075,-204,-871
5060,6939,6794,1204,-507,-697
5000,6272,6999,1005,-735,-270
5088,5548,6910,598,-553,-45
5619,5195,6802,468,-483,15
6586,5285,6713,-143,-186,329
6925,5073,6496,-998,338,660
6993,5005,6028,-1164,804,360
6930,5068,5412,-851,614,237
6926,5498,5073,-478,489,-11
6757,6222,5242,29,412,-441
6173,6643,5355,560,254,-814
5670,6701,5297,981,15,-996
5246,6804,5195,1014,-370,-644
5054,6943,5512,937,-959,22
4890,7108,6130,826,-995,169
5070,6929,6855,818,-1046,228
5063,6168,6936,428,-938,510
5538,5489,6510,-285,-678,963
6148,5475,6524,-938,-662,1600
6543,5340,6658,-1064,-256,1320
6808,5163,6835,-1262,1117,145
6967,5031,6371,-1167,1520,-353
7129,4869,5717,-1105,1398,-293
6977,5123,5021,-1093,1406,-313
7041,6062,4958,-748,1184,-436
6721,6784,5215,-530,788,-258
5922,6705,5294,-465,836,-371
5303,6696,5655,31,588,-619
5059,6939,5979,1071,-81,-990
4990,7010,6140,1469,-867,-602
5036,6963,6873,1423,-1126,-297
4963,6240,7035,1127,-973,-154
5091,5507,6909,662,-642,-20
5747,5226,6772,464,-633,169
6589,5410,6481,-76,-742,818
6798,5200,5946,-822,-566,1388
6918,5080,5857,-1379,-20,1399
7018,4982,5595,-1428,622,806
7015,5312,4983,-1350,1148,202
7026,6161,4972,-961,1022,-61
6629,6836,5162,-822,940,-118
5787,6750,5248,-473,821,-348
5325,6673,5757,-70,834,-764
5150,6848,6509,580,599,-1179
5159,6839,6686,1330,280,-1610
5110,6841,6890,1423,-169,-1254
4983,6233,7015,1273,-915,-358
5101,5414,6898,941,-979,38
5796,5166,6832,846,-967,121
6457,5381,6618,478,-768,290
6713,5285,5921,-2,-674,676
6825,5174,5394,-984,-390,1374
6889,5108,5425,-1480,145,1335
6956,5290,5042,-1413,861,552
7011,6138,4987,-1124,1023,101
6753,6817,5182,-862,901,-39
5898,6792,5208,-640,814,-174
5367,6632,5717,-109,674,-565
5179,6818,6443,490,625,-1115
5165,6834,6615,1273,302,-1575
5113,6886,6783,1426,-201,-1225
4954,6384,7045,1313,-984,-329
5029,5518,6970,1066,-1035,-31
5668,5131,6868,849,-816,-33
6403,5314,6685,394,-585,191
6818,5180,6057,-192,-440,632
7017,4981,5853,-1190,258,932
6992,5008,5356,-1445,927,518
7006,5512,4992,-1180,950,230
6974,6288,5025,-620,695,-75
6460,6757,5241,-417,615,-198
5506,6544,5454,113,686,-799
5272,6725,5901,875,587,-1462
5116,6882,5941,1353,8,-1361
4986,7012,6147,1372,-765,-607
5029,6970,6940,1282,-1211,-71
4939,6156,7059,1098,-1172,74
5103,5365,6897,770,-868,98
5876,5180,6818,541,-758,217
6603,5396,6495,182,-758,576
6811,5186,5805,-276,-678,954
6845,5153,5392,-1106,-346,1452
6861,5138,5168,-1340,9,1331
6972,5459,5027,-1232,591,641
6938,6304,5061,-825,871,-46
6486,6779,5220,-790,942,-152
5778,6686,5312,-579,874,-295
5335,6664,5779,-164,622,-458
5092,6906,6336,792,206,-998
4990,7008,6253,1514,-579,-935
5046,6893,6953,1497,-1073,-424
4922,6083,7076,1227,-1030,-197
5095,5298,6904,886,-763,-123
5895,5139,6859,640,-677,37
6650,5348,6469,135,-625,490
6796,5202,5744,-312,-790,1102
6810,5188,5278,-1049,-561,1610
6915,5436,5084,-1271,-495,1766
7060,5833,4938,-1068,-386,1454
6911,6171,5088,-834,291,543
6459,6765,5233,-1062,1499,-437
5729,6674,5324,-925,1428,-503
5453,6545,5677,-690,1110,-420
5351,6648,6251,-227,650,-423
5156,6842,6655,904,91,-995
5147,6851,6693,1539,-687,-852
4967,6352,7031,1416,-1034,-382
4952,5532,7047,1385,-910,-475
5509,5020,6979,1170,-768,-402
6424,5082,6916,513,-465,-48
6930,5067,6178,-68,-119,187
6775,5266,5223,-268,-500,768
6873,5616,5126,-162,-942,1104
6818,6122,5180,144,-892,748
6683,6680,5316,685,-668,-17
6198,6808,5191,549,-414,-135
5774,6786,5213,247,-59,-188
5357,6717,5282,-85,43,42
5147,6851,5673,-166,-121,287
4917,7082,6342,279,-770,491
4956,6801,7042,1520,-1480,-40
4942,5945,7057,1252,-1155,-97
5156,5214,6842,777,-798,21
6031,5203,6795,465,-706,241
6648,5351,6233,-81,-765,846
6788,5211,5652,-680,-748,1428
6768,5230,5321,-1181,-513,1694
6853,5249,5146,-1276,-261,1537
6968,5397,5030,-1214,447,767
6955,6287,5044,-1062,1116,-54
6484,6815,5184,-1020,1116,-96
5766,6703,5295,-649,870,-221
5362,6637,5666,-333,660,-327
5079,6920,6369,449,210,-659
4986,7013,6355,1405,-602,-803
5018,6814,6980,1508,-1075,-433
4946,6027,7053,1153,-942,-211
5138,5284,6860,738,-652,-86
5928,5202,6797,458,-582,124
6655,5343,6393,-35,-633,668
6804,5194,5731,-752,-534,1286
6849,5149,5494,-1247,-300,1547
6899,5101,5265,-1335,103,1232
7007,5435,4991,-1258,847,411
6973,6316,5025,-973,1004,-31
6475,6827,5173,-827,928,-101
5754,6709,5289,-574,840,-266
5311,6687,5706,-294,699,-405
5117,6882,6553,426,426,-852
5068,6932,6636,1377,-81,-1296
5055,6801,6943,1438,-620,-818
5009,5973,6989,877,-743,-134
5207,5262,6792,622,-769,147
6016,5247,6752,527,-863,336
6601,5398,6388,188,-914,726
6799,5199,5670,-376,-666,1042
6853,5146,5480,-1308,-225,1533
6924,5075,5369,-1520,349,1171
7032,5513,4966,-1397,1024,373
6992,6364,5007,-1075,1001,74
6438,6873,5125,-917,921,-4
5672,6734,5265,-450,661,-211
5257,6741,5870,11,604,-615
5081,6918,6395,952,238,-1190
5080,6918,6568,1392,-235,-1157
5053,6734,6946,1284,-682,-602
5019,5918,6980,899,-813,-86
5233,5254,6766,616,-734,118
5979,5245,6754,532,-765,233
6639,5360,6358,34,-621,587
6809,5188,5774,-862,-389,1251
6912,5088,5770,-1427,143,1284
6963,5035,5405,-1373,776,597
7043,5545,4956,-1368,1225,143
6997,6371,5001,-959,965,-6
6473,6863,5134,-781,846,-65
5625,6707,5290,-393,665,-272
5292,6708,5999,157,754,-911
5199,6801,6530,840,659,-1499
5196,6767,6802,1247,462,-1709
5046,6636,6952,1276,121,-1397
5016,6213,6983,1131,-701,-430
5159,5330,6840,1044,-1181,137
5932,5202,6798,851,-1013,162
6474,5411,6587,521,-819,298
6752,5246,5924,61,-496,435
6982,5016,5681,-1104,161,943
6948,5050,5271,-1558,983,575
7021,5611,4978,-1399,1074,325
6979,6378,5019,-790,757,33
6474,6820,5179,-569,616,-47
5580,6633,5365,-209,633,-424
5229,6770,6056,442,632,-1074
5156,6841,6301,1170,341,-1511
5072,6926,6473,1406,-132,-1274
5061,6912,6938,1315,-804,-511
4954,6054,7045,1130,-1098,-32
5145,5289,6854,860,-884,24
5937,5194,6805,601,-750,149
6591,5407,6458,215,-675,460
6816,5183,5739,-338,-555,893
6915,5084,5566,-1274,-44,1318
6970,5028,5360,-1437,557,880
7033,5604,4966,-1339,1036,303
6965,6407,5032,-842,839,3
6413,6828,5171,-714,784,-70
5626,6655,5343,-393,716,-323
5289,6710,5950,74,788,-862
5181,6819,6556,883,511,-1394
5133,6865,6638,1405,179,-1584
5089,6893,6908,1396,-417,-979
4966,6062,7033,1191,-1040,-151
5144,5272,6856,970,-1005,35
6000,5171,6828,849,-956,107
6581,5419,6539,421,-758,337
6698,5301,5860,80,-784,704
6811,5225,5187,-741,-554,1295
6841,5292,5157,-1413,-248,1661
6980,5512,5019,-1355,183,1172
6970,6156,5028,-1135,838,297
6642,6828,5170,-1040,1103,-63
5803,6781,5218,-743,925,-182
5397,6602,5635,-409,735,-326
5218,6781,6377,110,578,-688
5128,6870,6710,1220,163,-1383
5122,6877,6869,1533,-361,-1172
4933,6220,7066,1397,-941,-456
5051,5375,6947,1106,-896,-210
5787,5099,6900,851,-764,-87
6581,5327,6672,352,-535,183
6801,5198,5851,-186,-596,782
6843,5155,5324,-1017,-435,1452
6887,5297,5111,-1291,-256,1547
6987,5684,5012,-1099,40,1059
6903,6165,5096,-658,573,85
6509,6765,5233,-836,1170,-334
5789,6660,5338,-666,1099,-433
5417,6581,5657,-412,910,-498
5225,6774,6453,279,514,-793
5083,6916,6367,1344,-160,-1184
5096,6903,6771,1524,-972,-552
4933,6256,7065,1402,-1185,-217
5026,5465,6972,1002,-894,-108
5708,5102,6896,711,-724,13
6584,5327,6672,250,-572,322
6809,5189,5906,-228,-669,897
6848,5150,5338,-932,-485,1417
6909,5402,5090,-1084,-438,1522
7039,5894,4960,-794,-443,1237
6945,6275,5054,-534,20,514
6522,6684,5314,-814,1187,-373
5849,6609,5389,-795,1327,-532
5495,6503,5567,-577,1003,-426
5292,6706,6076,37,330,-367
5073,6925,6122,1219,-674,-545
5120,6879,6620,1511,-1192,-319
4964,6558,7034,1444,-1158,-286
4921,5795,7077,1289,-915,-374
5279,5080,6918,989,-670,-319
6165,5087,6913,550,-527,-23
6847,5151,6349,-10,-243,253
6833,5165,5398,-409,-448,857
6931,5342,5067,-750,-715,1465
7027,5826,4972,-793,-698,1491
6999,6404,5000,-451,-556,1007
6551,6577,5422,-224,211,13
6083,6598,5399,-568,1489,-921
5543,6560,5439,-747,1282,-535
5293,6706,5927,-170,388,-218
4985,7013,6075,1039,-763,-276
5047,6951,6648,1645,-1416,-229
4946,6547,7052,1603,-1287,-316
4935,5749,7064,1026,-897,-129
5440,5078,6920,776,-751,-25
6304,5170,6828,457,-656,199
6744,5255,6109,43,-674,631
6810,5188,5475,-198,-893,1091
6930,5422,5069,-798,-748,1546
7020,5854,4979,-840,-755,1595
7038,6431,4961,-509,-564,1073
6661,6521,5337,-650,533,117
5902,6687,5313,-985,1620,-635
5495,6504,5565,-891,1407,-516
5420,6578,6016,-469,823,-354
5166,6832,6630,543,185,-728
5141,6856,6506,1582,-834,-748
5071,6558,6927,1574,-1137,-437
4926,5862,7072,1463,-953,-510
5104,5123,6893,1172,-664,-508
6026,5031,6968,845,-603,-242
6865,5134,6634,156,-217,61
6912,5086,5624,-400,-148,548
6954,5333,5046,-685,-549,1234
7037,5827,4961,-637,-733,1370
6838,6441,5160,-114,-618,732
6179,6451,5549,580,93,-673
5741,6465,5534,622,1185,-1807
5443,6556,5614,674,733,-1407
5170,6829,5196,1012,-523,-489
5101,6898,5665,1106,-1585,479
4974,7025,6243,1196,-1671,475
4992,6969,7007,1513,-1814,301
4874,6049,7125,1438,-1662,224
5106,5083,6915,1128,-1086,-42
6038,5057,6942,683,-724,41
6730,5269,6522,328,-539,211
6828,5172,5672,-35,-602,637
6973,5291,5026,-633,-536,1169
7045,5783,4954,-980,-577,1557
7077,6361,4922,-598,-605,1203
6796,6688,5203,-579,15,564
6031,6664,5335,-880,1383,-503
5550,6466,5532,-855,1493,-638
5469,6528,5923,-607,1072,-465
5336,6663,6510,83,486,-569
5170,6828,6458,1336,-287,-1049
5186,6746,6814,1508,-990,-518
4926,6160,7072,1308,-1027,-281
4990,5374,7009,1311,-770,-541
5745,5000,6999,1042,-605,-437
6622,5064,6935,439,-267,-172
6945,5054,6091,41,-35,-6
6739,5367,5261,121,-576,455
6737,5815,5261,508,-992,484
6798,6382,5202,799,-988,189
6619,6838,5160,675,-904,229
6045,6973,5026,517,-878,361
5422,6970,5029,517,-873,356
5030,6968,5316,389,-753,364
5057,6942,5735,-238,-600,838
5229,6770,6439,-627,-752,1379
5201,6160,6797,-261,-754,1015
5092,5262,6906,77,-42,-35
5322,4844,7155,331,1063,-1394
5975,4726,7273,619,1270,-1889
6894,4905,7095,759,973,-1732
7060,4938,5877,869,409,-1278
6938,5795,5061,649,-390,-259
6823,6557,5174,1034,-1172,138
6355,6762,5237,1450,-1246,-204
5862,6781,5216,1361,-783,-578
5427,6572,5480,893,-72,-821
5352,6646,6006,448,871,-1319
5235,6763,6176,114,892,-1006
5060,6939,6801,517,157,-674
5040,6736,6958,1414,-1214,-200
4954,5849,7044,1558,-1455,-103
5227,5143,6854,1276,-1103,-173
6049,5135,6863,934,-919,-15
6633,5365,6612,520,-643,123
6758,5241,5804,171,-534,363
6936,5265,5061,-524,-503,1027
6994,5514,5005,-1233,-290,1523
7038,5996,4961,-1090,-58,1148
6828,6420,5171,-667,577,90
6162,6776,5223,-852,1331,-479
5565,6569,5431,-629,1214,-585
5475,6522,5876,-574,1165,-591
5398,6600,6348,-210,828,-618
5223,6689,6775,869,308,-1177
5238,6761,6723,1471,-353,-1118
5043,6301,6956,1295,-873,-422
5010,5566,6988,1271,-816,-455
5459,5091,6909,1076,-630,-446
6276,5088,6910,568,-390,-178
6874,5123,6417,-43,43,0
7041,4958,5646,-540,175,365
6903,5096,5230,-940,382,558
6973,5658,5026,-700,382,318
6880,6417,5118,-333,248,85
6119,6736,5263,220,-31,-189
5552,6677,5322,970,-110,-860
5232,6767,5343,1033,-246,-787
5029,6970,5636,972,-776,-196
4938,7059,6262,973,-1007,34
5105,6840,6892,822,-948,126
5076,6108,6922,421,-819,398
5519,5465,6534,-177,-651,828
6192,5477,6522,-858,-642,1500
6580,5327,6670,-1060,-236,1296
6848,5151,6818,-1306,1166,140
7006,4993,6311,-1189,1503,-314
7119,4880,5617,-1157,1436,-279
6997,5224,5002,-982,1349,-367
7018,6203,4980,-587,1064,-477
6522,6767,5231,-378,807,-429
5671,6634,5365,-114,841,-727
5250,6748,5875,389,630,-1019
5098,6900,6022,1192,38,-1230
4988,7011,6162,1390,-786,-604
5060,6937,6938,1399,-1203,-196
4975,6152,7023,1124,-1065,-59
5113,5441,6885,698,-737,39
5780,5216,6784,589,-679,90
6583,5415,6559,106,-626,520
6879,5119,5990,-709,-324,1033
7038,4960,6056,-1440,517,923
7016,4983,5384,-1457,992,465
7015,5484,4984,-1190,1012,178
6975,6292,5023,-661,796,-135
6448,6794,5204,-529,751,-222
5508,6577,5423,-29,816,-787
5250,6749,6034,506,897,-1403
5217,6782,6335,1148,499,-1647
5111,6887,6406,1393,68,-1461
5049,6949,6753,1343,-738,-605
4979,6179,7019,1246,-1258,12
5117,5427,6882,943,-1041,98
5794,5191,6807,829,-1003,174
6432,5384,6613,488,-869,381
6724,5275,5956,-2,-654,656
6862,5136,5462,-1024,-296,1320
6940,5058,5493,-1533,331,1202
6996,5320,5002,-1485,1022,463
7028,6180,4971,-1182,1016,166
6720,6847,5152,-877,842,35
5873,6805,5193,-562,687,-125
5320,6679,5815,63,557,-620
5172,6827,6367,888,455,-1343
5116,6883,6489,1413,56,-1469
5063,6936,6723,1414,-508,-906
4939,6259,7060,1312,-1094,-218
5049,5435,6950,982,-937,-45
5759,5131,6868,726,-743,17
6554,5375,6624,239,-549,310
6821,5178,5884,-334,-548,882
6929,5069,5630,-1174,-110,1284
6957,5041,5365,-1326,420,906
6976,5533,5023,-1005,829,176
6945,6301,5054,-624,762,-138
6488,6757,5242,-539,764,-225
5708,6638,5361,-332,858,-526
5284,6714,5910,231,675,-906
5134,6865,6203,1131,213,-1344
4996,7003,6216,1424,-467,-957
5050,6934,6949,1361,-1075,-286
4949,6111,7049,1112,-1102,-10
5116,5353,6883,750,-810,60
5882,5192,6808,534,-707,173
6601,5398,6445,97,-672,575
6841,5158,5716,-510,-543,1053
6912,5086,5651,-1313,-29,1342
6979,5019,5421,-1405,561,844
7028,5538,4971,-1344,1067,277
6976,6338,5023,-883,860,23
6493,6818,5180,-715,787,-72
5701,6675,5323,-434,717,-283
5300,6698,5916,92,713,-805
5173,6827,6424,957,431,-1388
5093,6905,6436,1461,-40,-1421
5071,6928,6836,1413,-738,-675
4960,6147,7039,1206,-1083,-123
5105,5377,6895,882,-918,36
5860,5171,6827,801,-886,85
6557,5420,6578,351,-736,385
6729,5270,5895,-68,-780,848
6810,5189,5321,-944,-485,1429
6831,5168,5222,-1458,-136,1594
6957,5313,5042,-1379,410,969
7006,6126,4992,-1155,975,180
6700,6831,5166,-1044,1046,-2
5841,6796,5203,-706,849,-143
5380,6619,5646,-307,661,-354
5175,6824,6440,345,501,-846
5099,6900,6520,1373,-9,-1364
5087,6910,6780,1500,-578,-922
4950,6249,7049,1336,-991,-345
5046,5423,6952,978,-876,-102
5747,5117,6882,794,-778,-16
6558,5349,6648,303,-556,253
6802,5197,5856,-286,-600,886
6853,5145,5450,-1121,-359,1480
6843,5155,5171,-1337,-108,1445
6966,5423,5033,-1212,380,832
6954,6214,5044,-827,889,-62
6548,6784,5216,-807,1044,-237
5822,6687,5312,-580,980,-400
5364,6633,5733,-178,792,-614
5167,6832,6456,666,438,-1104
5070,6928,6313,1438,-174,-1264
5074,6925,6792,1457,-951,-506
4940,6230,7058,1328,-1203,-125
5052,5429,6946,919,-906,-13
5752,5130,6868,672,-755,83
6599,5380,6618,231,-613,382
6806,5193,5850,-303,-656,959
6852,5147,5417,-1075,-396,1471
6856,5225,5144,-1243,-178,1421
6990,5525,5009,-1101,215,886
6951,6201,5048,-816,855,-39
6534,6775,5223,-820,1005,-185
5823,6671,5328,-582,910,-328
5361,6637,5692,-202,708,-506
5095,6903,6253,680,195,-875
4994,7004,6234,1450,-702,-748
5060,6924,6939,1476,-1113,-363
4940,6170,7059,1191,-1050,-141
5081,5384,6917,726,-729,3
5793,5165,6833,526,-645,119
6612,5388,6486,91,-595,504
6826,5173,5743,-549,-559,1108
6874,5124,5572,-1258,-209,1467
6932,5067,5390,-1397,272,1125
7025,5411,4974,-1292,923,369
6998,6271,5000,-989,943,46
6568,6831,5167,-772,811,-39
5800,6739,5260,-538,751,-213
5299,6699,5741,-138,632,-494
5110,6888,6488,633,409,-1042
5064,6935,6562,1384,-82,-1302
5078,6878,6920,1395,-581,-814
5014,6045,6985,871,-787,-84
5184,5341,6815,633,-746,113
5926,5254,6745,549,-815,266
6592,5406,6493,198,-842,644
6830,5169,5708,-467,-514,981
6958,5041,5751,-1452,209,1243
6976,5023,5384,-1522,830,692
7041,5531,4957,-1401,1126,275
6980,6437,5018,-895,891,4
6421,6868,5131,-742,826,-84
5587,6694,5305,-327,690,-363
5222,6777,6048,256,694,-950
5149,6851,6443,1069,397,-1466
5138,6861,6631,1400,57,-1457
5079,6821,6920,1273,-399,-874
4997,6013,7002,1070,-961,-109
5191,5279,6807,823,-926,103
5966,5224,6774,717,-947,230
6587,5411,6441,332,-827,495
6771,5227,5678,-275,-641,916
6833,5165,5417,-1223,-309,1532
6902,5097,5359,-1473,219,1254
7007,5437,4992,-1403,1003,400
6977,6366,5023,-1007,1006,1
6565,6843,5155,-879,951,-72
5692,6717,5280,-485,738,-253
5312,6687,5912,0,711,-711
5171,6829,6544,618,572,-1190
5144,6853,6636,1406,132,-1538
5107,6893,6852,1427,-477,-950
4954,6174,7045,1296,-1053,-243
5120,5297,6879,1000,-938,-62
5890,5166,6833,686,-692,6
6563,5401,6598,250,-533,283
6884,5115,5921,-423,-360,783
7021,4978,5861,-1291,372,919
6971,5028,5263,-1387,939,448
7010,5633,4989,-1065,945,120
6928,6384,5069,-540,671,-131
6253,6708,5291,-253,614,-361
5428,6570,5608,372,749,-1121
5283,6716,5895,1038,505,-1543
5060,6939,5777,1436,-314,-1122
4991,7007,6224,1312,-1012,-300
5030,6931,6970,1289,-1294,5
4954,6107,7045,1038,-1159,121
5143,5316,6856,730,-864,134
6006,5228,6770,486,-774,288
6597,5401,6422,120,-769,649
6812,5185,5736,-398,-640,1038
6875,5124,5515,-1233,-210,1443
6950,5048,5398,-1460,406,1054
7032,5510,4968,-1366,1031,335
6989,6342,5010,-961,918,43
6412,6845,5154,-817,854,-37
5656,6685,5314,-459,685,-226
5307,6691,5874,-31,664,-633
5145,6853,6484,804,420,-1224
5083,6915,6484,1465,-76,-1389
5084,6916,6898,1420,-716,-704
4957,6083,7041,1194,-1016,-178
5154,5252,6844,844,-849,5
5925,5174,6824,734,-823,89
6593,5406,6485,248,-688,440
6763,5235,5729,-259,-742,1001
6790,5207,5302,-1116,-467,1583
6827,5213,5172,-1403,-235,1638
6983,5398,5015,-1322,272,1050
6982,6151,5017,-1094,991,103
6532,6836,5162,-1064,1173,-109
5805,6767,5231,-750,963,-213
5380,6617,5683,-391,762,-371
5197,6801,6493,247,527,-774
5116,6882,6613,1282,83,-1365
5106,6892,6839,1520,-553,-967
4930,6152,7070,1364,-997,-367
5041,5396,6957,1071,-900,-171
5772,5086,6912,847,-832,-15
6657,5342,6612,275,-503,228
6811,5186,5708,-339,-555,894
6822,5176,5306,-1111,-446,1557
6889,5311,5109,-1300,-332,1632
7003,5667,4996,-1166,82,1084
6903,6244,5095,-749,779,-30
6519,6766,5234,-890,1184,-294
5760,6637,5361,-635,1047,-412
5375,6624,5731,-297,774,-477
5140,6859,6438,496,357,-853
5004,6995,6202,1460,-521,-939
5074,6925,6833,1511,-1130,-381
4921,6220,7078,1370,-1214,-156
5032,5397,6966,932,-877,-55
5868,5105,6893,600,-677,77
6680,5319,6504,109,-575,466
6813,5186,5718,-353,-733,1086
6790,5208,5243,-910,-645,1555
6929,5533,5069,-941,-650,1591
7049,6009,4951,-679,-566,1245
6912,6362,5087,-544,1,543
6419,6684,5313,-908,1384,-476
5767,6589,5409,-902,1497,-595
5497,6502,5664,-703,1130,-427
5386,6612,6134,-228,489,-261
5109,6889,6331,945,-292,-653
5160,6838,6657,1537,-1096,-441
4990,6489,7009,1420,-1107,-313
4895,5730,7104,1399,-896,-503
5303,5030,6969,1168,-636,-532
6247,4994,7005,644,-427,-217
6971,5028,6487,60,-8,-52
6823,5176,5437,-116,-262,378
6753,5631,5245,204,-971,767
6753,6106,5245,739,-1095,356
6735,6654,5264,818,-953,135
6299,6861,5138,653,-878,225
5787,6986,5012,576,-859,283
5152,6965,5033,516,-1029,513
4975,7023,5584,360,-1001,641
5080,6919,6063,-196,-759,955
5373,6592,6625,-673,-763,1436
5389,5897,6611,-775,-509,1284
5515,5106,6892,-575,361,214
5861,5018,6979,-524,1376,-852
6349,4918,7080,-638,1584,-946
7064,4935,6970,-609,1556,-947
7151,4847,6239,-53,1036,-983
6859,5141,5422,497,816,-1313
6774,6010,5225,649,698,-1347
6444,6716,5282,814,125,-939
5903,6989,5010,885,-834,-51
5457,6946,5053,1148,-1242,94
5000,6999,5234,944,-1126,182
4875,7124,6004,653,-930,277
5118,6881,6588,146,-625,479
5392,6115,6606,-766,-650,1416
5544,5518,6480,-1185,-401,1586
5957,5219,6779,-1119,227,892
6240,5166,6831,-919,1033,-114
6642,5167,6832,-886,1100,-214
6986,5012,6548,-818,1085,-267
7082,4916,5877,-683,1020,-337
6924,5075,5159,-539,1004,-465
6828,5939,5170,-195,1039,-844
6333,6467,5532,583,785,-1368
5911,6570,5428,922,605,-1527
5509,6902,5097,1046,-306,-740
5223,6846,5151,1164,-1542,378
4972,7026,5577,1087,-1602,515
4867,7131,6278,1050,-1490,440
5003,6825,6994,816,-1358,542
5002,5828,6997,438,-1040,602
5512,5283,6715,227,-749,522
6448,5488,6511,-295,-684,979
6671,5326,6295,-1021,-420,1441
6886,5113,6579,-1429,659,770
6935,5063,6061,-1346,1327,19
6990,5009,5419,-1276,1339,-63
7009,5446,4989,-1315,1354,-39
6993,6246,5006,-899,1021,-122
6567,6807,5192,-616,721,-105
5750,6684,5315,-371,714,-343
5253,6745,5871,244,561,-805
5072,6926,6115,1138,74,-1212
4982,7017,6305,1371,-531,-840
5042,6832,6956,1231,-941,-290
4966,6034,7033,838,-879,41
5190,5304,6809,603,-682,79
6037,5292,6707,346,-673,327
6641,5357,6287,-200,-801,1001
6788,5212,5828,-932,-496,1428
6925,5073,5819,-1392,75,1317
6988,5011,5436,-1395,856,539
7032,5504,4967,-1371,1259,112
6992,6319,5007,-937,965,-28
6503,6836,5163,-781,860,-79
5729,6711,5288,-487,752,-265
5305,6694,5864,-42,730,-688
5149,6849,6525,766,463,-1229
5093,6907,6516,1477,-28,-1449
5086,6912,6886,1455,-675,-780
4943,6080,7055,1256,-1029,-227
5104,5300,6894,917,-873,-44
5947,5139,6859,801,-862,61
6622,5376,6508,277,-614,337
6748,5251,5778,-161,-751,912
6786,5213,5251,-981,-548,1529
6871,5345,5127,-1342,-401,1743
7032,5597,4967,-1260,-66,1326
6955,6134,5043,-1092,797,295
6565,6834,5164,-1152,1303,-151
5743,6759,5239,-812,1033,-221
5405,6593,5621,-497,796,-299
5234,6764,6406,41,532,-573
5109,6890,6638,1255,14,-1269
5117,6882,6841,1550,-613,-937
4916,6160,7082,1413,-983,-430
5048,5334,6951,1094,-829,-265
5844,5069,6929,860,-786,-74
6685,5305,6694,258,-432,174
6849,5149,5756,-387,-363,750
6825,5174,5304,-1018,-371,1389
6935,5499,5064,-1080,-436,1516
7045,6041,4953,-781,-501,1282
6918,6441,5080,-461,-150,611
6455,6688,5310,-828,1283,-455
5760,6603,5397,-853,1458,-605
5516,6483,5699,-695,1237,-542
5427,6570,6112,-292,738,-446
5203,6796,6542,739,114,-853
5163,6836,6501,1475,-836,-639
5059,6532,6939,1372,-1133,-239
4918,5824,7081,1324,-1009,-315
5151,5096,6902,1186,-780,-406
6116,5049,6949,671,-537,-134
6881,5118,6572,54,-150,96
6907,5093,5638,-277,-149,426
6939,5484,5060,-444,-564,1008
6992,5900,5006,-337,-839,1176
6841,6483,5158,68,-671,603
6276,6659,5341,409,-244,-165
5731,6412,5587,569,565,-1134
5399,6600,5598,583,698,-1281
5099,6898,5291,926,-388,-538
4990,7009,5825,1142,-1580,438
4918,7080,6535,1412,-1775,363
4945,6634,7055,1498,-1755,257
4942,5668,7056,1098,-1291,193
5452,5095,6903,862,-936,74
6305,5200,6799,612,-810,198
6661,5337,6229,382,-778,396
6767,5231,5537,73,-781,708
7003,5410,4996,-805,-542,1347
7092,5786,4906,-1301,-461,1762
7120,6404,4878,-1080,-422,1502
6727,6679,5272,-899,474,425
5809,6784,5216,-1036,1406,-370
5397,6601,5617,-852,1200,-348
5380,6617,6143,-626,980,-354
5199,6619,6800,151,517,-668
5155,6649,6844,1464,-81,-1383
5053,6357,6944,1389,-461,-928
4963,5600,7036,1240,-676,-564
5457,5053,6944,1152,-696,-456
6349,5100,6899,706,-559,-147
6838,5159,6334,266,-310,44
6810,5188,5409,-56,-423,479
7035,5539,4964,-501,-669,1170
7058,6034,4940,-727,-769,1496
6987,6612,5011,-462,-609,1071
6523,6643,5356,-512,407,105
5782,6622,5377,-867,1610,-743
5475,6523,5677,-881,1516,-635
5421,6578,6138,-415,871,-456
5208,6789,6760,616,272,-888
5160,6839,6557,1566,-606,-960
5048,6451,6951,1484,-1032,-452
4947,5724,7051,1368,-895,-473
5275,5084,6913,1135,-719,-416
6220,5071,6928,724,-616,-108
6869,5129,6389,85,-241,156
6854,5145,5435,-325,-385,710
6985,5379,5015,-699,-649,1348
7059,5905,4940,-699,-662,1361
6868,6503,5131,-229,-427,656
6208,6428,5571,190,681,-871
5739,6459,5538,112,1513,-1625
5486,6513,5699,135,1037,-1172
5302,6696,5805,803,72,-875
5188,6809,5784,1159,-1168,9
5124,6875,6218,1215,-1397,182
5107,6891,6848,1304,-1444,140
4885,6235,7113,1544,-1531,-13
4991,5326,7007,1438,-1176,-262
5768,5004,6995,956,-659,-297
6628,5111,6889,379,-305,-74
6940,5057,6074,-93,-43,136
6896,5103,5200,-303,-238,541
7066,5755,4932,-595,-432,1027
6961,6340,5038,-228,-733,961
6357,6715,5283,455,-477,22
5843,6470,5528,770,257,-1027
5455,6542,5580,565,981,-1546
5247,6752,5712,851,271,-1122
5038,6961,5670,1128,-1150,22
4973,7025,6312,1333,-1644,311
4960,6893,7038,1574,-1774,200
4875,5996,7124,1455,-1534,79
5154,5071,6927,1159,-1079,-80
6088,5071,6927,699,-667,-32
6750,5249,6536,316,-459,143
6901,5098,5693,-70,-393,463
6978,5263,5020,-644,-390,1034
7069,5890,4930,-814,-511,1325
6981,6458,5017,-347,-634,981
6431,6616,5382,49,83,-132
5883,6558,5441,-145,1385,-1240
5630,6481,5517,-654,1553,-899
5500,6498,5802,-516,870,-354
5259,6740,6262,203,115,-318
5158,6840,6320,1360,-1002,-358
5185,6762,6813,1449,-1199,-250
4923,6218,7075,1316,-1074,-242
4961,5454,7038,1338,-794,-544
5620,4993,7006,1215,-692,-523
6573,5026,6973,438,-288,-150
6992,5007,6178,-15,-2,17
6794,5246,5203,-121,-382,503
6844,5806,5155,94,-942,848
6756,6313,5242,596,-1003,407
6630,6805,5193,657,-830,173
6070,6948,5050,513,-761,248
5473,6969,5031,526,-763,237
5027,6971,5319,483,-808,325
4976,7023,5874,228,-696,468
5155,6845,6451,-140,-731,871
5207,6254,6791,-151,-886,1037
5227,5574,6771,11,-499,488
5618,4963,7036,49,242,-291
6411,4932,7068,-292,1086,-794
7001,4998,6855,-899,1241,-342
7091,4908,6109,-608,756,-148
6767,5231,5543,155,248,-403
6732,6134,5266,1301,-300,-1001
6553,6635,5363,1454,-669,-785
6198,6743,5256,1126,-605,-521
5807,6816,5183,745,-526,-219
5321,6841,5158,534,-602,68
4980,7018,5497,473,-825,352
4940,7059,6213,518,-958,440
5096,6874,6903,537,-1036,499
5153,6079,6846,276,-1024,748
5579,5501,6497,-235,-823,1058
6156,5452,6546,-810,-585,1395
6519,5112,6887,-1064,308,756
6808,5145,6853,-1124,1419,-295
7053,4946,6368,-1042,1565,-523
7100,4898,5623,-1110,1536,-426
6997,5259,5003,-795,1294,-499
6976,6198,5023,-468,1042,-574
6482,6680,5318,-338,626,-288
5566,6540,5459,281,628,-909
5253,6745,5496,1081,187,-1268
5067,6932,5444,1421,-1071,-350
4952,7047,6034,1295,-1369,74
4990,7009,6772,1261,-1341,80
4963,6343,7036,877,-1149,272
5126,5463,6871,455,-762,307
5914,5302,6696,139,-706,567
6638,5361,6426,-350,-727,1077
6807,5191,6153,-1052,-272,1324
7003,4995,6165,-1369,543,826
7018,4980,5527,-1260,1094,166
7063,5325,4935,-1339,1325,14
7067,6209,4932,-1044,1072,-28
6610,6891,5108,-731,769,-38
5767,6811,5187,-523,739,-216
5316,6682,5782,-209,765,-556
5227,6773,6435,88,880,-968
5073,6637,6926,787,685,-1472
4973,6257,7025,1143,633,-1776
4896,5704,7104,847,600,-1447
5201,5416,6797,779,-199,-580
5996,5242,6756,1153,-1660,507
6547,5451,6520,1014,-1493,479
6550,5448,6004,791,-1180,389
6598,5400,5519,214,-678,464
6768,5274,5231,-1082,-75,1157
6783,5330,5216,-1506,628,878
7002,5928,4997,-1302,889,413
6970,6708,5028,-1410,746,664
6231,6990,5008,-1140,552,588
5422,6990,5008,-506,162,344
5039,6960,5758,-182,-116,298
5280,6604,6719,-123,416,-293
5273,6163,6726,-583,1069,-486
5216,5635,6782,-764,1048,-284
5342,5184,6815,-633,1003,-370
5854,5022,6977,-508,1021,-513
6471,4969,7030,-519,1026,-507
6970,5029,6747,-458,924,-466
6930,5068,6356,222,605,-827
6743,5256,5640,830,668,-1498
6650,5792,5349,680,631,-1311
6713,6652,5286,504,51,-555
6620,7039,4959,149,-1115,966
6260,7202,4796,-202,-1501,1703
5469,7200,4797,-307,-1447,1754
4871,7128,5528,-970,-796,1766
5096,6903,6806,-943,-187,1130
5025,5608,6973,-771,417,354
5457,5162,6838,-1120,1085,35
6054,5192,6806,-1406,902,504
6521,5383,6616,-1084,210,874
6600,5399,5942,-507,-877,1384
6613,5385,5946,-5,-1173,1178
6649,5351,5529,171,-609,438
6894,5116,5106,-602,246,356
7029,5747,4970,-1533,1363,170
6969,6543,5029,-1623,1067,556
6433,6905,5092,-1200,714,486
5696,6856,5142,-691,536,155
5197,6802,5528,-390,257,133
5136,6862,6350,-24,133,-109
5042,6588,6956,307,251,-558
4921,5967,7077,684,328,-1012
5010,5320,6987,421,593,-1014
5692,5245,6755,76,134,-210
6282,5491,6507,79,-1136,1057
6452,5534,6465,583,-1516,933
6544,5456,6027,492,-874,382
6812,5186,5465,-446,-86,532
6824,5175,5484,-1570,1050,520
6900,5433,5098,-1580,1205,375
7097,6057,4901,-1452,962,490
6927,6810,5071,-1282,669,613
6009,6981,5017,-939,571,368
5141,6857,5186,-274,184,90
5100,6898,6202,96,150,-246
5226,6629,6772,-75,825,-750
5204,6109,6794,-250,990,-740
5270,5580,6728,-716,958,-242
5452,5185,6813,-692,815,-123
5970,5038,6962,-462,765,-303
6512,5028,6971,-350,765,-415
6914,5085,6820,6,715,-721
6899,5099,6273,592,708,-1300
6746,5253,5502,536,743,-1279
6862,5842,5137,81,619,-700
6999,6781,4999,-300,-37,337
6622,7180,4820,-587,-989,1576
5850,7168,4831,-443,-1019,1462
5126,6872,5182,-683,-324,1007
5288,6711,6500,-946,911,35
5304,6220,6695,-1206,1489,-283
5341,5763,6657,-1417,1511,-94
5366,5382,6632,-1211,1301,-90
5573,5233,6767,-855,1080,-225
6026,5028,6971,-531,773,-242
6512,4964,7035,-223,867,-644
6828,5110,6890,428,742,-1170
6890,5109,5986,1225,445,-1670
6627,5372,5383,829,485,-1314
6666,6193,5332,737,215,-952
6566,6874,5125,588,-759,171
6277,6953,5046,584,-1392,808
5739,7103,4896,619,-1454,835
5026,7000,4998,603,-1367,764
4941,7057,5568,-63,-770,833
5152,6847,6425,-945,-620,1565
5324,6153,6674,-834,-522,1356
5416,5255,6743,-1010,267,743
5787,5159,6839,-930,1240,-310
6078,5120,6878,-975,1469,-494
6558,5052,6946,-910,1334,-424
7032,4966,6698,-765,1310,-545
7071,4927,5960,-422,993,-571
6761,5237,5478,213,805,-1018
6630,5919,5368,939,710,-1649
6509,6561,5436,1006,311,-1317
6073,6930,5068,770,-773,3
5780,6919,5079,862,-1456,594
5299,6956,5041,886,-1478,592
4840,7158,5410,685,-1436,751
4805,7194,6369,512,-1264,752
4945,6672,7052,400,-1051,651
5167,5625,6832,-23,-847,870
5977,5366,6633,-534,-630,1164
6507,5442,6557,-932,-522,1454
6800,5199,6607,-1192,110,1082
6918,5081,6389,-1209,1110,99
7012,4986,5813,-1048,1126,-78
6953,5046,5100,-1102,1218,-116
7004,5819,4994,-842,1080,-238
6809,6619,5190,-561,850,-289
6085,6684,5316,-378,821,-443
5406,6592,5539,79,834,-913
5190,6809,5993,904,337,-1241
5005,6995,5773,1434,-561,-873
4990,7008,6465,1357,-1188,-169
5020,6642,6978,1269,-1217,-52
5013,5883,6986,716,-872,156
5371,5235,6765,589,-812,223
6209,5362,6635,294,-791,497
6665,5333,6165,-251,-853,1104
6779,5219,5793,-1064,-434,1498
6928,5071,5909,-1496,265,1231
6956,5043,5406,-1425,983,442
7031,5530,4966,-1390,1287,103
6992,6323,5006,-1031,1016,15
6457,6852,5146,-871,879,-8
5695,6714,5284,-415,661,-246
5248,6751,5882,140,557,-697
5044,6955,6139,1183,-32,-1151
5000,6998,6384,1547,-754,-793
5010,6788,6989,1452,-1045,-407
4968,5954,7031,1015,-905,-110
5185,5230,6814,644,-714,70
6054,5251,6748,415,-650,235
6678,5321,6236,-209,-688,897
6786,5213,5781,-1053,-471,1524
6879,5119,5675,-1424,-63,1487
6983,5017,5471,-1364,543,821
7049,5532,4949,-1350,1245,105
6999,6384,4998,-1027,1056,-29
6444,6880,5119,-884,952,-68
5634,6731,5268,-468,714,-246
5307,6693,5955,-15,724,-709
5168,6832,6647,558,680,-1238
5156,6727,6841,1251,420,-1671
5021,6547,6976,1313,101,-1414
5024,6128,6974,1081,-564,-517
5190,5256,6810,965,-1118,153
6019,5208,6791,788,-1011,223
6542,5443,6555,517,-858,341
6736,5262,5856,122,-569,447
6936,5062,5482,-1016,-25,1041
6923,5076,5238,-1528,761,767
7032,5687,4967,-1361,998,363
6966,6461,5033,-829,739,90
6388,6854,5144,-633,723,-90
5522,6654,5344,-307,658,-351
5270,6729,6055,189,764,-953
5193,6805,6577,891,591,-1482
5164,6756,6834,1267,427,-1694
5015,6612,6984,1289,42,-1331
5003,6106,6997,1134,-774,-360
5185,5235,6814,1054,-1148,94
6017,5200,6799,848,-971,123
6549,5417,6582,519,-739,220
6814,5185,5884,-11,-380,391
7018,4980,5671,-1218,375,843
6936,5063,5133,-1564,1028,536
7057,5751,4942,-1365,992,373
6948,6531,5051,-799,678,121
6301,6842,5157,-554,606,-52
5400,6599,5429,-110,608,-498
5226,6773,6184,420,804,-1224
5205,6793,6549,1053,607,-1660
5182,6786,6817,1298,423,-1721
5019,6631,6979,1296,-2,-1294
5026,6058,6972,1058,-849,-209
5219,5249,6779,1046,-1225,179
6073,5234,6765,939,-1161,222
6521,5477,6507,566,-931,365
6670,5329,5910,258,-684,426
6854,5144,5345,-826,-262,1088
6907,5091,5439,-1565,482,1083
7004,5484,4994,-1458,944,514
7018,6269,4981,-1201,874,327
6655,6876,5123,-947,811,136
5761,6832,5167,-541,689,-148
5291,6708,5817,-83,584,-501
5108,6891,6582,490,592,-1082
5156,6780,6843,1233,340,-1573
5025,6331,6974,1135,320,-1455
4959,5811,7039,722,220,-942
5235,5504,6763,683,-611,-72
5945,5276,6722,915,-1251,336
6422,5478,6520,613,-1037,424
6644,5354,5952,135,-599,464
6869,5130,5713,-1050,38,1012
6916,5082,5617,-1540,925,615
6954,5284,5045,-1489,1209,280
7065,6031,4934,-1302,1085,217
6881,6821,5117,-970,842,128
6006,6901,5098,-650,702,-52
5270,6729,5607,-70,494,-424
5184,6815,6396,373,771,-1144
5171,6801,6827,895,693,-1588
4999,6430,7000,1069,524,-1593
4941,5916,7058,739,392,-1131
5205,5688,6794,598,-492,-106
5828,5283,6715,888,-1424,536
6344,5482,6517,730,-1277,547
6551,5447,6170,426,-804,378
6820,5179,5598,-497,-150,647
6874,5123,5720,-1477,861,616
6826,5177,5172,-1501,1188,313
7099,5726,4900,-1383,1138,245
7029,6514,4969,-1255,849,406
6356,6977,5023,-893,590,303
5400,6883,5116,-305,327,-22
5035,6963,5853,255,-45,-210
5039,6959,6652,624,22,-646
5061,6198,6936,388,445,-833
5344,5731,6654,-845,979,-134
5481,5331,6669,-1238,745,493
5920,5248,6751,-885,417,468
6444,5228,6770,-530,235,295
6886,5113,6785,-541,643,-102
7098,4900,6225,-634,1094,-460
7059,4939,5481,-970,1363,-393
6981,5415,5018,-770,1227,-457
6915,6269,5083,-502,1023,-521
6331,6631,5368,-220,771,-551
5550,6529,5469,265,848,-1113
5288,6711,5684,955,382,-1337
5050,6950,5460,1359,-738,-621
4965,7033,6028,1272,-1348,76
4935,7062,6812,1339,-1432,93
4903,6324,7095,1219,-1364,145
5033,5360,6965,902,-1027,125
5828,5103,6894,686,-828,142
6617,5351,6648,375,-761,386
6741,5257,5888,52,-836,784
6849,5216,5149,-554,-706,1260
6916,5516,5083,-1168,-625,1793
7079,5916,4919,-1051,-590,1641
7005,6388,4993,-1001,-137,1138
6512,6776,5223,-1080,1261,-181
5685,6746,5253,-1034,1474,-440
5388,6609,5689,-824,1114,-290
5322,6676,6319,-343,655,-312
5121,6831,6877,818,211,-1029
5139,6809,6858,1557,-514,-1043
4951,6056,7048,1432,-889,-543
5105,5304,6894,1029,-710,-319
5809,5106,6892,778,-774,-4
6617,5340,6660,422,-619,197
6703,5296,5811,-21,-750,771
6789,5223,5210,-425,-825,1250
6924,5516,5075,-1064,-623,1687
7073,5888,4926,-1098,-492,1590
6985,6288,5014,-1042,55,987
6575,6784,5214,-1115,1263,-148
5764,6730,5268,-904,1137,-233
5439,6560,5618,-571,842,-271
5276,6723,6319,-54,487,-433
5084,6915,6477,1181,-176,-1005
5134,6865,6819,1576,-957,-619
4906,6231,7091,1423,-1082,-341
5007,5444,6991,1097,-798,-299
5724,5062,6936,757,-660,-97
6616,5263,6736,244,-473,229
6818,5180,5840,-235,-530,765
6854,5144,5247,-707,-664,1371
6950,5510,5048,-863,-643,1506
7028,6022,4971,-491,-625,1116
6740,6430,5258,-28,-141,169
6267,6551,5448,-46,1154,-1108
5958,6612,5386,-521,1524,-1003
5494,6504,5516,-564,808,-244
5183,6816,5818,105,-111,6
5065,6934,6176,1249,-1208,-41
5075,6923,6698,1491,-1346,-145
4893,6494,7105,1491,-1309,-182
4917,5633,7081,1243,-987,-256
5517,5020,6979,877,-667,-210
6431,5114,6884,399,-457,58
6867,5131,6152,-40,-257,297
6765,5235,5346,-158,-737,895
6859,5549,5139,-123,-961,1084
6952,6040,5046,-181,-898,1079
6886,6578,5113,-63,-797,860
6541,6909,5088,-59,-452,511
6114,6756,5242,-545,374,171
5408,6625,5373,-877,875,2
5294,6705,5949,-548,527,21
5064,6934,6640,233,62,-295
5057,6893,6942,1507,-935,-572
4904,6126,7096,1601,-1056,-545
5047,5351,6952,1062,-688,-374
5784,5092,6906,811,-668,-143
6655,5332,6666,287,-577,290
6788,5212,5885,-70,-790,860
6852,5146,5165,-579,-714,1293
6943,5564,5056,-987,-653,1640
7023,6029,4974,-623,-738,1361
6882,6520,5116,-311,-320,631
6492,6671,5328,-662,1160,-498
5763,6604,5395,-987,1578,-591
5504,6494,5683,-763,1205,-442
5411,6587,6152,-226,564,-338
5154,6844,6368,921,-173,-748
5172,6826,6574,1503,-986,-517
5041,6532,6956,1401,-1102,-299
4878,5810,7120,1460,-1038,-422
5168,5048,6950,1360,-766,-594
6181,4979,7018,766,-474,-292
6993,5006,6664,93,52,-145
6940,5058,5543,-268,-24,292
6800,5631,5199,9,-846,837
6707,6101,5293,737,-1118,381
6712,6619,5287,1001,-962,-39
6327,6843,5156,728,-840,112
5820,6982,5017,602,-828,226
5216,6957,5041,601,-1047,446
4969,7030,5605,511,-984,473
5021,6978,6120,149,-760,611
5267,6731,6704,-169,-920,1089
5312,5949,6687,-309,-828,1137
5543,5365,6634,-598,-323,921
6029,4960,7038,-640,813,-173
6408,4962,7037,-908,1612,-704
7061,4938,6965,-933,1706,-773
7198,4800,6081,-601,1355,-754
6979,5019,5219,-188,938,-750
6785,5956,5215,375,901,-1276
6445,6599,5399,841,483,-1324
5846,6774,5225,1060,-80,-980
5466,6832,5166,1170,-936,-234
5196,6803,5301,1002,-1080,78
4985,7014,5783,673,-857,184
5000,6998,6467,611,-837,226
5216,6603,6783,215,-741,526
5479,5861,6520,-523,-728,1251
5738,5495,6503,-1004,-458,1462
6120,5153,6846,-948,213,735
6465,5089,6909,-908,1187,-279
6906,5093,6801,-954,1505,-551
7175,4823,6229,-879,1470,-591
7101,4898,5403,-837,1362,-525
7075,5618,4923,-633,1216,-583
6890,6446,5109,-608,785,-177
6242,6663,5334,-323,631,-308
5411,6588,5410,235,640,-875
5130,6868,5521,1108,-108,-1000
5011,6987,5744,1429,-1083,-346
4927,7071,6361,1244,-1218,-26
4992,6786,7006,1204,-1219,15
4952,5913,7047,730,-943,213
5333,5180,6819,543,-761,218
6258,5301,6698,281,-793,512
6696,5303,6161,-185,-934,1119
6778,5219,5616,-831,-696,1527
6777,5222,5328,-1238,-483,1721
6857,5205,5141,-1300,-141,1441
6985,5508,5014,-1258,756,502
6933,6419,5066,-1112,1191,-79
6333,6837,5161,-1080,1194,-114
5658,6692,5306,-696,945,-249
5330,6668,5693,-466,752,-286
5124,6874,6559,281,361,-642
5068,6931,6685,1376,-199,-1177
5001,6677,6997,1454,-770,-684
4964,5820,7035,1140,-850,-290
5280,5139,6858,789,-789,0
6172,5184,6814,551,-738,187
6676,5322,6129,-6,-616,622
6773,5226,5482,-653,-735,1388
6729,5275,5270,-1234,-550,1784
6855,5401,5144,-1306,-339,1645
6969,5572,5029,-1223,234,989
6912,6286,5086,-1023,1021,2
6497,6812,5187,-1054,1205,-151
5772,6724,5274,-752,880,-128
5343,6655,5643,-353,555,-202
5002,6997,6316,486,26,-512
4965,7034,6472,1466,-832,-634
4953,6753,7046,1590,-1186,-404
4920,5883,7079,1130,-960,-170
5251,5131,6868,736,-644,-92
6253,5213,6785,225,-454,229
6753,5245,6017,-534,-480,1014
6784,5215,5700,-1085,-488,1573
6828,5170,5423,-1255,-302,1557
6869,5144,5129,-1251,126,1125
6975,5672,5024,-1013,857,156
6881,6461,5118,-811,967,-156
6324,6781,5216,-794,1014,-220
5671,6678,5321,-568,892,-324
5310,6688,5838,-226,598,-372
5073,6926,6538,624,253,-877
5016,6983,6560,1412,-376,-1036
4959,6683,7039,1431,-967,-464
4951,5824,7047,1027,-887,-140
5341,5131,6866,734,-765,31
6229,5216,6782,425,-690,265
6707,5292,6226,35,-752,717
6812,5186,5537,-330,-762,1092
6840,5348,5158,-893,-665,1558
6970,5686,5028,-902,-687,1589
7069,6199,4930,-678,-549,1227
6785,6426,5213,-678,238,440
6171,6677,5323,-1086,1549,-463
5657,6507,5491,-930,1433,-503
5477,6521,5771,-557,912,-355
5254,6745,6293,190,252,-442
5104,6895,6246,1371,-794,-577
5165,6833,6791,1553,-1209,-344
4919,6323,7078,1443,-1129,-314
4984,5555,7015,1201,-816,-385
5545,5063,6936,985,-726,-259
6454,5179,6819,413,-508,95
6819,5179,6040,-66,-393,459
6880,5119,5225,-497,-611,1108
6953,5482,5045,-897,-649,1546
7033,5987,4966,-664,-686,1350
6913,6497,5085,-393,-332,725
6466,6599,5401,-477,956,-479
5844,6542,5456,-789,1575,-786
5518,6481,5606,-594,1157,-563
5325,6674,6139,119,346,-465
5119,6880,6019,1278,-678,-600
5144,6855,6500,1503,-1193,-310
5037,6670,6961,1418,-1154,-264
4867,5950,7132,1486,-1133,-353
5072,5061,6938,1306,-824,-482
6092,4978,7020,789,-552,-237
6959,5039,6673,112,-108,-4
6988,5010,5577,-426,35,391
6898,5558,5101,-318,-738,1056
6653,6039,5345,504,-1111,607
6662,6567,5337,1273,-892,-381
6264,6776,5223,930,-508,-422
5742,6791,5207,574,-325,-249
5231,6831,5167,521,-462,-59
4975,7022,5571,633,-908,275
4913,7087,6236,877,-1220,343
5069,6861,6929,908,-1279,371
5035,6061,6964,667,-1116,449
5297,5408,6702,436,-849,413
6096,5394,6605,23,-829,806
6648,5349,6319,-627,-553,1180
6912,5086,6634,-1306,394,912
7006,4993,6125,-1359,1315,44
7062,4936,5445,-1362,1378,-16
7011,5409,4987,-1105,1240,-135
6995,6251,5003,-664,1005,-341
6444,6786,5213,-429,778,-349
5515,6579,5419,15,817,-832
5246,6752,5994,603,758,-1361
5158,6840,6167,1194,286,-1480
5004,6995,6192,1376,-424,-952
5062,6926,6936,1326,-1143,-183
4963,6108,7035,1161,-1177,16
5131,5383,6868,808,-839,31
5820,5211,6787,655,-794,139
6538,5384,6615,347,-687,340
6841,5158,5884,-327,-385,712
6981,5017,5778,-1311,288,1023
6982,5017,5355,-1432,856,576
7085,5514,4913,-1370,1068,302
7036,6379,4962,-970,831,139
6459,6897,5102,-649,584,65
5549,6728,5271,-266,479,-213
5198,6800,6049,312,541,-853
5177,6823,6549,941,554,-1495
5142,6674,6856,1126,550,-1676
5006,6259,6993,917,596,-1513
4975,5736,7023,488,419,-907
5286,5531,6713,644,-853,209
6005,5309,6689,1144,-1766,622
6473,5508,6491,974,-1503,529
6561,5437,6088,565,-877,312
6786,5212,5507,-288,-240,528
6879,5119,5560,-1487,771,716
6909,5347,5090,-1511,1137,374
7096,6022,4902,-1408,1043,365
6919,6801,5080,-1245,789,456
5997,6961,5037,-757,615,142
5217,6782,5302,-274,393,-119
5143,6855,6288,107,382,-489
5198,6633,6800,192,880,-1072
5082,6244,6916,119,961,-1080
5124,5665,6874,-70,787,-717
5313,5177,6822,-162,463,-301
5774,5201,6798,108,-101,-7
6239,5293,6706,567,-605,38
6693,5305,6423,452,-371,-81
7035,4963,5805,-327,297,30
7008,4990,5340,-1499,1276,223
7118,5457,4882,-1732,1409,323
7092,6340,4907,-1313,994,319
6571,6974,5024,-888,755,133
5537,6844,5154,-382,519,-137
5111,6888,6017,375,247,-622
5197,6801,6695,707,729,-1436
5114,6507,6885,609,959,-1568
5176,6057,6822,158,930,-1088
5354,5518,6644,-816,548,268
5695,5480,6518,-695,-131,826
6119,5447,6552,-352,-853,1205
6511,5350,6649,-195,-394,589
6959,5040,6690,-492,1017,-525
7072,4927,6122,-1093,1812,-719
7130,4869,5360,-1478,1940,-462
7110,5470,4890,-1443,1821,-378
7051,6556,4947,-1025,1220,-195
6338,6955,5044,-831,920,-89
5476,6761,5238,-497,732,-235
5314,6684,6051,-215,762,-547
5293,6705,6603,-49,955,-906
5013,6416,6986,468,829,-1297
4946,6035,7053,989,685,-1674
4901,5451,7098,932,566,-1498
5322,5246,6752,906,-202,-704
6169,5276,6723,1040,-1352,312
6558,5440,6367,926,-1230,304
6598,5401,5887,693,-996,303
6717,5340,5280,9,-537,528
6846,5271,5153,-1349,172,1177
6982,5609,5016,-1323,650,673
7016,6432,4982,-1250,773,477
6513,6928,5071,-1068,722,346
5634,6852,5147,-598,555,43
5219,6780,5822,-192,430,-238
5211,6789,6544,20,741,-761
4974,6522,7023,551,664,-1215
4953,6023,7046,856,701,-1557
5004,5460,6995,453,610,-1063
5334,5346,6664,496,-333,-163
6153,5343,6655,947,-1582,635
6475,5523,6321,957,-1533,576
6520,5479,5951,653,-1090,437
6633,5370,5366,-90,-497,587
6773,5225,5458,-1396,296,1100
6835,5400,5165,-1348,843,505
7049,6009,4949,-1262,922,340
6926,6761,5073,-1386,721,665
6143,6967,5032,-1062,551,511
5288,6913,5086,-368,126,242
4953,7047,5883,329,-364,35
4977,7022,6494,933,-581,-352
5067,6561,6932,711,-414,-297
5158,5645,6840,40,100,-140
5715,5211,6787,-831,603,228
6118,5187,6812,-1093,703,390
6570,5170,6829,-906,620,286
6875,5124,6521,-716,633,83
6930,5069,5964,-426,442,-16
6776,5223,5459,-19,181,-162
6748,5597,5250,127,351,-478
6748,6214,5249,115,575,-690
6595,6848,5150,-134,254,-120
5986,7217,4782,-192,-478,670
5084,7007,4992,255,-1267,1012
4880,7119,5776,589,-952,363
5067,6931,6383,128,-450,322
5297,6109,6702,-1004,18,986
5358,5329,6669,-1455,627,828
5755,5260,6739,-1320,718,602
6165,5200,6799,-990,647,343
6615,5175,6823,-674,597,77
6969,5030,6570,-483,717,-234
7034,4965,5885,-422,908,-486
6816,5182,5331,-256,825,-569
6709,5798,5289,189,870,-1059
6587,6443,5412,378,614,-992
6131,6871,5128,354,-79,-275
5637,7002,4996,769,-1241,472
5178,6987,5011,1008,-1688,680
4813,7186,5526,930,-1742,812
4812,7186,6496,724,-1395,671
4877,6534,7123,598,-1119,521
5046,5552,6953,574,-732,158
5775,5308,6692,219,-491,272
6606,5393,6408,-541,-521,1062
6771,5228,6359,-1203,-73,1276
6925,5074,6322,-1327,733,594
7012,4987,5712,-944,847,97
6938,5151,5061,-924,996,-72
6977,5940,5023,-599,870,-271
6645,6652,5347,-259,732,-473
5747,6543,5455,217,816,-1033
5377,6622,5675,803,723,-1526
5187,6811,5667,1226,71,-1297
5010,6988,5758,1260,-944,-316
4951,7047,6475,1193,-1320,127
4983,6656,7017,1226,-1379,153
4974,5789,7025,805,-1104,299
5469,5158,6839,697,-941,244
6235,5264,6735,517,-937,420
6644,5355,6275,314,-976,662
6762,5237,5548,-137,-783,920
6845,5333,5153,-1137,-487,1624
6922,5450,5076,-1416,-260,1676
7005,5773,4995,-1322,231,1091
6867,6472,5131,-1064,913,151
6260,6804,5195,-981,1059,-78
5660,6636,5362,-572,759,-187
5206,6792,5811,24,282,-306
4969,7030,6010,1254,-732,-522
5004,6995,6546,1610,-1210,-400
4959,6662,7040,1512,-1178,-334
4952,5814,7046,1066,-899,-167
5313,5146,6853,662,-625,-37
6264,5238,6760,293,-638,345
6727,5271,5992,-345,-754,1099
6720,5279,5582,-748,-1045,1793
6712,5294,5286,-818,-975,1793
6882,5532,5117,-818,-711,1529
7042,5847,4957,-805,-275,1080
6859,6230,5141,-891,866,25
6387,6769,5231,-1220,1547,-327
5717,6645,5353,-934,1237,-303
5406,6592,5642,-578,804,-226
5193,6805,6315,21,387,-408
4980,7019,6419,1273,-477,-796
5030,6776,6969,1713,-1233,-480
4909,5992,7089,1487,-1107,-380
5090,5184,6908,1025,-793,-232
5982,5092,6905,512,-518,6
6785,5213,6473,-110,-255,365
6916,5082,5924,-926,62,864
6912,5086,5541,-1113,257,856
6875,5339,5123,-922,278,644
6982,5999,5017,-536,149,387
6790,6668,5209,-174,4,170
6132,6772,5226,137,68,-205
5476,6672,5327,288,258,-546
5180,6818,5760,500,171,-671
5080,6918,6123,693,-95,-598
5100,6899,6624,616,-233,-383
5096,6620,6904,549,-576,27
5069,5889,6930,532,-765,233
5283,5263,6735,633,-762,129
5983,5222,6777,595,-740,145
6675,5324,6611,253,-433,180
7011,4988,5987,-492,159,333
7016,4984,5648,-1090,666,424
6931,5179,5068,-1013,743,270
6981,5908,5018,-556,602,-46
6612,6601,5387,-24,468,-444
5705,6499,5500,649,543,-1192
5415,6583,5512,1081,461,-1542
5116,6882,5260,1372,-490,-882
5049,6950,5711,1306,-1359,53
4932,7065,6320,1218,-1329,111
5035,6839,6964,1211,-1334,123
4978,5952,7020,818,-1090,272
5231,5256,6769,638,-807,169
6012,5285,6714,510,-815,305
6631,5367,6307,-32,-681,713
6836,5161,5918,-1005,-232,1237
6982,5017,6031,-1498,568,930
6966,5033,5372,-1427,1044,383
7010,5531,4989,-1273,1113,160
6969,6298,5029,-777,834,-57
6490,6797,5202,-643,744,-101
5651,6638,5360,-279,747,-468
5247,6751,5922,295,757,-1052
5124,6875,6254,1151,322,-1473
5003,6996,6343,1493,-316,-1177
5062,6868,6937,1392,-959,-433
4971,6044,7028,950,-1017,67
5181,5274,6817,733,-890,157
5980,5223,6776,583,-902,319
6587,5411,6381,176,-840,664
6793,5206,5623,-536,-612,1148
6820,5178,5560,-1373,-228,1601
6924,5075,5518,-1488,396,1092
6991,5409,5008,-1424,1112,312
6991,6212,5008,-1056,1017,39
6682,6833,5166,-883,889,-6
5867,6785,5213,-604,735,-131
5327,6671,5749,-45,588,-543
5140,6859,6393,740,445,-1185
5067,6932,6450,1413,-60,-1353
5053,6947,6828,1438,-786,-652
4921,6164,7078,1282,-1157,-125
5071,5322,6928,936,-918,-18
5867,5124,6873,644,-725,81
6643,5355,6485,134,-541,407
6839,5161,5672,-516,-550,1066
6858,5141,5476,-1254,-236,1490
6875,5123,5235,-1345,153,1192
7029,5488,4970,-1181,768,413
6978,6358,5020,-952,939,13
6459,6834,5165,-794,827,-33
5691,6690,5308,-441,702,-261
5272,6726,5854,32,654,-686
5082,6917,6364,904,265,-1169
4993,7006,6459,1423,-370,-1053
5015,6730,6983,1324,-935,-389
4981,5902,7019,838,-876,38
5275,5212,6786,607,-759,152
6100,5277,6721,457,-811,354
6643,5356,6268,20,-820,800
6798,5200,5604,-708,-555,1263
6858,5142,5573,-1375,-145,1520
6956,5042,5435,-1416,519,897
7020,5582,4979,-1335,1113,222
6962,6384,5037,-931,936,-5
6438,6831,5168,-765,855,-90
5718,6702,5297,-514,777,-263
5284,6713,5820,-138,663,-525
5094,6904,6519,716,340,-1056
5040,6958,6543,1464,-243,-1221
5030,6742,6969,1465,-819,-646
5002,5937,6997,887,-785,-102
5218,5228,6780,675,-736,61
6035,5269,6730,474,-684,210
6658,5341,6332,-39,-707,746
6872,5127,5875,-949,-285,1234
7017,4982,5926,-1520,500,1020
6978,5020,5245,-1471,1009,462
7060,5662,4939,-1281,1136,145
6972,6491,5027,-848,898,-50
6247,6869,5130,-633,790,-157
5401,6622,5376,-184,716,-532
5209,6790,6116,292,775,-1067
5206,6792,6600,1073,502,-1575
5152,6686,6847,1239,466,-1705
4968,6425,7030,1147,237,-1384
5091,6066,6907,900,-511,-389
5311,5256,6742,926,-1335,409
6104,5284,6714,915,-1361,446
6524,5474,6459,605,-1066,461
6670,5328,5825,133,-634,501
6858,5141,5488,-990,-112,1102
6899,5100,5434,-1540,773,767
7013,5499,4985,-1493,1159,334
7025,6288,4974,-1234,960,274
6650,6884,5114,-941,805,136
5750,6834,5164,-532,648,-116
5267,6732,5871,44,554,-598
5143,6856,6562,508,722,-1230
5125,6724,6872,1082,521,-1603
5008,6336,6991,1089,413,-1502
4980,5850,7017,667,197,-864
5252,5487,6747,713,-827,114
5925,5317,6682,824,-1204,380
6399,5454,6544,601,-1045,444
6685,5314,6040,48,-411,363
6971,5029,6061,-1113,533,580
6930,5069,5518,-1509,1271,238
7009,5288,4990,-1467,1235,232
7076,6062,4923,-1129,1017,112
6822,6870,5128,-816,739,77
5963,6877,5122,-517,625,-108
5272,6726,5709,6,550,-556
5174,6824,6407,366,808,-1174
5149,6779,6850,878,686,-1564
5004,6367,6994,948,601,-1549
4923,5817,7075,599,495,-1094
5194,5590,6804,581,-324,-257
5870,5289,6711,942,-1489,547
6402,5465,6535,881,-1394,513
6574,5424,6172,508,-803,295
6857,5141,5625,-384,-80,464
6900,5098,5563,-1501,966,535
6918,5289,5081,-1579,1188,391
7084,5967,4915,-1430,993,437
6932,6726,5066,-1071,678,393
6088,6938,5060,-772,635,137
5255,6744,5363,-253,455,-202
5177,6822,6316,200,583,-783
5103,6839,6896,685,694,-1379
4988,6373,7011,952,645,-1597
4942,5801,7057,547,620,-1167
5256,5462,6742,265,-24,-241
5810,5346,6653,697,-1429,732
6322,5514,6485,840,-1561,721
6494,5506,6225,570,-1024,454
6676,5324,5720,-118,-337,455
6862,5137,5814,-1292,607,685
6828,5171,5286,-1311,1008,303
7037,5622,4961,-1302,1066,236
7051,6387,4947,-1359,893,466
6563,6962,5037,-1217,694,523
5666,7021,4978,-493,220,273
4962,7037,5478,268,-475,207
4882,7116,6213,805,-604,-201
5076,6619,6923,445,-198,-247
5323,5609,6676,-880,732,148
5580,5337,6661,-1672,904,768
5957,5277,6722,-1390,471,919
6401,5369,6629,-877,90,787
6760,5239,6638,-737,264,473
6974,5024,6343,-772,937,-165
7088,4912,5725,-1111,1324,-213
6972,5115,5027,-1408,1579,-171
7055,5961,4942,-1096,1335,-239
6823,6804,5175,-893,992,-99
6011,6804,5193,-641,818,-177
5347,6651,5579,-136,653,-517
5135,6863,6281,733,375,-1108
5050,6949,6288,1425,-179,-1246
5038,6961,6729,1401,-837,-564
4920,6313,7078,1289,-1146,-143
5019,5464,6979,888,-884,-4
5708,5124,6874,650,-674,24
6618,5382,6607,128,-532,404
6836,5162,5786,-520,-590,1110
6857,5142,5511,-1174,-352,1526
6840,5157,5173,-1232,-124,1356
6990,5425,5008,-1070,331,739
6969,6207,5029,-840,928,-88
6547,6789,5210,-811,997,-186
5815,6688,5311,-578,923,-345
5355,6643,5678,-235,758,-523
5100,6899,6357,598,285,-883
4984,7015,6249,1414,-508,-906
5050,6889,6949,1463,-1051,-412
4943,6115,7055,1168,-1011,-157
5099,5350,6899,704,-721,17
5848,5165,6834,559,-731,172
6608,5391,6478,203,-716,513
6773,5227,5778,-261,-783,1044
6798,5199,5297,-1050,-532,1582
6850,5220,5150,-1375,-267,1642
6999,5412,5000,-1319,301,1018
6975,6202,5023,-1062,967,95
6574,6823,5175,-973,1057,-84
5805,6741,5258,-726,880,-154
5334,6665,5621,-343,599,-256
5008,6990,6308,574,42,-616
4967,7031,6402,1469,-825,-644
4982,6804,7017,1537,-1078,-459
4940,5972,7058,1009,-814,-195
5173,5184,6826,666,-662,-4
6119,5240,6758,345,-568,223
6737,5262,6120,-349,-704,1053
6805,5194,5730,-1006,-520,1526
6845,5153,5513,-1357,-209,1566
6895,5104,5218,-1311,245,1066
7033,5653,4966,-1188,1004,184
6953,6431,5045,-1007,1051,-44
6234,6844,5154,-888,1000,-112
5593,6662,5337,-495,827,-332
5303,6697,5829,-233,741,-508
5110,6889,6653,732,381,-1113
5091,6907,6695,1457,-123,-1334
4996,6666,7003,1405,-727,-678
4983,5791,7015,1042,-891,-151
5259,5162,6836,817,-878,61
6138,5192,6806,635,-866,231
6631,5367,6253,198,-753,555
6724,5275,5620,-209,-915,1124
6774,5303,5224,-983,-696,1679
6908,5535,5091,-1194,-479,1673
7036,5772,4964,-1117,-173,1290
6895,6200,5103,-957,727,230
6462,6799,5200,-1153,1380,-227
5716,6691,5306,-831,1082,-251
5426,6574,5643,-525,826,-301
5213,6785,6442,139,432,-571
5054,6944,6435,1364,-345,-1019
5090,6797,6908,1599,-1065,-534
4911,6064,7087,1419,-1072,-347
5063,5271,6936,1040,-803,-237
5833,5071,6929,658,-609,-49
6745,5253,6578,49,-361,312
6909,5090,5774,-623,-228,851
6895,5104,5441,-1020,-101,1121
6885,5345,5114,-987,20,967
6976,5920,5023,-588,59,529
6793,6479,5205,-261,181,80
6204,6646,5353,-49,495,-446
5576,6642,5357,15,640,-655
5132,6866,5729,498,109,-607
4972,7026,5837,1129,-860,-269
4939,7061,6503,1228,-1198,-30
4974,6756,7024,1292,-1310,18
4958,5807,7042,822,-983,161
5424,5163,6836,596,-723,127
6344,5325,6672,235,-683,448
6702,5296,6180,-182,-837,1019
6815,5183,5613,-851,-573,1424
6810,5188,5306,-1221,-355,1576
6906,5230,5094,-1232,38,1194
6979,5642,5020,-1137,758,379
6879,6488,5119,-919,1045,-126
6274,6777,5220,-938,1084,-146
5637,6648,5351,-631,927,-296
5317,6682,5880,-228,596,-368
5063,6935,6417,903,78,-981
5000,6999,6430,1498,-645,-853
4973,6719,7025,1500,-1078,-422
4959,5790,7039,1006,-866,-140
5236,5151,6848,778,-772,-6
6237,5206,6792,483,-736,253
6677,5322,6129,10,-742,732
6797,5201,5502,-390,-848,1238
6811,5277,5187,-1035,-648,1683
6960,5560,5039,-1236,-545,1781
7091,5968,4909,-1113,-363,1476
6823,6365,5176,-954,709,245
6220,6806,5193,-1190,1548,-358
5542,6602,5397,-831,1167,-336
5405,6594,5832,-514,818,-304
5233,6766,6478,159,430,-589
5098,6900,6489,1381,-364,-1017
5085,6681,6913,1535,-979,-556
4884,5973,7114,1454,-1031,-423
5041,5243,6958,1269,-766,-503
5920,5023,6975,921,-597,-324
6866,5133,6758,96,-72,-24
6919,5080,5839,-323,-46,369
6800,5363,5199,-286,-762,1048
6726,5819,5273,244,-1048,804
6701,6284,5298,906,-906,0
6568,6728,5271,783,-667,-116
6084,6874,5124,508,-538,30
5621,6969,5030,404,-661,257
5084,6916,5185,243,-891,648
5045,6953,5637,-134,-818,952
5170,6829,6262,-628,-791,1419
5252,6276,6747,-422,-843,1265
5180,5623,6818,-95,-435,530
5381,4848,7150,154,561,-715
6155,4867,7131,-99,1414,-1315
6984,5014,6910,-616,1209,-593
7062,4937,6191,-278,522,-244
6638,5360,5466,462,-120,-342
6704,6118,5295,1224,-839,-385
6651,6545,5347,1214,-933,-281
6342,6744,5254,898,-920,22
6005,6869,5131,679,-868,189
5491,6965,5033,537,-912,375
4984,7014,5168,387,-1157,770
4970,7029,5750,-121,-1095,1216
5209,6789,6546,-689,-1005,1694
5291,6075,6708,-635,-803,1438
5397,5312,6687,-737,-135,872
5883,5014,6984,-688,1016,-328
6272,4984,7014,-840,1497,-657
6933,4997,7001,-825,1507,-682
7100,4898,6293,-446,1030,-584
6853,5145,5861,603,536,-1139
6706,5714,5292,1152,487,-1639
6581,6561,5416,1161,103,-1264
6162,6836,5162,1051,-775,-276
5864,6832,5167,982,-1114,132
5447,6868,5130,831,-1009,178
5003,6996,5346,664,-975,311
4951,7047,5989,434,-834,400
5161,6837,6487,24,-737,713
5438,6211,6559,-503,-748,1251
5463,5609,6535,-884,-422,1306
5783,5057,6941,-589,548,41
6043,5066,6933,-561,1456,-895
6513,4993,7005,-682,1641,-959
7086,4912,6806,-669,1623,-954
7176,4822,5976,-338,1217,-879
6902,5097,5151,5,946,-951
6899,6042,5100,-39,827,-788
6502,6627,5372,148,470,-618
5738,6812,5187,657,6,-663
5301,6902,5096,1065,-945,-120
5040,6959,5373,1097,-1185,88
4883,7116,6014,910,-1029,119
5044,6955,6760,559,-770,211
5287,6167,6711,-121,-706,827
5531,5544,6468,-1071,-567,1638
6004,5415,6583,-1142,-412,1554
6374,5112,6886,-1084,333,751
6745,5164,6836,-1097,1302,-205
6980,5018,6481,-1084,1412,-328
7147,4851,5815,-1010,1354,-344
6955,5055,5044,-962,1356,-394
7032,6087,4967,-663,1226,-563
6747,6700,5251,-545,739,-194
5982,6726,5272,-344,781,-437
5330,6669,5654,212,625,-837
5172,6825,6049,1001,307,-1308
5048,6949,6157,1282,-186,-1096
4975,7023,6673,1023,-671,-352
4974,6356,7023,994,-1135,141
5088,5542,6909,696,-961,265
5715,5231,6767,508,-835,327
6528,5470,6496,29,-823,794
6743,5256,5892,-636,-659,1295
6844,5155,5953,-1357,-58,1415
6963,5037,5793,-1408,859,549
6910,5142,5089,-1370,1258,112
7006,5876,4993,-1021,1096,-75
6862,6580,5137,-756,806,-50
6225,6769,5230,-611,726,-115
5442,6587,5412,-174,566,-392
5108,6891,5940,684,155,-839
4973,7025,5985,1405,-750,-655
4977,7021,6632,1430,-1065,-365
4969,6522,7028,1194,-1072,-122
5006,5716,6993,644,-738,94
5567,5221,6778,425,-568,143
6543,5454,6525,-207,-576,783
6705,5293,6094,-931,-581,1512
6853,5145,6022,-1335,-86,1421
7001,4997,5895,-1352,683,669
6960,5040,5121,-1286,1206,80
7027,5792,4971,-1116,1171,-55
6887,6558,5111,-756,899,-143
6196,6792,5207,-642,877,-235
5487,6558,5442,-340,878,-538
5267,6731,6055,80,837,-917
5172,6826,6629,954,464,-1418
5113,6884,6662,1450,37,-1487
5032,6778,6967,1394,-649,-745
4972,5871,7025,1114,-1011,-103
5264,5162,6836,980,-1006,26
6168,5197,6802,714,-860,146
6611,5389,6326,305,-696,391
6748,5251,5657,-123,-716,839
6794,5226,5204,-1095,-443,1538
6869,5313,5129,-1433,-143,1576
7000,5583,4998,-1282,357,925
6941,6387,5058,-1051,960,91
6390,6853,5147,-1023,1120,-97
5640,6716,5282,-629,866,-237
5356,6643,5784,-374,778,-404
5193,6806,6587,235,571,-806
5153,6845,6833,1324,174,-1498
5053,6699,6945,1486,-284,-1202
4938,5997,7061,1361,-923,-438
5126,5144,6873,1094,-962,-132
6057,5108,6892,769,-739,-30
6708,5291,6483,192,-407,215
6915,5083,5646,-482,-287,769
6872,5127,5373,-1161,-19,1180
6920,5363,5079,-1107,111,996
6978,5945,5022,-697,247,450
6762,6477,5237,-353,494,-141
6252,6760,5238,-459,893,-434
5578,6613,5386,-409,812,-403
5279,6720,6042,110,578,-688
5114,6884,6341,1089,167,-1256
4999,7000,6367,1434,-576,-858
4991,6695,7007,1438,-1216,-222
4968,5858,7030,1049,-1052,3
5279,5169,6829,776,-848,72
6143,5225,6773,467,-744,277
6662,5336,6205,-33,-774,807
6828,5171,5558,-592,-688,1280
6792,5207,5256,-1196,-432,1628
6916,5321,5083,-1243,-176,1419
6988,5578,5010,-1159,543,616
6909,6499,5090,-1009,1086,-77
6247,6819,5180,-938,1028,-90
5633,6621,5377,-492,706,-214
5260,6739,5924,26,434,-460
5014,6984,6064,1117,-330,-787
5028,6971,6514,1471,-1010,-461
4990,6657,7009,1403,-1096,-307
4971,5879,7028,893,-818,-75
5276,5195,6804,604,-596,-8
6166,5291,6707,277,-571,294
6733,5265,6195,-328,-588,916
6847,5152,5851,-1058,-315,1373
6923,5076,5638,-1295,116,1179
6956,5043,5234,-1155,566,589
7017,5751,4982,-1007,988,19
6877,6518,5122,-703,833,-130
6244,6762,5236,-600,842,-242
5541,6621,5378,-348,860,-512
5213,6785,6081,270,513,-783
5059,6940,6163,1269,-92,-1177
5000,6999,6466,1432,-814,-618
4992,6631,7007,1373,-1087,-286
4986,5841,7013,827,-838,11
5373,5188,6811,639,-761,122
6215,5291,6706,378,-763,385
6703,5297,6181,-132,-798,930
6820,5179,5649,-952,-461,1413
6892,5106,5586,-1483,31,1452
6938,5059,5279,-1425,651,774
7058,5727,4941,-1325,1141,184
6949,6552,5049,-1022,972,50
6224,6879,5121,-807,857,-50
5486,6656,5342,-357,618,-261
5204,6795,6073,173,559,-732
5099,6899,6440,1154,150,-1304
5099,6900,6687,1375,-227,-1148
5017,6574,6982,1207,-690,-517
5041,5752,6958,793,-791,-2
5426,5226,6772,641,-801,160
6191,5325,6673,458,-834,376
6680,5319,6148,-117,-670,787
6811,5188,5747,-1068,-334,1402
6927,5070,5790,-1478,265,1213
6935,5064,5256,-1377,958,419
7047,5708,4952,-1334,1262,72
6957,6494,5041,-910,924,-14
6323,6864,5134,-763,863,-100
5487,6648,5351,-322,669,-347
5258,6740,6078,198,756,-954
5193,6805,6595,965,549,-1514
5183,6815,6810,1360,292,-1652
5037,6684,6962,1313,-207,-1106
4983,5966,7015,1123,-992,-131
5237,5178,6820,1020,-1088,68
6067,5199,6800,699,-859,160
6599,5399,6474,400,-714,314
6816,5182,5702,-158,-474,632
6960,5038,5532,-1256,121,1135
6920,5079,5106,-1480,819,661
7032,5842,4967,-1186,973,213
6890,6595,5108,-701,725,-24
6218,6797,5202,-518,698,-180
5410,6589,5509,-81,745,-664
5206,6792,6223,493,686,-1179
5173,6826,6492,1167,403,-1570
5109,6890,6677,1364,23,-1387
5018,6757,6981,1280,-726,-554
4982,5836,7017,1058,-1077,19
5346,5169,6830,937,-989,52
6134,5236,6762,608,-777,169
6655,5343,6387,270,-630,360
6949,5049,5651,-530,-212,742
7003,4995,5652,-1382,480,902
6954,5139,5045,-1416,937,479
7039,5920,4960,-1090,875,215
6868,6668,5130,-631,675,-44
6072,6800,5198,-501,739,-238
5381,6617,5676,0,759,-759
5236,6761,6311,462,887,-1349
5244,6753,6619,1063,654,-1717
5188,6733,6811,1234,425,-1659
5028,6587,6971,1221,-50,-1171
5053,5988,6946,1016,-935,-81
5267,5241,6758,1049,-1241,192
6063,5238,6761,950,-1065,115
6557,5426,6572,533,-748,215
6821,5178,5900,-17,-337,354
7042,4956,5743,-1268,490,778
6944,5055,5140,-1647,1099,548
7079,5740,4920,-1458,1066,392
6978,6554,5020,-935,784,151
6241,6901,5098,-641,678,-37
5333,6665,5422,-110,540,-430
5192,6806,6283,593,610,-1203
5205,6793,6593,1197,507,-1704
5147,6687,6852,1337,405,-1742
4983,6448,7016,1213,150,-1363
5037,5999,6962,1127,-718,-409
5282,5203,6795,1099,-1222,123
6134,5214,6785,933,-1157,224
6568,5432,6469,581,-912,331
6691,5308,5863,341,-737,396
6892,5171,5106,-627,-415,1042
6866,5132,5147,-1542,315,1227
7010,5736,4989,-1423,871,552
6940,6512,5058,-888,806,82
6317,6864,5134,-790,884,-94
5512,6668,5330,-404,727,-323
5311,6688,6052,7,835,-842
5199,6800,6697,468,786,-1254
5138,6630,6860,1154,514,-1668
5002,6421,6996,1213,226,-1439
5050,6064,6949,1062,-423,-639
5233,5282,6767,977,-1131,154
6014,5253,6746,856,-1070,214
6517,5453,6546,483,-790,307
6795,5203,5874,-170,-334,504
6988,5010,5886,-1337,564,773
6930,5068,5322,-1567,1134,433
7082,5511,4917,-1475,1180,295
7056,6343,4942,-1106,923,183
6504,6936,5064,-690,638,52
5507,6776,5223,-268,508,-240
5159,6839,6037,402,343,-745
5122,6877,6534,913,380,-1293
5107,6577,6891,932,498,-1430
4992,6126,7007,568,666,-1234
5172,5592,6827,37,458,-495
5554,5545,6454,-108,-473,581
5886,5334,6665,385,-1306,921
6419,5407,6592,682,-831,149
6838,5159,6421,37,112,-149
7016,4982,5891,-1193,1274,-81
7007,4991,5329,-1600,1522,78
7106,5477,4893,-1627,1478,149
7085,6437,4913,-1157,1054,103
6474,6983,5017,-727,661,66
5499,6841,5158,-388,460,-72
5186,6813,6054,84,452,-536
5230,6769,6585,94,1004,-1098
5132,6448,6867,167,992,-1159
5126,5955,6872,94,967,-1061
5293,5430,6705,-402,778,-376
5708,5209,6788,-521,417,104
6070,5245,6754,-141,-75,216
6438,5301,6697,349,-350,1
6837,5161,6550,526,-26,-500
7153,4845,5599,-286,1098,-812
7024,5125,4975,-1726,1572,154
7089,5942,4908,-1370,1161,209
6902,6744,5096,-850,822,28
6002,6858,5141,-510,738,-228
5324,6674,5677,11,712,-723
5164,6834,6374,598,719,-1317
5254,6745,6722,1139,588,-1727
5115,6539,6883,1144,579,-1723
4939,6191,7059,1014,363,-1377
5131,5892,6867,851,-425,-426
5490,5276,6721,1049,-1398,349
6173,5349,6650,937,-1350,413
6546,5453,6429,550,-884,334
6773,5225,5797,-133,-348,481
6975,5022,5805,-1299,548,751
6897,5102,5201,-1555,1191,364
7071,5697,4927,-1490,1251,239
6997,6502,5001,-1029,880,149
6364,6921,5079,-756,752,4
5424,6712,5287,-286,545,-259
5227,6772,6175,291,646,-937
5177,6821,6649,862,686,-1548
5107,6572,6891,1093,570,-1663
4979,6131,7019,856,571,-1427
5017,5689,6982,543,247,-790
5356,5357,6643,776,-1103,327
6076,5352,6646,936,-1552,616
6490,5509,6459,772,-1259,487
6601,5398,5952,303,-603,300
6901,5099,5699,-789,200,589
6861,5136,5418,-1547,1128,419
6975,5402,5024,-1515,1199,316
7123,6146,4877,-1493,1061,432
6850,6941,5056,-1239,709,530
5871,6996,5002,-742,518,224
5052,6946,5384,-85,87,-2
5118,6881,6432,171,190,-361
5347,6410,6652,-367,1087,-720
5258,5958,6740,-1141,1254,-113
5265,5429,6733,-1007,1024,-17
5615,5169,6830,-762,885,-123
6132,5055,6944,-651,767,-116
6715,5015,6984,-486,784,-298
6969,5029,6654,-72,849,-777
6883,5116,6064,932,633,-1565
6634,5391,5365,844,709,-1553
6638,6122,5360,625,431,-1056
6567,6929,5069,455,-578,123
6440,7007,4992,173,-1417,1244
5945,7144,4854,-8,-1583,1591
5196,7057,4942,-66,-1384,1450
4953,7046,5620,-857,-759,1616
5167,6832,6528,-666,-489,1155
5216,5824,6783,-697,64,633
5387,5246,6753,-1071,1131,-60
5741,5153,6846,-1157,1395,-238
6168,5051,6948,-1057,1257,-200
6753,5049,6948,-847,1082,-235
7009,4990,6465,-391,668,-277
6774,5224,5971,710,217,-927
6702,5795,5296,1220,-244,-976
6668,6434,5331,1170,-628,-542
6488,6710,5289,866,-755,-111
6136,6866,5132,607,-672,65
5658,7009,4990,416,-732,316
5147,6971,5028,121,-997,876
5036,6962,5508,-394,-969,1363
5162,6837,6351,-799,-809,1608
5334,6251,6665,-663,-678,1341
5297,5425,6701,-679,-141,820
5698,5005,6993,-547,1019,-472
6101,4936,7063,-729,1573,-844
6771,4907,7091,-803,1599,-796
7141,4857,6464,-495,1133,-638
6962,5038,5894,379,538,-917
6760,5659,5239,1012,585,-1597
6629,6525,5369,1054,247,-1301
6152,6902,5095,1064,-594,-470
5808,6867,5130,1051,-1112,61
5348,6864,5135,995,-1085,90
5026,6973,5487,827,-996,169
4996,7003,6113,474,-673,199
5215,6784,6525,17,-644,627
5411,6178,6589,-451,-765,1216
5451,5554,6548,-710,-440,1150
5793,5026,6973,-531,581,-50
6111,5018,6980,-621,1521,-900
6643,4957,7041,-783,1723,-940
7118,4880,6649,-715,1636,-921
7143,4855,5759,-268,1118,-850
6844,5323,5155,222,950,-1172
6726,6293,5271,725,770,-1495
6185,6711,5288,880,242,-1122
5666,6914,5085,1048,-491,-557
5354,6806,5192,1135,-1069,-66
5085,6913,5494,845,-926,81
4945,7054,6104,618,-791,173
5162,6837,6648,349,-651,302
5420,6239,6578,-416,-702,1118
5504,5621,6495,-964,-472,1436
5848,5180,6818,-860,229,631
6137,5093,6905,-750,1215,-465
6588,5069,6929,-800,1490,-690
7059,4940,6700,-797,1525,-728
7145,4853,5917,-554,1209,-655
6890,5108,5158,-213,1022,-809
6758,5980,5241,215,863,-1078
6365,6524,5475,719,459,-1178
5930,6844,5154,896,-195,-701
5622,6894,5104,1007,-1262,255
5161,6848,5151,1011,-1455,444
4889,7109,5635,866,-1314,448
4896,7102,6396,746,-1176,430
5002,6599,6997,486,-992,506
5276,5773,6723,-94,-784,878
5922,5458,6541,-693,-676,1369
6355,5455,6544,-997,-506,1503
6655,5153,6846,-1190,377,813
6843,5155,6614,-1167,1378,-211
7016,4983,6114,-1015,1307,-292
7048,4950,5424,-1115,1303,-188
6994,5463,5005,-899,1233,-334
6929,6362,5070,-569,1020,-451
6407,6750,5250,-511,912,-401
5601,6577,5421,-168,932,-764
5249,6750,5977,430,649,-1079
5083,6917,5930,1362,-133,-1229
5007,6991,6198,1537,-1012,-525
5041,6958,6948,1430,-1262,-168
4934,6130,7065,1245,-1226,-19
5093,5335,6906,868,-873,5
5845,5154,6845,589,-701,112
6631,5368,6481,116,-578,462
6819,5180,5777,-782,-415,1197
6883,5115,5685,-1407,6,1401
6960,5037,5506,-1400,504,896
7033,5437,4965,-1324,1057,267
7008,6287,4991,-1103,955,148
6621,6846,5152,-816,781,35
5788,6777,5222,-508,730,-222
5316,6683,5863,25,730,-755
5168,6830,6515,574,715,-1289
5179,6769,6821,1181,494,-1675
5026,6591,6972,1281,248,-1529
4995,6241,7004,1089,-372,-717
5136,5376,6864,973,-1164,191
5925,5181,6817,873,-1130,257
6495,5406,6592,587,-913,326
6712,5286,6007,287,-633,346
6945,5053,5430,-786,-113,899
6938,5062,5277,-1541,751,790
7034,5622,4964,-1456,1025,431
6997,6417,5001,-933,753,180
6480,6876,5123,-668,685,-17
5573,6718,5281,-373,643,-270
5291,6707,6037,114,744,-858
5195,6803,6615,686,733,-1419
5146,6648,6853,1130,599,-1729
4976,6377,7023,1146,461,-1607
4950,5993,7048,1111,-46,-1065
5183,5340,6816,1108,-1095,-13
5986,5190,6809,1045,-1183,138
6549,5410,6589,713,-883,170
6744,5255,5988,339,-505,166
7019,4979,5442,-816,168,648
6935,5063,5100,-1610,1015,595
7084,5780,4914,-1467,999,468
6968,6584,5030,-866,673,193
6223,6904,5095,-651,721,-70
5336,6662,5382,-251,651,-400
5266,6733,6210,151,893,-1044
5202,6796,6792,525,935,-1460
5097,6511,6901,1023,730,-1753
4935,6125,7064,985,611,-1596
5006,5618,6993,773,289,-1062
5385,5334,6666,916,-1159,243
6197,5316,6683,1087,-1676,589
6490,5509,6336,880,-1320,440
6538,5460,5971,518,-873,355
6737,5261,5343,-332,-321,653
6831,5167,5521,-1474,555,919
6880,5455,5119,-1487,1001,486
7083,6076,4916,-1392,924,468
6912,6848,5086,-1395,688,707
5998,6988,5012,-1007,559,448
5136,6874,5125,-303,139,164
5059,6939,6139,118,25,-143
5199,6501,6799,35,654,-689
5326,6080,6673,-562,1144,-582
5217,5580,6783,-847,995,-148
5445,5166,6833,-563,873,-310
5934,5006,6993,-450,905,-455
6512,4968,7030,-363,980,-617
6969,5030,6773,-175,936,-761
6898,5101,6321,519,686,-1205
6716,5283,5486,668,788,-1456
6647,5920,5352,558,543,-1101
6663,6829,5169,518,-263,-255
6390,7005,4992,403,-1334,931
5846,7124,4876,440,-1574,1134
5060,7079,4919,627,-1529,902
4823,7177,5664,176,-945,769
5070,6927,6448,-741,-656,1397
5186,6056,6812,-905,-566,1471
5498,5215,6783,-971,71,900
6052,5082,6916,-1076,993,83
6438,5113,6886,-1229,1203,26
6906,5091,6762,-978,981,-3
7028,4970,6087,-565,729,-164
6724,5274,5697,203,307,-510
6670,5879,5329,1257,-94,-1163
6672,6510,5326,1053,-303,-750
6325,6784,5214,693,-712,19
6001,6893,5106,598,-881,283
5477,6985,5013,556,-1002,446
4971,7027,5228,485,-1235,750
4948,7051,5810,36,-1056,1020
5227,6772,6510,-607,-970,1577
5301,6063,6697,-699,-811,1510
5427,5342,6656,-781,-178,959
5873,5030,6968,-701,963,-262
6253,5011,6988,-800,1488,-688
6878,5018,6980,-827,1526,-699
7074,4925,6306,-535,1109,-574
6874,5126,5953,330,587,-917
6637,5559,5362,1046,535,-1581
6571,6373,5427,1067,180,-1247
6314,6802,5196,862,-821,-41
6110,6807,5192,734,-1296,562
5739,6897,5101,725,-1292,567
5179,6955,5043,651,-1246,595
4875,7122,5605,543,-1284,741
4958,7042,6256,130,-1005,875
5176,6525,6822,-86,-906,992
5385,5785,6614,-403,-633,1036
5665,5233,6766,-690,-181,871
6234,4955,7043,-710,864,-154
6743,5003,6995,-1017,1497,-480
7103,4895,6555,-939,1458,-519
7122,4875,5703,-529,943,-414
6769,5308,5230,56,708,-764
6608,6150,5391,884,627,-1511
6274,6586,5412,1053,324,-1377
5832,6923,5075,983,-602,-381
5590,6852,5146,1053,-1348,295
5147,6853,5163,859,-1250,391
4889,7109,5710,714,-1177,463
4954,7044,6468,588,-1006,418
5149,6489,6849,223,-916,693
5475,5747,6523,-590,-748,1338
5812,5448,6551,-1008,-583,1591
6270,5138,6860,-945,90,855
6597,5086,6912,-1104,1445,-341
6965,5034,6669,-1172,1684,-512
7171,4828,6043,-1051,1504,-453
7041,4957,5210,-852,1322,-470
7078,5879,4921,-550,1234,-684
6709,6681,5290,-99,871,-772
5805,6647,5351,163,877,-1040
5376,6623,5726,780,725,-1505
5261,6738,5867,1181,294,-1475
5069,6930,5730,1284,-542,-742
5054,6945,6349,1183,-1187,4
5025,6785,6974,1265,-1341,76
4969,5978,7030,1148,-1190,42
5178,5255,6822,904,-882,-22
5935,5215,6784,542,-655,113
6652,5347,6440,16,-544,528
6966,5032,6161,-1005,117,888
7024,4975,5871,-1509,1008,501
7000,4999,5166,-1456,1192,264
7065,5702,4932,-1194,1100,94
6940,6517,5059,-765,726,39
6253,6788,5210,-370,533,-163
5381,6618,5566,216,670,-886
5256,6742,6079,899,653,-1552
5206,6792,6401,1176,480,-1656
5130,6869,6645,1253,196,-1449
5068,6932,6917,1210,-539,-671
4970,6003,7028,1128,-1192,64
5193,5204,6805,1032,-1127,95
6034,5204,6795,769,-954,185
6592,5397,6602,542,-876,334
6785,5214,5854,174,-542,368
6917,5081,5223,-854,-148,1002
6913,5135,5086,-1409,358,1051
7032,5797,4966,-1207,741,466
6905,6583,5095,-704,700,4
6179,6826,5172,-652,843,-191
5431,6583,5416,-356,856,-500
5333,6666,6091,-45,997,-952
5239,6760,6741,446,838,-1284
5170,6598,6828,1185,526,-1711
5026,6357,6973,1244,368,-1612
5015,5995,6984,1098,-110,-988
5195,5382,6804,1043,-1087,44
5980,5191,6807,1151,-1286,135
6508,5421,6578,679,-852,173
6675,5324,6010,334,-568,234
6939,5060,5502,-806,22,784
6923,5076,5362,-1615,891,724
7047,5496,4952,-1552,1059,493
7036,6290,4962,-1210,839,371
6601,6904,5094,-897,752,145
5672,6819,5179,-437,601,-164
5220,6778,5944,175,463,-638
5132,6866,6498,950,440,-1390
5180,6819,6816,1293,262,-1555
5039,6369,6959,1040,213,-1253
5001,5865,6997,633,4,-637
5240,5406,6760,673,-854,181
5987,5275,6724,870,-1230,360
6460,5468,6530,553,-990,437
6691,5307,5871,13,-553,540
6898,5100,5716,-1166,86,1080
6936,5062,5519,-1537,943,594
7023,5389,4974,-1507,1251,256
7049,6183,4949,-1199,1008,191
6717,6884,5114,-897,832,65
5837,6855,5143,-547,680,-133
5266,6732,5816,21,594,-615
5180,6817,6515,455,827,-1282
5156,6731,6844,932,717,-1649
4977,6360,7023,1019,553,-1572
4946,5838,7052,688,372,-1060
5236,5565,6761,653,-760,107
5954,5273,6724,959,-1572,613
6444,5488,6511,798,-1341,543
6561,5437,6119,511,-873,362
6772,5226,5488,-281,-325,606
6891,5108,5601,-1452,648,804
6889,5325,5109,-1542,1142,400
7106,5976,4894,-1414,1060,354
6947,6753,5051,-1240,738,502
6090,6963,5036,-838,528,310
5150,6848,5160,-91,56,35
4951,7049,5992,420,-183,-237
5013,6985,6531,884,-408,-476
5059,6438,6940,572,-200,-372
5172,5601,6826,-30,250,-220
5622,5225,6774,-825,725,100
6053,5148,6851,-929,731,198
6571,5149,6850,-726,612,114
6884,5113,6521,-479,487,-8
6814,5184,6038,71,127,-198
6663,5335,5478,629,-123,-506
6755,5763,5243,428,33,-461
6951,6440,5048,-85,7,78
6853,7092,4907,-814,-285,1099
6099,7291,4709,-1061,-714,1775
5223,7090,4909,-1005,-726,1731
5019,6980,6051,-1087,-201,1288
5143,6291,6855,-875,741,134
5240,5658,6759,-1218,1286,-68
5449,5321,6676,-1535,1287,248
5868,5198,6801,-1229,939,290
6360,5150,6849,-835,568,267
6831,5166,6712,-441,350,91
6795,5203,6280,176,70,-246
6638,5360,5599,802,-268,-534
6681,5675,5316,498,-207,-291
7017,6004,4982,-231,67,164
6987,6594,5012,-1376,329,1047
6421,7053,4946,-1418,173,1245
5656,7102,4897,-827,-139,966
5071,6927,5281,-740,-229,969
5273,6725,6494,-718,319,399
5301,6155,6697,-857,1091,-234
5251,5717,6747,-913,1217,-304
5275,5277,6723,-724,1194,-470
5606,5077,6921,-507,1149,-642
6034,4849,7149,-233,1102,-869
6580,4947,7051,185,976,-1161
6927,5073,6440,1237,418,-1655
6700,5439,5298,1167,-359,-808
6689,6074,5309,982,-892,-90
6708,6505,5290,931,-990,59
6532,6792,5206,692,-995,303
6231,7013,4986,337,-909,572
5766,7147,4851,-104,-1066,1170
5195,6943,5056,-835,-826,1661
5097,6901,6047,-1299,-354,1653
5268,6285,6730,-989,237,752
5278,5650,6721,-1039,931,108
5347,5280,6719,-935,1091,-156
5702,5118,6880,-754,1157,-403
6173,4969,7029,-689,1195,-506
6847,5004,6996,-554,1253,-699
7019,4980,6551,-85,956,-871
6872,5127,5787,998,695,-1693
6653,5612,5346,847,639,-1486
6649,6399,5349,864,225,-1089
6382,6900,5098,632,-897,265
6104,6941,5057,629,-1463,834
5578,7051,4948,731,-1497,766
4987,7012,5182,604,-1320,716
4996,7002,5670,-163,-728,891
5219,6779,6537,-1102,-470,1572
5338,6036,6660,-990,-457,1447
5449,5216,6782,-998,311,687
5860,5128,6870,-877,1231,-354
6157,5075,6924,-938,1410,-472
6730,5022,6977,-798,1294,-496
7073,4925,6450,-539,1157,-618
6954,5044,6003,186,745,-931
6679,5426,5320,952,673,-1625
6601,6197,5397,955,446,-1401
6376,6844,5154,880,-335,-545
6039,6904,5095,805,-1242,437
5605,6956,5042,851,-1396,545
5007,6992,5109,774,-1335,561
4906,7093,5796,400,-963,563
5171,6827,6214,-468,-687,1155
5314,6226,6683,-970,-629,1599
5424,5464,6574,-1005,-205,1210
5788,5116,6882,-798,778,20
6134,5103,6895,-787,1279,-492
6579,5057,6941,-846,1326,-480
7086,4912,6699,-704,1295,-591
7149,4849,5878,-549,1154,-605
6951,5141,5048,-485,1045,-560
6871,5970,5127,-352,818,-466
6383,6508,5491,297,660,-957
5822,6589,5408,855,453,-1308
5429,6951,5049,1114,-509,-605
5168,6831,5186,1238,-1527,289
4955,7044,5641,1113,-1496,383
4889,7110,6368,1069,-1374,305
4991,6714,7008,763,-1207,444
5039,5738,6959,437,-1011,574
5688,5310,6688,36,-819,783
6537,5462,6511,-394,-875,1269
6682,5316,6182,-979,-555,1534
6880,5119,6316,-1376,221,1155
6971,5026,5928,-1289,1030,259
6972,5027,5228,-1223,1290,-67
7060,5706,4938,-1319,1392,-73
6958,6525,5041,-963,1035,-72
6289,6866,5132,-766,877,-111
5485,6644,5354,-357,686,-329
5273,6725,6107,143,770,-913
5203,6795,6645,875,624,-1499
5187,6766,6812,1308,392,-1700
5050,6640,6949,1308,-121,-1187
5015,6000,6984,1114,-945,-169
5218,5232,6781,1004,-1081,77
6014,5235,6762,772,-915,143
6574,5424,6527,394,-738,344
6848,5151,5800,-297,-355,652
7007,4992,5793,-1381,443,938
6952,5047,5226,-1548,1069,479
7099,5664,4899,-1441,1177,264
7022,6509,4977,-1001,869,132
6310,6931,5068,-617,608,9
5291,6710,5287,-46,367,-321
5142,6856,6162,599,369,-968
5166,6831,6623,952,436,-1388
5104,6501,6895,800,660,-1460
5050,6054,6949,392,716,-1108
5283,5573,6715,-181,367,-186
5619,5527,6472,-213,-642,855
5874,5272,6726,415,-1130,715
6459,5381,6617,611,-520,-91
6965,5035,6633,29,556,-585
7075,4924,5759,-1199,1465,-266
7044,4955,5105,-1675,1605,70
7133,5710,4866,-1476,1410,66
6988,6779,5010,-935,918,17
6165,6964,5035,-605,665,-60
5271,6728,5377,-290,572,-282
5255,6744,6268,46,846,-892
5311,6689,6655,-17,1162,-1145
5134,6297,6865,147,1036,-1183
5076,5875,6922,176,984,-1160
5007,5344,6991,174,706,-880
5369,5042,6956,976,190,-1166
6162,5266,6732,1103,-958,-145
6626,5372,6392,1056,-1133,77
6624,5374,5826,758,-915,157
6753,5432,5245,85,-571,486
6925,5462,5073,-1258,-35,1293
6964,5727,5035,-1457,456,1001
6986,6533,5013,-1396,751,645
6363,6953,5045,-1152,723,429
5543,6853,5146,-591,516,75
5179,6819,5793,-257,329,-72
5248,6751,6682,18,549,-567
5089,6391,6909,143,832,-975
5007,5886,6992,255,840,-1095
5147,5332,6853,36,702,-738
5602,5212,6786,4,123,-127
5998,5304,6695,488,-866,378
6539,5460,6458,794,-979,185
6641,5359,5946,433,-582,149
6946,5052,5451,-655,99,556
6869,5130,5197,-1647,1142,505
7073,5670,4925,-1641,1214,427
7022,6455,4978,-1293,827,466
6482,6945,5053,-968,735,233
5499,6814,5183,-389,497,-108
5146,6853,6007,255,286,-541
5161,6838,6721,778,492,-1270
5075,6520,6924,862,665,-1527
4993,6033,7006,558,703,-1261
5196,5537,6803,88,396,-484
5660,5533,6465,-44,-646,690
6076,5453,6545,170,-1348,1178
6475,5493,6506,248,-864,616
6792,5207,6282,-231,39,192
6932,5067,6066,-1174,1266,-92
6960,5039,5506,-1461,1507,-46
7014,5323,4985,-1533,1513,20
7070,6132,4927,-1185,1217,-32
6730,6888,5110,-836,795,41
5847,6861,5137,-569,684,-115
5286,6713,5726,-121,584,-463
5176,6823,6404,192,765,-957
5081,6717,6918,871,574,-1445
4967,6268,7032,1000,567,-1567
4919,5695,7080,593,522,-1115
5266,5489,6732,588,-415,-173
6009,5293,6707,924,-1575,651
6520,5479,6521,900,-1429,529
6611,5388,6026,466,-763,297
6893,5106,5450,-591,-31,622
6872,5126,5419,-1644,1027,617
6975,5466,5024,-1597,1141,456
7067,6167,4930,-1392,869,523
6822,6888,5110,-1042,646,396
5860,6921,5077,-659,588,71
5188,6810,5576,-127,365,-238
5161,6838,6504,264,561,-825
5056,6704,6942,750,688,-1438
4975,6210,7024,845,715,-1560
5022,5643,6977,381,633,-1014
5401,5424,6598,110,-163,53
5879,5368,6630,558,-1429,871
6390,5497,6502,838,-1481,643
6541,5457,6161,449,-745,296
6855,5144,5705,-463,48,415
6870,5127,5625,-1494,1096,398
6885,5212,5114,-1453,1175,278
7111,5854,4887,-1425,1124,301
6979,6674,5019,-1283,854,429
6146,6982,5017,-900,661,239
5241,6801,5198,-294,382,-88
5083,6916,6148,217,249,-466
5086,6739,6914,629,534,-1163
5007,6263,6991,521,882,-1403
5213,5738,6786,-173,804,-631
5589,5390,6608,-805,262,543
6107,5573,6425,-674,-894,1568
6542,5456,6510,-490,-968,1458
6790,5208,6702,-916,174,742
6940,5059,6350,-1093,1500,-407
7045,4953,5784,-1273,1701,-428
7021,5008,4977,-1589,1891,-302
7136,5936,4864,-1559,1708,-149
6909,6924,5074,-1237,1127,110
5984,6949,5050,-836,714,122
5202,6797,5405,-127,222,-95
5061,6937,6270,582,16,-598
5099,6899,6622,1111,-125,-986
5044,6666,6954,1099,-239,-860
4982,5988,7017,716,-281,-435
5204,5351,6794,394,-356,-38
5971,5310,6688,190,-632,442
6619,5379,6398,-198,-803,1001
6785,5213,5907,-837,-507,1344
6956,5042,5892,-1336,162,1174
7009,4990,5461,-1375,1002,373
7074,5459,4924,-1422,1410,12
7044,6330,4954,-1104,1118,-14
6481,6908,5090,-842,875,-33
5636,6775,5224,-451,706,-255
5266,6733,5853,-111,745,-634
5152,6845,6580,257,684,-941
5068,6538,6930,878,603,-1481
4967,6127,7032,698,746,-1444
4980,5542,7019,422,531,-953
5371,5488,6627,435,-548,113
6108,5339,6660,1083,-1779,696
6462,5536,6360,1034,-1605,571
6507,5491,5981,781,-1188,407
6568,5430,5561,209,-574,365
6777,5221,5412,-1115,214,901
6790,5342,5208,-1430,921,509
7011,5908,4988,-1284,947,337
6972,6652,5027,-1379,678,701
6349,6977,5022,-1139,495,644
5480,7006,4991,-551,127,424
5045,6954,5692,-178,-125,303
5175,6825,6686,9,245,-254
4974,6215,7024,261,667,-928
5052,5717,6946,175,1008,-1183
5278,5212,6786,-243,854,-611
5895,5103,6896,-328,475,-147
6380,5255,6744,-122,2,120
6718,5280,6505,81,-111,30
6902,5097,5971,-70,118,-48
6982,5016,5378,-894,692,202
7029,5386,4969,-1368,1089,279
7069,6182,4930,-1385,926,459
6793,6870,5128,-1025,670,355
5874,6885,5115,-560,632,-72
5270,6729,5643,-149,608,-459
5139,6858,6414,226,699,-925
5102,6674,6896,765,698,-1463
5001,6233,6998,737,769,-1506
5076,5673,6923,256,639,-895
5451,5471,6548,-125,-227,352
5897,5337,6661,324,-1505,1181
6351,5479,6518,856,-1490,634
6526,5472,6242,555,-812,257
6772,5226,5775,-134,-92,226
6885,5113,5635,-1326,1003,323
6864,5249,5134,-1514,1267,247
7111,5862,4887,-1441,1166,275
6994,6664,5004,-1300,818,482
6231,6992,5006,-992,654,338
5256,6859,5139,-270,292,-22
5052,6945,6066,275,52,-327
5117,6771,6882,583,360,-943
4993,6247,7006,497,791,-1288
5232,5705,6767,-123,846,-723
5558,5310,6689,-820,504,316
6033,5373,6625,-701,84,617
6488,5346,6652,-592,-60,652
6856,5143,6834,-731,754,-23
7038,4961,6281,-877,1416,-539
7093,4905,5584,-1252,1675,-423
7005,5267,4994,-1148,1524,-376
7031,6219,4968,-788,1261,-473
6604,6803,5195,-651,830,-179
5836,6720,5279,-464,833,-369
5270,6729,5717,8,607,-615
5079,6919,6291,835,249,-1084
5059,6940,6532,1247,-163,-1084
5062,6870,6935,1099,-516,-583
4969,6020,7028,778,-817,39
5196,5278,6803,629,-794,165
6011,5249,6749,492,-875,383
6600,5399,6405,181,-937,756
6792,5205,5709,-316,-698,1014
6863,5136,5473,-1230,-237,1467
6940,5060,5357,-1451,391,1060
7020,5577,4979,-1386,1052,334
6962,6377,5036,-957,913,44
6465,6825,5173,-794,845,-51
5728,6699,5299,-515,757,-242
5300,6699,5871,-46,622,-576
5116,6882,6424,886,306,-1192
5033,6965,6397,1501,-305,-1196
5046,6852,6953,1470,-929,-541
4927,6025,7072,1221,-995,-226
5114,5220,6885,888,-829,-59
6021,5128,6870,699,-782,83
6670,5328,6421,193,-622,429
6803,5195,5682,-237,-749,986
6822,5208,5176,-1043,-537,1580
6964,5537,5034,-1252,-533,1785
7095,6004,4904,-1025,-475,1500
6881,6332,5118,-829,240,589
6275,6762,5235,-1105,1492,-387
5639,6619,5379,-902,1368,-466
5439,6560,5755,-666,1057,-391
5322,6677,6349,-96,560,-464
5143,6856,6600,1125,-92,-1033
5149,6850,6827,1392,-745,-647
4897,6183,7102,1328,-1061,-267
5016,5334,6982,1302,-878,-424
5799,5021,6976,1027,-751,-276
6672,5185,6814,359,-387,28
6892,5106,5905,-227,-149,376
6843,5220,5156,-694,-388,1082
6986,5662,5013,-791,-679,1470
7008,6164,4990,-487,-740,1227
6730,6654,5268,4,-372,368
6210,6525,5473,-28,748,-720
5845,6605,5393,-396,1225,-829
5441,6558,5594,-428,655,-227
5044,6954,5902,435,-310,-125
5035,6963,6240,1449,-1377,-72
5055,6945,6867,1602,-1512,-90
4877,6264,7121,1564,-1435,-129
4978,5326,7020,1135,-973,-162
5763,5010,6989,711,-634,-77
6780,5219,6751,182,-396,214
6852,5147,5705,-342,-399,741
6812,5282,5187,-439,-925,1364
6816,5664,5183,-118,-1073,1191
6687,6197,5312,602,-826,224
6612,6698,5301,764,-474,-290
6097,6670,5328,463,-19,-444
5743,6620,5378,74,480,-554
5295,6740,5260,-113,218,-105
4906,7093,5642,169,-1031,862
4893,7106,6550,1394,-1739,345
4987,6649,7011,1340,-1458,118
4988,5824,7011,799,-1023,224
5409,5228,6771,569,-698,129
6253,5372,6627,231,-708,477
6768,5230,6131,-475,-446,921
6953,5045,6263,-1353,402,951
6988,5010,5821,-1429,1010,419
6974,5026,5118,-1326,1161,165
7058,5769,4940,-1150,1100,50
6918,6607,5081,-709,760,-51
6205,6825,5174,-480,656,-176
5382,6617,5464,-88,708,-620
5212,6787,6185,362,768,-1130
5199,6800,6618,954,632,-1586
5119,6682,6880,1188,473,-1661
4999,6364,6999,1144,221,-1365
5089,5993,6909,719,-408,-311
5369,5263,6735,947,-1365,418
6123,5312,6687,924,-1359,435
6549,5450,6479,660,-1078,418
6708,5291,5805,115,-500,385
6948,5051,5659,-1157,265,892
6906,5092,5294,-1615,1027,588
7088,5586,4909,-1513,1141,372
7041,6427,4958,-1261,891,370
6400,6960,5038,-975,749,226
5511,6835,5164,-350,448,-98
5088,6911,5869,228,190,-418
5091,6907,6452,927,-17,-910
5121,6582,6878,887,154,-1041
4977,5910,7022,562,537,-1099
5205,5441,6794,51,704,-755
5733,5326,6673,-384,209,175
6175,5446,6552,-229,-756,985
6546,5443,6555,70,-850,780
6770,5229,6122,-136,-317,453
7030,4967,5956,-995,826,169
6978,5020,5305,-1503,1531,-28
7098,5557,4900,-1663,1644,19
7055,6470,4944,-1264,1190,74
6418,6972,5027,-967,910,57
5498,6813,5186,-460,609,-149
5223,6776,6056,-7,599,-592
5219,6778,6625,123,905,-1028
5040,6439,6959,396,845,-1241
4963,5939,7035,536,790,-1326
5180,5385,6819,54,570,-624
5717,5478,6521,-137,-404,541
6077,5405,6594,297,-1394,1097
6486,5483,6515,756,-1169,413
6657,5341,6115,312,-366,54
6972,5028,5813,-873,828,45
6870,5128,5311,-1663,1465,198
7046,5487,4952,-1606,1333,273
7100,6282,4899,-1461,1022,439
6673,6965,5034,-1119,658,461
5743,6980,5020,-567,427,140
5045,6953,5570,78,-19,-59
5091,6906,6550,545,44,-589
5046,6422,6952,679,489,-1168
5007,6019,6993,453,892,-1345
5262,5509,6737,-161,810,-649
5729,5309,6689,-665,362,303
6250,5558,6440,-512,-472,984
6563,5431,6569,-181,-885,1066
6879,5120,6306,-387,-72,459
7061,4938,6042,-1100,1323,-223
7062,4937,5289,-1516,1766,-250
7073,5562,4924,-1472,1656,-184
7002,6516,4996,-1055,1211,-156
6310,6909,5090,-859,987,-128
5511,6727,5271,-569,868,-299
5366,6633,5869,-532,1014,-482
5341,6658,6406,-487,1024,-537
5030,6438,6969,224,746,-970
4907,6054,7091,1236,601,-1837
4849,5473,7150,1157,643,-1800
5236,5116,6882,1101,5,-1106
6278,5158,6840,1142,-1432,290
6735,5263,6339,1045,-1276,231
6578,5421,5682,820,-1068,248
6586,5637,5412,569,-994,425
6887,5914,5110,-94,-727,821
7016,6243,4983,-1080,-572,1652
7012,6787,4986,-1192,-506,1698
6472,6898,5099,-1271,77,1194
5567,6805,5194,-1161,1157,4
5247,6752,5749,-889,940,-51
5354,6644,6390,-686,850,-164
5205,6365,6793,-299,703,-404
4836,5961,7163,708,558,-1266
4869,5434,7129,1337,466,-1803
5222,5001,6998,1379,88,-1467
6295,5086,6913,1194,-1049,-145
6797,5201,6413,698,-740,42
6687,5312,5655,543,-719,176
6687,5613,5312,505,-836,331
6969,6083,5030,0,-761,761
7139,6531,4860,-787,-717,1504
6865,7103,4896,-1152,-534,1686
5997,6847,5152,-1133,319,814
5255,6744,5494,-1068,1218,-150
5307,6693,6242,-985,1170,-185
5394,6406,6605,-956,1171,-215
5296,5999,6703,-638,973,-335
5127,5633,6872,-227,788,-561
4889,5127,7109,550,774,-1324
5499,4804,7195,1260,621,-1881
6362,4962,7036,1196,268,-1464
6823,5175,6060,1302,-813,-489
6706,5292,5368,1117,-1164,47
6684,5929,5314,1047,-1076,29
6701,6384,5297,1047,-1022,-25
6563,6743,5254,796,-939,143
6199,6914,5084,541,-890,349
5731,7071,4928,299,-934,635
5334,6975,5023,-195,-850,1045
5069,6928,5626,-1210,-596,1806
5280,6720,6461,-1089,-390,1479
5314,5942,6685,-939,82,857
5295,5326,6703,-759,895,-136
5503,5207,6791,-659,1289,-630
5836,5046,6952,-545,1298,-753
6374,4892,7106,-409,1296,-887
6896,5020,6979,24,1151,-1175
6993,5006,6179,1157,646,-1803
6724,5273,5376,899,571,-1470
6652,6164,5347,783,199,-982
6545,6804,5195,868,-881,13
6254,6856,5143,933,-1434,501
5859,6967,5031,836,-1357,521
5243,6975,5024,699,-1260,561
5014,6985,5455,266,-781,515
5189,6810,6120,-1102,-245,1347
5279,6142,6719,-1170,289,881
5349,5586,6649,-1138,791,347
5491,5324,6675,-915,900,15
5797,5183,6816,-652,826,-190
6161,5019,6979,-394,772,-424
6648,4942,7057,12,1022,-1034
6931,5066,6679,671,1051,-1722
6857,5141,5699,842,761,-1603
6658,5680,5341,659,561,-1220
6719,6501,5279,776,2,-778
6433,6924,5075,596,-1017,421
6013,7017,4981,743,-1531,788
5443,7065,4933,856,-1553,697
4914,7084,5385,526,-1117,591
4996,7002,5931,-144,-645,789
5323,6676,6562,-723,-575,1298
5395,5795,6603,-935,-311,1246
5503,5144,6855,-855,539,316
5826,5134,6865,-752,1357,-605
6171,5048,6951,-754,1400,-646
6789,5001,6998,-739,1347,-608
7059,4939,6370,-472,989,-517
6886,5113,6080,379,567,-946
6652,5466,5347,1102,598,-1700
6566,6228,5432,1096,433,-1529
6356,6837,5162,935,-361,-574
6060,6881,5117,739,-1172,433
5628,6942,5055,831,-1328,497
5029,6970,5055,804,-1300,496
4887,7112,5797,504,-1067,563
5102,6897,6317,-157,-786,943
5306,6206,6692,-941,-761,1702
5451,5599,6547,-1014,-455,1469
5836,5117,6882,-902,348,554
6164,5102,6895,-1003,1378,-375
6624,5083,6914,-917,1394,-477
7039,4960,6701,-815,1337,-522
7106,4892,5840,-571,1130,-559
6886,5112,5194,-346,951,-605
6686,5909,5312,234,864,-1098
6368,6480,5519,941,475,-1416
6012,6821,5177,919,-169,-750
5694,6887,5112,973,-1371,398
5279,6872,5127,998,-1577,579
4915,7084,5491,878,-1483,605
4839,7159,6192,805,-1384,579
4956,6751,7042,588,-1218,630
4993,5891,7006,456,-953,497
5474,5329,6670,170,-634,464
6496,5460,6539,-433,-703,1136
6680,5318,6369,-974,-449,1423
6952,5047,6579,-1350,547,803
7011,4987,6006,-1268,1261,7
7022,4978,5199,-1237,1318,-81
7034,5596,4964,-1073,1229,-156
6901,6556,5097,-649,882,-233
6240,6787,5212,-536,820,-284
5474,6573,5426,-272,885,-613
5243,6756,6118,259,739,-998
5171,6827,6461,1102,379,-1481
5072,6926,6495,1449,-189,-1260
5019,6770,6978,1358,-893,-465
4984,5905,7014,1029,-1009,-20
5221,5206,6791,847,-904,57
6086,5220,6779,690,-887,197
6582,5416,6368,298,-795,497
6743,5256,5789,-105,-748,853
6814,5184,5316,-1154,-379,1533
6843,5155,5227,-1493,22,1471
7007,5481,4991,-1346,726,620
6972,6360,5026,-1069,973,96
6559,6852,5146,-982,1004,-22
5747,6769,5230,-612,812,-200
5328,6670,5739,-246,688,-442
5114,6885,6563,490,458,-948
5079,6920,6607,1454,-90,-1364
5069,6847,6929,1517,-625,-892
4938,6030,7061,1230,-929,-301
5121,5224,6878,910,-847,-63
5975,5144,6854,682,-714,32
6647,5351,6403,131,-533,402
6849,5150,5621,-580,-539,1119
6847,5151,5408,-1278,-270,1548
6867,5132,5145,-1338,73,1265
7001,5591,4999,-1191,776,415
6903,6520,5096,-840,976,-136
6326,6814,5183,-819,1019,-200
5564,6603,5396,-446,884,-438
5327,6671,5962,-66,817,-751
5199,6800,6631,723,555,-1278
5150,6849,6601,1379,119,-1498
5091,6822,6907,1366,-693,-673
4995,5972,7004,1111,-1070,-41
5187,5246,6811,862,-926,64
5974,5212,6786,651,-815,164
6599,5400,6460,248,-707,459
6848,5150,5710,-426,-460,886
6965,5033,5673,-1376,203,1173
6958,5041,5260,-1533,904,629
7096,5647,4902,-1469,1182,287
7017,6498,4982,-1066,884,182
6344,6923,5076,-702,636,66
5359,6740,5259,-106,326,-220
5112,6886,5974,684,72,-756
5061,6937,6313,1061,-129,-932
5162,6787,6836,911,-113,-798
5011,6158,6988,509,46,-555
5229,5522,6769,-52,138,-86
5781,5339,6659,-434,-30,464
6336,5375,6624,-575,-307,882
6720,5279,6512,-647,-182,829
6986,5013,6465,-800,503,297
7073,4925,5820,-917,1090,-173
6960,5038,5061,-1195,1411,-216
7032,5857,4966,-916,1240,-324
6815,6709,5184,-633,941,-308
6075,6750,5248,-562,949,-387
5429,6597,5402,-391,951,-560
5245,6754,6164,89,672,-761
5148,6850,6604,1007,381,-1388
5104,6895,6735,1422,-145,-1277
5046,6522,6952,1289,-737,-552
5060,5736,6938,741,-816,75
5461,5217,6783,754,-862,108
6164,5293,6706,556,-839,283
6678,5320,6275,127,-583,456
6947,5051,5858,-952,48,904
6992,5006,5699,-1579,872,707
6952,5096,5047,-1546,1097,449
7058,5878,4940,-1278,1021,257
6908,6656,5091,-819,740,79
6111,6829,5169,-482,548,-66
5345,6653,5650,162,535,-697
5158,6841,6093,953,441,-1394
5083,6915,6219,1401,-101,-1300
5068,6931,6628,1190,-401,-789
5024,6464,6975,964,-841,-123
5086,5712,6912,632,-791,159
5490,5233,6765,591,-852,261
6210,5323,6675,459,-882,423
6670,5329,6133,-61,-707,768
6803,5195,5638,-966,-417,1383
6901,5097,5655,-1445,85,1360
6931,5068,5235,-1406,854,552
7047,5764,4953,-1351,1261,90
6939,6552,5059,-954,961,-7
6268,6864,5135,-799,880,-81
5465,6633,5366,-336,642,-306
5262,6737,6105,162,747,-909
5196,6803,6639,943,548,-1491
5187,6811,6811,1375,270,-1645
5050,6690,6948,1340,-282,-1058
4985,5929,7014,1159,-1005,-154
5242,5180,6817,1017,-1014,-3
6058,5202,6796,663,-778,115
6631,5368,6465,297,-615,318
6942,5056,5742,-475,-207,682
7039,4958,5733,-1399,633,766
6968,5092,5030,-1484,1067,417
7040,5897,4959,-1106,952,154
6868,6628,5130,-615,645,-30
6058,6746,5252,-321,653,-332
5362,6636,5724,272,786,-1058
5256,6743,6148,918,673,-1591
5203,6794,6408,1234,402,-1636
5105,6893,6577,1293,-19,-1274
5028,6788,6971,1261,-919,-342
4980,5897,7018,1145,-1189,44
5261,5187,6811,999,-1043,44
6076,5218,6780,710,-860,150
6618,5380,6530,415,-707,292
6888,5111,5788,-193,-348,541
7010,4989,5575,-1278,351,927
6947,5110,5051,-1514,939,575
7045,5890,4954,-1162,866,296
6884,6648,5114,-642,650,-8
6122,6805,5194,-505,681,-176
5390,6608,5645,10,689,-699
5223,6777,6268,688,694,-1382
5208,6789,6489,1278,419,-1697
5124,6874,6593,1408,1,-1409
5048,6782,6951,1320,-755,-565
5008,5910,6991,1034,-1062,28
5238,5216,6782,927,-993,66
6058,5214,6784,779,-884,105
6592,5406,6516,428,-747,319
6810,5188,5772,-79,-503,582
6970,5029,5467,-1236,68,1168
6950,5048,5142,-1570,732,838
7046,5795,4952,-1235,917,318
6917,6598,5082,-764,787,-23
6149,6840,5159,-612,804,-192
5385,6613,5504,-170,765,-595
5250,6749,6223,309,865,-1174
5242,6756,6617,1091,591,-1682
5191,6697,6807,1328,422,-1750
5035,6538,6965,1263,73,-1336
5010,6055,6989,1249,-884,-365
5185,5194,6814,1183,-1248,65
6070,5161,6837,1003,-1103,100
6583,5416,6551,528,-717,189
6752,5248,5819,121,-546,425
6911,5087,5268,-948,-182,1130
6932,5067,5219,-1525,511,1014
7056,5778,4942,-1419,1003,416
6948,6575,5051,-909,821,88
6233,6875,5123,-741,793,-52
5385,6613,5386,-232,584,-352
5236,6763,6209,318,740,-1058
5206,6793,6628,998,619,-1617
5153,6727,6845,1251,439,-1690
5000,6553,6998,1222,-43,-1179
5032,5923,6966,1007,-933,-74
5341,5211,6787,1023,-1201,178
6125,5267,6732,756,-1011,255
6574,5425,6474,468,-848,380
6791,5206,5702,-150,-448,598
6956,5041,5655,-1332,272,1060
6913,5085,5191,-1548,992,556
7072,5727,4927,-1406,1118,288
6979,6526,5020,-946,817,129
6290,6896,5103,-621,663,-42
5354,6644,5359,-144,543,-399
5185,6814,6164,382,653,-1035
5147,6852,6599,1018,475,-1493
5136,6659,6862,1157,327,-1484
4992,6209,7006,822,292,-1114
5052,5776,6946,598,-101,-497
5349,5317,6680,769,-1008,239
6067,5268,6732,895,-1176,281
6576,5423,6555,569,-705,136
6863,5135,5927,-88,-156,244
7039,4960,5714,-1278,773,505
6951,5047,5055,-1582,1235,347
7109,5810,4889,-1438,1148,290
6958,6745,5040,-915,781,134
6154,6936,5064,-552,606,-54
5284,6714,5415,-220,578,-358
5265,6733,6285,126,849,-975
5273,6726,6697,148,1092,-1240
5030,6347,6969,566,892,-1458
4995,5915,7003,598,888,-1486
4956,5352,7043,524,547,-1071
5494,5360,6639,893,-607,-286
6243,5329,6669,1119,-1499,380
6539,5460,6297,957,-1279,322
6585,5414,5856,527,-828,301
6830,5225,5168,-453,-316,769
6843,5154,5321,-1568,570,998
7002,5664,4996,-1489,990,499
7014,6438,4983,-1355,845,510
6480,6943,5055,-1120,760,360
5635,6870,5129,-510,529,-19
5171,6827,5758,-123,341,-218
5178,6819,6670,237,470,-707
5024,6465,6975,563,756,-1319
4976,5990,7022,602,791,-1393
5117,5432,6882,244,562,-806
5599,5428,6570,38,-294,256
6003,5392,6607,466,-1360,894
6464,5519,6479,676,-1171,495
6632,5367,6034,138,-409,271
6929,5069,5920,-1009,576,433
6880,5118,5504,-1532,1302,230
6979,5335,5019,-1507,1308,199
7092,6092,4906,-1403,1140,263
6847,6912,5086,-1104,837,267
5895,6951,5047,-667,631,36
5140,6859,5552,15,290,-305
5108,6890,6541,503,402,-905
5098,6657,6901,744,697,-1441
4985,6190,7013,563,755,-1318
5202,5594,6797,-54,548,-494
5772,5553,6445,-637,-168,805
6204,5597,6402,-667,-1144,1811
6489,5510,6387,-644,-791,1435
6678,5248,6751,-866,371,495
6808,5190,6432,-961,1555,-594
6951,5047,6017,-985,1634,-649
7035,4965,5313,-1228,1701,-473
7091,5539,4907,-1565,1860,-295
7034,6559,4964,-1299,1312,-13
6405,6964,5033,-957,866,91
5524,6816,5182,-499,572,-73
5220,6778,6000,-71,443,-372
5120,6879,6795,368,580,-948
4989,6594,7010,1142,394,-1536
4913,6054,7085,1079,302,-1381
5026,5497,6974,818,29,-847
5606,5253,6744,783,-841,58
6284,5347,6651,694,-1112,418
6614,5386,6331,501,-859,358
6849,5149,5557,-266,-345,611
6988,5010,5616,-1451,534,917
6955,5227,5044,-1607,1076,531
7091,5989,4907,-1375,956,419
6920,6793,5078,-950,727,223
5978,6930,5067,-690,718,-28
5255,6743,5524,-242,576,-334
5210,6788,6303,43,868,-911
5143,6743,6856,255,922,-1177
4967,6246,7032,815,750,-1565
4952,5710,7047,519,769,-1288
5229,5266,6768,204,222,-426
5841,5287,6711,778,-1337,559
6454,5459,6539,1022,-1556,534
6542,5455,6090,861,-1219,358
6596,5404,5645,281,-624,343
6797,5202,5328,-1023,77,946
6799,5282,5200,-1465,818,647
7030,5867,4968,-1284,936,348
6992,6654,5007,-1404,762,642
6312,6986,5014,-1174,595,579
5420,6964,5034,-466,219,247
5014,6985,5787,73,-140,67
5042,6956,6762,481,-4,-477
5009,6318,6989,741,198,-939
4970,5664,7029,400,715,-1115
5331,5195,6804,-68,650,-582
6122,5386,6612,-422,4,418
6512,5487,6316,-488,-1025,1513
6675,5323,6059,-601,-842,1443
6835,5164,6037,-1067,-78,1145
6975,5022,5866,-1235,1116,119
6921,5078,5082,-1464,1655,-191
7091,5872,4908,-1545,1610,-65
6947,6738,5052,-1314,1255,59
6105,6947,5052,-978,946,32
5333,6698,5300,-449,588,-139
5230,6768,6141,-143,690,-547
5123,6825,6876,283,669,-952
4947,6424,7051,1126,394,-1520
4898,5790,7101,854,399,-1253
5135,5408,6864,592,-158,-434
5914,5251,6748,789,-1321,532
6480,5459,6539,759,-1394,635
6574,5423,6080,633,-1116,483
6679,5320,5415,-48,-567,615
6808,5190,5395,-1363,170,1193
6835,5330,5163,-1511,844,667
7061,5956,4937,-1322,937,385
6966,6739,5032,-1339,690,649
6176,6990,5009,-996,509,487
5256,6938,5061,-306,83,223
4997,7001,5883,95,-126,31
5152,6847,6809,310,58,-368
5157,6059,6842,-35,749,-714
5260,5607,6739,-792,1012,-220
5455,5218,6780,-852,915,-63
5957,5079,6919,-687,788,-101
6534,5059,6941,-595,816,-221
6955,5044,6636,-510,846,-336
6999,4999,6168,-147,658,-511
6814,5184,5611,308,775,-1083
6724,5729,5274,431,862,-1293
6701,6440,5297,323,472,-795
6334,7068,4931,140,-382,242
5681,7073,4926,366,-1314,948
4979,7050,4949,823,-1512,689
4805,7194,5785,543,-1097,554
5045,6953,6558,-62,-675,737
5279,6210,6720,-725,-515,1240
5404,5339,6660,-1093,-93,1186
5968,5070,6929,-1005,594,411
6393,5112,6886,-1062,1056,6
6868,5130,6828,-929,1002,-73
7058,4941,6232,-672,887,-215
6921,5077,5679,-277,540,-263
6526,5486,5474,704,470,-1174
6569,6130,5430,1062,537,-1599
6366,6718,5280,781,49,-830
6026,6956,5043,657,-1066,409
5575,7006,4992,741,-1440,699
4942,7056,5033,695,-1485,790
4800,7199,5883,481,-1279,798
5021,6977,6724,96,-964,868
5150,6041,6848,-203,-929,1132
5559,5438,6560,-543,-492,1035
6094,5174,6825,-918,32,886
6544,5076,6922,-1081,1081,0
6900,5099,6738,-1195,1384,-189
7097,4901,6201,-1023,1211,-188
7004,4994,5459,-721,928,-207
6834,5511,5165,-296,864,-568
6458,6271,5542,582,699,-1281
6124,6453,5545,1111,539,-1650
5803,6725,5273,1085,-56,-1029
5581,6813,5185,1026,-1195,169
5216,6787,5211,925,-1339,414
4951,7047,5644,745,-1209,464
4901,7097,6362,820,-1297,477
5007,6692,6990,705,-1322,617
5081,5783,6917,369,-993,624
5644,5354,6644,84,-696,612
6497,5501,6486,-529,-619,1148
6716,5283,6540,-1122,-157,1279
6894,5105,6594,-1342,1072,270
7012,4986,6035,-1243,1373,-130
7042,4956,5318,-1313,1436,-123
7028,5552,4971,-1148,1352,-204
6942,6450,5056,-749,975,-226
6400,6781,5217,-517,677,-160
5533,6634,5365,-114,625,-511
5132,6867,5798,765,163,-928
4983,7015,5873,1413,-788,-625
4968,7030,6482,1419,-1106,-313
4973,6702,7027,1287,-1140,-147
4953,5849,7045,764,-849,85
5370,5172,6826,485,-644,159
6418,5341,6658,19,-663,644
6751,5248,6017,-545,-794,1339
6794,5204,5675,-1009,-595,1604
6819,5180,5343,-1166,-407,1573
6894,5150,5104,-1194,70,1124
6981,5711,5018,-1098,964,134
6854,6530,5145,-913,1129,-216
6204,6769,5229,-954,1178,-224
5604,6626,5373,-644,989,-345
5324,6675,5864,-324,687,-363
5076,6922,6566,624,236,-860
5009,6989,6472,1537,-626,-911
4969,6655,7029,1560,-1083,-477
4961,5835,7036,1096,-865,-231
5258,5156,6842,794,-748,-46
6150,5198,6801,517,-675,158
6666,5332,6153,-54,-615,669
6795,5202,5562,-811,-544,1355
6811,5186,5412,-1394,-258,1652
6849,5149,5209,-1456,161,1295
7007,5570,4992,-1313,851,462
6938,6398,5060,-1097,961,136
6459,6848,5150,-931,909,22
5707,6740,5259,-577,755,-178
5294,6706,5766,-233,657,-424
5055,6943,6564,556,368,-924
5064,6934,6639,1428,-228,-1200
5061,6664,6938,1199,-541,-658
4983,5869,7015,776,-742,-34
5291,5198,6801,677,-783,106
6123,5249,6750,507,-825,318
6643,5356,6209,8,-794,786
6786,5212,5586,-790,-567,1357
6825,5175,5507,-1394,-251,1645
6915,5084,5372,-1437,377,1060
7001,5594,4997,-1348,1120,228
6947,6387,5051,-948,992,-44
6447,6833,5165,-869,966,-97
5706,6705,5293,-510,791,-281
5314,6685,5893,-57,713,-656
5161,6838,6581,705,504,-1209
5114,6886,6629,1383,106,-1489
5083,6915,6907,1399,-597,-802
4938,6009,7061,1240,-1133,-107
5141,5182,6858,985,-978,-7
6006,5150,6848,644,-732,88
6642,5355,6369,138,-536,398
6878,5120,5630,-548,-455,1003
6908,5090,5531,-1350,65,1285
6925,5073,5240,-1330,522,808
7053,5756,4946,-1206,977,229
6930,6541,5069,-836,786,50
6276,6827,5171,-618,675,-57
5434,6573,5425,-166,604,-438
5183,6815,6142,457,568,-1025
5070,6928,6283,1229,90,-1319
4988,7011,6509,1364,-472,-892
5001,6580,6998,1133,-949,-184
5029,5776,6970,690,-809,119
5430,5233,6766,566,-797,231
6215,5353,6646,410,-900,490
6662,5336,6191,-27,-809,836
6815,5183,5621,-869,-440,1309
6916,5082,5671,-1434,95,1339
6941,5057,5237,-1421,890,531
7043,5736,4955,-1306,1181,125
6932,6546,5067,-897,889,8
6281,6840,5158,-700,765,-65
5556,6657,5342,-419,678,-259
5217,6782,6030,105,519,-624
5077,6921,6428,1073,126,-1199
5033,6965,6588,1457,-413,-1044
5022,6539,6976,1348,-851,-497
5033,5794,6965,755,-678,-77
5338,5207,6791,620,-635,15
6123,5255,6743,459,-679,220
6706,5292,6286,-47,-602,649
6894,5104,5786,-914,-252,1166
6940,5058,5618,-1358,256,1102
6909,5090,5143,-1160,567,593
7018,5832,4980,-858,823,35
6850,6582,5149,-653,778,-125
6131,6765,5232,-535,843,-308
5452,6546,5552,-142,905,-763
5246,6753,6160,338,807,-1145
5194,6804,6471,1184,401,-1585
5098,6900,6519,1453,-123,-1330
5040,6777,6959,1384,-933,-451
4993,5919,7005,1143,-1130,-13
5210,5206,6792,913,-971,58
6035,5215,6784,717,-893,176
6603,5394,6450,321,-741,420
6817,5180,5618,-399,-508,907
6903,5095,5574,-1388,25,1363
6938,5061,5337,-1541,745,796
7058,5623,4940,-1493,1180,313
6991,6445,5007,-1067,903,164
6440,6878,5121,-822,727,95
5574,6714,5284,-310,472,-162
5163,6834,6007,443,331,-774
5055,6944,6176,1211,-76,-1135
5046,6953,6526,1262,-444,-818
5045,6605,6954,971,-723,-248
5022,5853,6976,577,-671,94
5342,5248,6750,493,-655,162
6298,5403,6596,70,-655,585
6702,5296,6130,-662,-682,1344
6841,5157,6058,-1273,-172,1445
7013,4986,6060,-1415,709,706
6991,5008,5238,-1346,1294,52
7041,5659,4958,-1235,1307,-72
6946,6470,5053,-811,944,-133
6332,6819,5180,-589,771,-182
5532,6607,5391,-299,778,-479
5239,6759,6039,198,700,-898
5146,6852,6487,1051,373,-1424
5104,6894,6680,1381,-2,-1379
5020,6786,6978,1315,-653,-662
4969,5867,7029,1075,-1014,-61
5279,5171,6827,889,-905,16
6107,5217,6782,596,-756,160
6655,5342,6365,188,-616,428
6923,5077,5656,-576,-306,882
6988,5010,5651,-1401,379,1022
6928,5082,5071,-1431,919,512
7046,5872,4952,-1157,925,232
6885,6613,5114,-734,668,66
6185,6804,5195,-535,669,-134
5413,6586,5548,-111,716,-605
5225,6773,6217,391,821,-1212
5206,6792,6594,1095,548,-1643
5164,6834,6771,1352,274,-1626
5028,6729,6971,1306,-313,-993
5004,5914,6994,1056,-1054,-2
5288,5199,6798,1045,-1170,125
6145,5236,6763,825,-1031,206
6552,5446,6444,486,-860,374
6713,5285,5761,82,-634,552
6845,5153,5329,-1053,-242,1295
6880,5119,5314,-1566,398,1168
7038,5579,4960,-1405,899,506
6987,6382,5012,-1115,849,266
6494,6887,5110,-923,845,78
5647,6772,5227,-471,627,-156
5266,6732,5932,19,580,-599
5126,6873,6550,844,443,-1287
5127,6871,6713,1442,15,-1457
5067,6648,6932,1291,-321,-970
4976,5972,7021,975,-779,-196
5200,5207,6799,878,-852,-26
6000,5211,6788,672,-787,115
6639,5359,6486,242,-585,343
6926,5072,5792,-605,-217,822
6971,5027,5684,-1335,350,985
6940,5060,5149,-1275,778,497
7050,5800,4949,-1093,965,128
6911,6591,5088,-656,744,-88
6199,6823,5176,-514,756,-242
5388,6611,5581,-8,736,-728
5243,6756,6271,586,836,-1422
5252,6747,6538,1121,632,-1753
5218,6781,6747,1241,391,-1632
5086,6750,6913,1201,-230,-971
5030,6033,6969,1065,-1114,49
5217,5278,6781,1011,-1174,163
5970,5244,6754,847,-1033,186
6520,5397,6602,491,-791,300
6853,5144,5946,-126,-310,436
7062,4936,5772,-1301,569,732
6974,5025,5134,-1627,1172,455
7110,5720,4889,-1444,1160,284
7002,6622,4996,-933,842,91
6224,6927,5072,-526,540,-14
5238,6760,5386,118,245,-363
5134,6864,6072,833,160,-993
5161,6837,6541,994,179,-1173
5095,6411,6903,750,451,-1201
5084,5979,6915,316,743,-1059
5327,5450,6672,-362,496,-134
5760,5465,6533,-554,-169,723
6093,5366,6632,-149,-911,1060
6537,5353,6646,105,-435,330
6989,5010,6663,-164,747,-583
7116,4883,5820,-1087,1588,-501
7037,4963,5100,-1566,1740,-174
7113,5779,4886,-1230,1462,-232
6917,6804,5081,-794,951,-157
6044,6890,5109,-688,871,-183
5357,6642,5436,-436,805,-369
5323,6675,6144,-239,962,-723
5249,6688,6749,136,900,-1036
5045,6369,6953,1058,648,-1706
4953,6010,7045,1195,628,-1823
4921,5448,7078,1047,461,-1508
5388,5312,6687,1084,-599,-485
6279,5232,6767,1159,-1458,299
6609,5389,6323,867,-1090,223
6590,5409,5809,617,-909,292
6779,5408,5219,-118,-572,690
6855,5401,5144,-1381,21,1360
6936,5650,5062,-1372,475,897
7011,6445,4989,-1311,789,522
6457,6948,5051,-1192,790,402
5611,6876,5121,-632,552,80
5169,6830,5669,-246,263,-17
5195,6804,6578,48,380,-428
5102,6416,6896,129,776,-905
5059,5915,6940,92,843,-935
5214,5340,6784,-218,655,-437
5708,5225,6773,-314,200,114
6114,5375,6624,90,-538,448
6503,5426,6572,454,-740,286
6744,5254,6087,291,-328,37
7060,4938,5724,-873,635,238
6913,5085,5102,-1701,1473,228
7091,5763,4907,-1702,1381,321
6995,6559,5003,-1124,855,269
6325,6920,5077,-813,660,153
5375,6724,5275,-201,418,-217
5176,6823,6216,474,404,-878
5178,6821,6638,960,587,-1547
5107,6579,6892,1068,566,-1634
4981,6118,7017,783,556,-1339
5052,5695,6947,450,206,-656
5383,5347,6652,709,-1159,450
6088,5368,6630,900,-1540,640
6489,5510,6453,750,-1251,501
6602,5397,5956,299,-604,305
6900,5099,5680,-763,177,586
6870,5128,5409,-1506,1097,409
7003,5433,4997,-1432,1179,253
7112,6205,4886,-1401,1046,355
6758,6958,5042,-1145,727,418
5773,6969,5029,-646,534,112
5063,6935,5545,-37,136,-99
5159,6839,6559,285,240,-525
5183,6454,6815,72,953,-1025
5243,5988,6756,-332,1022,-690
5281,5451,6717,-731,891,-160
5613,5179,6820,-639,792,-153
6113,5061,6937,-574,754,-180
6673,5002,6996,-501,952,-451
7053,4945,6565,-425,1232,-807
6989,5011,6016,55,950,-1005
6659,5340,5456,521,942,-1463
6594,6032,5405,811,624,-1435
6499,6739,5259,850,-63,-787
6163,6930,5069,681,-1143,462
5710,6993,5007,739,-1467,728
5065,7018,4980,738,-1452,714
4880,7117,5639,385,-1062,677
5098,6900,6180,-613,-680,1293
5245,6282,6754,-950,-648,1598
5385,5434,6614,-965,-218,1183
5834,5069,6929,-864,732,132
6239,5075,6923,-961,1272,-311
6713,5061,6939,-919,1242,-323
7102,4897,6511,-721,1183,-462
7084,4915,5708,-492,925,-433
6752,5330,5246,-6,766,-760
6561,6095,5438,792,660,-1452
6342,6568,5430,1034,348,-1382
5918,6939,5061,852,-648,-204
5661,6893,5105,918,-1430,512
5159,6896,5102,880,-1449,569
4841,7158,5597,785,-1407,622
4866,7132,6455,695,-1249,554
4940,6543,7059,536,-1124,588
5101,5608,6897,415,-906,491
5832,5356,6643,17,-754,737
6581,5418,6454,-557,-831,1388
6738,5260,6320,-1141,-293,1434
6930,5069,6423,-1445,820,625
6999,4999,5833,-1251,1192,59
6997,5001,5072,-1189,1272,-83
7063,5838,4935,-1098,1275,-177
6879,6703,5119,-816,945,-129
6108,6826,5172,-630,830,-200
5399,6600,5564,-171,710,-539
5241,6757,6310,400,757,-1157
5245,6753,6602,1146,539,-1685
5199,6800,6756,1304,264,-1568
5072,6729,6927,1230,-382,-848
5045,5921,6954,978,-1054,76
5266,5236,6762,907,-1074,167
6035,5262,6737,743,-973,230
6590,5409,6548,422,-768,346
6880,5119,5827,-256,-307,563
7045,4954,5747,-1366,541,825
6956,5042,5087,-1579,1108,471
7098,5799,4900,-1361,1112,249
6963,6669,5035,-871,804,67
6152,6901,5097,-503,591,-88
5287,6711,5577,86,504,-590
5199,6799,6294,743,621,-1364
5201,6798,6653,1078,574,-1652
5104,6547,6895,1091,536,-1627
4945,6187,7052,930,401,-1331
5090,5847,6908,789,-259,-530
5438,5298,6701,975,-1306,331
6141,5305,6694,998,-1386,388
6569,5430,6468,661,-892,231
6786,5213,5832,49,-333,284
7027,4972,5720,-1203,537,666
6917,5082,5082,-1601,1212,389
7089,5800,4908,-1435,1130,305
6961,6666,5038,-935,785,150
6194,6918,5080,-612,647,-35
5325,6674,5325,-332,620,-288
5279,6720,6197,17,819,-836
5253,6745,6700,180,982,-1162
5035,6399,6963,847,759,-1606
4970,5990,7029,886,786,-1672
4939,5417,7058,743,544,-1287
5406,5371,6628,923,-514,-409
6227,5294,6705,1148,-1570,422
6532,5468,6312,921,-1251,330
6543,5456,5884,627,-977,350
6698,5390,5300,-118,-515,633
6765,5233,5302,-1405,206,1199
6871,5491,5127,-1438,800,638
7070,6178,4929,-1293,878,415
6816,6906,5093,-1344,733,611
5884,6971,5029,-864,563,301
5147,6852,5244,-359,221,138
5125,6874,6271,12,143,-155
5252,6475,6747,-137,838,-701
5199,6048,6799,-357,970,-613
5231,5486,6768,-576,883,-307
5510,5132,6868,-511,815,-304
5995,4987,7011,-354,784,-430
6549,4997,7003,-148,761,-613
6892,5106,6755,229,681,-910
6896,5102,6049,866,527,-1393
6688,5312,5340,474,682,-1156
6908,6016,5091,-74,494,-420
6945,7034,4965,-281,-373,654
6287,7094,4905,-68,-1197,1265
5380,7015,4983,389,-983,594
5004,6995,5552,470,-457,-13
5400,6598,6322,-499,636,-137
5358,6247,6641,-1541,1344,197
5363,5788,6634,-1644,1196,448
5408,5384,6614,-1148,879,269
5697,5242,6756,-677,735,-58
6046,5076,6922,-439,703,-264
6417,4918,7081,41,885,-926
6940,5059,6883,651,1259,-1910
6960,5039,5935,842,1025,-1867
6712,5394,5286,552,828,-1380
6675,6214,5324,653,405,-1058
6487,6974,5024,643,-646,3
6034,7010,4989,832,-1507,675
5494,7074,4924,1007,-1625,618
4976,7022,5279,783,-1306,523
5000,6999,5854,10,-591,581
5325,6604,6674,-1085,-114,1199
5298,5677,6701,-1139,340,799
5448,5298,6700,-959,900,59
5773,5198,6800,-826,1091,-265
6118,5088,6911,-664,1043,-379
6696,5021,6977,-550,1122,-572
7062,4936,6538,-451,1255,-804
6985,5013,6041,138,924,-1062
6669,5345,5330,686,950,-1636
6617,6099,5382,741,604,-1345
6450,6782,5216,814,-130,-684
6083,6942,5056,732,-1176,444
5635,6999,4999,808,-1421,613
4995,7003,5067,731,-1371,640
4912,7087,5715,266,-897,631
5156,6842,6329,-831,-576,1407
5297,6166,6702,-998,-560,1558
5429,5353,6646,-1023,-10,1033
5814,5133,6865,-847,969,-122
6191,5108,6892,-856,1287,-431
6639,5071,6927,-873,1288,-415
7097,4902,6627,-728,1261,-533
7123,4875,5815,-575,1107,-532
6911,5197,5087,-423,975,-552
6698,6017,5302,148,791,-939
6296,6485,5513,867,613,-1480
5859,6694,5305,978,196,-1174
5574,6896,5103,1072,-1080,8
5204,6825,5174,1080,-1520,440
4940,7058,5600,916,-1393,477
4868,7131,6342,910,-1332,422
4973,6704,7026,704,-1225,521
5013,5761,6986,560,-1015,455
5521,5279,6720,360,-793,433
6397,5402,6597,-40,-928,968
6714,5285,6104,-754,-588,1342
6882,5115,6184,-1397,141,1256
6970,5028,5928,-1455,977,478
6969,5030,5221,-1303,1271,32
7069,5709,4929,-1342,1357,-15
6966,6538,5033,-963,975,-12
6303,6875,5123,-724,779,-55
5444,6638,5360,-262,581,-319
5224,6775,6194,384,632,-1016
5197,6801,6536,1153,465,-1618
5150,6849,6689,1378,164,-1542
5069,6823,6929,1283,-476,-807
4986,5925,7012,1071,-1078,7
5252,5194,6805,944,-1035,91
6081,5221,6777,668,-891,223
6596,5402,6435,356,-813,457
6789,5210,5704,-132,-611,743
6882,5116,5333,-1184,-182,1366
6919,5078,5209,-1476,425,1051
7073,5743,4925,-1342,1028,314
6964,6585,5034,-987,915,72
6215,6900,5100,-731,779,-48
5388,6655,5345,-300,601,-301
5219,6779,6113,124,676,-800
5157,6841,6733,864,480,-1344
5104,6582,6894,1202,352,-1554
4937,6202,7060,1010,279,-1289
5048,5736,6951,812,-188,-624
5439,5261,6738,860,-1112,252
6184,5323,6675,873,-1248,375
6547,5450,6395,611,-981,370
6701,5297,5698,61,-514,453
6911,5087,5581,-1173,163,1010
6887,5111,5267,-1572,973,599
7069,5661,4931,-1443,1102,341
6997,6455,5001,-1074,827,247
6415,6909,5090,-762,699,63
5581,6772,5225,-451,613,-162
5266,6732,5965,-87,678,-591
5184,6815,6594,205,809,-1014
5040,6547,6960,1004,558,-1562
4980,6078,7018,972,673,-1645
4964,5529,7033,543,574,-1117
5341,5414,6658,712,-409,-303
6086,5341,6657,1012,-1482,470
6487,5512,6433,816,-1281,465
6585,5412,5944,343,-667,324
6854,5144,5613,-855,85,770
6856,5142,5526,-1597,996,601
6931,5363,5067,-1507,1147,360
7095,6043,4903,-1412,1013,399
6911,6864,5087,-1234,823,411
5952,6969,5030,-678,561,117
5160,6840,5337,-180,278,-98
5133,6867,6351,177,296,-473
5237,6581,6762,57,972,-1029
5183,6151,6815,-175,1003,-828
5258,5585,6741,-475,831,-356
5475,5169,6830,-588,636,-48
5962,5015,6984,-364,515,-151
6411,4991,7007,-3,508,-505
6777,5139,6859,513,534,-1047
6868,5131,5997,946,398,-1344
6704,5295,5379,462,455,-917
6935,5964,5063,-106,440,-334
7060,6994,4939,-402,-335,737
6607,7217,4781,-629,-1063,1692
5777,7188,4809,-575,-876,1451
5107,6891,5653,-941,28,913
5279,6719,6670,-981,1136,-155
5276,6058,6721,-1078,1333,-255
5327,5600,6670,-1388,1416,-28
5457,5306,6693,-1186,1260,-74
5772,5163,6835,-861,1074,-213
6220,5018,6980,-674,970,-296
6892,5023,6976,-488,1075,-587
6990,5008,6520,-5,926,-921
6858,5141,5822,1018,713,-1731
6661,5638,5337,962,701,-1663
6617,6374,5382,946,316,-1262
6336,6919,5079,720,-759,39
6026,6964,5035,716,-1309,593
5456,7049,4949,754,-1362,608
4989,7011,5337,561,-1139,578
5074,6924,5677,-357,-547,904
5309,6619,6689,-1249,-176,1425
5311,5729,6687,-1149,189,960
5446,5257,6742,-897,799,98
5814,5154,6844,-800,1079,-279
6193,5047,6951,-697,1079,-382
6813,5011,6987,-597,1238,-641
7070,4927,6385,-499,1262,-763
6977,5022,5791,-188,972,-784
6677,5385,5320,165,897,-1062
6506,6065,5493,715,582,-1297
6436,6717,5280,843,-54,-789
6145,6900,5098,607,-1148,541
5743,6960,5039,677,-1543,866
5154,7015,4984,717,-1559,842
4839,7159,5599,538,-1390,852
4947,7050,6305,-35,-969,1004
5211,6399,6788,-473,-888,1361
5338,5566,6660,-740,-481,1221
5842,5116,6882,-830,217,613
6365,5033,6965,-923,1040,-117
6837,5079,6920,-1029,1220,-191
7121,4877,6372,-793,1115,-322
7056,4944,5590,-472,797,-325
6694,5494,5306,200,688,-888
6551,6221,5448,1036,571,-1607
6245,6639,5360,1067,215,-1282
5875,6905,5094,906,-869,-37
5553,6874,5124,932,-1394,462
5094,6904,5177,869,-1370,501
4848,7150,5772,763,-1320,557
4928,7071,6607,643,-1157,514
4994,6378,7005,446,-1075,629
5320,5528,6679,-60,-869,929
6107,5454,6543,-665,-734,1399
6504,5472,6527,-1001,-556,1557
6770,5187,6812,-1291,407,884
6859,5139,6456,-1273,1395,-122
7006,4994,5933,-1080,1254,-174
7016,4983,5233,-1188,1347,-159
7032,5677,4966,-1104,1379,-275
6906,6565,5093,-761,1016,-255
6267,6803,5196,-623,876,-253
5492,6585,5414,-286,813,-527
5240,6757,6161,362,632,-994
5165,6833,6353,1267,222,-1489
5051,6947,6336,1463,-397,-1066
5046,6781,6952,1381,-1108,-273
4963,5970,7036,1178,-1110,-68
5159,5240,6839,862,-850,-12
5979,5190,6808,559,-675,116
6631,5366,6318,-11,-555,566
6832,5166,5778,-830,-417,1247
6935,5065,5702,-1389,126,1263
6966,5032,5325,-1398,757,641
7075,5617,4924,-1322,1153,169
7001,6460,4998,-969,938,31
6356,6887,5112,-694,710,-16
5463,6660,5338,-229,526,-297
5184,6814,6083,349,590,-939
5096,6903,6415,1113,266,-1379
5136,6861,6733,1232,-69,-1163
5034,6485,6964,823,-249,-574
5064,5878,6934,505,-595,90
5371,5267,6732,616,-880,264
6076,5263,6735,615,-928,313
6620,5378,6440,329,-634,305
6888,5111,5694,-412,-268,680
7004,4995,5700,-1325,382,943
6943,5055,5079,-1437,1012,425
7079,5832,4920,-1256,1053,203
6922,6697,5076,-794,764,30
6139,6875,5123,-562,685,-123
5353,6645,5453,-242,668,-426
5255,6744,6191,104,882,-986
5190,6802,6807,620,782,-1402
5071,6491,6927,1152,612,-1764
4933,6078,7065,1078,568,-1646
5005,5597,6994,792,254,-1046
5445,5318,6680,968,-1148,180
6193,5336,6663,1064,-1536,472
6533,5465,6375,829,-1231,402
6631,5368,5842,288,-603,315
6880,5118,5537,-975,139,836
6863,5135,5354,-1570,963,607
7034,5566,4964,-1415,1094,321
7035,6351,4963,-1276,918,358
6510,6933,5066,-1035,778,257
5662,6852,5146,-457,556,-99
5176,6822,5797,-4,435,-431
5114,6884,6704,519,488,-1007
5079,6563,6919,850,660,-1510
4986,6094,7013,651,713,-1364
5128,5549,6871,209,449,-658
5594,5521,6478,8,-614,606
5997,5424,6574,349,-1447,1098
6394,5490,6509,582,-1075,493
6681,5318,6195,-9,-193,202
6895,5103,5986,-1101,1011,90
6899,5099,5601,-1466,1352,114
6961,5215,5038,-1465,1344,121
7112,5979,4886,-1455,1293,162
6930,6874,5068,-1131,877,254
6001,6976,5023,-728,627,101
5134,6866,5396,-25,224,-199
5073,6926,6382,548,172,-720
5093,6652,6907,704,547,-1251
5016,6196,6983,455,821,-1276
5353,5615,6645,-412,689,-277
5691,5461,6537,-980,171,809
6122,5598,6400,-773,-753,1526
6506,5492,6473,-624,-681,1305
6749,5133,6865,-822,507,315
6909,5090,6419,-998,1682,-684
7057,4941,5887,-1151,1823,-672
7048,4950,5054,-1491,1936,-445
7159,5856,4840,-1461,1810,-349
6961,6890,5037,-1152,1127,25
5989,6989,5010,-871,856,15
5235,6763,5412,-363,480,-117
5217,6781,6347,-18,597,-579
5100,6679,6898,287,761,-1048
4950,6193,7049,869,690,-1559
4935,5654,7064,624,767,-1391
5131,5163,6867,468,324,-792
5886,5353,6645,836,-1122,286
6441,5505,6495,963,-1536,573
6561,5437,6096,710,-1121,411
6681,5317,5510,19,-481,462
6872,5126,5493,-1326,358,968
6868,5321,5131,-1618,1032,586
7112,5954,4887,-1369,949,420
6969,6765,5030,-1249,741,508
6062,7000,4998,-1001,649,352
5176,6841,5158,-341,288,53
5093,6905,6161,50,180,-230
5226,6658,6772,-97,822,-725
5187,6113,6813,-256,950,-694
5259,5559,6740,-800,952,-152
5490,5180,6817,-761,782,-21
6064,5061,6937,-517,620,-103
6601,5081,6918,-417,581,-164
6894,5104,6737,-8,529,-521
6871,5128,6213,671,545,-1216
6705,5293,5487,515,692,-1207
6871,5872,5126,5,546,-551
7127,6764,4873,-633,-60,693
6689,7260,4738,-1080,-931,2011
5841,7235,4764,-784,-1042,1826
5012,6986,5343,-957,-255,1212
5228,6771,6677,-794,772,22
5212,6121,6787,-909,1259,-350
5318,5582,6680,-1297,1402,-105
5510,5284,6714,-1273,1275,-2
5834,5158,6841,-1034,1013,21
6391,5016,6984,-632,638,-6
6874,5125,6787,-396,621,-225
6699,5300,6329,600,94,-694
6627,5445,5372,1144,-583,-561
6716,5947,5281,662,-506,-156
6811,6422,5188,391,-501,110
7048,6963,4950,-315,-525,840
6412,7186,4812,-1372,-341,1713
5528,7032,4966,-1241,-177,1418
5158,6840,5975,-1205,486,719
5292,6707,6652,-945,899,46
5283,6056,6717,-934,913,21
5284,5557,6715,-931,919,12
5489,5228,6770,-776,898,-122
5877,5069,6929,-591,879,-288
6437,4946,7051,-469,981,-512
6923,5075,6831,-319,1033,-714
6884,5115,6467,438,741,-1179
6743,5255,5654,935,671,-1606
6633,5737,5366,571,636,-1207
6819,6536,5180,190,111,-301
6969,7119,4878,-495,-1016,1511
6390,7196,4803,-768,-1478,2246
5588,7172,4827,-623,-1257,1880
4954,7044,5458,-928,-660,1588
5147,6647,6852,-983,387,596
5122,5863,6876,-1047,1161,-114
5357,5331,6668,-1366,1350,16
5786,5277,6721,-1467,1166,301
6198,5209,6790,-1165,763,402
6678,5222,6776,-727,509,218
6871,5127,6407,-362,362,0
6757,5241,5972,268,37,-305
6613,5420,5385,783,-148,-635
6687,5920,5312,556,-42,-514
6853,6539,5145,202,-125,-77
6930,7172,4826,-651,-438,1089
6063,7268,4731,-1257,-773,2030
5168,7060,4939,-1239,-561,1800
5102,6896,6401,-1366,335,1031
5142,6298,6856,-1064,1060,4
5258,5632,6741,-1223,1205,18
5520,5332,6667,-1394,1084,310
5945,5255,6744,-1101,750,351
6359,5234,6764,-713,406,307
6780,5217,6710,-398,277,121
6959,5039,6365,-273,698,-425
6919,5080,5686,-332,795,-463
6821,5315,5178,-431,767,-336
6868,5931,5131,-483,687,-204
6745,6489,5253,-436,531,-95
6265,6752,5247,-387,411,-24
5474,6818,5181,130,-66,-64
5025,6974,5261,891,-974,83
4897,7101,5829,1224,-1362,138
4996,7002,6539,910,-988,78
5107,6438,6892,405,-726,321
5532,5740,6466,-479,-500,979
5849,5453,6545,-1176,-369,1545
6247,5163,6836,-1113,260,853
6538,5154,6844,-1135,1284,-149
6884,5114,6679,-1124,1445,-321
7098,4900,6160,-954,1294,-340
7024,4975,5429,-742,1108,-366
6963,5580,5035,-470,1113,-643
6630,6380,5368,120,813,-933
5975,6507,5491,726,728,-1454
5593,6652,5346,996,328,-1324
5323,6881,5118,1234,-1070,-164
5080,6920,5443,1218,-1589,371
4879,7119,6008,1079,-1436,357
5003,6995,6760,1009,-1373,364
4964,6181,7034,623,-1219,596
5257,5420,6741,224,-839,615
6152,5409,6591,-221,-740,961
6566,5432,6360,-884,-684,1568
6734,5265,6398,-1258,-95,1353
6890,5108,6335,-1296,1016,280
6967,5033,5811,-1165,1299,-134
6951,5049,5088,-1250,1363,-113
7024,5816,4975,-1088,1267,-179
6860,6627,5137,-761,921,-160
6189,6784,5214,-569,798,-229
5428,6574,5424,-234,773,-539
5201,6797,6188,380,545,-925
5072,6925,6262,1299,-42,-1257
5019,6979,6530,1485,-725,-760
4964,6573,7034,1436,-1140,-296
4978,5758,7020,990,-900,-90
5382,5171,6828,751,-670,-81
6244,5296,6703,324,-518,194
6757,5242,6150,-338,-485,823
6960,5038,6061,-1221,132,1089
7002,4996,5697,-1366,768,598
6934,5157,5065,-1218,966,252
6998,5916,5001,-743,794,-51
6748,6615,5252,-390,632,-242
5858,6611,5388,17,732,-749
5365,6634,5743,665,789,-1454
5241,6758,5901,1174,348,-1522
5026,6973,5727,1403,-543,-860
4996,7003,6380,1290,-1203,-87
4983,6762,7014,1390,-1395,5
4945,5916,7054,1088,-1144,56
5242,5156,6843,888,-932,44
6139,5187,6812,628,-818,190
6636,5362,6280,169,-711,542
6794,5204,5610,-291,-729,1020
6801,5216,5196,-1169,-465,1634
6906,5355,5092,-1434,-216,1650
7024,5655,4974,-1300,274,1026
6926,6419,5072,-1069,981,88
6322,6849,5150,-1064,1152,-88
5624,6684,5315,-607,800,-193
5326,6672,5883,-202,617,-415
5119,6879,6510,772,251,-1023
5054,6946,6445,1485,-408,-1077
5038,6738,6961,1432,-914,-518
4947,5953,7052,1145,-958,-187
5150,5189,6848,841,-804,-37
6026,5159,6840,595,-700,105
6660,5338,6325,60,-576,516
6843,5155,5607,-614,-578,1192
6816,5182,5302,-1207,-414,1621
6919,5303,5080,-1271,-212,1483
6972,5630,5028,-1097,351,746
6885,6398,5113,-778,1001,-223
6308,6772,5227,-877,1189,-312
5696,6597,5401,-550,977,-427
5331,6668,5908,-96,643,-547
5116,6881,6251,1031,83,-1114
5034,6963,6281,1528,-822,-706
5056,6842,6943,1489,-1223,-266
4920,6064,7078,1287,-1158,-129
5087,5254,6913,898,-833,-65
5920,5113,6885,550,-624,74
6698,5300,6401,-3,-513,516
6844,5155,5670,-695,-552,1247
6827,5172,5356,-1185,-371,1556
6897,5377,5101,-1145,-234,1379
7001,5787,4998,-851,39,812
6878,6288,5121,-697,680,17
6418,6753,5246,-838,1036,-198
5762,6672,5327,-633,947,-314
5318,6681,5697,-266,533,-267
4953,7046,6092,768,-260,-508
4963,7034,6507,1523,-1135,-388
4983,6690,7016,1512,-1205,-307
4952,5890,7047,824,-824,0
5318,5173,6825,494,-634,140
6338,5313,6686,87,-673,586
6710,5289,6007,-440,-855,1295
6754,5245,5667,-889,-796,1685
6761,5238,5333,-1085,-599,1684
6871,5279,5128,-1128,-270,1398
6952,5456,5047,-1161,559,602
6909,6371,5089,-1052,1192,-140
6389,6788,5211,-1080,1213,-133
5714,6706,5292,-789,973,-184
5316,6682,5666,-402,553,-151
4980,7018,6353,486,-57,-429
4977,7021,6559,1480,-959,-521
4955,6641,7044,1574,-1112,-462
4950,5827,7048,962,-786,-176
5362,5141,6858,661,-662,1
6320,5289,6710,208,-502,294
6788,5210,5980,-547,-634,1181
6823,5175,5743,-1146,-405,1551
6876,5122,5505,-1388,17,1371
6908,5090,5200,-1249,401,848
7026,5846,4973,-1103,1033,70
6892,6556,5106,-899,962,-63
6190,6814,5185,-772,946,-174
5485,6582,5417,-412,860,-448
5261,6739,6002,-13,695,-682
5119,6881,6561,1069,264,-1333
5067,6932,6652,1483,-274,-1209
4991,6641,7008,1410,-882,-528
4993,5770,7005,1023,-946,-77
5372,5164,6833,794,-873,79
6181,5240,6759,547,-790,243
6652,5347,6152,35,-688,653
6775,5223,5498,-899,-495,1394
6817,5181,5504,-1458,-155,1613
6882,5117,5363,-1469,400,1069
6996,5602,5002,-1418,1122,296
6954,6384,5044,-1053,953,100
6535,6851,5147,-870,835,35
5775,6763,5236,-495,512,-17
5126,6872,5723,272,62,-334
4938,7060,5985,1126,-592,-534
5024,6974,6553,1258,-867,-391
5029,6523,6969,868,-728,-140
5067,5792,6932,475,-548,73
5540,5305,6694,160,-398,238
6466,5442,6556,-719,-242,961
6704,5295,6596,-1202,-9,1211
6902,5096,6521,-1315,813,502
7014,4984,5990,-1162,1129,33
6984,5014,5200,-1204,1252,-48
7014,5606,4984,-913,1118,-205
6874,6539,5125,-500,808,-308
6200,6703,5296,-233,688,-455
5366,6631,5600,407,711,-1118
5185,6813,5747,1143,183,-1326
5014,6984,5767,1450,-839,-611
4974,7025,6358,1323,-1209,-114
4997,6713,7000,1295,-1306,11
4975,5905,7024,835,-978,143
5216,5217,6783,605,-742,137
6112,5298,6700,334,-667,333
6699,5300,6132,-363,-653,1016
6844,5154,5970,-1209,-158,1367
6987,5012,6036,-1460,545,915
6968,5031,5344,-1362,1088,274
7024,5645,4974,-1245,1153,92
6967,6323,5032,-794,836,-42
6484,6795,5203,-634,709,-75
5680,6630,5369,-334,661,-327
5194,6804,6024,424,487,-911
5031,6967,5986,1315,-160,-1155
4972,7027,6320,1542,-909,-633
4976,6868,7023,1476,-1177,-299
4912,5992,7086,1122,-1036,-86
5138,5165,6860,798,-760,-38
6043,5157,6842,543,-640,97
6695,5304,6120,-181,-504,685
6786,5214,5649,-911,-523,1434
6808,5189,5458,-1367,-310,1677
6846,5152,5220,-1403,26,1377
6987,5542,5012,-1239,782,457
6952,6307,5047,-968,1009,-41
6407,6824,5174,-946,1064,-118
5743,6713,5285,-625,891,-266
5354,6645,5722,-299,767,-468
5124,6874,6592,588,424,-1012
5069,6929,6504,1449,-132,-1317
5054,6825,6944,1503,-817,-686
4945,6001,7053,1229,-999,-230
5136,5222,6863,901,-830,-71
5985,5151,6847,654,-728,74
6640,5359,6484,123,-458,335
6866,5132,5866,-906,-166,1072
6933,5065,5792,-1421,335,1086
6925,5074,5311,-1386,836,550
7051,5530,4948,-1346,1047,299
6990,6323,5009,-1047,769,278
6517,6841,5158,-671,614,57
5634,6711,5287,-325,553,-228
5268,6731,5986,308,596,-904
5208,6791,6438,1073,539,-1612
5174,6825,6689,1319,369,-1688
5093,6856,6905,1314,-167,-1147
4959,6281,7039,1243,-1034,-209
5114,5309,6885,1111,-1153,42
5916,5152,6846,842,-913,71
6567,5417,6582,394,-631,237
6806,5192,5840,-183,-461,644
6955,5043,5637,-1277,176,1101
6941,5057,5303,-1536,872,664
7092,5593,4907,-1425,1096,329
7011,6419,4987,-1145,818,327
6476,6883,5115,-761,557,204
5528,6734,5263,-227,449,-222
5175,6823,6055,466,411,-877
5090,6908,6309,1106,176,-1282
5117,6882,6645,1216,-156,-1060
5055,6495,6943,807,-224,-583
5053,5886,6946,459,-339,-120
5293,5326,6705,396,-628,232
5928,5214,6783,578,-767,189
6643,5356,6643,325,-444,119
6987,5011,6023,-435,152,283
7021,4977,5681,-1157,710,447
6964,5044,5034,-1218,908,310
7056,5848,4942,-983,852,131
6866,6647,5132,-606,587,19
6002,6733,5265,-191,452,-261
5301,6697,5711,514,550,-1064
5165,6833,5827,1198,144,-1342
5024,6975,5865,1397,-534,-863
5016,6983,6527,1212,-999,-213
5013,6578,6986,1198,-1108,-90
5032,5830,6966,686,-782,96
5364,5234,6765,586,-746,160
6193,5343,6656,354,-776,422
6686,5312,6176,-217,-772,989
6837,5162,5849,-1108,-293,1401
6991,5007,5934,-1531,470,1061
6964,5035,5248,-1441,1054,387
7045,5675,4953,-1290,1197,93
6954,6478,5044,-886,912,-26
6294,6842,5157,-689,761,-72
5482,6602,5396,-200,593,-393
5157,6843,6110,512,460,-972
5009,6991,6011,1444,-329,-1115
5008,6990,6478,1554,-967,-587
4968,6671,7032,1455,-1139,-316
4962,5830,7036,1034,-915,-119
5299,5158,6840,696,-712,16
6183,5249,6750,392,-585,193
6733,5265,6080,-347,-552,899
6826,5172,5808,-1198,-306,1504
6918,5081,5702,-1469,156,1313
6946,5052,5254,-1318,764,554
7051,5740,4948,-1258,1193,65
6939,6548,5061,-880,930,-50
6264,6850,5149,-737,851,-114
5461,6610,5388,-302,673,-371
5243,6756,6140,264,707,-971
5186,6811,6526,1135,409,-1544
5128,6870,6605,1463,-20,-1443
5067,6784,6932,1383,-730,-653
4977,5926,7021,1165,-1058,-107
5195,5198,6804,935,-894,-41
5986,5216,6782,583,-644,61
6674,5324,6451,38,-460,422
7000,4998,6131,-951,198,753
7036,4962,5778,-1425,974,451
6954,5045,5059,-1422,1154,268
7047,5828,4952,-983,974,9
6867,6641,5132,-522,643,-121
5953,6691,5307,-75,472,-397
5342,6655,5688,737,567,-1304
5177,6822,5761,1260,137,-1397
5011,6989,5830,1434,-732,-702
4982,7016,6533,1231,-1099,-132
4977,6607,7020,1188,-1211,23
4994,5791,7005,754,-894,140
5450,5191,6808,575,-759,184
6331,5355,6643,239,-742,503
6716,5282,6087,-287,-747,1034
6833,5165,5754,-1106,-332,1438
6961,5039,5764,-1455,327,1128
6932,5066,5152,-1391,1014,377
7032,5803,4967,-1227,1133,94
6905,6546,5095,-800,826,-26
6239,6807,5192,-689,801,-112
5496,6567,5431,-297,657,-360
5220,6778,6156,351,559,-910
5098,6900,6242,1321,16,-1337
5013,6985,6372,1518,-679,-839
4986,6737,7012,1429,-1106,-323
4948,5893,7051,1117,-988,-129
5200,5166,6833,864,-785,-79
6060,5193,6806,564,-614,50
6678,5321,6267,-48,-513,561
6878,5119,5809,-948,-278,1226
6981,5018,5757,-1493,371,1122
6943,5055,5189,-1464,879,585
7027,5738,4972,-1186,956,230
6915,6493,5084,-718,746,-28
6285,6803,5196,-589,757,-168
5443,6556,5462,-140,725,-585
5227,6771,6190,524,692,-1216
5185,6813,6313,1311,299,-1610
5068,6931,6343,1480,-290,-1190
5073,6858,6926,1370,-972,-398
4957,6057,7043,1154,-1125,-29
5134,5293,6865,950,-909,-41
5895,5175,6823,722,-753,31
6618,5381,6585,248,-564,316
6949,5049,5922,-606,-165,771
7007,4991,5823,-1419,652,767
6951,5047,5223,-1390,904,486
7049,5677,4950,-1262,982,280
6954,6458,5045,-745,684,61
6376,6825,5174,-512,622,-110
5420,6578,5488,44,510,-554
5229,6769,5987,979,421,-1400
5099,6899,6021,1467,-117,-1350
5003,6995,6276,1388,-728,-660
5000,6845,6998,1284,-1174,-110
4926,5971,7072,1090,-1117,27
5158,5157,6842,821,-833,12
6042,5182,6816,476,-606,130
6688,5310,6253,-110,-602,712
6840,5158,5670,-853,-497,1350
6844,5154,5448,-1300,-178,1478
6855,5155,5144,-1227,147,1080
7028,5637,4970,-1094,815,279
6922,6476,5077,-940,917,23
6352,6807,5191,-774,822,-48
5634,6656,5343,-423,695,-272
5184,6815,5895,233,345,-578
4953,7045,5937,1236,-489,-747
4979,7019,6558,1453,-1054,-399
4997,6591,7003,1268,-1066,-202
5007,5815,6992,621,-708,87
5491,5273,6725,357,-520,163
6454,5453,6544,-246,-582,828
6732,5268,6309,-996,-403,1399
6955,5043,6397,-1402,451,951
7005,4993,5882,-1370,1099,271
7009,4989,5138,-1271,1242,29
7068,5731,4931,-1183,1218,-35
6920,6618,5077,-810,866,-56
6232,6832,5166,-536,664,-128
5383,6615,5392,-143,602,-459
5149,6848,6158,612,418,-1030
5085,6912,6241,1314,-58,-1256
5022,6977,6509,1338,-577,-761
4999,6555,6999,1243,-948,-295
5023,5776,6974,721,-759,38
5418,5216,6783,615,-786,171
6230,5334,6664,396,-820,424
6675,5323,6172,-95,-844,939
6809,5189,5641,-933,-463,1396
6906,5093,5648,-1482,66,1416
6947,5051,5278,-1443,775,668
7048,5714,4950,-1342,1187,155
6945,6528,5054,-1004,974,30
6245,6861,5137,-810,859,-49
5509,6642,5356,-341,624,-283
5214,6783,6100,279,504,-783
5073,6926,6238,1314,-76,-1238
5035,6964,6465,1553,-752,-801
4977,6665,7021,1444,-1057,-387
4964,5843,7035,1118,-916,-202
5245,5179,6820,815,-669,-146
6062,5210,6789,479,-606,127
6697,5302,6239,-102,-590,692
6800,5199,5667,-943,-507,1450
6851,5148,5476,-1365,-232,1597
6918,5082,5262,-1386,275,1111
7040,5620,4958,-1325,1098,227
6962,6486,5037,-1022,1052,-30
6339,6865,5133,-903,960,-57
5576,6675,5323,-437,674,-237
5266,6733,6021,94,628,-722
5145,6854,6484,1030,323,-1353
5084,6915,6526,1480,-205,-1275
5040,6747,6959,1402,-894,-508
4961,5910,7039,1146,-1005,-141
5193,5173,6825,854,-820,-34
6030,5190,6808,510,-642,132
6660,5339,6295,-6,-577,583
6862,5137,5745,-842,-359,1201
6968,5031,5748,-1427,281,1146
6938,5062,5188,-1423,922,501
7013,5764,4986,-1236,1053,183
6910,6481,5089,-745,705,40
6391,6814,5186,-554,633,-79
5545,6648,5351,-252,573,-321
5182,6817,6049,443,427,-870
5052,6948,6145,1256,-110,-1146
5007,6993,6478,1333,-610,-723
5004,6645,6993,1177,-925,-252
4987,5850,7011,762,-786,24
5349,5210,6789,594,-673,79
6252,5349,6649,228,-622,394
6707,5293,6101,-411,-695,1106
6824,5175,5890,-1159,-299,1458
6980,5019,5918,-1436,385,1051
6964,5034,5256,-1368,1088,280
7031,5682,4968,-1254,1223,31
6937,6436,5060,-805,865,-60
6357,6806,5193,-686,809,-123
5605,6617,5383,-383,742,-359
5242,6755,6025,229,588,-817
5087,6912,6219,1260,21,-1281
5005,6993,6328,1554,-709,-845
5000,6800,6999,1458,-1100,-358
4932,5957,7067,1144,-997,-147
5149,5179,6851,855,-783,-72
6020,5173,6825,574,-590,16
6678,5321,6300,-42,-492,534
6859,5139,5779,-898,-358,1256
6945,5054,5680,-1453,185,1268
6950,5049,5253,-1432,708,724
7019,5696,4980,-1181,934,247
6917,6460,5082,-728,760,-32
6337,6803,5196,-645,785,-140
5530,6588,5411,-270,751,-481
5244,6756,6095,352,693,-1045
5161,6837,6305,1265,257,-1522
5046,6953,6324,1501,-354,-1147
5056,6847,6942,1399,-991,-408
4960,6046,7038,1125,-1088,-37
5138,5282,6860,866,-891,25
5946,5178,6820,684,-783,99
6614,5385,6428,141,-565,424
6854,5143,5791,-721,-363,1084
6958,5041,5808,-1493,319,1174
6958,5040,5368,-1494,927,567
7079,5547,4919,-1458,1186,272
7027,6389,4972,-1099,904,195
6496,6901,5098,-812,698,114
5575,6773,5224,-281,393,-112
5126,6872,5919,579,117,-696
5071,6927,6190,1137,-119,-1018
5104,6895,6676,1073,-189,-884
5040,6513,6958,825,-280,-545
5102,5862,6896,387,-387,0
5506,5369,6629,46,-611,565
6299,5400,6598,-237,-680,917
6698,5301,6420,-873,-345,1218
6944,5055,6591,-1299,736,563
7027,4972,5977,-1286,1328,-42
7015,4984,5268,-1318,1362,-44
7031,5618,4969,-989,1213,-224
6919,6486,5079,-651,966,-315
6261,6745,5253,-437,682,-245
5426,6573,5525,145,686,-831
5196,6803,5790,1055,212,-1267
5039,6960,5715,1493,-872,-621
4996,7002,6348,1403,-1259,-144
5050,6793,6949,1352,-1258,-94
4973,6045,7026,877,-947,70
5178,5297,6820,609,-683,74
5972,5269,6730,396,-625,229
6684,5315,6362,-214,-528,742
6934,5066,6245,-1171,165,1006
7014,4985,5893,-1441,906,535
7018,4979,5233,-1317,1071,246
7078,5638,4920,-1203,1121,82
6967,6535,5031,-795,793,2
6299,6836,5163,-468,534,-66
5370,6629,5400,24,547,-571
5167,6831,6049,793,422,-1215
5109,6891,6246,1260,55,-1315
5040,6959,6512,1269,-376,-893
5033,6621,6966,1188,-885,-303
5049,5849,6950,693,-770,77
5304,5233,6766,611,-741,130
6061,5256,6742,536,-799,263
6666,5332,6370,106,-627,521
6898,5099,5763,-763,-251,1014
6997,5003,5740,-1434,391,1043
6951,5046,5128,-1430,907,523
7057,5799,4941,-1190,1020,170
6920,6608,5079,-791,821,-30
6150,6839,5160,-573,727,-154
5382,6616,5539,-61,655,-594
5185,6813,6241,672,538,-1210
5105,6894,6264,1450,-1,-1449
5036,6962,6461,1517,-646,-871
4982,6594,7016,1402,-1080,-322
5011,5778,6988,1106,-908,-198
5307,5197,6801,721,-699,-22
6073,5193,6805,555,-703,148
6662,5336,6256,57,-570,513
6799,5200,5554,-660,-591,1251
6793,5206,5318,-1267,-427,1694
6858,5190,5141,-1373,-69,1442
6999,5516,4999,-1308,786,522
6953,6423,5045,-1058,1097,-39
6383,6850,5149,-1014,1075,-61
5672,6696,5302,-537,734,-197
5285,6713,5927,-11,522,-511
5079,6919,6305,1034,58,-1092
5024,6975,6396,1542,-715,-827
5011,6746,6988,1496,-1101,-395
4931,5938,7067,1202,-996,-206
5168,5162,6838,895,-687,-208
6054,5159,6840,392,-417,25
6787,5212,6385,-333,-225,558
6954,5045,6124,-1071,211,860
6980,5018,5702,-1067,478,589
6863,5214,5135,-759,559,200
6893,5877,5104,-392,524,-132
6652,6615,5346,77,310,-387
5899,6781,5218,492,-21,-471
5410,6933,5064,858,-522,-336
5097,6901,5409,908,-887,-21
5001,6997,5990,623,-629,6
5155,6843,6533,184,-322,138
5342,6368,6656,-401,-285,686
5356,5708,6643,-713,-304,1017
5686,5149,6849,-545,253,292
6124,5022,6976,-699,1145,-446
6617,4989,7009,-787,1447,-660
7100,4899,6657,-728,1560,-832
7144,4855,5840,-455,1157,-702
6958,5219,5040,-471,1051,-580
6772,6016,5226,-118,702,-584
6274,6475,5524,744,484,-1228
5875,6773,5224,990,8,-998
5553,6906,5093,1077,-1190,113
5136,6861,5181,1113,-1540,427
4876,7122,5669,958,-1384,426
4895,7104,6461,796,-1192,396
4963,6540,7036,513,-1074,561
5255,5669,6743,-55,-783,838
5988,5421,6577,-545,-759,1304
6474,5434,6566,-895,-607,1502
6805,5193,6725,-1174,176,998
6925,5074,6469,-1223,1292,-69
7052,4947,5874,-1115,1312,-197
6959,5040,5157,-1178,1322,-144
7008,5772,4991,-774,1129,-355
6816,6591,5183,-558,902,-344
6122,6681,5318,-439,846,-407
5403,6596,5534,78,764,-842
5145,6853,5738,1105,4,-1109
5044,6953,5824,1566,-1123,-443
4993,7006,6411,1481,-1321,-160
5018,6753,6982,1427,-1284,-143
4967,5969,7032,919,-999,80
5243,5205,6794,642,-705,63
6094,5289,6710,355,-569,214
6748,5250,6251,-380,-487,867
6962,5037,6278,-1320,293,1027
6981,5018,5817,-1441,883,558
6979,5020,5175,-1214,955,259
7060,5747,4938,-1148,1072,76
6936,6551,5062,-715,770,-55
6260,6833,5166,-518,680,-162
5386,6613,5575,60,592,-652
5248,6750,6165,874,601,-1475
5207,6791,6388,1320,394,-1714
5098,6900,6448,1399,-82,-1317
5065,6842,6933,1301,-949,-352
4991,5984,7008,1104,-1173,69
5196,5269,6803,884,-985,101
5970,5230,6768,661,-871,210
6582,5417,6480,285,-790,505
6813,5185,5711,-369,-507,876
6941,5059,5682,-1381,151,1230
6956,5043,5347,-1543,890,653
7091,5568,4907,-1487,1207,280
7030,6410,4968,-1183,921,262
6474,6892,5108,-855,546,309
5568,6826,5172,-236,225,11
5043,6955,5713,561,-148,-413
4963,7036,6029,1103,-681,-422
5082,6916,6647,943,-611,-332
5060,6364,6938,455,-358,-97
5259,5527,6741,-200,45,155
5795,5182,6817,-802,439,363
6255,5130,6869,-893,594,299
6772,5203,6795,-677,528,149
6830,5168,6248,-294,225,69
6649,5350,5761,453,-348,-105
6703,5619,5296,657,-545,-112
6854,6120,5146,306,-403,97
7090,6703,4908,-314,-371,685
6687,7140,4859,-1287,-349,1636
5835,7082,4917,-1244,-157,1401
5192,6807,5562,-1141,395,746
5261,6738,6355,-789,764,25
5314,6349,6684,-678,891,-213
5160,5870,6837,-318,836,-518
4929,5512,7069,293,911,-1204
5055,4947,7051,1144,770,-1914
5827,4831,7167,1193,531,-1724
6699,5300,6690,1223,-356,-867
6781,5218,5830,1120,-1153,33
6628,5536,5371,924,-1169,245
6687,5999,5311,882,-1130,248
6726,6347,5272,600,-992,392
6857,6810,5142,158,-881,723
6686,7173,4825,-779,-783,1562
5821,7175,4825,-1117,-739,1856
5101,6897,5321,-1352,-187,1539
5260,6739,6575,-1023,700,323
5276,6201,6721,-936,1055,-119
5257,5695,6742,-1023,1080,-57
5345,5254,6745,-859,988,-129
5734,5066,6932,-627,946,-319
6249,4886,7111,-386,897,-511
6772,5016,6983,15,913,-928
6903,5096,6425,1038,538,-1576
6680,5318,5471,1091,151,-1242
6718,6040,5280,754,-226,-528
6729,6640,5270,530,-802,272
6643,6852,5146,361,-1120,759
6465,7126,4872,-124,-1123,1247
5810,7209,4788,-780,-1104,1884
5005,6993,5160,-1166,-658,1824
5144,6855,6554,-1180,87,1093
5156,6033,6843,-896,807,89
5331,5470,6668,-1155,1135,20
5589,5259,6739,-1234,1116,118
6014,5175,6824,-1053,1005,48
6433,5109,6889,-811,812,-1
6960,5038,6746,-590,854,-264
6978,5021,6110,-396,831,-435
6762,5237,5800,286,631,-917
6612,5633,5387,841,734,-1575
6603,6274,5395,567,487,-1054
6591,7012,4987,242,-521,279
6459,7134,4864,-290,-1379,1669
5830,7236,4762,-649,-1503,2152
4971,7027,5077,-862,-1142,2004
4967,7031,6214,-734,-619,1353
5140,6393,6858,-415,-279,694
5197,5266,6802,-693,726,-33
5609,5172,6826,-1214,1412,-198
6058,5143,6856,-1350,1433,-83
6509,5147,6852,-1221,1140,81
6937,5062,6679,-827,868,-41
7003,4996,6073,-415,603,-188
6650,5348,5747,521,240,-761
6646,5963,5353,1206,-79,-1127
6655,6620,5343,1060,-436,-624
6357,6782,5217,719,-824,105
5991,6917,5080,498,-874,376
5515,7046,4953,328,-1007,679
5069,6931,5126,-34,-1044,1078
5043,6956,5782,-1016,-700,1716
5278,6720,6610,-864,-693,1557
5358,5921,6640,-787,-372,1159
5465,5165,6833,-923,631,292
5757,5135,6864,-866,1288,-422
6214,5031,6968,-818,1291,-473
6810,5032,6965,-731,1222,-491
7056,4942,6457,-388,913,-525
6870,5129,5984,425,626,-1051
6635,5513,5362,926,559,-1485
6611,6299,5387,914,274,-1188
6398,6854,5143,597,-757,160
6155,6869,5129,515,-1417,902
5750,6973,5026,684,-1562,878
5137,7039,4960,728,-1563,835
4841,7158,5601,562,-1393,831
4931,7068,6512,244,-1034,790
4990,6470,7008,597,-992,395
5230,5714,6769,304,-685,381
5986,5491,6507,-438,-549,987
6388,5333,6665,-1041,-270,1311
6704,5124,6874,-1295,994,301
6910,5088,6581,-1322,1504,-182
7130,4868,5997,-1041,1245,-204
7008,4992,5241,-942,1210,-268
7034,5797,4965,-591,1126,-535
6704,6597,5295,-122,828,-706
5822,6602,5397,277,832,-1109
5388,6611,5585,898,642,-1540
5155,6843,5519,1305,-131,-1174
5044,6953,5755,1362,-1163,-199
4970,7028,6376,1229,-1316,87
4990,6769,7010,1333,-1464,131
4950,5886,7048,995,-1193,198
5292,5186,6812,792,-773,-19
6096,5274,6725,417,-564,147
6782,5216,6321,-356,-293,649
6993,5005,6302,-1345,695,650
7002,4996,5762,-1539,1151,388
6970,5028,5092,-1485,1181,304
7047,5775,4951,-1121,1011,110
6916,6556,5083,-619,669,-50
6105,6774,5224,-276,422,-146
5331,6669,5656,586,296,-882
5195,6804,5784,1160,109,-1269
5022,6976,5886,1265,-432,-833
4983,7016,6528,1129,-881,-248
5041,6578,6957,949,-959,10
5046,5850,6952,517,-719,202
5455,5312,6687,340,-659,319
6315,5404,6594,-84,-690,774
6742,5257,6364,-846,-298,1144
6942,5056,6479,-1415,846,569
7009,4989,5915,-1410,1331,79
7028,4970,5228,-1392,1354,38
7049,5622,4948,-1216,1240,-24
6945,6502,5054,-789,849,-60
6342,6801,5198,-504,539,-35
5427,6648,5351,44,332,-376
5045,6953,5479,1031,-380,-651
4992,7007,5920,1417,-1063,-354
4937,7063,6524,1313,-1094,-219
4983,6626,7016,1182,-1037,-145
4993,5803,7006,612,-719,107
5505,5242,6757,380,-561,181
6510,5466,6533,-244,-544,788
6676,5322,6153,-1014,-581,1595
6834,5165,6175,-1423,-15,1438
6968,5031,6009,-1419,858,561
6973,5025,5304,-1292,1173,119
7022,5585,4976,-1231,1242,-11
6959,6374,5040,-878,966,-88
6376,6818,5179,-722,847,-125
5594,6623,5375,-294,703,-409
5253,6745,6012,327,613,-940
5114,6885,6113,1329,-1,-1328
5034,6964,6229,1582,-808,-774
5076,6880,6924,1479,-1144,-335
4952,6121,7047,1327,-1118,-209
5090,5382,6908,869,-772,-97
5798,5151,6846,629,-682,53
6621,5377,6537,94,-434,340
6886,5112,6057,-921,-38,959
6986,5013,5954,-1421,593,828
6972,5026,5379,-1355,856,499
7054,5482,4945,-1328,1052,276
7015,6319,4984,-903,798,105
6544,6845,5154,-655,587,68
5605,6694,5305,-178,446,-268
5161,6837,5788,777,175,-952
5023,6977,5890,1317,-376,-941
5015,6983,6411,1273,-742,-531
5043,6737,6956,1093,-859,-234
5000,5972,6998,675,-724,49
5281,5294,6718,393,-584,191
6305,5424,6575,-154,-584,738
6632,5366,6278,-982,-558,1540
6836,5162,6385,-1406,102,1304
6957,5041,6161,-1426,1083,343
7010,4988,5493,-1291,1335,-44
7022,5365,4977,-1352,1398,-46
7024,6205,4975,-977,1078,-101
6627,6810,5188,-707,662,45
5816,6718,5281,-364,553,-189
5104,6894,5576,440,40,-480
4981,7018,5810,1342,-995,-347
4972,7027,6397,1445,-1101,-344
5033,6805,6964,1253,-970,-283
4978,6046,7021,743,-724,-19
5227,5305,6772,411,-433,22
6247,5317,6681,-210,-138,348
6714,5285,6676,-1036,89,947
6938,5061,6539,-1152,596,556
7028,4970,5950,-1012,850,162
6962,5036,5274,-811,800,11
6958,5642,5040,-520,717,-197
6638,6359,5361,56,626,-682
5947,6505,5494,783,588,-1371
5572,6622,5377,1059,342,-1401
5270,6866,5132,1257,-889,-368
5089,6909,5467,1265,-1530,265
4895,7104,6031,1084,-1388,304
4948,7050,6801,1268,-1500,232
4907,6191,7092,1064,-1374,310
5085,5367,6913,754,-843,89
5821,5188,6811,654,-718,64
6633,5366,6548,44,-411,367
6940,5059,6303,-1046,314,732
6966,5033,5996,-1505,1049,456
6983,5015,5407,-1416,1049,367
7006,5435,4993,-1253,970,283
6987,6204,5011,-728,713,15
6604,6773,5224,-514,580,-66
5606,6598,5401,0,629,-629
5255,6743,5867,781,590,-1371
5084,6913,5886,1380,0,-1380
4964,7035,6133,1512,-835,-677
5019,6979,6938,1417,-1204,-213
4934,6173,7064,1148,-1159,11
5108,5326,6890,809,-873,64
5859,5179,6820,569,-725,156
6627,5372,6451,49,-595,546
6868,5130,5962,-950,-207,1157
6979,5020,5964,-1587,617,970
6958,5039,5425,-1529,1045,484
7063,5445,4935,-1463,1186,277
7044,6280,4954,-1061,877,184
6608,6890,5109,-782,704,78
5685,6797,5202,-325,404,-79
5127,6871,5827,551,93,-644
5062,6935,6073,1150,-196,-954
5087,6911,6588,1061,-232,-829
5059,6657,6940,917,-356,-561
5048,5993,6949,561,-542,-19
5284,5341,6714,358,-571,213
6060,5293,6705,112,-482,370
6788,5210,6575,-590,-33,623
6963,5035,6472,-1226,893,333
7052,4946,5893,-1273,1170,103
6957,5042,5218,-1181,1118,63
6993,5684,5005,-681,849,-168
6811,6417,5188,-438,626,-188
5968,6537,5461,179,511,-690
5463,6536,5489,1038,462,-1500
5228,6851,5149,1397,-479,-918
5112,6886,5537,1378,-1468,90
4961,7037,6062,1249,-1422,173
4985,7014,6786,1339,-1443,104
4949,6333,7050,1071,-1295,224
5084,5460,6914,690,-795,105
5701,5214,6784,506,-629,123
6591,5329,6669,31,-418,387
7000,4998,6526,-1011,516,495
7009,4990,5977,-1540,1251,289
7041,4957,5395,-1526,1208,318
7032,5425,4967,-1557,1215,342
7023,6203,4975,-894,746,148
6577,6833,5166,-452,465,-13
5552,6671,5327,107,357,-464
5182,6816,5680,895,200,-1095
5048,6951,5856,1229,-323,-906
4994,7005,6345,1112,-663,-449
5075,6768,6923,1050,-828,-222
5034,6041,6964,581,-640,59
5228,5377,6771,374,-492,118
5922,5209,6788,234,-364,130
6784,5215,6759,-337,52,285
6978,5021,6427,-1041,817,224
7003,4996,5840,-1060,849,211
6909,5090,5247,-803,599,204
6950,5678,5048,-518,551,-33
6814,6386,5183,-329,442,-113
6314,6820,5178,-89,113,-24
5487,6878,5120,369,-286,-83
5103,6896,5265,996,-938,-58
4967,7032,5770,1088,-1051,-37
5001,6998,6427,840,-792,-48
5106,6660,6893,581,-659,78
5238,5955,6761,204,-560,356
5710,5471,6528,-446,-451,897
6164,5166,6833,-897,90,807
6593,5075,6923,-1107,1217,-110
6950,5048,6743,-1272,1587,-315
7173,4825,6153,-1178,1512,-334
7077,4922,5329,-973,1301,-328
7061,5701,4938,-785,1258,-473
6872,6513,5127,-506,729,-223
6137,6678,5321,-221,660,-439
5340,6658,5535,471,424,-895
5091,6907,5355,1302,-483,-819
5052,6948,5781,1444,-1244,-200
4966,7033,6382,1289,-1224,-65
5032,6776,6967,1203,-1200,-3
4988,5970,7011,696,-909,213
5309,5249,6750,449,-707,258
6339,5411,6588,-113,-659,772
6663,5335,6227,-928,-596,1524
6851,5148,6299,-1403,79,1324
6965,5034,6112,-1443,1052,391
6988,5010,5390,-1347,1354,-7
7021,5478,4977,-1357,1365,-8
6992,6262,5006,-924,977,-53
6555,6802,5195,-668,687,-19
5731,6673,5326,-272,469,-197
5090,6910,5510,701,-163,-538
5000,7000,5787,1484,-1231,-253
4938,7060,6325,1543,-1312,-231
5012,6878,6987,1463,-1257,-206
4942,6065,7056,976,-935,-41
5158,5294,6840,548,-485,-63
6162,5248,6750,-19,-218,237
6737,5261,6555,-894,-40,934
6938,5061,6408,-1141,401,740
6981,5017,5863,-1005,691,314
6895,5102,5232,-730,612,118
6933,5686,5066,-482,552,-70
6724,6400,5275,-35,406,-371
6149,6723,5275,263,244,-507
5494,6865,5134,694,-229,-465
5117,6881,5266,1007,-990,-17
4971,7027,5753,994,-1005,11
4930,7069,6429,941,-987,46
5059,6682,6939,803,-933,130
5116,5898,6882,503,-707,204
5582,5438,6561,-17,-462,479
6285,5247,6752,-589,-94,683
6650,5079,6920,-1095,1078,17
6951,5048,6711,-1265,1581,-316
7162,4837,6111,-1221,1559,-338
7056,4943,5319,-1047,1284,-237
7056,5704,4941,-659,1051,-392
6866,6500,5132,-526,737,-211
6128,6661,5338,-269,693,-424
5374,6623,5620,402,670,-1072
5190,6809,5655,1245,64,-1309
5059,6941,5718,1524,-1051,-473
4993,7005,6299,1383,-1282,-101
5032,6864,6968,1334,-1272,-62
4962,6066,7036,952,-1064,112
5181,5265,6818,662,-785,123
5975,5241,6757,468,-727,259
6666,5331,6338,-129,-623,752
6890,5108,6097,-1182,-18,1200
6978,5020,5944,-1621,861,760
6974,5024,5356,-1527,1166,361
7075,5525,4924,-1532,1284,248
7041,6356,4958,-1078,915,163
6523,6903,5095,-778,674,104
5578,6813,5187,-231,273,-42
5084,6916,5695,750,-189,-561
5017,6982,5977,1210,-571,-639
5054,6946,6541,1064,-573,-491
5054,6590,6946,897,-622,-275
5068,5848,6930,466,-466,0
5514,5241,6758,-11,-143,154
6352,5179,6819,-536,204,332
6766,5166,6832,-968,676,292
6923,5076,6369,-908,772,136
6956,5042,5776,-621,560,61
6801,5198,5219,-416,433,-17
6778,5831,5220,-24,327,-303
6690,6527,5308,228,162,-390
6221,6923,5076,268,-328,60
5602,6944,5055,700,-987,287
5148,6943,5055,952,-1262,310
4846,7152,5595,937,-1514,577
4907,7091,6422,985,-1414,429
5020,6635,6980,733,-1113,380
5159,5808,6839,344,-746,402
5885,5516,6483,-367,-495,862
6292,5347,6652,-1048,-206,1254
6579,5144,6854,-1234,970,264
6829,5171,6681,-1252,1528,-276
7052,4947,6204,-1025,1346,-321
7082,4916,5496,-1059,1327,-268
7021,5410,4978,-814,1229,-415
6954,6325,5043,-561,900,-339
6421,6721,5277,-428,673,-245
5578,6622,5376,13,735,-748
5160,6838,5695,811,228,-1039
5003,6997,5731,1473,-939,-534
4951,7047,6281,1414,-1304,-110
5009,6877,6989,1506,-1386,-120
4940,6062,7059,1038,-1018,-20
5157,5273,6842,709,-702,-7
5994,5255,6743,371,-528,157
6705,5292,6281,-365,-477,842
6944,5054,6364,-1330,319,1011
6996,5002,5969,-1542,1049,493
7007,4991,5304,-1441,1127,314
7012,5556,4986,-1316,1092,224
6956,6316,5042,-741,745,-4
6475,6795,5204,-543,664,-121
5503,6571,5427,9,653,-662
5276,6723,5977,787,631,-1418
5156,6842,5992,1430,48,-1478
5040,6959,6072,1537,-782,-755
5067,6932,6774,1421,-1194,-227
4947,6294,7051,1410,-1274,-136
5036,5537,6964,1016,-898,-118
5604,5137,6862,763,-697,-66
6432,5295,6704,280,-405,125
6980,5018,6383,-754,313,441
7009,4989,6000,-1452,1054,398
7024,4976,5425,-1493,1051,442
7012,5405,4987,-1337,1018,319
6992,6197,5007,-917,727,190
6641,6787,5211,-452,456,-4
5636,6695,5303,99,358,-457
5196,6802,5492,1029,-29,-1000
5030,6968,5666,1288,-625,-663
4993,7005,6283,1177,-846,-331
5089,6865,6910,950,-807,-143
4999,6127,6999,583,-722,139
5252,5430,6745,335,-571,236
6172,5433,6565,-189,-507,696
6611,5388,6483,-1020,-421,1441
6887,5111,6747,-1439,600,839
6963,5036,6241,-1383,1396,-13
7065,4933,5643,-1334,1415,-81
7001,5189,4997,-1370,1443,-73
7056,6074,4943,-1000,1175,-175
6741,6819,5180,-654,695,-41
5883,6726,5273,-380,527,-147
5125,6874,5556,477,5,-482
5003,6995,5742,1377,-1029,-348
4961,7037,6272,1491,-1174,-317
5037,6956,6962,1365,-1095,-270
4962,6145,7037,974,-883,-91
5154,5404,6845,475,-503,28
6126,5318,6680,-77,-378,455
6617,5381,6345,-935,-436,1371
6794,5206,6250,-1233,-150,1383
6977,5021,6218,-1377,676,701
7011,4987,5537,-1252,1158,94
7003,5324,4995,-1310,1286,24
7011,6120,4988,-901,967,-66
6697,6784,5214,-677,759,-82
5886,6701,5298,-442,675,-233
5273,6725,5767,235,477,-712
5015,6984,5743,1319,-374,-945
4997,7002,6166,1630,-1175,-455
5004,6994,6833,1560,-1262,-298
4929,6302,7071,1576,-1226,-350
5020,5529,6978,974,-688,-286
5590,5131,6867,658,-584,-74
6569,5334,6665,128,-435,307
6819,5178,5965,-743,-318,1061
6915,5084,5889,-1367,168,1199
6957,5041,5567,-1419,608,811
6998,5289,5000,-1301,885,416
7017,6083,4982,-1067,820,247
6823,6783,5175,-777,615,162
6032,6841,5157,-539,591,-52
5302,6696,5612,3,479,-482
5075,6923,6125,897,204,-1101
4973,7025,6220,1469,-447,-1022
5102,6897,6859,1370,-803,-567
4975,6226,7023,982,-773,-209
5077,5461,6920,709,-643,-66
5653,5166,6833,582,-545,-37
6572,5224,6774,53,-178,125
7003,4995,6485,-965,640,325
6994,5006,5912,-1354,1010,344
6949,5049,5338,-1084,691,393
6971,5553,5027,-765,623,142
6891,6286,5108,-438,463,-25
6364,6789,5209,-11,163,-152
5519,6825,5174,466,-132,-334
5130,6868,5227,991,-738,-253
5048,6951,5790,948,-781,-167
5037,6961,6383,627,-502,-125
5127,6720,6872,476,-493,17
5173,6057,6826,245,-508,263
5352,5327,6670,-69,-258,327
6032,5071,6928,-297,284,13
6595,5083,6916,-952,1055,-103
6951,5047,6734,-1116,1219,-103
7114,4884,6079,-1001,1248,-247
6968,5031,5348,-923,1108,-185
6929,5613,5070,-517,877,-360
6608,6303,5391,61,650,-711
6050,6547,5451,875,384,-1259
5680,6905,5093,1082,-438,-644
5460,6847,5151,1198,-1473,275
5096,6902,5294,1075,-1569,494
4829,7169,5870,924,-1460,536
4915,7084,6718,978,-1453,475
4914,6299,7086,904,-1300,396
5095,5475,6904,664,-732,68
5750,5254,6744,436,-632,196
6644,5346,6653,-118,-414,532
6982,5017,6551,-1106,510,596
7002,4998,6016,-1476,1179,297
7042,4957,5418,-1401,1137,264
7049,5413,4949,-1291,1122,169
7029,6253,4970,-779,776,3
6496,6820,5178,-422,535,-113
5494,6622,5376,79,570,-649
5218,6780,5886,877,418,-1295
5093,6905,5994,1335,-89,-1246
4993,7006,6236,1288,-634,-654
5042,6853,6958,1218,-1018,-200
4993,6046,7005,875,-894,19
5175,5366,6824,607,-676,69
5852,5241,6758,511,-626,115
6663,5336,6563,-29,-405,434
7003,4996,6407,-1078,456,622
7024,4974,5936,-1519,1172,347
7012,4987,5267,-1544,1205,339
7012,5580,4987,-1154,965,189
6924,6342,5074,-686,659,27
6394,6717,5280,-398,481,-83
5417,6612,5387,352,334,-686
5123,6875,5294,1194,-348,-846
5020,6980,5687,1455,-1201,-254
4917,7080,6283,1375,-1239,-136
5058,6874,6941,1160,-1095,-65
4993,6049,7006,642,-865,223
5330,5329,6669,239,-626,387
6340,5464,6534,-368,-626,994
6644,5355,6454,-1090,-386,1476
6879,5120,6617,-1548,816,732
6942,5056,6198,-1414,1399,15
7045,4953,5581,-1285,1303,-18
6987,5272,5012,-1266,1345,-79
7022,6146,4977,-910,1101,-191
6690,6783,5215,-688,695,-7
5914,6754,5246,-391,563,-172
5103,6896,5450,456,-91,-365
4991,7008,5730,1376,-1130,-246
4947,7051,6291,1496,-1197,-299
5054,6909,6944,1341,-1086,-255
4969,6131,7030,779,-816,37
5206,5375,6793,464,-519,55
6233,5336,6662,-237,-215,452
6661,5337,6606,-1115,-58,1173
6888,5111,6570,-1273,451,822
6999,5000,6071,-1147,923,224
7043,4955,5394,-1088,1076,12
6997,5480,5001,-937,1048,-111
6942,6290,5056,-519,815,-296
6296,6667,5331,-154,618,-464
5442,6556,5545,479,683,-1162
5229,6768,5545,1170,145,-1315
5073,6926,5543,1527,-1146,-381
4981,7018,6122,1399,-1430,31
4997,7002,6843,1405,-1416,11
4946,6282,7053,1108,-1218,110
5089,5436,6908,741,-806,65
5757,5233,6765,464,-513,49
6660,5337,6609,-198,-320,518
6989,5010,6594,-1138,561,577
7035,4964,6052,-1476,1247,229
7072,4927,5369,-1453,1290,163
7038,5457,4960,-1233,1142,91
6996,6295,5002,-677,740,-63
6431,6783,5217,-396,476,-80
5420,6597,5401,278,292,-570
5176,6823,5563,1097,-26,-1071
5028,6971,5750,1315,-684,-631
4964,7034,6341,1144,-871,-273
5033,6824,6966,1146,-1022,-124
4991,6012,7008,697,-805,108
5257,5316,6741,426,-639,213
6140,5371,6628,127,-692,565
6678,5321,6197,-594,-639,1233
6835,5163,6267,-1332,26,1306
6947,5052,6126,-1503,1035,468
6984,5016,5498,-1397,1264,133
7003,5362,4995,-1399,1296,103
7009,6139,4989,-990,971,19
6716,6776,5223,-800,684,116
5943,6756,5243,-424,514,-90
5144,6854,5435,339,12,-351
4965,7034,5688,1331,-1081,-250
4947,7051,6283,1565,-1271,-294
5083,6889,6916,1254,-957,-297
4988,6157,7011,710,-729,19
5190,5402,6808,482,-490,8
6109,5327,6670,-121,-248,369
6692,5261,6737,-993,14,979
6919,5080,6605,-1285,826,459
6999,5001,6027,-1164,956,208
6989,5009,5388,-854,757,97
6971,5515,5027,-645,781,-136
6796,6265,5203,-261,671,-410
6070,6544,5454,308,641,-949
5568,6598,5400,976,432,-1408
5239,6901,5099,1324,-738,-586
5083,6916,5459,1444,-1615,171
4911,7089,5990,1336,-1522,186
4928,7070,6750,1431,-1593,162
4895,6306,7103,1177,-1459,282
5062,5396,6936,911,-839,-72
5704,5176,6822,547,-512,-35
6677,5247,6752,-105,-151,256
6989,5010,6492,-1106,767,339
7006,4993,5913,-1402,1113,289
6949,5050,5315,-1194,852,342
6988,5541,5011,-782,659,123
6896,6274,5103,-398,518,-120
6229,6707,5291,35,338,-373
5472,6590,5409,872,185,-1057
5258,6741,5487,1155,-5,-1150
5048,6952,5583,1148,-640,-508
4950,7048,6228,1000,-999,-1
5078,6902,6920,1070,-1132,62
5010,6133,6988,703,-947,244
5227,5431,6772,461,-684,223
6015,5387,6611,90,-624,534
6697,5301,6517,-636,-301,937
6920,5079,6657,-1422,1077,345
7007,4991,6181,-1553,1616,-63
7089,4910,5532,-1548,1529,19
6992,5307,5006,-1408,1377,31
7001,6097,4999,-904,944,-40
6662,6753,5247,-464,565,-101
5713,6613,5387,16,547,-563
5210,6790,5553,862,246,-1108
5004,6994,5578,1469,-935,-534
4940,7059,6101,1487,-1328,-159
4951,7047,6900,1444,-1371,-73
4886,6229,7112,1165,-1178,13
5064,5344,6934,858,-738,-120
5809,5151,6846,488,-525,37
6663,5336,6430,-106,-518,624
6868,5131,5988,-1001,-270,1271
6967,5031,5883,-1456,358,1098
6953,5046,5373,-1390,763,627
7031,5524,4968,-1287,961,326
6983,6316,5016,-866,750,116
6545,6817,5183,-651,679,-28
5659,6663,5336,-292,637,-345
5235,6763,5972,391,572,-963
5080,6919,6018,1345,-56,-1289
5000,6999,6224,1555,-789,-766
5045,6911,6953,1465,-1135,-330
4941,6095,7057,1229,-1076,-153
5115,5367,6883,876,-701,-175
5784,5190,6808,542,-563,21
6667,5331,6632,6,-384,378
6945,5054,6288,-1042,310,732
6976,5022,5908,-1421,881,540
6977,5022,5342,-1352,910,442
7027,5520,4971,-1297,1000,297
6983,6301,5016,-773,693,80
6560,6797,5202,-523,493,30
5590,6721,5277,20,303,-323
5117,6882,5441,980,-229,-751
5017,6981,5802,1262,-817,-445
5025,6973,6411,1030,-718,-312
5086,6719,6914,700,-606,-94
5111,6010,6887,354,-536,182
5470,5363,6635,-94,-385,479
6265,5295,6704,-764,-23,787
6627,5122,6876,-1106,615,491
6881,5117,6635,-1209,1183,26
7067,4932,6115,-1075,1206,-131
7040,4959,5380,-1186,1311,-125
6980,5510,5017,-1023,1182,-159
6904,6298,5094,-578,825,-247
6269,6616,5382,-136,571,-435
5455,6544,5497,610,523,-1133
5144,6854,5172,1284,-394,-890
5076,6922,5517,1516,-1533,17
4932,7066,6053,1425,-1520,95
4977,7021,6799,1361,-1431,70
4931,6290,7068,1016,-1253,237
5097,5435,6902,692,-732,40
5801,5232,6766,425,-608,183
6620,5378,6459,-176,-594,770
6878,5120,6240,-1082,-76,1158
7010,4988,6100,-1518,911,607
7024,4974,5441,-1452,1228,224
7041,5400,4958,-1418,1262,156
7032,6223,4967,-884,873,11
6607,6836,5162,-605,653,-48
5691,6692,5306,-290,592,-302
5235,6763,5999,427,551,-978
5127,6871,6130,1278,145,-1423
5013,6985,6196,1500,-455,-1045
5070,6928,6879,1419,-1020,-399
4938,6172,7061,1400,-1130,-270
5078,5430,6921,969,-708,-261
5658,5116,6882,723,-616,-107
6542,5271,6727,266,-379,113
6928,5071,6037,-518,-8,526
7015,4983,5906,-1251,531,720
6932,5066,5304,-1375,798,577
6971,5563,5027,-1192,732,460
6965,6285,5033,-764,459,305
6682,6919,5079,-563,201,362
5861,6932,5066,-350,80,270
5157,6842,5475,192,-54,-138
5057,6942,6124,758,-120,-638
5152,6847,6695,869,-9,-860
5043,6321,6955,669,220,-889
5019,5677,6980,365,445,-810
5307,5234,6765,-6,354,-348
5860,5374,6624,24,-389,365
6299,5365,6634,338,-932,594
6668,5331,6265,234,-478,244
7048,4951,5935,-764,417,347
7001,4998,5495,-1586,1389,197
7057,5315,4941,-1744,1524,220
7091,6161,4906,-1368,1144,224
6744,6901,5097,-1023,734,289
5893,6912,5086,-476,373,103
5100,6899,5551,363,-86,-277
4999,7000,5906,1094,-487,-607
5042,6957,6461,1119,-611,-508
5090,6668,6908,976,-604,-372
5021,5933,6978,539,-397,-142
5291,5161,6838,127,59,-186
6122,5032,6967,-340,458,-118
6674,5119,6880,-868,747,121
6931,5067,6459,-703,588,115
6839,5160,5812,-187,169,18
6599,5600,5400,624,-398,-226
6741,6125,5257,904,-690,-214
6732,6647,5266,619,-678,59
6417,6898,5099,400,-809,409
6085,7130,4869,47,-909,862
5526,7139,4860,-356,-1203,1559
4996,7001,5388,-953,-1084,2037
5113,6885,6281,-642,-862,1504
5300,6357,6698,-420,-473,893
5187,5300,6811,-499,407,92
5490,5108,6891,-517,1441,-924
5796,4994,7004,-662,1810,-1148
6386,4842,7157,-685,1781,-1096
7093,4906,6863,-561,1568,-1007
7163,4835,5912,-280,1133,-853
6898,5102,5142,-170,818,-648
6684,6013,5315,352,574,-926
6341,6651,5347,1089,64,-1153
5901,6868,5132,1131,-696,-435
5604,6818,5180,1097,-1096,-1
5177,6821,5248,915,-1006,91
4936,7062,5722,704,-899,195
4960,7038,6430,660,-921,261
5109,6632,6889,427,-860,433
5394,5859,6604,-253,-758,1011
5766,5490,6508,-893,-615,1508
6206,5216,6784,-924,-59,865
6504,5077,6922,-1036,1314,-278
6902,5097,6788,-1081,1727,-646
7165,4833,6225,-999,1633,-634
7104,4894,5416,-1093,1520,-427
7066,5577,4930,-888,1291,-403
6904,6505,5094,-644,863,-219
6331,6742,5257,-525,659,-134
5433,6566,5453,151,412,-563
5143,6854,5335,1191,-428,-763
5092,6906,5754,1488,-1316,-172
4995,7003,6196,1339,-1195,-144
5026,6971,6888,1277,-1157,-120
4953,6209,7046,941,-1021,80
5122,5405,6876,657,-705,48
5855,5240,6758,394,-633,239
6679,5318,6366,-259,-649,908
6806,5192,6032,-1084,-292,1376
6952,5047,6021,-1473,362,1111
6975,5023,5527,-1401,947,454
7062,5424,4937,-1424,1262,162
7048,6210,4951,-1203,1050,153
6724,6854,5144,-876,727,149
5884,6806,5193,-494,542,-48
5157,6840,5786,449,117,-566
5017,6981,5857,1270,-481,-789
5024,6975,6330,1386,-818,-568
5053,6900,6946,1314,-910,-404
4954,6127,7044,1045,-838,-207
5124,5396,6874,673,-557,-116
6036,5233,6766,182,-329,147
6742,5257,6489,-742,-145,887
6931,5068,6466,-1211,342,869
6997,5002,5903,-1202,841,361
6962,5037,5316,-1089,906,183
6980,5576,5018,-840,835,5
6908,6295,5090,-481,607,-126
6254,6689,5310,-124,455,-331
5445,6645,5353,435,295,-730
5095,6903,5247,1175,-621,-554
5022,6976,5694,1333,-1210,-123
4908,7091,6298,1226,-1189,-37
5024,6771,6975,1225,-1212,-13
4986,6063,7013,763,-906,143
5345,5301,6697,341,-567,226
6280,5441,6558,-217,-561,778
6630,5367,6367,-1007,-461,1468
6894,5105,6653,-1434,500,934
6943,5055,6179,-1404,1316,88
7028,4970,5561,-1292,1319,-27
7023,5359,4976,-1340,1355,-15
7025,6202,4975,-952,1021,-69
6713,6803,5196,-719,662,57
5901,6732,5267,-420,582,-162
5197,6802,5586,244,305,-549
4962,7037,5780,1258,-647,-611
4980,7019,6335,1403,-977,-426
5031,6808,6968,1282,-935,-347
4977,6029,7020,827,-725,-102
5211,5342,6787,463,-512,49
5965,5279,6720,204,-470,266
6736,5262,6449,-719,-178,897
6940,5059,6551,-1278,515,763
7005,4994,5996,-1342,1050,292
7045,4953,5300,-1247,1063,184
7021,5560,4977,-1020,999,21
6954,6277,5045,-691,759,-68
6468,6734,5264,-448,579,-131
5433,6566,5443,235,620,-855
5206,6793,5623,1066,185,-1251
5041,6957,5605,1577,-997,-580
4977,7021,6168,1524,-1344,-180
5056,6919,6943,1470,-1320,-150
4970,6232,7029,1051,-1068,17
5142,5349,6855,665,-737,72
5887,5256,6743,417,-571,154
6655,5343,6501,-233,-421,654
6972,5027,6577,-1282,497,785
7010,4987,6006,-1588,1240,348
7058,4939,5436,-1484,1211,273
7041,5490,4958,-1235,1156,79
7008,6260,4989,-791,841,-50
6560,6800,5197,-492,567,-75
5475,6614,5386,107,542,-649
5194,6805,5698,972,241,-1213
5027,6972,5778,1449,-616,-833
5003,6997,6249,1361,-946,-415
5026,6933,6974,1282,-1140,-142
4936,6026,7062,1045,-1021,-24
5148,5245,6849,692,-689,-3
6024,5233,6766,371,-523,152
6701,5298,6187,-409,-473,882
6861,5139,6109,-1255,-38,1293
6971,5027,5962,-1489,706,783
6959,5039,5342,-1379,1054,325
7044,5544,4955,-1390,1174,216
6983,6320,5016,-1007,802,205
6589,6824,5175,-642,552,90
5668,6693,5306,-230,467,-237
5151,6848,5745,667,164,-831
4986,7013,5772,1366,-722,-644
4971,7026,6385,1458,-1088,-370
5044,6771,6954,1309,-1031,-278
4995,6033,7002,910,-763,-147
5135,5325,6864,534,-449,-85
5923,5152,6846,242,-254,12
6807,5192,6727,-398,126,272
6959,5040,6383,-1016,719,297
6979,5019,5802,-928,664,264
6875,5122,5216,-698,514,184
6942,5740,5056,-493,450,43
6777,6547,5221,-40,114,-74
6145,6845,5154,322,-214,-108
5543,6929,5070,728,-587,-141
5131,6867,5278,842,-825,-17
5016,6984,5843,640,-642,2
5045,6953,6433,458,-504,46
5175,6628,6823,334,-544,210
5252,5970,6746,17,-512,495
5401,5269,6730,-92,-205,297
6012,4945,7054,-143,494,-351
6659,5021,6976,-761,1269,-508
7067,4932,6708,-1041,1507,-466
7093,4906,5936,-910,1233,-323
6925,5074,5213,-521,770,-249
6663,5828,5335,129,600,-729
6435,6437,5562,1058,447,-1505
6050,6795,5203,1020,-149,-871
5769,6880,5119,1006,-1294,288
5427,6884,5115,979,-1548,569
4972,7026,5322,811,-1468,657
4818,7182,6064,822,-1437,615
5005,6994,6992,749,-1298,549
4948,5994,7051,633,-1051,418
5231,5317,6768,536,-707,171
6036,5289,6709,266,-684,418
6760,5239,6389,-469,-297,766
6935,5062,6424,-1407,805,602
6977,5021,5987,-1454,1197,257
7017,4983,5336,-1344,1164,180
7014,5528,4984,-1137,1089,48
6956,6324,5042,-664,762,-98
6460,6760,5238,-447,634,-187
5509,6590,5410,79,644,-723
5224,6775,5754,998,281,-1279
5029,6969,5675,1503,-620,-883
4996,7002,6237,1438,-1142,-296
5023,6961,6975,1403,-1280,-123
4946,6127,7053,1230,-1159,-71
5111,5376,6888,809,-740,-69
5869,5219,6780,414,-502,88
6706,5292,6435,-395,-313,708
6952,5045,6486,-1262,415,847
7000,4998,5983,-1494,1125,369
7023,4975,5348,-1441,1237,204
7044,5494,4955,-1357,1186,171
6989,6299,5009,-921,792,129
6559,6809,5190,-485,479,6
5546,6650,5349,83,403,-486
5175,6823,5620,972,96,-1068
5006,6992,5746,1302,-594,-708
5001,6996,6380,1188,-843,-345
5048,6775,6950,954,-818,-136
4994,6028,7004,594,-672,78
5254,5348,6745,369,-540,171
6174,5381,6618,-42,-464,506
6670,5327,6427,-892,-298,1190
6915,5084,6601,-1340,559,781
6982,5016,6103,-1317,1198,119
7052,4947,5443,-1256,1244,12
7012,5410,4986,-1257,1255,2
6989,6217,5010,-827,895,-68
6591,6763,5235,-580,576,4
5718,6663,5335,-137,482,-345
5103,6895,5434,797,-135,-662
4998,7000,5718,1458,-1175,-283
4920,7078,6286,1449,-1251,-198
5018,6930,6981,1409,-1225,-184
4931,6061,7068,886,-927,41
5165,5293,6832,548,-517,-31
6050,5273,6724,220,-456,236
6738,5260,6298,-560,-397,957
6898,5101,6253,-1249,127,1122
7001,4997,5956,-1390,782,608
6997,5001,5281,-1286,984,302
7022,5609,4976,-1137,1019,118
6940,6373,5058,-668,742,-74
6412,6775,5223,-532,708,-176
5496,6544,5455,-46,707,-661
5259,6739,6017,817,505,-1322
5093,6906,5791,1537,-290,-1247
5037,6961,6167,1531,-1047,-484
5062,6936,6892,1421,-1211,-210
4960,6219,7039,1280,-1153,-127
5065,5461,6934,987,-814,-173
5652,5168,6831,687,-571,-116
6521,5239,6760,148,-322,174
7035,4963,6517,-877,512,365
7014,4984,5926,-1425,1128,297
6950,5049,5329,-1272,879,393
6983,5530,5015,-927,712,215
6944,6256,5054,-589,515,74
6541,6841,5158,-343,252,91
5617,6867,5131,195,-74,-121
5093,6906,5240,928,-625,-303
5039,6959,5826,941,-693,-248
5072,6927,6525,555,-350,-205
5145,6482,6854,210,-85,-125
5288,5751,6710,-345,90,255
5561,5265,6734,-818,324,494
6039,5110,6889,-763,611,152
6536,5108,6890,-783,835,-52
6953,5046,6699,-744,930,-186
7096,4902,6029,-710,1078,-368
6929,5070,5331,-726,1033,-307
6938,5625,5061,-550,933,-383
6858,6312,5142,-459,764,-305
6472,6709,5289,-466,545,-79
5634,6765,5233,-8,157,-149
5087,6911,5215,993,-929,-64
4977,7022,5611,1401,-1505,104
4888,7111,6271,1504,-1533,29
5047,6871,6952,1142,-1191,49
4985,6015,7014,597,-857,260
5471,5361,6637,4,-489,485
6329,5446,6553,-787,-493,1280
6725,5273,6725,-1158,-68,1226
6901,5097,6621,-1439,1205,234
7025,4974,6078,-1327,1397,-70
7049,4950,5387,-1298,1346,-48
7010,5472,4987,-1008,1162,-154
6937,6359,5063,-635,861,-226
6376,6705,5294,-387,578,-191
5508,6564,5434,173,625,-798
5173,6825,5553,1054,75,-1129
5024,6975,5631,1536,-1149,-387
4943,7056,6202,1474,-1447,-27
5013,6985,6978,1530,-1465,-65
4911,6145,7087,1161,-1175,14
5100,5289,6898,799,-772,-27
5893,5162,6838,453,-415,-38
6770,5228,6551,-332,-68,400
6984,5014,6409,-1204,662,542
7009,4989,5857,-1390,995,395
6939,5060,5246,-1249,863,386
6982,5638,5017,-855,676,179
6912,6348,5087,-520,515,5
6443,6808,5191,-393,356,37
5500,6752,5245,188,80,-268
5082,6916,5359,944,-379,-565
5003,6995,5848,1174,-900,-274
5036,6962,6454,911,-676,-235
5087,6657,6912,576,-535,-41
5148,5953,6850,315,-493,178
5425,5275,6723,-6,-192,198
6142,5092,6906,-293,248,45
6712,5119,6879,-917,944,-27
6906,5092,6486,-1134,1086,48
7040,4959,5962,-914,856,58
6960,5039,5292,-1016,979,37
6959,5619,5040,-847,912,-65
6902,6310,5097,-558,650,-92
6543,6770,5229,-499,545,-46
5698,6848,5150,-145,171,-26
5045,6953,5313,843,-778,-65
5002,6997,5831,1339,-1176,-163
4986,7012,6412,1229,-979,-250
5058,6730,6941,946,-816,-130
5024,5995,6975,512,-632,120
5447,5352,6646,81,-423,342
6349,5410,6588,-785,-182,967
6636,5251,6747,-1238,258,980
6818,5180,6627,-1323,1074,249
6964,5034,6159,-1155,1220,-65
7049,4950,5539,-1209,1261,-52
6972,5317,5026,-1150,1228,-78
6989,6093,5010,-904,972,-68
6738,6740,5259,-592,616,-24
5913,6712,5286,-247,506,-259
5108,6891,5320,572,-144,-428
4994,7005,5632,1378,-1286,-92
4930,7068,6202,1496,-1334,-162
5032,6966,6895,1279,-1108,-171
4984,6210,7015,972,-917,-55
5143,5480,6855,504,-489,-15
6035,5297,6702,-100,-182,282
6631,5221,6777,-981,204,777
6900,5099,6639,-1208,928,280
7027,4971,6097,-1192,1109,83
7023,4975,5440,-1035,976,59
6970,5432,5029,-787,865,-78
6900,6190,5099,-494,652,-158
6297,6590,5409,2,489,-491
5554,6592,5408,717,440,-1157
5178,6919,5079,1211,-489,-722
5043,6956,5457,1459,-1504,45
4873,7126,6047,1339,-1486,147
4955,7044,6824,1412,-1507,95
4903,6190,7094,1058,-1282,224
5089,5351,6909,664,-714,50
5799,5208,6791,529,-539,10
6704,5295,6627,-111,-302,413
6998,5000,6450,-1159,607,552
7014,4985,5935,-1511,1138,373
7026,4972,5288,-1453,1102,351
7010,5567,4989,-1121,902,219
6942,6323,5056,-532,599,-67
6323,6701,5297,-282,502,-220
5420,6579,5619,501,552,-1053
5229,6770,5605,1236,205,-1441
5048,6951,5555,1556,-951,-605
4968,7029,6160,1427,-1316,-111
5045,6953,6895,1386,-1328,-58
4975,6204,7023,984,-1090,106
5134,5395,6864,684,-797,113
5823,5252,6747,459,-644,185
6642,5357,6473,-184,-493,677
6978,5021,6562,-1301,509,792
6981,5018,6086,-1723,1415,308
7032,4966,5494,-1670,1396,274
7012,5333,4987,-1767,1444,323
7037,6106,4961,-1141,925,216
6787,6819,5179,-695,619,76
5868,6761,5237,-316,476,-160
5172,6826,5655,620,172,-792
5016,6983,5686,1339,-561,-778
5005,6994,6259,1398,-897,-501
5033,6965,6905,1337,-1003,-334
4953,6193,7045,1244,-995,-249
5084,5459,6915,697,-608,-89
5806,5212,6787,360,-467,107
6679,5319,6395,-448,-339,787
6853,5146,6326,-1212,57,1155
6984,5015,6059,-1398,784,614
6999,5001,5451,-1355,1021,334
7031,5378,4967,-1361,1139,222
7012,6182,4987,-1031,866,165
6728,6811,5189,-641,564,77
5785,6725,5274,-244,452,-208
5207,6791,5735,633,265,-898
5004,6995,5651,1320,-496,-824
4981,7017,6235,1423,-1044,-379
5069,6929,6924,1419,-1138,-281
4978,6199,7020,1094,-923,-171
5071,5494,6929,650,-543,-107
5667,5158,6841,455,-422,-33
6621,5227,6772,-109,-106,215
6981,5017,6496,-946,569,377
6992,5006,5907,-1125,826,299
6916,5082,5323,-948,644,304
6949,5557,5048,-700,529,171
6918,6355,5080,-387,305,82
6413,6870,5128,12,-91,79
5616,6929,5071,394,-375,-19
5136,6862,5205,881,-844,-37
5027,6972,5766,800,-749,-51
5018,6980,6378,551,-510,-41
5136,6722,6864,491,-521,30
5198,6031,6800,195,-463,268
5384,5300,6700,-148,-121,269
6016,5038,6960,-294,400,-106
6571,5066,6932,-891,1086,-195
6980,5017,6758,-1082,1321,-239
7097,4901,6079,-1014,1281,-267
6975,5024,5374,-769,925,-156
6900,5611,5099,-454,804,-350
6523,6287,5475,208,625,-833
6099,6571,5427,875,410,-1285
5695,6972,5026,981,-585,-396
5472,6894,5105,1106,-1628,522
5044,6954,5253,1038,-1734,696
4813,7186,5878,1052,-1669,617
4921,7077,6742,1018,-1474,456
4946,6252,7053,1021,-1262,241
5111,5484,6888,618,-786,168
5805,5281,6718,402,-711,309
6617,5382,6471,-206,-583,789
6904,5093,6458,-1280,283,997
6943,5056,6198,-1661,1285,376
7004,4994,5610,-1518,1313,205
6996,5209,5003,-1473,1315,158
7061,6034,4937,-1060,1043,17
6831,6823,5168,-694,690,4
5964,6790,5208,-402,466,-64
5151,6849,5556,474,80,-554
4983,7015,5676,1261,-707,-554
4997,7001,6295,1298,-912,-386
5100,6857,6899,1016,-739,-277
5005,6142,6993,633,-625,-8
5185,5410,6813,334,-411,77
6010,5199,6798,-79,-56,135
6664,5134,6866,-891,467,424
6902,5095,6584,-1226,1062,164
7035,4964,6079,-1220,1163,57
6999,4999,5407,-1228,1163,65
6962,5465,5036,-860,899,-39
6930,6201,5069,-485,665,-180
6360,6646,5352,-115,460,-345
5509,6596,5402,629,362,-991
5164,6904,5095,1225,-499,-726
5045,6952,5508,1451,-1480,29
4893,7105,6086,1392,-1474,82
4995,7004,6846,1339,-1394,55
4963,6249,7036,1082,-1192,110
5123,5460,6877,592,-679,87
5909,5316,6683,226,-532,306
6661,5339,6375,-561,-460,1021
6927,5072,6627,-1334,441,893
6971,5028,6195,-1554,1349,205
7045,4953,5563,-1452,1389,63
7010,5251,4988,-1438,1357,81
7046,6080,4954,-964,972,-8
6758,6790,5210,-662,568,94
5870,6716,5283,-275,457,-182
5145,6854,5561,528,118,-646
4988,7010,5674,1264,-747,-517
4981,7018,6294,1262,-921,-341
5080,6892,6919,1071,-805,-266
4998,6144,7001,686,-663,-23
5221,5416,6777,304,-436,132
5965,5234,6764,-19,-277,296
6743,5226,6773,-704,170,534
6924,5074,6536,-1150,926,224
7036,4962,6016,-1203,1079,124
6992,5007,5371,-1241,1074,167
6959,5514,5038,-895,842,53
6934,6221,5064,-503,604,-101
6544,6732,5267,-398,538,-140
5648,6646,5353,22,472,-494
5159,6839,5465,934,-68,-866
5024,6973,5633,1460,-1100,-360
4941,7057,6201,1449,-1276,-173
5057,6941,6920,1401,-1251,-150
5000,6170,6999,1042,-992,-50
5129,5446,6869,618,-651,33
5858,5288,6709,317,-545,228
6684,5314,6440,-444,-433,877
6955,5043,6631,-1375,584,791
6986,5012,6126,-1652,1375,277
7053,4946,5507,-1560,1341,219
7019,5317,4978,-1553,1370,183
7024,6130,4974,-1097,961,136
6739,6807,5192,-629,609,20
5809,6701,5298,-224,504,-280
5190,6808,5671,730,249,-979
5023,6975,5662,1434,-623,-811
5002,6995,6201,1480,-1008,-472
5018,6981,6874,1390,-1130,-260
4913,6245,7086,1412,-1161,-251
5038,5437,6960,936,-701,-235
5681,5120,6878,517,-491,-26
6699,5300,6598,-176,-256,432
6860,5138,6148,-1016,-31,1047
6958,5039,5880,-1249,344,905
6908,5090,5379,-1130,604,526
6985,5512,5014,-1027,752,275
6973,6233,5025,-839,617,222
6710,6879,5119,-577,327,250
5866,6932,5067,-302,75,227
5074,6925,5330,370,-302,-68
4973,7025,5866,940,-792,-148
5037,6960,6483,842,-620,-222
5085,6567,6915,530,-416,-114
5165,5758,6834,61,-72,11
5595,5182,6817,-432,413,19
6069,5105,6893,-851,858,-7
6553,5116,6882,-914,962,-48
6904,5094,6592,-844,933,-89
7035,4964,6019,-690,812,-122
6960,5038,5362,-688,831,-143
6946,5568,5053,-657,880,-223
6889,6269,5110,-531,718,-187
6504,6704,5294,-475,596,-121
5740,6731,5268,-163,398,-235
5028,6971,5251,752,-572,-180
4965,7033,5693,1427,-1392,-35
4850,7147,6299,1490,-1422,-68
5021,6845,6976,1455,-1336,-119
4961,6011,7037,831,-886,55
5228,5280,6770,462,-545,83
6247,5375,6624,-59,-458,517
6680,5318,6368,-980,-346,1326
6912,5087,6551,-1476,526,950
6944,5054,6087,-1485,1243,242
6999,4998,5464,-1380,1232,148
6996,5378,5003,-1338,1214,124
7002,6142,4997,-989,918,71
6741,6796,5204,-746,662,84
5876,6730,5269,-376,554,-178
5232,6767,5721,363,433,-796
4967,7032,5637,1335,-458,-877
4966,7032,6230,1632,-1175,-457
5038,6960,6914,1553,-1182,-371
4947,6195,7051,1181,-1014,-167
5095,5432,6904,715,-671,-44
5807,5206,6792,411,-411,0
6749,5250,6652,-410,-34,444
6933,5065,6512,-1313,909,404
6996,5002,6032,-1435,1090,345
7049,4949,5389,-1312,1016,296
6996,5462,5002,-1108,989,119
6946,6269,5053,-595,676,-81
6393,6701,5298,-224,421,-197
5451,6671,5329,519,251,-770
5118,6880,5147,1194,-567,-627
5025,6974,5685,1331,-1159,-172
4917,7082,6281,1195,-1099,-96
5061,6859,6938,1073,-1068,-5
5009,6066,6989,595,-828,233
5369,5375,6630,180,-586,406
6373,5516,6483,-568,-440,1008
6607,5306,6693,-1254,75,1179
6770,5230,6706,-1407,1175,232
6899,5099,6306,-1261,1379,-118
7042,4957,5776,-1192,1295,-103
6960,5050,5039,-1403,1464,-61
7056,5874,4942,-1182,1297,-115
6855,6678,5143,-857,747,110
6185,6781,5217,-471,500,-29
5243,6850,5148,137,25,-162
4965,7033,5570,1160,-1123,-37
4952,7046,6173,1420,-1251,-169
5054,6944,6828,1133,-905,-228
4975,6300,7023,754,-719,-35
5115,5491,6883,508,-420,-88
5963,5212,6787,-140,35,105
6560,5078,6921,-950,515,435
6897,5102,6679,-1119,972,147
7011,4987,6107,-906,833,73
6979,5019,5447,-552,550,2
6850,5447,5148,-295,543,-248
6629,6180,5369,207,499,-706
6247,6683,5316,814,123,-937
5782,6982,5017,853,-802,-51
5390,6958,5041,1061,-1494,433
4929,7070,5294,1076,-1624,548
4835,7163,6075,933,-1435,502
5014,6985,6917,717,-1163,446
5015,6066,6983,605,-878,273
5398,5471,6601,156,-512,356
6122,5308,6690,-308,-385,693
6662,5045,6954,-985,622,363
6899,5098,6733,-1357,1553,-196
7091,4907,6222,-1326,1562,-236
7077,4920,5481,-1311,1410,-99
7021,5431,4978,-871,1122,-251
6936,6325,5062,-588,815,-227
6375,6689,5310,-358,632,-274
5455,6580,5419,265,684,-949
5203,6796,5603,1093,172,-1265
5035,6964,5593,1520,-1014,-506
4959,7040,6209,1423,-1324,-99
5060,6939,6932,1379,-1307,-72
4977,6155,7022,937,-1053,116
5162,5364,6837,609,-754,145
5920,5288,6710,371,-659,288
6660,5339,6354,-327,-525,852
6944,5055,6495,-1357,399,958
6974,5025,6077,-1676,1327,349
7024,4975,5496,-1595,1348,247
7047,5336,4952,-1594,1411,183
7068,6177,4930,-1132,1030,102
6696,6848,5151,-820,562,258
5831,6827,5172,-314,323,-9
5069,6928,5484,589,-184,-405
5015,6983,5846,1184,-751,-433
5038,6960,6421,1065,-645,-420
5089,6706,6909,849,-583,-266
5037,5997,6961,486,-458,-28
5331,5219,6780,22,-36,14
6145,5083,6916,-407,358,49
6652,5126,6873,-941,857,84
6908,5090,6512,-939,865,74
6982,5017,5913,-633,604,29
6856,5142,5336,-414,459,-45
6786,5659,5213,-69,412,-343
6710,6340,5288,163,382,-545
6369,6889,5110,143,-124,-19
5627,6957,5041,467,-978,511
5213,6954,5044,1035,-1359,324
4852,7146,5468,1051,-1565,514
4860,7138,6308,1063,-1497,434
4992,6739,7007,818,-1166,348
5049,5860,6948,456,-783,327
5686,5417,6582,-100,-491,591
6348,5397,6602,-932,-330,1262
6694,5129,6868,-1271,627,644
6836,5162,6623,-1358,1474,-116
7015,4983,6140,-1183,1371,-188
7052,4946,5470,-1184,1307,-123
6992,5398,5006,-1010,1197,-187
6946,6224,5053,-702,910,-208
6463,6704,5295,-374,667,-293
5604,6596,5402,81,761,-842
5206,6792,5667,842,322,-1164
4997,7002,5637,1480,-892,-588
4944,7054,6161,1504,-1412,-92
4987,7012,6968,1567,-1501,-66
4897,6167,7101,1296,-1256,-40
5066,5313,6933,899,-815,-84
5846,5131,6867,519,-473,-46
6768,5231,6606,-250,-14,264
6979,5020,6365,-1148,643,505
7002,4996,5829,-1355,919,436
6927,5072,5236,-1253,805,448
6971,5643,5027,-896,640,256
6926,6378,5073,-539,434,105
6449,6861,5137,-277,186,91
5539,6814,5184,187,-6,-181
5095,6903,5423,784,-296,-488
5007,6992,5874,957,-677,-280
5064,6934,6492,707,-516,-191
5101,6546,6897,495,-415,-80
5195,5812,6804,112,-231,119
5528,5233,6766,-256,115,141
6180,5054,6945,-534,510,24
6641,5120,6878,-897,953,-56
6906,5092,6528,-988,1011,-23
7048,4951,5989,-872,920,-48
6978,5021,5308,-1020,1072,-52
6964,5606,5034,-932,1055,-123
6896,6316,5102,-646,753,-107
6548,6768,5231,-563,602,-39
5763,6841,5157,-275,273,2
5027,6972,5320,759,-777,18
4983,7016,5808,1414,-1276,-138
4947,7051,6404,1391,-1165,-226
5044,6754,6955,1106,-974,-132
5017,5969,6981,543,-690,147
5559,5366,6633,-33,-438,471
6342,5426,6573,-979,-228,1207
6640,5287,6712,-1285,172,1113
6811,5187,6620,-1320,1023,297
6947,5052,6153,-1127,1186,-59
7043,4955,5547,-1163,1224,-61
6979,5302,5020,-1245,1295,-50
6999,6089,4999,-937,1020,-83
6728,6750,5248,-644,636,8
5935,6722,5276,-304,524,-220
5102,6897,5347,488,-121,-367
4990,7009,5660,1379,-1294,-85
4935,7064,6231,1524,-1351,-173
5038,6961,6909,1361,-1153,-208
4981,6210,7018,1042,-915,-127
5118,5486,6880,543,-497,-46
5966,5243,6755,12,-167,155
6670,5239,6760,-875,189,686
6909,5090,6618,-1178,834,344
7009,4989,6063,-1179,1041,138
6998,5001,5426,-1011,913,98
6961,5451,5038,-839,822,17
6924,6168,5075,-461,590,-129
6420,6658,5340,-109,480,-371
5532,6571,5427,428,487,-915
5173,6826,5269,1111,-158,-953
5030,6969,5541,1440,-1264,-176
4910,7089,6123,1359,-1393,34
4979,7021,6874,1462,-1449,-13
4937,6217,7062,1238,-1239,1
5098,5435,6900,754,-691,-63
5720,5208,6792,493,-551,58
6672,5296,6703,-99,-255,354
6984,5015,6505,-1131,653,478
7009,4990,5982,-1515,1195,320
7033,4965,5368,-1510,1150,360
6985,5475,5013,-1359,1011,348
6970,6199,5029,-688,598,90
6613,6775,5223,-433,494,-61
5605,6610,5390,56,547,-603
5281,6718,5842,887,531,-1418
5091,6907,5785,1438,-122,-1316
4991,7007,6067,1508,-939,-569
5008,6991,6835,1390,-1207,-183
4933,6277,7066,1265,-1213,-52
5062,5460,6936,946,-881,-65
5682,5171,6827,622,-652,30
6554,5357,6641,131,-506,375
6941,5058,6271,-908,99,809
6995,5003,5972,-1542,986,556
6993,5006,5433,-1534,1063,471
7062,5385,4936,-1538,1174,364
7041,6231,4958,-1168,831,337
6698,6856,5142,-769,453,316
5797,6862,5136,-262,225,37
5105,6893,5552,635,-169,-466
5045,6953,5873,1099,-453,-646
5064,6934,6436,972,-436,-536
5091,6692,6907,812,-430,-382
5021,5978,6978,499,-337,-162
5270,5233,6766,76,-41,-35
6027,5123,6876,-257,159,98
6677,5087,6912,-717,505,212
6924,5075,6503,-831,772,59
6976,5022,5899,-634,606,28
6863,5134,5314,-478,497,-19
6829,5645,5170,-281,520,-239
6750,6362,5248,-23,374,-351
6373,6905,5094,68,-184,116
5594,6934,5065,506,-1014,508
5225,6950,5049,1086,-1420,334
4864,7134,5435,1122,-1646,524
4859,7139,6268,1117,-1534,417
5002,6778,6996,887,-1212,325
5015,5912,6984,520,-826,306
5591,5400,6598,0,-499,499
6343,5418,6581,-837,-380,1217
6700,5130,6869,-1234,446,788
6850,5149,6641,-1383,1429,-46
7026,4973,6136,-1204,1371,-167
7049,4949,5463,-1187,1296,-109
6991,5418,5008,-973,1170,-197
6939,6259,5058,-601,876,-275
6356,6679,5320,-234,676,-442
5505,6565,5433,264,779,-1043
5219,6780,5630,990,303,-1293
5008,6991,5602,1514,-976,-538
4947,7052,6154,1496,-1492,-4
4997,7001,6940,1570,-1548,-22
4914,6170,7084,1263,-1270,7
5083,5340,6914,886,-842,-44
5832,5171,6827,525,-493,-32
6732,5267,6591,-222,-119,341
6975,5024,6423,-1177,633,544
7000,4998,5914,-1434,1044,390
6990,5007,5287,-1431,1028,403
6981,5566,5018,-1179,879,300
6946,6277,5053,-682,567,115
6618,6821,5178,-503,455,48
5607,6700,5299,-17,312,-295
5174,6825,5644,823,101,-924
4983,7015,5722,1302,-593,-709
5023,6977,6362,1238,-851,-387
5083,6777,6915,976,-758,-218
5026,6058,6973,681,-673,-8
5180,5389,6819,457,-492,35
5842,5165,6834,310,-375,65
6743,5168,6831,-240,115,125
6950,5048,6388,-1096,953,143
6967,5031,5855,-1173,876,297
6916,5081,5283,-1034,715,319
6972,5594,5027,-897,686,211
6933,6308,5065,-587,487,100
6569,6889,5109,-393,168,225
5719,6994,5005,6,-254,248
5078,6920,5277,853,-903,50
5013,6985,5823,1012,-874,-138
5032,6966,6433,700,-555,-145
5116,6655,6883,471,-493,22
5248,5890,6751,15,-355,340
5680,5325,6675,-682,50,632
6122,5108,6892,-929,666,263
6525,5113,6885,-1056,1075,-19
6945,5053,6744,-1035,1212,-177
7108,4890,6101,-972,1306,-334
6989,5009,5360,-910,1185,-275
6947,5602,5050,-564,992,-428
6633,6316,5366,-23,696,-673
6022,6501,5497,779,502,-1281
5659,6861,5137,1049,-242,-807
5424,6858,5140,1207,-1537,330
5095,6902,5323,1214,-1779,565
4857,7141,5863,1174,-1690,516
4908,7090,6650,1257,-1606,349
4940,6400,7058,1218,-1489,271
5049,5563,6950,739,-828,89
5641,5214,6785,501,-647,146
6567,5431,6562,-71,-578,649
6860,5138,6343,-1036,-17,1053
6970,5029,6200,-1566,1077,489
7008,4989,5626,-1517,1311,206
7004,5168,4994,-1535,1331,204
7045,5979,4955,-1250,1024,226
6856,6700,5143,-756,611,145
6078,6786,5213,-440,531,-91
5292,6705,5611,214,479,-693
5051,6948,5806,1161,-79,-1082
4968,7031,6133,1478,-851,-627
5013,6985,6804,1436,-1038,-398
4949,6327,7050,1203,-957,-246
5062,5567,6937,742,-603,-139
5534,5152,6846,541,-528,-13
6486,5285,6712,141,-366,225
6908,5091,6270,-794,78,716
7011,4988,6033,-1342,752,590
6977,5022,5435,-1389,902,487
6965,5417,5033,-1232,832,400
6982,6128,5015,-744,546,198
6806,6847,5150,-531,368,163
5951,6895,5104,-342,220,122
5164,6835,5432,294,-55,-239
5005,6993,5829,968,-402,-566
5027,6972,6356,1042,-598,-444
5123,6716,6875,783,-475,-308
5041,5996,6958,444,-296,-148
5235,5215,6783,28,59,-87
5963,5084,6913,-252,253,-1
6637,5075,6923,-685,619,66
6915,5083,6553,-857,806,51
6976,5022,5953,-645,611,34
6888,5111,5353,-478,481,-3
6867,5596,5131,-400,581,-181
6765,6258,5234,-149,484,-335
6408,6812,5186,29,94,-123
5674,7030,4969,330,-534,204
5152,6923,5076,1056,-1293,237
4943,7055,5564,1203,-1436,233
4937,7061,6277,970,-1096,126
5068,6820,6930,670,-945,275
5159,5966,6840,289,-762,473
5793,5542,6456,-465,-533,998
6160,5297,6702,-1053,-163,1216
6484,5110,6889,-1196,1140,56
6795,5181,6818,-1267,1678,-411
7041,4958,6386,-1137,1634,-497
7114,4884,5650,-1232,1608,-376
6977,5231,5022,-1163,1453,-290
6993,6093,5006,-772,1070,-298
6648,6720,5277,-462,680,-218
5678,6546,5453,83,636,-719
5303,6696,5632,981,352,-1333
5101,6897,5403,1493,-862,-631
5031,6968,5936,1452,-1453,1
4963,7036,6571,1428,-1390,-38
4964,6605,7034,1386,-1355,-31
4977,5772,7021,1090,-994,-96
5348,5180,6819,695,-575,-120
6191,5202,6796,289,-440,151
6967,5031,6565,-470,213,257
7034,4965,6138,-1238,1054,184
7004,4994,5512,-1229,941,288
6963,5310,5037,-958,728,230
6990,6040,5008,-679,567,112
6680,6802,5197,-346,240,106
5672,6773,5225,356,-105,-251
5207,6897,5102,1007,-510,-497
5051,6948,5596,1106,-941,-165
4988,7010,6186,859,-738,-121
5098,6901,6826,702,-627,-75
5065,6250,6934,479,-581,102
5266,5521,6732,35,-384,349
5861,5208,6790,-158,-161,319
6611,5110,6889,-584,331,253
6924,5075,6672,-1029,1022,7
7034,4964,6110,-1028,1016,12
6985,5013,5444,-917,864,53
6939,5445,5060,-692,758,-66
6932,6161,5067,-519,639,-120
6682,6747,5250,-536,536,0
5863,6784,5215,-267,337,-70
5065,6933,5263,620,-418,-202
4989,7010,5626,1411,-1345,-66
4897,7101,6226,1562,-1417,-145
5089,6910,6889,1309,-1115,-194
5006,6179,6992,723,-779,56
5299,5467,6699,221,-494,273
6261,5466,6533,-530,-466,996
6606,5298,6701,-1135,-127,1262
6880,5119,6687,-1460,1116,344
6977,5022,6302,-1465,1502,-37
7112,4886,5639,-1346,1396,-50
7009,5195,4990,-1358,1446,-88
7036,6142,4963,-1052,1142,-90
6753,6804,5195,-642,701,-59
5899,6753,5246,-411,647,-236
5229,6770,5762,387,374,-761
5033,6965,5749,1339,-395,-944
5018,6981,6175,1544,-1022,-522
5047,6951,6834,1493,-1159,-334
4953,6289,7045,1438,-1123,-315
5052,5556,6947,916,-629,-287
5541,5112,6886,551,-394,-157
6573,5210,6789,-134,-22,156
6970,5029,6602,-995,515,480
6997,5002,6020,-1247,963,284
6939,5060,5406,-1141,848,293
6939,5463,5059,-848,652,196
6974,6176,5026,-511,466,45
6667,6887,5112,-287,60,227
5840,7027,4971,72,-391,319
5126,6872,5156,807,-916,109
5028,6970,5699,929,-868,-61
5016,6983,6316,629,-544,-85
5144,6746,6854,445,-444,-1
5158,6061,6842,185,-361,176
5331,5278,6721,-162,52,110
6022,5076,6924,-477,613,-136
6467,5095,6904,-953,1085,-132
6910,5087,6845,-1013,1217,-204
7129,4870,6234,-978,1364,-386
7032,4966,5474,-933,1208,-275
6944,5475,5055,-643,976,-333
6698,6210,5301,-128,641,-513
6109,6511,5489,658,485,-1143
5726,6894,5105,947,-241,-706
5424,6903,5095,1153,-1549,396
5056,6942,5280,1254,-1852,598
4806,7193,5848,1235,-1763,528
4908,7091,6649,1403,-1713,310
4926,6394,7072,1150,-1405,255
5044,5532,6954,669,-781,112
5643,5207,6791,550,-679,129
6539,5391,6608,99,-559,460
6886,5113,6243,-934,6,928
6964,5034,6129,-1584,1029,555
6980,5019,5572,-1582,1216,366
6983,5231,5016,-1591,1205,386
7022,5989,4976,-1159,851,308
6886,6711,5113,-759,575,184
6128,6859,5140,-528,498,30
5278,6721,5519,132,290,-422
5052,6947,5858,1047,-132,-915
4977,7021,6173,1408,-719,-689
5101,6897,6805,1340,-841,-499
5009,6294,6989,1058,-718,-340
5040,5568,6957,749,-483,-266
5455,5025,6974,594,-177,-417
6280,4963,7036,350,150,-500
7011,4988,6514,-444,800,-356
6999,5000,5907,-954,732,222
6868,5131,5252,-725,372,353
6965,5828,5034,-485,49,436
6803,6623,5195,55,-405,350
6276,6818,5180,717,-715,-2
5804,6889,5108,814,-731,-83
5298,6836,5162,765,-743,-22
5068,6930,5608,634,-680,46
5011,6987,6177,491,-563,72
5104,6894,6831,620,-763,143
5037,6213,6962,665,-860,195
5140,5530,6858,601,-693,92
5611,5195,6803,554,-528,-26
6479,5118,6880,79,-24,-55
6991,5007,6551,-979,1005,-26
7072,4925,6045,-1432,1344,88
6995,5003,5375,-1482,1284,198
6980,5470,5019,-1026,903,123
6974,6198,5025,-605,613,-8
6565,6791,5206,-414,361,53
5547,6743,5256,303,-58,-245
5155,6843,5218,1139,-732,-407
5061,6938,5609,1356,-1232,-124
4935,7063,6162,1323,-1255,-68
5073,6926,6839,1310,-1192,-118
4995,6271,7004,814,-858,44
5125,5542,6874,492,-556,64
5901,5305,6693,48,-353,305
6664,5290,6710,-744,-105,849
6915,5083,6659,-1229,857,372
7014,4984,6131,-1321,1217,104
7057,4941,5483,-1346,1241,105
6994,5342,5005,-1267,1160,107
6996,6110,5002,-785,775,10
6656,6749,5249,-470,497,-27
5699,6666,5332,87,302,-389
5156,6843,5278,972,-253,-719
5028,6970,5601,1418,-1217,-201
4929,7069,6118,1461,-1374,-87
4985,7013,6846,1637,-1476,-161
4943,6286,7055,1282,-1149,-133
5053,5517,6945,718,-681,-37
5737,5209,6789,434,-520,86
6624,5373,6448,-266,-455,721
6856,5142,6279,-1162,-65,1227
6988,5011,6139,-1553,874,679
7005,4993,5530,-1510,1145,365
7005,5295,4994,-1538,1219,319
7024,6076,4974,-1078,873,205
6839,6788,5160,-743,628,115
5938,6796,5202,-418,497,-79
5242,6757,5679,343,295,-638
5039,6959,5764,1226,-302,-924
5002,6997,6202,1493,-921,-572
5041,6958,6841,1511,-1061,-450
4969,6277,7029,1474,-1032,-442
5055,5563,6944,868,-569,-299
5493,5080,6918,598,-383,-215
6412,5086,6912,210,-48,-162
6992,5005,6459,-679,509,170
6976,5021,5925,-1111,724,387
6923,5075,5368,-1020,567,453
6932,5524,5066,-816,502,314
6965,6333,5034,-466,246,220
6546,6925,5074,-114,-203,317
5742,7005,4994,286,-568,282
5152,6847,5159,850,-807,-43
5036,6961,5720,734,-655,-79
5059,6939,6357,469,-425,-44
5208,6647,6791,236,-315,79
5215,5967,6783,-52,-174,226
5302,5248,6751,-171,138,33
5862,5022,6978,-227,719,-492
6411,5049,6949,-811,1183,-372
6973,5025,6922,-945,1376,-431
7123,4875,6220,-1006,1564,-558
7032,4967,5435,-851,1233,-382
6960,5553,5039,-555,984,-429
6635,6274,5363,6,646,-652
6099,6567,5431,843,383,-1226
5710,6966,5032,1001,-538,-463
5454,6877,5122,1184,-1604,420
5073,6925,5287,1192,-1780,588
4820,7179,5861,1159,-1704,545
4935,7064,6652,1306,-1632,326
4939,6394,7060,971,-1354,383
5064,5542,6935,555,-775,220
5747,5263,6736,378,-644,266
6596,5404,6489,-242,-577,819
6875,5124,6445,-1174,125,1049
6962,5038,6221,-1570,1217,353
7014,4984,5633,-1511,1391,120
6989,5176,5009,-1581,1403,178
7031,5967,4968,-1226,1026,200
6879,6678,5119,-772,621,151
6144,6820,5178,-499,487,12
5252,6746,5398,162,220,-382
4968,7030,5594,1122,-529,-593
4976,7022,6200,1418,-1035,-383
5056,6942,6814,1381,-965,-416
4983,6320,7015,1102,-761,-341
5034,5548,6965,607,-419,-188
5458,5034,6964,517,-152,-365
6363,5061,6938,248,105,-353
6973,5025,6426,-488,419,69
6998,5001,5931,-967,653,314
6891,5106,5349,-884,482,402
6966,5730,5033,-581,151,430
6916,6528,5083,-204,-284,488
6426,6889,5110,210,-619,409
5733,6898,5101,578,-532,-46
5221,6778,5226,562,-386,-176
5135,6864,5759,362,-185,-177
5182,6817,6293,59,6,-65
5196,6661,6801,125,-59,-66
4998,6238,7000,658,-337,-321
5006,5623,6993,1177,-579,-598
5384,4956,7042,1247,-196,-1051
6153,4699,7299,748,584,-1332
6959,5039,6923,273,1146,-1419
7007,4992,5929,26,647,-673
6786,5611,5212,123,-187,64
6722,6254,5277,931,-1131,200
6705,6668,5292,1039,-1276,237
6399,6853,5145,827,-1349,522
6007,7005,4994,620,-1381,761
5351,7076,4924,638,-1579,941
4941,7058,5419,653,-1464,811
4937,7061,6044,238,-922,684
5301,6698,6618,-367,-876,1243
5371,5950,6627,-913,-619,1532
5545,5291,6707,-946,-23,969
5917,5096,6903,-786,1160,-374
6247,5076,6922,-884,1583,-699
6779,5046,6954,-910,1577,-667
7146,4853,6470,-864,1624,-760
7134,4865,5603,-786,1408,-622
7002,5393,4996,-842,1258,-416
6920,6171,5078,-525,826,-301
6390,6616,5383,-84,499,-415
5552,6689,5310,576,141,-717
5264,6865,5134,1250,-1085,-165
5096,6903,5386,1401,-1656,255
4910,7088,5917,1372,-1627,255
4966,7032,6646,1443,-1535,92
4988,6485,7011,1107,-1238,131
5064,5629,6935,622,-767,145
5677,5298,6701,274,-561,287
6583,5395,6603,-342,-524,866
6929,5070,6711,-1181,367,814
7007,4991,6230,-1518,1349,169
7084,4914,5606,-1491,1379,112
7014,5201,4984,-1587,1438,149
7052,6024,4947,-1115,1014,101
6804,6800,5195,-631,570,61
5860,6764,5234,-160,297,-137
5163,6836,5433,697,-62,-635
5015,6982,5647,1324,-935,-389
4974,7024,6178,1388,-1081,-307
5007,6991,6871,1447,-1146,-301
4973,6265,7026,1217,-941,-276
5065,5554,6935,611,-530,-81
5653,5173,6825,462,-454,-8
6633,5360,6640,-156,-316,472
6908,5091,6365,-1031,95,936
7009,4990,6048,-1324,785,539
6960,5039,5419,-1240,851,389
6967,5441,5033,-1025,772,253
6982,6159,5018,-664,592,72
6753,6809,5189,-552,478,74
5883,6835,5163,-318,326,-8
5094,6904,5393,434,-181,-253
4979,7020,5772,1258,-1044,-214
5022,6977,6363,1344,-984,-360
5104,6795,6896,1080,-711,-369
5025,6121,6973,748,-557,-191
5102,5325,6896,461,-257,-204
5769,5000,6998,221,152,-373
6671,5047,6951,-341,666,-325
6932,5067,6487,-990,910,80
6975,5023,5914,-793,598,195
6870,5129,5240,-551,369,182
6904,5698,5093,-397,297,100
6769,6440,5230,15,80,-95
6313,6825,5175,261,-176,-85
5645,6951,5049,573,-625,52
5192,6847,5151,948,-1017,69
5000,6998,5613,922,-999,77
4952,7046,6266,845,-926,81
5102,6835,6897,768,-920,152
5040,6095,6959,596,-855,259
5214,5441,6784,527,-644,117
5877,5276,6722,316,-435,119
6801,5173,6825,-489,267,222
6931,5067,6627,-1418,1414,4
7066,4933,6167,-1582,1645,-63
7068,4930,5472,-1719,1693,26
7009,5375,4989,-1284,1288,-4
6993,6242,5006,-718,840,-122
6458,6746,5253,-301,468,-167
5443,6588,5410,415,367,-782
5155,6844,5325,1182,-209,-973
5035,6964,5672,1468,-1187,-281
4949,7049,6239,1397,-1301,-96
5047,6952,6952,1463,-1342,-121
4962,6160,7037,1042,-1023,-19
5130,5418,6868,576,-622,46
5967,5303,6695,204,-496,292
6660,5338,6320,-621,-472,1093
6891,5108,6473,-1327,245,1082
6967,5030,6160,-1531,1193,338
7022,4976,5532,-1441,1332,109
7008,5289,4991,-1527,1369,158
7015,6082,4985,-1155,959,196
6821,6765,5178,-745,563,182
6028,6842,5157,-455,396,59
5132,6866,5312,316,-162,-154
4985,7015,5714,1236,-1026,-210
4982,7017,6291,1410,-1084,-326
5094,6903,6883,1271,-858,-413
4997,6220,7002,904,-636,-268
5052,5433,6947,501,-331,-170
5621,5029,6969,375,-28,-347
6558,5112,6886,-90,223,-133
6957,5042,6477,-784,552,232
6984,5014,5910,-887,610,277
6869,5129,5280,-723,415,308
6947,5775,5052,-457,127,330
6829,6530,5168,-15,-204,219
6356,6883,5114,288,-435,147
5707,6916,5081,598,-620,22
5204,6839,5160,712,-705,-7
5037,6961,5666,655,-704,49
5017,6981,6276,580,-617,37
5149,6798,6850,611,-674,63
5067,6141,6932,620,-714,94
5157,5502,6842,598,-528,-70
5603,5062,6937,517,-173,-344
6478,4920,7079,55,611,-666
7023,4976,6614,-1036,1393,-357
7071,4927,6032,-1359,1327,32
6977,5020,5349,-984,890,94
6953,5580,5045,-624,725,-101
6662,6341,5337,-47,428,-381
6073,6671,5328,877,66,-943
5680,6933,5066,1054,-693,-361
5315,6869,5128,1263,-1420,157
4998,7000,5414,1244,-1545,301
4871,7128,6081,1267,-1548,281
5029,6969,6827,1098,-1326,228
4979,6168,7019,681,-1100,419
5260,5419,6740,321,-719,398
6167,5437,6562,-212,-628,840
6666,5333,6640,-1020,-241,1261
6865,5134,6754,-1473,1153,320
6976,5024,6246,-1480,1618,-138
7080,4918,5615,-1511,1549,-38
6987,5208,5012,-1386,1405,-19
7036,6018,4962,-1098,1133,-35
6798,6782,5201,-745,699,46
5930,6732,5267,-298,456,-158
5202,6797,5565,590,149,-739
5020,6978,5575,1375,-897,-478
4971,7028,6106,1518,-1315,-203
4994,7004,6810,1562,-1338,-224
4972,6357,7028,1301,-1076,-225
5013,5619,6985,778,-613,-165
5504,5125,6873,513,-366,-147
6505,5186,6813,-92,-40,132
6969,5030,6613,-957,667,290
6999,4999,6037,-1202,978,224
6955,5044,5437,-1049,758,291
6946,5416,5052,-802,593,209
6978,6156,5020,-499,436,63
6626,6851,5147,-234,80,154
5777,6915,5082,188,-225,37
5128,6870,5138,821,-764,-57
5029,6969,5690,963,-890,-73
5003,6995,6299,723,-627,-96
5131,6818,6867,600,-539,-61
5106,6133,6893,418,-495,77
5248,5318,6751,41,-117,76
5875,5046,6953,-143,308,-165
6580,5087,6911,-727,950,-223
6916,5083,6688,-1060,1115,-55
7073,4926,6075,-998,1057,-59
6993,5006,5445,-930,944,-14
6938,5463,5060,-686,828,-142
6913,6186,5086,-512,693,-181
6581,6706,5292,-455,558,-103
5645,6715,5284,27,305,-332
5084,6914,5164,895,-471,-424
4988,7011,5620,1452,-1448,-4
4879,7121,6170,1564,-1510,-54
5060,6938,6858,1348,-1247,-101
4989,6210,7010,806,-913,107
5219,5465,6780,391,-578,187
6220,5434,6564,-288,-549,837
6690,5308,6658,-1070,-195,1265
6895,5103,6668,-1535,1101,434
6979,5019,6242,-1579,1607,-28
7087,4911,5658,-1498,1504,-6
6973,5192,5024,-1487,1479,8
7024,6018,4975,-1117,1147,-30
6756,6777,5221,-615,652,-37
5906,6750,5248,-299,538,-239
5106,6892,5414,591,-99,-492
4998,7001,5680,1419,-1162,-257
4944,7053,6228,1579,-1290,-289
5017,6982,6845,1613,-1292,-321
4964,6209,7035,1161,-963,-198
5057,5540,6942,633,-603,-30
5921,5213,6786,174,-321,147
6679,5320,6600,-750,-41,791
6893,5106,6531,-1245,430,815
6973,5027,6104,-1278,885,393
7022,4976,5511,-1228,1042,186
6999,5326,5000,-1355,1166,189
7003,6111,4995,-899,833,66
6777,6772,5220,-556,530,26
5763,6739,5259,-131,391,-260
5143,6856,5451,658,-51,-607
5013,6986,5680,1311,-963,-348
4982,7016,6267,1360,-1063,-297
5070,6929,6903,1304,-995,-309
4982,6212,7016,1023,-807,-216
5086,5394,6913,569,-411,-158
5656,5063,6936,413,-106,-307
6613,5121,6877,-205,267,-62
6957,5041,6518,-992,889,103
6993,5005,5945,-1062,860,202
6901,5097,5285,-784,580,204
6939,5572,5060,-570,468,102
6862,6377,5137,-212,183,29
6396,6877,5121,156,-215,59
5652,6948,5051,558,-665,107
5178,6846,5153,882,-910,28
5028,6971,5689,770,-774,4
5000,6999,6310,521,-541,20
5126,6796,6871,517,-583,66
5077,6097,6922,501,-653,152
5231,5439,6767,359,-442,83
5794,5100,6899,211,-71,-140
6791,5087,6912,-472,810,-338
6968,5031,6653,-1198,1310,-112
7123,4875,6104,-1350,1427,-77
6995,5003,5375,-1238,1212,26
6949,5545,5050,-727,839,-112
6668,6325,5331,-135,533,-398
6013,6534,5465,571,417,-988
5651,6849,5149,1059,-204,-855
5347,6870,5129,1284,-1398,114
5059,6939,5358,1296,-1663,367
4833,7166,5939,1256,-1574,318
4973,7025,6716,1317,-1493,176
4974,6334,7024,992,-1244,252
5118,5495,6879,580,-818,238
5927,5333,6665,226,-676,450
6684,5315,6424,-486,-468,954
6958,5041,6644,-1430,775,655
6985,5013,6210,-1694,1557,137
7069,4928,5525,-1645,1521,124
7008,5236,4991,-1639,1500,139
7035,6123,4964,-1097,1012,85
6816,6787,5182,-672,646,26
5924,6739,5259,-321,501,-180
5179,6820,5601,591,187,-778
5016,6983,5632,1408,-762,-646
4985,7012,6225,1533,-1109,-424
4999,7000,6835,1501,-1188,-313
4923,6212,7076,1430,-1125,-305
5048,5424,6951,856,-649,-207
5747,5124,6875,457,-437,-20
6733,5267,6575,-337,-105,442
6921,5078,6336,-1124,267,857
6980,5018,5911,-1245,714,531
6897,5103,5312,-1059,674,385
6967,5572,5032,-868,613,255
6975,6296,5024,-622,453,169
6664,6944,5054,-500,96,404
5799,6984,5014,-193,-197,390
5039,6960,5308,469,-524,55
4987,7012,5897,818,-680,-138
5068,6931,6565,612,-446,-166
5139,6377,6859,281,-145,-136
5272,5585,6726,-308,248,60
5575,5209,6788,-786,788,-2
6002,5106,6892,-842,949,-107
6486,5034,6964,-827,1127,-300
6987,5010,6761,-855,1430,-575
7091,4909,6049,-774,1290,-516
6988,5010,5333,-682,1054,-372
6956,5622,5043,-598,1012,-414
6697,6339,5302,-252,699,-447
5985,6500,5498,414,530,-944
5603,6828,5170,977,-157,-820
5341,6863,5135,1196,-1479,283
5067,6932,5365,1290,-1806,516
4832,7165,5933,1247,-1690,443
4933,7066,6728,1544,-1788,244
4912,6330,7086,1240,-1436,196
5038,5475,6962,801,-852,51
5716,5170,6828,558,-638,80
6601,5398,6568,40,-513,473
6926,5071,6269,-1007,90,917
6987,5011,6041,-1631,1099,532
6989,5008,5467,-1645,1234,411
7010,5339,4988,-1678,1224,454
7029,6110,4969,-1147,800,347
6841,6825,5157,-769,540,229
5914,6852,5145,-408,423,-15
5191,6807,5635,363,181,-544
5007,6991,5857,1133,-265,-868
5010,6989,6330,1280,-702,-578
5109,6781,6890,1039,-661,-378
5030,6093,6968,717,-568,-149
5116,5327,6883,463,-315,-148
5795,5019,6980,224,51,-275
6687,5014,6984,-294,497,-203
6954,5045,6449,-983,920,63
6981,5018,5865,-836,638,198
6873,5125,5239,-616,460,156
6924,5691,5075,-494,460,34
6792,6462,5207,-159,229,-70
6266,6869,5129,178,-173,-5
5580,6948,5052,697,-775,78
5153,6846,5174,1084,-1111,27
4985,7013,5667,1012,-1038,26
4964,7034,6331,855,-907,52
5089,6762,6909,708,-866,158
5064,6011,6933,491,-788,297
5398,5406,6601,200,-558,358
6258,5374,6625,-380,-339,719
6653,5073,6925,-1104,616,488
6873,5126,6730,-1435,1567,-132
7062,4936,6238,-1379,1645,-266
7074,4924,5523,-1570,1717,-147
6986,5328,5011,-1258,1372,-114
6982,6200,5016,-758,973,-215
6546,6723,5276,-411,563,-152
5611,6593,5406,172,521,-693
5145,6854,5287,1106,-197,-909
5045,6953,5569,1606,-1457,-149
4942,7056,6094,1592,-1579,-13
4975,7023,6824,1646,-1555,-91
4940,6317,7059,1331,-1272,-59
5053,5483,6946,762,-734,-28
5739,5196,6803,391,-476,85
6685,5314,6569,-340,-280,620
6949,5050,6522,-1150,366,784
7022,4976,6020,-1398,1061,337
7018,4980,5377,-1361,1093,268
6998,5470,5001,-1277,1027,250
6974,6200,5026,-741,624,117
6692,6831,5168,-492,408,84
5780,6853,5145,-156,160,-4
5068,6931,5386,600,-347,-253
5005,6994,5831,1133,-870,-263
5020,6978,6415,1040,-709,-331
5100,6718,6899,858,-570,-288
5026,5997,6972,528,-414,-114
5213,5173,6825,140,45,-185
5945,4977,7023,-113,432,-319
6700,5100,6898,-658,820,-162
6943,5055,6506,-837,818,19
6999,5000,5899,-642,598,44
6886,5113,5288,-558,532,26
6901,5659,5097,-492,559,-67
6821,6347,5177,-335,422,-87
6420,6860,5139,-159,50,109
5597,7005,4993,271,-524,253
5110,6889,5188,1049,-1119,70
4916,7083,5623,1194,-1264,70
4937,7062,6347,1151,-1191,40
5082,6724,6917,767,-892,125
5175,5974,6823,314,-677,363
5802,5536,6463,-455,-487,942
6163,5260,6738,-1033,-55,1088
6455,5108,6890,-1173,1224,-51
6825,5174,6812,-1288,1739,-451
7055,4943,6383,-1261,1695,-434
7134,4864,5666,-1339,1633,-294
6982,5221,5016,-1342,1560,-218
7014,6112,4985,-850,1094,-244
6695,6764,5235,-569,730,-161
5850,6698,5300,-279,648,-369
5144,6854,5527,655,56,-711
5017,6981,5665,1536,-1178,-358
4967,7030,6145,1676,-1434,-242
4962,7037,6855,1697,-1484,-213
4910,6302,7090,1596,-1328,-268
5006,5450,6994,966,-764,-202
5643,5079,6918,517,-443,-74
6742,5257,6709,-217,-86,303
6922,5077,6295,-1039,222,817
6988,5010,5909,-1164,533,631
6882,5117,5300,-970,564,406
6946,5616,5052,-714,496,218
6963,6401,5035,-469,275,194
6507,6960,5039,-218,-174,392
5632,6987,5012,259,-536,277
5110,6889,5270,779,-689,-90
5007,6992,5845,629,-569,-60
5124,6875,6500,346,-300,-46
5241,6390,6757,-58,-44,102
5233,5689,6766,-266,172,94
5427,5152,6846,-336,635,-299
5856,5056,6941,-425,1045,-620
6421,4947,7051,-489,1254,-765
7010,4989,6838,-703,1620,-917
7101,4897,6074,-589,1249,-660
6973,5025,5371,-402,937,-535
6754,5701,5245,-8,749,-741
6459,6347,5539,761,473,-1234
6163,6834,5164,886,-215,-671
5856,6913,5084,829,-1331,502
5464,6924,5075,881,-1690,809
4966,7033,5233,907,-1696,789
4810,7189,5972,887,-1605,718
4982,7017,6839,1024,-1481,457
4961,6194,7038,708,-1035,327
5209,5454,6789,418,-696,278
6035,5386,6613,29,-598,569
6685,5313,6574,-785,-252,1037
6878,5120,6697,-1463,1133,330
6960,5038,6256,-1559,1635,-76
7075,4922,5664,-1522,1492,30
6967,5180,5031,-1567,1464,103
7053,5943,4945,-1093,1086,7
6846,6749,5153,-799,767,32
6000,6779,5219,-422,558,-136
5277,6722,5678,306,477,-783
5022,6977,5683,1282,-269,-1013
4978,7020,6123,1631,-1092,-539
4996,7004,6788,1601,-1221,-380
4930,6345,7068,1595,-1228,-367
5017,5575,6981,1026,-712,-314
5541,5140,6859,625,-512,-113
6514,5279,6720,73,-309,236
6935,5063,6378,-944,217,727
6992,5007,6022,-1393,837,556
6985,5013,5435,-1365,870,495
6995,5375,5004,-1318,899,419
7001,6150,4998,-935,667,268
6784,6824,5174,-548,445,103
5902,6882,5117,-283,279,4
5104,6895,5488,510,-179,-331
5012,6987,5789,1090,-625,-465
5028,6971,6379,1047,-645,-402
5115,6732,6884,859,-572,-287
5029,6033,6970,523,-440,-83
5209,5204,6795,112,-17,-95
6011,5017,6982,-278,436,-158
6602,5095,6904,-923,923,0
6914,5084,6583,-983,941,42
6999,4999,5984,-759,739,20
6917,5082,5350,-653,667,-14
6924,5576,5076,-568,669,-101
6891,6239,5107,-484,554,-70
6591,6823,5175,-407,295,112
5760,6987,5010,-15,-242,257
5087,6911,5217,923,-1090,167
4959,7040,5675,1245,-1241,-4
4947,7052,6345,1111,-1058,-53
5070,6780,6928,758,-806,48
5071,6022,6928,446,-652,206
5573,5409,6589,-125,-352,477
6211,5292,6707,-982,41,941
6573,5150,6849,-1176,843,333
6826,5171,6722,-1170,1339,-169
7033,4965,6254,-1123,1359,-236
7066,4933,5576,-1225,1377,-152
6964,5287,5035,-1190,1293,-103
6981,6097,5018,-808,956,-148
6695,6726,5273,-518,627,-109
5862,6686,5312,-202,556,-354
5112,6887,5365,618,-112,-506
4997,7001,5628,1478,-1348,-130
4910,7089,6143,1599,-1505,-94
4972,7027,6887,1753,-1563,-190
4919,6275,7080,1387,-1199,-188
5044,5434,6955,758,-643,-115
5717,5151,6847,466,-464,-2
6694,5304,6555,-222,-288,510
6902,5097,6304,-1146,188,958
6981,5017,5977,-1397,779,618
6977,5021,5383,-1353,890,463
6990,5477,5008,-1286,917,369
6975,6206,5024,-785,602,183
6718,6830,5168,-563,470,93
5851,6845,5153,-342,357,-15
5112,6886,5508,376,-68,-308
4971,7029,5830,1124,-684,-440
5031,6967,6432,1188,-772,-416
5107,6686,6892,918,-571,-347
5018,5969,6982,567,-405,-162
5127,5139,6871,374,0,-374
5897,4955,7042,89,428,-517
6776,5124,6874,-499,782,-283
6935,5064,6439,-898,795,103
6964,5034,5847,-671,517,154
6833,5166,5185,-513,356,157
6893,5773,5105,-407,300,107
6782,6503,5216,-39,41,-2
6334,6890,5108,156,-259,103
5606,6956,5041,499,-759,260
5139,6890,5109,948,-1093,145
4968,7030,5657,904,-1031,127
4959,7039,6342,684,-820,136
5076,6750,6922,594,-885,291
5161,5951,6838,358,-794,436
5686,5500,6498,-265,-569,834
6183,5254,6745,-902,-94,996
6495,5083,6915,-1166,1284,-118
6850,5147,6852,-1292,1830,-538
7104,4894,6358,-1227,1814,-587
7112,4886,5583,-1415,1801,-386
7001,5294,4998,-1252,1503,-251
7002,6185,4996,-767,1039,-272
6587,6747,5251,-475,619,-144
5610,6570,5428,99,553,-652
5206,6793,5464,1089,15,-1104
5084,6913,5527,1537,-1234,-303
4995,7004,6054,1480,-1466,-14
4973,7026,6757,1468,-1392,-76
4962,6414,7036,1307,-1232,-75
5010,5607,6989,827,-786,-41
5524,5167,6831,521,-531,10
6478,5298,6701,52,-440,388
6949,5050,6408,-863,155,708
7026,4973,6039,-1359,957,402
6989,5009,5413,-1330,973,357
6987,5414,5011,-1210,880,330
6990,6148,5008,-809,572,237
6769,6882,5117,-536,262,274
5929,6969,5028,-299,-39,338
5043,6955,5205,426,-570,144
4998,6999,5810,1031,-879,-152
5017,6981,6410,858,-592,-266
5091,6645,6908,622,-409,-213
5126,5812,6872,171,-48,-123
5502,5204,6795,-399,361,38
6040,5091,6908,-757,722,35
6552,5108,6890,-800,764,36
6915,5084,6577,-694,737,-43
7004,4995,5980,-517,585,-68
6910,5089,5376,-480,572,-92
6920,5592,5079,-521,694,-173
6885,6261,5113,-552,615,-63
6604,6783,5216,-588,467,121
5821,6954,5045,-272,-32,304
5045,6953,5184,734,-1075,341
4904,7095,5614,1399,-1568,169
4912,7085,6320,1568,-1547,-21
5061,6788,6938,1096,-1079,-17
5052,5957,6946,526,-685,159
5625,5411,6587,-169,-329,498
6195,5204,6795,-959,71,888
6636,5109,6890,-1165,1035,130
6916,5082,6651,-1404,1494,-90
7116,4882,6157,-1317,1431,-114
7070,4927,5395,-1361,1450,-89
7029,5503,4970,-1072,1295,-223
6945,6435,5054,-561,836,-275
6304,6745,5253,-342,718,-376
5408,6591,5464,221,661,-882
5201,6797,5741,1116,181,-1297
5058,6940,5709,1560,-861,-699
5021,6978,6286,1432,-1251,-181
5041,6895,6958,1445,-1323,-122
4954,6111,7044,1158,-1103,-55
5127,5383,6871,824,-695,-129
5826,5207,6791,432,-430,-2
6786,5213,6761,-365,42,323
6990,5008,6521,-1274,1086,188
7038,4959,5935,-1454,1286,168
6977,5021,5286,-1350,1136,214
6983,5593,5016,-1071,928,143
6948,6294,5050,-577,553,24
6445,6815,5182,-303,255,48
5497,6832,5166,336,-132,-204
5101,6897,5269,1076,-879,-197
5019,6979,5818,1149,-1013,-136
5022,6976,6424,887,-713,-174
5086,6714,6913,619,-573,-46
5078,6024,6921,407,-530,123
5330,5273,6726,70,-235,165
6168,5181,6817,-285,100,185
6714,5124,6875,-877,630,247
6947,5052,6512,-1086,1080,6
7037,4962,5936,-1063,1045,18
6948,5050,5279,-999,958,41
6958,5627,5042,-819,826,-7
6906,6306,5092,-556,556,0
6583,6844,5155,-514,356,158
5757,6983,5016,-221,-139,360
5046,6953,5358,761,-1039,278
4994,7005,5848,1254,-1107,-147
4988,7011,6444,1071,-827,-244
5070,6703,6929,845,-667,-178
5061,5986,6937,479,-536,57
5434,5287,6711,9,-196,187
6234,5166,6834,-422,147,275
6720,5120,6879,-928,749,179
6941,5057,6474,-1032,975,57
7017,4982,5898,-916,858,58
6912,5086,5261,-801,751,50
6942,5660,5058,-611,677,-66
6879,6336,5119,-498,555,-57
6539,6808,5191,-517,445,72
5681,6911,5088,-150,7,143
5039,6959,5346,877,-960,83
4963,7035,5800,1386,-1258,-128
4947,7051,6434,1432,-1226,-206
5066,6690,6932,1089,-925,-164
5026,5981,6973,578,-646,68
5355,5300,6698,300,-420,120
6323,5324,6674,-379,-158,537
6737,5102,6896,-1104,486,618
6927,5071,6510,-1403,1287,116
7072,4927,6004,-1352,1306,46
7001,4997,5308,-1399,1322,77
6995,5587,5005,-991,1058,-67
6903,6346,5097,-529,718,-189
6207,6635,5364,-120,568,-448
5416,6582,5477,679,467,-1146
5107,6892,5152,1372,-569,-803
5061,6938,5602,1619,-1575,-44
4934,7064,6140,1532,-1553,21
4976,7022,6895,1590,-1600,10
4915,6216,7084,1420,-1406,-14
5065,5362,6932,903,-799,-104
5762,5149,6850,492,-488,-4
6741,5259,6632,-258,-140,398
6985,5013,6473,-1190,640,550
7001,4998,5888,-1463,1099,364
6944,5054,5289,-1335,940,395
6995,5563,5003,-1156,810,346
6976,6271,5022,-738,528,210
6662,6925,5074,-508,204,304
5707,6905,5094,-121,-65,186
5065,6933,5418,657,-403,-254
4993,7005,5884,1018,-770,-248
5054,6945,6486,912,-644,-268
5104,6592,6895,660,-482,-178
5067,5817,6932,367,-191,-176
5354,5101,6898,-2,373,-371
6090,5078,6921,-425,882,-457
6592,5101,6898,-902,976,-74
6917,5082,6572,-882,937,-55
7007,4991,5978,-661,710,-49
6932,5066,5340,-609,677,-68
6934,5575,5064,-682,774,-92
6901,6260,5097,-605,607,-2
6624,6812,5188,-562,405,157
5870,6996,5004,-334,-68,402
5023,6975,5308,580,-1061,481
4943,7056,5757,1289,-1269,-20
4939,7060,6407,1181,-1056,-125
5059,6722,6938,862,-788,-74
5148,5943,6850,350,-491,141
5724,5366,6632,-438,-92,530
6170,5093,6906,-920,462,458
6597,5126,6873,-1119,1149,-30
6924,5074,6713,-1204,1386,-182
7145,4854,6142,-1192,1471,-279
7023,4976,5404,-1338,1441,-103
6973,5510,5025,-949,1127,-178
6893,6289,5106,-565,802,-237
6326,6625,5374,-284,618,-334
5445,6553,5454,437,463,-900
5167,6889,5110,1272,-599,-673
5078,6920,5502,1532,-1637,105
4933,7065,6006,1556,-1622,66
4959,7040,6741,1586,-1582,-4
4958,6372,7040,1397,-1395,-2
5051,5555,6949,843,-832,-11
5601,5199,6800,517,-577,60
6533,5303,6695,-32,-367,399
6985,5013,6638,-1158,703,455
6998,5000,6116,-1687,1427,260
7051,4947,5535,-1691,1363,328
7006,5270,4992,-1784,1379,405
7046,6056,4952,-1190,929,261
6821,6793,5176,-671,539,132
5886,6792,5206,-241,359,-118
5146,6853,5431,767,-94,-673
5017,6981,5663,1335,-836,-499
4990,7009,6258,1347,-963,-384
5103,6896,6883,1194,-867,-327
4996,6211,7003,848,-703,-145
5077,5486,6921,515,-470,-45
5721,5112,6888,316,-211,-105
6724,5183,6816,-411,197,214
6943,5055,6544,-1100,833,267
6993,5005,5972,-1141,919,222
6927,5071,5360,-1035,807,228
6940,5529,5059,-803,652,151
6959,6227,5040,-529,461,68
6679,6923,5076,-419,52,367
5850,7088,4911,-67,-553,620
5100,6898,5231,769,-1023,254
5013,6985,5747,1002,-921,-81
5016,6983,6369,708,-581,-127
5109,6730,6888,524,-505,-19
5107,6045,6891,361,-465,104
5294,5231,6769,11,-12,1
6025,5014,6984,-319,521,-202
6573,5100,6899,-950,1046,-96
6942,5057,6697,-1071,1148,-77
7080,4919,6078,-970,1091,-121
6978,5020,5376,-836,945,-109
6944,5547,5055,-657,857,-200
6790,6263,5208,-378,622,-244
6250,6635,5363,99,392,-491
5559,6890,5109,664,-277,-387
5237,6899,5100,1245,-1479,234
4975,7024,5426,1415,-1791,376
4841,7157,6085,1537,-1845,308
5003,6996,6848,1383,-1499,116
4951,6146,7048,924,-1137,213
5150,5411,6849,514,-628,114
5883,5260,6739,310,-571,261
6757,5243,6629,-389,-141,530
6956,5043,6511,-1321,1011,310
7015,4983,6043,-1536,1393,143
7053,4946,5380,-1535,1323,212
6993,5459,5006,-1357,1121,236
6987,6204,5012,-703,688,15
6605,6776,5222,-498,544,-46
5599,6597,5400,18,515,-533
5201,6797,5639,976,226,-1202
5028,6971,5628,1601,-953,-648
4982,7017,6156,1623,-1353,-270
5003,6995,6881,1582,-1362,-220
4962,6252,7037,1428,-1191,-237
5050,5519,6949,925,-697,-228
5596,5149,6848,599,-487,-112
6554,5190,6808,-3,-126,129
6990,5009,6545,-1089,881,208
7012,4986,6002,-1547,1277,270
6973,5025,5416,-1488,1047,441
6986,5401,5012,-1276,881,395
6993,6151,5006,-830,606,224
6792,6863,5136,-521,348,173
5878,6915,5085,-215,85,130
5081,6918,5357,609,-364,-245
5034,6964,5807,1096,-753,-343
5036,6963,6371,950,-572,-378
5112,6749,6886,804,-541,-263
5031,6053,6967,546,-455,-91
5176,5220,6823,211,-44,-167
5927,4977,7021,-134,463,-329
6616,5095,6903,-862,976,-114
6912,5086,6600,-1051,1026,25
6996,5003,6006,-865,832,33
6922,5077,5383,-730,698,32
6927,5535,5072,-668,688,-20
6930,6203,5070,-580,559,21
6715,6882,5116,-540,213,327
5952,7096,4902,-338,-383,721
5065,6934,5279,565,-1055,490
4957,7041,5713,1104,-1052,-52
4970,7029,6380,893,-796,-97
5100,6701,6898,534,-568,34
5258,5916,6739,22,-371,349
5671,5289,6709,-844,208,636
6043,5127,6872,-1001,914,87
6419,5097,6902,-1073,1249,-176
6917,5081,6846,-1044,1434,-390
7112,4886,6242,-1078,1588,-510
7047,4951,5488,-1045,1360,-315
6981,5407,5017,-829,1167,-338
6907,6232,5092,-507,810,-303
6293,6575,5424,-99,534,-435
5517,6626,5372,580,315,-895
5229,6883,5115,1240,-970,-270
5078,6920,5413,1463,-1705,242
4891,7107,5935,1416,-1624,208
4929,7070,6700,1610,-1696,86
4934,6414,7065,1351,-1408,57
5019,5551,6979,821,-854,33
5635,5169,6829,562,-614,52
6568,5389,6609,15,-482,467
6925,5074,6356,-1007,106,901
6997,5001,6076,-1623,1137,486
7015,4984,5506,-1639,1237,402
7016,5290,4983,-1666,1239,427
7033,6088,4966,-1163,839,324
6843,6810,5156,-759,559,200
5895,6836,5162,-358,401,-43
5163,6835,5638,496,74,-570
4991,7007,5689,1240,-511,-729
5003,6996,6295,1398,-902,-496
5103,6877,6895,1316,-854,-462
5005,6184,6994,1080,-720,-360
5060,5430,6939,682,-385,-297
5554,4957,7040,543,13,-556
6404,4905,7094,242,464,-706
7005,4994,6358,-539,853,-314
6968,5030,5809,-805,520,285
6879,5344,5119,-581,38,543
6992,6070,5006,-433,-359,792
6769,6615,5229,93,-761,668
6251,6804,5194,655,-622,-33
5752,6887,5112,635,-515,-120
5227,6816,5182,575,-579,4
5046,6953,5673,525,-632,107
4995,7003,6264,580,-687,107
5115,6850,6882,828,-937,109
5031,6124,6967,844,-935,91
5136,5457,6861,734,-665,-69
5638,5105,6894,598,-367,-231
6523,4935,7064,83,407,-490
7015,4984,6511,-1081,1360,-279
7092,4906,5987,-1473,1409,64
6988,5009,5288,-1413,1270,143
6990,5589,5008,-926,887,39
6887,6330,5112,-477,532,-55
6122,6715,5284,145,103,-248
5534,6876,5123,981,-398,-583
5159,6839,5216,1249,-1138,-111
4996,7003,5642,1283,-1294,11
4915,7083,6283,1267,-1286,19
5069,6844,6929,959,-1035,76
5011,6069,6987,536,-816,280
5432,5402,6597,68,-522,454
6321,5508,6491,-690,-506,1196
6629,5288,6710,-1196,3,1193
6812,5186,6714,-1348,1302,46
6941,5058,6292,-1352,1556,-204
7081,4918,5715,-1311,1454,-143
7002,5093,4997,-1551,1610,-59
7062,5965,4937,-1433,1348,85
6855,6719,5143,-970,726,244
6166,6853,5145,-532,433,99
5156,6925,5073,204,-274,70
4967,7033,5604,1342,-1350,8
4937,7062,6188,1593,-1388,-205
5046,6951,6828,1516,-1138,-378
4970,6324,7029,1093,-798,-295
5058,5544,6940,601,-470,-131
5707,5153,6846,242,-216,-26
6700,5251,6747,-441,48,393
6925,5074,6568,-1027,436,591
7012,4987,6036,-1074,782,292
6942,5057,5410,-941,693,248
6930,5489,5067,-671,559,112
6924,6198,5075,-447,465,-18
6635,6849,5150,-292,180,112
5808,6975,5023,15,-204,189
5094,6904,5197,790,-900,110
5016,6983,5714,1171,-1083,-88
5005,6992,6312,1065,-860,-205
5122,6810,6877,888,-682,-206
5032,6146,6966,704,-607,-97
5098,5398,6901,595,-368,-227
5592,4945,7053,507,131,-638
6497,4976,7022,35,860,-895
6983,5015,6491,-898,1016,-118
7012,4987,5907,-908,697,211
6900,5098,5242,-597,428,169
6882,5757,5115,-368,324,44
6605,6577,5393,352,-88,-264
6186,6874,5124,846,-602,-244
5745,6923,5076,919,-988,69
5252,6904,5094,1027,-1228,201
4947,7053,5508,1038,-1388,350
4931,7068,6219,1020,-1292,272
5078,6898,6920,899,-1166,267
5031,6072,6968,688,-1033,345
5312,5440,6687,414,-649,235
6091,5367,6632,-103,-437,540
6677,5057,6942,-976,513,463
6864,5134,6775,-1471,1645,-174
7052,4945,6290,-1480,1763,-283
7069,4931,5596,-1672,1781,-109
6978,5251,5022,-1254,1337,-83
7025,6090,4974,-831,1026,-195
6698,6769,5230,-507,580,-73
5693,6631,5368,11,447,-458
5188,6810,5410,1007,-39,-968
5056,6943,5554,1507,-1199,-308
4971,7027,6089,1500,-1437,-63
4997,7000,6795,1548,-1416,-132
4969,6373,7029,1284,-1148,-136
5012,5602,6986,827,-702,-125
5517,5140,6858,521,-422,-99
6510,5179,6820,-74,-84,158
6983,5016,6621,-1020,842,178
7018,4980,6035,-1346,1168,178
6969,5029,5427,-1247,939,308
6966,5408,5034,-1009,735,274
6988,6122,5010,-674,505,169
6794,6898,5100,-501,158,343
5962,6995,5003,-275,-149,424
5070,6929,5183,409,-644,235
5004,6995,5789,949,-811,-138
5018,6981,6392,730,-506,-224
5082,6584,6916,538,-288,-250
5171,5757,6828,41,124,-165
5523,5209,6790,-592,559,33
5962,5113,6886,-785,824,-39
6467,5090,6909,-832,902,-70
6920,5079,6752,-823,1001,-178
7095,4905,6153,-849,1159,-310
6991,5007,5442,-990,1159,-169
6948,5463,5050,-818,1021,-203
6925,6201,5073,-712,840,-128
6636,6756,5242,-692,635,57
5897,6853,5145,-369,294,75
5014,6984,5201,622,-767,145
4944,7055,5614,1535,-1606,71
4896,7103,6254,1744,-1654,-90
5070,6899,6929,1302,-1162,-140
4990,6071,7008,714,-824,110
5326,5342,6673,191,-437,246
6306,5371,6627,-600,-277,877
6673,5146,6852,-1173,328,845
6893,5105,6560,-1471,1344,127
7016,4982,6157,-1425,1433,-8
7093,4904,5460,-1421,1408,13
6998,5400,5001,-1436,1399,37
6980,6215,5019,-880,922,-42
6632,6762,5237,-530,611,-81
5724,6717,5280,-74,436,-362
5068,6930,5214,950,-439,-511
5008,6990,5703,1554,-1391,-163
4928,7072,6240,1619,-1427,-192
5049,6950,6948,1748,-1487,-261
4954,6179,7043,1183,-1034,-149
5104,5424,6895,634,-610,-24
5966,5220,6779,156,-301,145
6732,5266,6665,-873,80,793
6909,5090,6540,-1326,783,543
6987,5011,6039,-1368,1096,272
7035,4965,5412,-1360,1184,176
7003,5429,4995,-1372,1179,193
6998,6196,5001,-803,762,41
6667,6794,5204,-499,477,22
5681,6742,5255,17,270,-287
5099,6899,5296,924,-330,-594
5010,6988,5747,1335,-1106,-229
4979,7020,6331,1335,-1086,-249
5071,6852,6929,1249,-970,-279
4983,6142,7016,915,-756,-159
5086,5403,6913,601,-429,-172
5701,5035,6964,455,-76,-379
6657,5055,6945,-160,401,-241
6977,5022,6465,-1038,1004,34
7002,4998,5875,-1064,856,208
6907,5091,5274,-783,568,215
6951,5659,5047,-544,465,79
6840,6482,5158,-178,150,28
6291,6903,5096,189,-272,83
5587,6935,5063,696,-761,65
5151,6847,5203,950,-961,11
5018,6980,5748,801,-784,-17
5008,6990,6376,602,-602,0
5113,6735,6886,615,-645,30
5069,6040,6929,541,-620,79
5182,5365,6817,492,-418,-74
5733,5013,6985,468,-7,-461
6672,5036,6963,-131,883,-752
7016,4982,6533,-1146,1294,-148
7085,4913,5949,-1337,1284,53
6938,5060,5265,-1085,962,123
6945,5659,5053,-622,657,-35
6735,6394,5263,-189,409,-220
6042,6731,5268,397,-15,-382
5576,6928,5071,953,-702,-251
5160,6839,5159,1226,-1283,57
4962,7037,5543,1236,-1401,165
4880,7118,6240,1360,-1487,127
5060,6876,6938,1144,-1248,104
5009,6043,6991,725,-1000,275
5323,5343,6676,358,-628,270
6277,5457,6541,-255,-585,840
6707,5291,6679,-1111,-65,1176
6843,5155,6679,-1571,1371,200
6957,5042,6241,-1560,1645,-85
7086,4913,5631,-1483,1483,0
7002,5199,4997,-1581,1559,22
7044,6032,4954,-1246,1216,30
6817,6800,5182,-774,733,41
5994,6762,5237,-418,511,-93
5121,6878,5424,457,-30,-427
4998,7000,5676,1434,-1167,-267
4959,7040,6211,1676,-1347,-329
4982,7016,6881,1784,-1396,-388
4917,6288,7080,1563,-1172,-391
5019,5470,6980,920,-652,-268
5688,5077,6921,455,-353,-102
6767,5232,6676,-396,70,326
6926,5072,6399,-1110,355,755
6986,5012,5925,-1182,681,501
6887,5112,5323,-988,616,372
6946,5593,5053,-712,492,220
6973,6374,5025,-459,254,205
6579,6967,5031,-287,-168,455
5724,7016,4982,120,-545,425
5107,6891,5266,729,-725,-4
5008,6990,5823,705,-637,-68
5062,6937,6489,521,-456,-65
5152,6558,6847,396,-366,-30
5164,5834,6835,134,-146,12
5363,5142,6856,-92,367,-275
5953,5069,6930,-380,1002,-622
6440,4982,7017,-748,1262,-514
6988,5010,6820,-895,1588,-693
7080,4917,6095,-715,1201,-486
7006,4992,5368,-530,892,-362
6889,5644,5108,-423,821,-398
6482,6288,5517,275,543,-818
6147,6700,5299,926,96,-1022
5801,6930,5068,919,-1081,162
5450,6906,5092,981,-1691,710
5002,6997,5242,1025,-1762,737
4800,7199,5928,1031,-1704,673
4949,7051,6757,1223,-1639,416
4937,6257,7062,904,-1190,286
5117,5461,6882,581,-759,178
5853,5303,6695,380,-613,233
6662,5336,6470,-350,-419,769
6939,5059,6625,-1357,708,649
6966,5033,6175,-1630,1505,125
7043,4954,5569,-1568,1415,153
6980,5242,5018,-1596,1357,239
7053,6006,4946,-1063,951,112
6838,6784,5159,-750,684,66
5924,6776,5223,-368,519,-151
5246,6753,5750,412,426,-838
5034,6963,5722,1328,-292,-1036
4997,7000,6157,1592,-1018,-574
5024,6976,6807,1554,-1147,-407
4940,6321,7059,1632,-1184,-448
5035,5574,6964,1075,-655,-420
5472,5067,6931,697,-398,-299
6388,5062,6936,289,-34,-255
6999,4998,6428,-668,544,124
6993,5005,5921,-1157,741,416
6936,5062,5357,-1146,638,508
6947,5511,5052,-943,535,408
6996,6328,5002,-553,281,272
6647,6967,5031,-321,-149,470
5801,7061,4938,55,-519,464
5104,6894,5254,686,-712,26
5042,6956,5843,671,-502,-169
5230,6769,6603,298,18,-316
5229,6177,6769,-151,460,-309
5270,5689,6729,-488,710,-222
5334,5232,6766,-507,797,-290
5537,4967,7031,-176,992,-816
5916,4748,7251,288,1315,-1603
6727,4907,7091,715,1619,-2334
7054,4944,6308,724,1264,-1988
6857,5142,5303,389,833,-1222
6902,6002,5096,25,344,-369
6711,6921,5078,294,-692,398
6159,6944,5054,800,-1545,745
5725,7024,4974,1157,-1731,574
5133,6946,5051,1190,-1680,490
4942,7058,5691,893,-1225,332
4987,7012,6393,429,-678,249
5389,6538,6609,-308,-550,858
5449,5766,6548,-1150,-354,1504
5649,5171,6827,-1043,408,635
5934,5147,6851,-902,1287,-385
6315,5086,6913,-810,1397,-587
6881,5054,6944,-738,1413,-675
7186,4813,6334,-719,1557,-838
7134,4864,5442,-772,1451,-679
7062,5562,4936,-839,1276,-437
6896,6345,5102,-705,752,-47
6455,6754,5244,-402,463,-61
5592,6942,5057,102,-177,75
5083,6917,5246,1207,-1380,173
4952,7048,5634,1562,-1605,43
4858,7141,6322,1533,-1525,-8
5018,6824,6980,1352,-1315,-37
4983,5955,7015,785,-862,77
5337,5298,6701,270,-477,207
6331,5402,6596,-290,-545,835
6706,5293,6467,-1053,-304,1357
6929,5069,6550,-1449,701,748
6986,5013,6038,-1393,1268,125
7030,4967,5356,-1338,1264,74
7009,5516,4989,-1230,1190,40
6966,6279,5032,-793,835,-42
6531,6764,5234,-633,618,15
5681,6736,5262,-141,321,-180
5040,6959,5271,936,-729,-207
5002,6996,5662,1631,-1576,-55
4897,7102,6250,1694,-1553,-141
5055,6913,6943,1671,-1429,-242
4987,6151,7011,1159,-986,-173
5116,5403,6882,669,-574,-95
5908,5195,6804,220,-270,50
6795,5203,6759,-661,139,522
6946,5053,6536,-1325,1042,283
6996,5002,5968,-1362,1101,261
6958,5040,5358,-1138,846,292
6981,5519,5018,-895,761,134
6957,6240,5041,-556,581,-25
6602,6789,5209,-456,482,-26
5684,6810,5188,-43,209,-166
5050,6949,5256,885,-538,-347
5019,6978,5821,1315,-1063,-252
5004,6995,6388,1220,-887,-333
5053,6795,6945,1240,-943,-297
5002,6060,6996,945,-743,-202
5113,5326,6885,551,-392,-159
5771,4991,7008,371,55,-426
6767,5069,6930,-345,796,-451
6957,5040,6454,-1156,1099,57
6989,5010,5871,-1047,848,199
6884,5114,5268,-765,581,184
6949,5663,5049,-517,474,43
6864,6453,5134,-250,226,24
6346,6925,5074,62,-237,175
5553,6928,5070,602,-786,184
5141,6858,5200,979,-968,-11
5002,6998,5743,858,-867,9
5005,6993,6394,653,-666,13
5107,6712,6892,559,-649,90
5063,6019,6936,512,-628,116
5217,5329,6782,441,-386,-55
5893,5037,6961,186,119,-305
6802,5104,6896,-598,1060,-462
6968,5030,6583,-1321,1437,-116
7095,4903,6010,-1379,1410,-31
6982,5017,5314,-1179,1148,31
6982,5584,5017,-785,863,-78
6810,6334,5189,-402,562,-160
6020,6600,5399,288,270,-558
5560,6811,5187,1021,-223,-798
5199,6820,5179,1267,-1209,-58
5031,6969,5519,1292,-1439,147
4843,7155,6131,1225,-1391,166
5037,6961,6880,1387,-1457,70
4977,6176,7021,956,-1095,139
5161,5429,6837,563,-690,127
5912,5329,6670,330,-600,270
6703,5296,6470,-437,-347,784
6943,5055,6600,-1408,927,481
6992,5008,6156,-1664,1594,70
7071,4928,5516,-1654,1516,138
6982,5301,5017,-1646,1402,244
7046,6062,4953,-1064,931,133
6809,6813,5185,-737,637,100
5860,6778,5221,-294,412,-118
5172,6827,5587,616,81,-697
5011,6989,5652,1367,-806,-561
4980,7019,6225,1520,-1110,-410
5036,6962,6876,1554,-1139,-415
4972,6252,7026,1328,-966,-362
5052,5533,6947,756,-554,-202
5583,5111,6887,544,-423,-121
6573,5200,6798,-19,-97,116
6978,5020,6494,-987,552,435
6993,5007,5955,-1282,848,434
6949,5050,5366,-1211,749,462
6970,5487,5029,-1045,698,347
6973,6218,5025,-687,489,198
6726,6929,5070,-490,130,360
5923,7040,4957,-295,-178,473
5048,6951,5279,466,-782,316
5003,6995,5846,972,-816,-156
5048,6950,6448,776,-536,-240
5092,6564,6906,574,-385,-189
5117,5783,6881,216,-56,-160
5457,5162,6835,-239,382,-143
6053,5100,6898,-761,872,-111
6517,5103,6896,-987,1013,-26
6918,5081,6688,-951,1029,-78
7077,4921,6096,-860,1054,-194
6980,5018,5381,-920,1095,-175
6951,5542,5049,-723,977,-254
6897,6268,5101,-574,767,-193
6513,6709,5290,-459,529,-70
5687,6842,5158,-5,89,-84
5073,6925,5204,1039,-1125,86
4966,7032,5594,1575,-1684,109
4869,7130,6238,1735,-1733,-2
5049,6924,6949,1423,-1373,-50
4965,6112,7033,844,-958,114
5234,5352,6763,398,-505,107
6249,5355,6644,-250,-254,504
6717,5250,6748,-1099,178,921
6883,5116,6551,-1353,1076,277
6998,5000,6078,-1289,1233,56
7077,4922,5409,-1276,1230,46
7000,5437,4998,-1346,1253,93
6982,6191,5016,-775,788,-13
6630,6772,5226,-523,583,-60
5702,6651,5347,-118,527,-409
5141,6859,5534,821,32,-853
5001,6997,5701,1513,-1100,-413
4947,7051,6245,1581,-1352,-229
5008,6991,6960,1662,-1403,-259
4945,6178,7053,1408,-1106,-302
5083,5452,6915,795,-578,-217
5675,5123,6876,525,-425,-100
6705,5214,6784,-148,10,138
6975,5025,6458,-1125,820,305
7022,4977,5928,-1419,1094,325
6956,5044,5340,-1405,959,446
6968,5512,5031,-1045,690,355
6979,6241,5020,-606,483,123
6690,6889,5110,-501,267,234
5755,6860,5139,-178,98,80
5118,6880,5598,533,-126,-407
4993,7005,5836,1069,-471,-598
5040,6959,6417,1119,-692,-427
5116,6694,6883,907,-577,-330
5021,6010,6977,619,-442,-177
5068,5162,6931,511,-48,-463
5702,4889,7110,483,367,-850
6598,5037,6962,2,818,-820
6990,5009,6344,-669,723,-54
6956,5043,5730,-686,456,230
6876,5361,5122,-530,114,416
6943,6021,5055,-438,-107,545
6810,6732,5188,-15,-470,485
6232,6862,5136,329,-653,324
5667,6902,5097,673,-656,-17
5169,6829,5186,703,-718,15
5027,6972,5721,594,-668,74
4995,7004,6348,540,-644,104
5093,6761,6906,748,-899,151
5046,6031,6953,692,-855,163
5185,5377,6814,638,-623,-15
5749,5107,6892,524,-351,-173
6714,4981,7018,-129,523,-394
7001,4997,6509,-1280,1394,-114
7115,4883,5942,-1562,1532,30
6954,5044,5249,-1480,1333,147
6998,5631,5000,-924,896,28
6923,6358,5076,-575,583,-8
6221,6759,5240,-136,211,-75
5418,6775,5224,810,-241,-569
5156,6841,5282,1287,-992,-295
5026,6973,5670,1289,-1230,-59
4914,7085,6302,1279,-1255,-24
5075,6828,6924,1127,-1108,-19
4997,6098,7001,666,-811,145
5287,5384,6711,332,-501,169
6214,5395,6603,-287,-379,666
6702,5194,6806,-1047,161,886
6916,5082,6610,-1432,1351,81
7046,4952,6132,-1476,1553,-77
7082,4916,5436,-1529,1530,-1
6996,5420,5003,-1441,1379,62
6986,6190,5013,-900,868,32
6630,6775,5223,-522,489,33
5687,6740,5259,14,213,-227
5079,6920,5178,960,-613,-347
5000,6999,5664,1474,-1383,-91
4890,7108,6205,1522,-1406,-116
5028,6971,6945,1651,-1455,-196
4933,6175,7065,1091,-1017,-74
5106,5364,6892,605,-610,5
5984,5239,6761,238,-447,209
6724,5275,6376,-620,-331,951
6942,5056,6450,-1335,360,975
6994,5004,5991,-1537,1087,450
7014,4985,5356,-1472,1138,334
7025,5485,4973,-1370,1096,274
6976,6259,5023,-965,739,226
6671,6827,5171,-676,518,158
5750,6803,5197,-272,323,-51
5057,6942,5470,619,-248,-371
4967,7031,5818,1375,-1100,-275
5000,7000,6414,1417,-1015,-402
5070,6736,6929,1192,-811,-381
5029,6028,6970,827,-587,-240
5100,5220,6898,473,-221,-252
5825,4971,7028,282,145,-427
6746,5042,6956,-269,622,-353
6949,5049,6347,-936,829,107
6943,5056,5736,-712,444,268
6884,5357,5116,-510,95,415
6929,6013,5070,-329,-119,448
6762,6685,5237,136,-356,220
6182,6872,5127,442,-464,22
5639,6915,5084,657,-646,-11
5159,6840,5211,725,-793,68
5011,6988,5742,656,-770,114
4994,7005,6373,687,-793,106
5092,6716,6906,843,-967,124
5044,6012,6955,740,-834,94
5185,5365,6813,688,-577,-111
5753,5043,6956,519,-173,-346
6724,5006,6993,-161,864,-703
7026,4974,6536,-1315,1532,-217
7119,4879,5960,-1592,1588,4
6974,5025,5233,-1425,1340,85
6987,5682,5012,-851,905,-54
6763,6439,5236,-319,468,-149
5891,6679,5319,533,-11,-522
5550,6903,5094,1100,-714,-386
5175,6823,5184,1313,-1337,24
4984,7015,5583,1288,-1442,154
4896,7101,6257,1383,-1499,116
5070,6870,6929,1141,-1247,106
4997,6083,7001,681,-943,262
5298,5374,6700,355,-581,226
6245,5461,6538,-249,-494,743
6693,5283,6715,-1100,18,1082
6843,5156,6672,-1426,1334,92
6956,5042,6246,-1489,1617,-128
7084,4915,5660,-1458,1524,-66
7001,5162,4998,-1755,1686,69
7056,5980,4943,-1407,1242,165
6855,6742,5144,-878,676,202
6103,6842,5156,-472,389,83
5112,6887,5150,298,-229,-69
4975,7024,5625,1359,-1297,-62
4941,7057,6205,1623,-1390,-233
5041,6959,6842,1565,-1161,-404
4959,6314,7038,1155,-825,-330
5048,5535,6950,629,-462,-167
5653,5115,6883,349,-228,-121
6668,5228,6770,-310,55,255
6931,5069,6513,-1007,428,579
7012,4987,6016,-1133,773,360
6942,5057,5394,-1040,716,324
6935,5499,5064,-810,601,209
6966,6225,5032,-523,433,90
6731,6920,5078,-462,85,377
5956,7061,4936,-323,-280,603
5078,6921,5225,380,-861,481
4995,7003,5801,1021,-903,-118
5028,6970,6395,941,-656,-285
5128,6711,6870,770,-515,-255
5034,5993,6963,567,-361,-206
5076,5141,6923,468,124,-592
5746,4943,7054,270,746,-1016
6649,5102,6896,-378,875,-497
6939,5061,6531,-860,740,120
6981,5016,5904,-607,480,127
6834,5164,5248,-408,262,146
6857,5733,5141,-225,221,4
6793,6449,5205,17,31,-48
6462,6924,5074,39,-279,240
5828,7030,4968,191,-886,695
5131,6933,5064,824,-1320,496
4956,7043,5593,1049,-1332,283
4944,7056,6281,912,-1039,127
5079,6813,6919,857,-1019,162
5067,6035,6932,664,-846,182
5307,5417,6691,362,-470,108
6012,5126,6873,-88,73,15
6646,5069,6930,-997,1203,-206
6935,5064,6826,-1463,1747,-284
7166,4832,6249,-1522,1900,-378
7100,4899,5439,-1579,1740,-161
7069,5447,4929,-1123,1329,-206
6999,6400,5000,-671,840,-169
6322,6776,5222,-353,510,-157
5374,6625,5565,414,393,-807
5171,6828,5540,1270,-145,-1125
5086,6913,5719,1482,-1069,-413
5027,6971,6289,1350,-1205,-145
5065,6872,6934,1342,-1171,-171
4981,6151,7017,1212,-990,-222
5074,5465,6924,839,-523,-316
5572,4998,7000,623,-205,-418
6399,4893,7105,352,329,-681
7029,4970,6360,-399,971,-572
7002,4995,5741,-959,748,211
6860,5139,5185,-869,498,371
6985,5878,5014,-673,209,464
7006,6764,4994,-479,-386,865
6409,6935,5064,-136,-939,1075
5569,6868,5131,465,-778,313
5154,6844,5263,731,-596,-135
5056,6943,5861,502,-434,-68
5155,6845,6440,216,-157,-59
5178,6495,6821,105,-39,-66
5091,5863,6908,112,43,-155
5026,5118,6973,327,311,-638
5532,4849,7149,799,698,-1497
6239,4872,7126,682,895,-1577
6912,5087,6840,717,686,-1403
6815,5183,5792,790,237,-1027
6693,5969,5305,606,-785,179
6729,6253,5269,598,-1204,606
6846,6560,5152,206,-1297,1091
7022,6995,4977,-690,-1305,1995
6355,7216,4782,-1093,-1153,2246
5636,7161,4837,-853,-1281,2134
4954,7045,5489,-976,-696,1672
5139,6860,6552,-776,-87,863
5156,5855,6842,-576,760,-184
5272,5377,6727,-893,1295,-402
5512,5186,6813,-908,1444,-536
5868,5056,6943,-849,1503,-654
6497,4929,7071,-758,1486,-728
7006,4993,6795,-843,1642,-799
7102,4896,5982,-587,1068,-481
6989,5010,5325,-438,902,-464
6848,5741,5150,-250,883,-633
6387,6416,5583,541,543,-1084
6051,6786,5213,876,-30,-846
5727,6921,5077,934,-1326,392
5380,6895,5103,1103,-1828,725
4997,7002,5273,1078,-1797,719
4787,7212,5964,1124,-1783,659
4994,7004,6913,1412,-1805,393
4938,6092,7062,1094,-1303,209
5120,5408,6877,690,-759,69
5898,5287,6711,321,-475,154
6774,5225,6699,-628,70,558
6906,5092,6564,-1467,1272,195
6999,4998,6088,-1597,1530,67
7075,4922,5427,-1557,1465,92
6988,5321,5010,-1577,1381,196
7033,6163,4966,-888,847,41
6778,6805,5194,-556,521,35
5677,6726,5272,-10,291,-281
5100,6898,5359,925,-245,-680
5002,6996,5759,1375,-1090,-285
4989,7010,6357,1382,-1087,-295
5082,6881,6916,1306,-978,-328
4979,6183,7018,1061,-769,-292
5038,5416,6960,721,-375,-346
5576,4932,7067,602,97,-699
6550,4989,7010,85,883,-968
7011,4987,6412,-693,1018,-325
7015,4983,5849,-918,729,189
6874,5126,5216,-685,464,221
6909,5913,5089,-371,105,266
6609,6741,5257,396,-572,176
6259,6846,5153,878,-921,43
5776,6921,5078,887,-960,73
5241,6882,5117,853,-1000,147
4971,7026,5566,766,-977,211
4921,7079,6255,712,-932,220
5090,6857,6908,781,-990,209
5050,6066,6948,656,-926,270
5250,5441,6748,489,-631,142
5777,5179,6820,449,-428,-21
6717,4990,7009,-236,514,-278
7003,4996,6595,-1408,1646,-238
7134,4865,6112,-1712,1822,-110
7040,4959,5381,-1754,1655,99
7014,5485,4985,-1170,1137,33
6940,6314,5059,-635,699,-64
6328,6703,5295,-239,431,-192
5394,6652,5347,607,190,-797
5118,6881,5200,1304,-800,-504
5028,6970,5648,1513,-1472,-41
4897,7101,6260,1443,-1389,-54
5063,6935,6916,1479,-1366,-113
4970,6119,7029,928,-964,36
5121,5400,6878,649,-679,30
5878,5265,6733,332,-516,184
6741,5258,6526,-456,-274,730
6971,5026,6500,-1487,1105,382
7018,4980,6053,-1728,1518,210
7071,4928,5418,-1729,1466,263
7023,5414,4975,-1762,1417,345
7021,6196,4979,-1073,846,227
6710,6820,5179,-660,520,140
5654,6824,5175,-77,158,-81
5046,6952,5232,883,-580,-303
5009,6989,5825,1472,-1211,-261
4996,7003,6384,1450,-1059,-391
5053,6910,6946,1408,-1037,-371
4963,6142,7037,1096,-837,-259
5127,5324,6871,554,-460,-94
5996,5144,6855,132,-140,8
6821,5177,6781,-764,338,426
6950,5050,6438,-1226,934,292
6993,5006,5858,-1221,967,254
6896,5103,5264,-1086,794,292
6974,5624,5024,-861,664,197
6963,6347,5036,-663,460,203
6632,6998,5000,-576,-2,578
5817,7113,4886,-294,-636,930
5037,6962,5394,577,-1006,429
4973,7025,5905,963,-842,-121
5041,6957,6534,781,-583,-198
5085,6514,6914,534,-438,-96
5144,5695,6854,177,-87,-90
5541,5102,6897,-252,536,-284
6092,5087,6912,-811,1050,-239
6561,5063,6935,-1016,1214,-198
6972,5027,6670,-1002,1276,-274
7089,4910,6006,-851,1113,-262
6977,5020,5294,-776,994,-218
6965,5649,5033,-690,965,-275
6772,6362,5228,-435,655,-220
6136,6611,5387,79,433,-512
5496,6882,5116,770,-286,-484
5216,6873,5126,1284,-1539,255
4984,7015,5477,1416,-1820,404
4823,7176,6114,1559,-1855,296
5007,6992,6876,1590,-1657,67
4931,6152,7067,1065,-1194,129
5124,5384,6875,679,-682,3
5882,5261,6738,397,-493,96
6782,5217,6641,-411,-51,462
6964,5035,6492,-1399,1168,231
7027,4972,6034,-1654,1486,168
7064,4934,5350,-1702,1424,278
7002,5454,4996,-1488,1166,322
7028,6222,4971,-861,741,120
6619,6828,5171,-590,539,51
5566,6701,5298,-4,331,-327
5169,6829,5592,970,-1,-969
5029,6970,5750,1434,-797,-637
5000,6999,6292,1476,-1040,-436
5026,6944,6972,1477,-1114,-363
4964,6138,7034,1453,-1015,-438
5076,5432,6923,864,-515,-349
5610,4986,7011,619,-192,-427
6519,4936,7063,209,372,-581
6999,5000,6311,-858,1004,-146
6983,5015,5790,-1128,768,360
6882,5117,5233,-985,537,448
6972,5743,5027,-729,389,340
6964,6605,5035,-434,-25,459
6398,7034,4964,-107,-534,641
5555,6942,5058,397,-719,322
5116,6883,5296,770,-653,-117
5053,6946,5971,514,-398,-116
5276,6723,6572,56,76,-132
5247,6215,6751,-237,280,-43
5158,5597,6841,-235,422,-187
5095,5064,6934,81,790,-871
5441,4807,7192,763,981,-1744
6228,4829,7170,804,1226,-2030
6940,5059,6855,760,951,-1711
6921,5077,5934,811,493,-1304
6727,5762,5272,569,-85,-484
6766,6434,5233,676,-1008,332
6684,6740,5258,578,-1454,876
6455,6883,5116,492,-1641,1149
6049,7088,4911,424,-1623,1199
5305,7116,4884,415,-1765,1350
4866,7133,5461,445,-1527,1082
4938,7060,6270,-15,-948,963
5197,6550,6801,-265,-800,1065
5381,5700,6617,-602,-431,1033
5691,5049,6949,-790,596,194
6053,5079,6920,-982,1573,-591
6460,5053,6947,-1030,1723,-693
6995,5003,6865,-976,1684,-708
7189,4810,6117,-898,1595,-697
7033,4966,5280,-1081,1507,-426
7001,5691,4998,-809,1079,-270
6758,6411,5240,-334,620,-286
6005,6606,5392,265,450,-715
5475,6901,5097,960,-309,-651
5170,6843,5156,1401,-1557,156
4996,7003,5547,1460,-1735,275
4818,7181,6207,1427,-1621,194
5023,6966,6975,1477,-1553,76
4948,6033,7050,1133,-1190,57
5158,5315,6841,631,-654,23
5906,5209,6789,445,-570,125
6771,5227,6570,-261,-176,437
6992,5005,6393,-1284,880,404
7020,4980,5878,-1595,1259,336
7022,4977,5221,-1586,1204,382
7031,5624,4968,-1347,1020,327
6948,6354,5050,-866,572,294
6568,6913,5086,-581,325,256
5596,6887,5111,-112,-1,113
5032,6967,5457,759,-465,-294
4995,7003,5956,1213,-866,-347
5061,6938,6544,1139,-716,-423
5085,6576,6913,837,-501,-336
5017,5816,6981,617,-320,-297
5143,5028,6971,496,175,-671
5910,4913,7085,281,671,-952
6791,5114,6885,-281,742,-461
6978,5020,6299,-704,581,123
6869,5131,5517,-495,227,268
6809,5650,5189,-202,-257,459
6807,6221,5191,135,-640,505
6737,6697,5261,332,-757,425
6447,6946,5053,239,-808,569
6101,7192,4806,-171,-968,1139
5468,7092,4907,-519,-1335,1854
5028,6971,5525,-763,-1008,1771
5121,6879,6320,-565,-683,1248
5150,6342,6848,-81,-530,611
5034,5256,6964,41,325,-366
5381,4995,7005,11,1372,-1383
6144,4992,7006,-490,1714,-1224
6680,5018,6981,-1075,1696,-621
7022,4977,6555,-932,1198,-266
7035,4964,5763,-539,745,-206
6699,5298,5318,-149,448,-299
6627,6087,5372,803,83,-886
6619,6803,5195,656,-473,-183
6267,6906,5092,543,-1251,708
5847,7029,4968,554,-1523,969
5212,7084,4915,697,-1722,1025
4840,7159,5520,634,-1695,1061
4856,7144,6470,617,-1344,727
4965,6590,7033,539,-1030,491
5200,5722,6799,222,-698,476
5993,5491,6507,-467,-398,865
6331,5208,6791,-1072,213,859
6554,5210,6789,-1243,1343,-100
6795,5205,6655,-1258,1577,-319
7001,4997,6227,-1113,1438,-325
7105,4894,5565,-1270,1470,-200
6995,5249,5003,-1472,1539,-67
7043,6088,4954,-1122,1183,-61
6720,6821,5178,-723,675,48
5918,6752,5248,-404,478,-74
5078,6921,5334,381,-169,-212
4952,7047,5730,1460,-1381,-79
4914,7084,6266,1773,-1529,-244
5006,6993,6993,1952,-1548,-404
4915,6170,7082,1503,-1073,-430
5061,5397,6937,867,-546,-321
5856,5066,6933,378,-187,-191
6816,5182,6616,-506,158,348
6979,5021,6437,-1158,622,536
6987,5011,5846,-1234,827,407
6882,5116,5260,-1051,639,412
6961,5653,5038,-746,488,258
6985,6465,5013,-505,213,292
6602,6991,5008,-484,-64,548
5770,6992,5006,-256,-217,473
5049,6949,5301,277,-453,176
4981,7017,6006,815,-681,-134
5092,6906,6596,783,-495,-288
5067,6373,6931,615,-263,-352
5045,5580,6953,428,123,-551
5383,5075,6925,145,718,-863
6128,5094,6904,-319,857,-538
6676,5134,6865,-841,837,4
6913,5085,6469,-854,821,33
6991,5006,5902,-709,687,22
6921,5078,5274,-836,816,20
6974,5635,5025,-932,915,17
6931,6343,5067,-764,646,118
6616,6890,5110,-662,365,297
5867,7141,4858,-429,-272,701
4981,7017,5387,504,-1236,732
4940,7059,5900,1216,-1168,-48
5003,6996,6548,1029,-835,-194
5040,6573,6958,732,-669,-63
5142,5776,6857,385,-441,56
5786,5261,6737,-322,113,209
6254,5113,6887,-1008,890,118
6648,5131,6868,-1260,1280,-20
6971,5028,6649,-1299,1426,-127
7131,4867,6008,-1317,1547,-230
6992,5007,5258,-1212,1356,-144
7006,5690,4992,-792,1102,-310
6804,6471,5194,-411,693,-282
5977,6554,5446,147,521,-668
5413,6692,5306,974,163,-1137
5162,6838,5186,1425,-1246,-179
5050,6948,5599,1515,-1719,204
4897,7102,6173,1478,-1601,123
5020,6978,6934,1568,-1604,36
4952,6180,7046,1323,-1311,-12
5109,5400,6890,800,-726,-74
5812,5210,6788,420,-437,17
6785,5194,6805,-372,117,255
6975,5025,6529,-1334,1288,46
7059,4939,6029,-1646,1534,112
7053,4946,5359,-1787,1550,237
7020,5462,4977,-1504,1210,294
7015,6235,4984,-867,696,171
6601,6846,5153,-474,398,76
5551,6755,5243,141,97,-238
5070,6927,5280,1023,-474,-549
5004,6993,5812,1290,-998,-292
4998,7001,6421,1198,-895,-303
5062,6753,6936,1091,-780,-311
5007,6030,6991,756,-587,-169
5105,5227,6892,495,-260,-235
5746,4948,7051,492,74,-566
6677,5005,6993,1,704,-705
7012,4987,6307,-859,941,-82
6991,5007,5727,-974,702,272
6845,5171,5154,-805,489,316
6981,5943,5018,-541,198,343
6916,6750,5081,-338,-241,579
6305,6969,5030,-40,-749,789
5480,6887,5112,466,-705,239
5113,6886,5333,712,-600,-112
5021,6979,5911,566,-493,-73
5120,6880,6544,402,-336,-66
5164,6475,6835,246,-274,28
5132,5806,6866,158,-186,28
5258,5109,6889,182,160,-342
5819,4895,7103,193,784,-977
6610,4964,7034,-122,1202,-1080
7053,4946,6455,-745,1254,-509
7040,4959,5792,-770,830,-60
6863,5135,5143,-631,689,-58
6836,5870,5164,-437,569,-132
6616,6623,5375,132,134,-266
6023,6940,5057,486,-616,130
5693,6981,5017,926,-1412,486
5155,6995,5004,1115,-1781,666
4905,7094,5569,1199,-1844,645
4889,7110,6337,938,-1333,395
4994,6682,7005,691,-1153,462
5119,5816,6880,323,-783,460
5772,5440,6559,-239,-550,789
6332,5242,6757,-946,-92,1038
6675,5125,6874,-1310,1291,19
6885,5114,6673,-1400,1769,-369
7090,4908,6128,-1329,1684,-355
7037,4961,5396,-1375,1544,-169
6998,5479,5000,-1247,1343,-96
6967,6275,5032,-880,942,-62
6529,6759,5241,-514,542,-28
5567,6679,5319,107,289,-396
5092,6907,5217,1135,-681,-454
5041,6957,5627,1549,-1525,-24
4926,7073,6184,1555,-1516,-39
5048,6950,6898,1698,-1537,-161
4948,6254,7050,1273,-1110,-163
5043,5476,6956,818,-625,-193
5664,5086,6912,458,-253,-205
6672,5092,6906,-246,209,37
6980,5017,6533,-1180,1139,41
7023,4975,5938,-1331,1155,176
6954,5045,5312,-1155,881,274
6987,5537,5011,-909,698,211
6979,6287,5019,-607,460,147
6560,6911,5087,-418,81,337
5626,6941,5057,126,-304,178
5081,6918,5274,969,-925,-44
5008,6991,5828,1082,-933,-149
5010,6990,6443,838,-647,-191
5087,6672,6911,693,-568,-125
5069,5949,6930,451,-444,-7
5276,5157,6842,141,32,-173
6019,4964,7035,-113,601,-488
6720,5113,6886,-836,1075,-239
6950,5048,6511,-1068,1079,-11
7026,4972,5907,-916,872,44
6921,5078,5271,-825,759,66
6955,5644,5044,-736,731,5
6910,6337,5090,-639,546,93
6585,6918,5080,-611,211,400
5787,7130,4868,-308,-479,787
5011,6987,5345,707,-1196,489
4914,7085,5818,1312,-1275,-37
5000,6998,6494,1139,-960,-179
5058,6613,6939,683,-637,-46
5218,5795,6781,231,-395,164
5795,5273,6726,-615,171,444
6178,5076,6923,-951,890,61
6627,5100,6898,-1155,1291,-136
6976,5023,6646,-1259,1440,-181
7116,4882,6033,-1251,1464,-213
7013,4985,5281,-1182,1316,-134
7006,5643,4993,-922,1196,-274
6859,6452,5140,-542,744,-202
6205,6653,5345,-239,587,-348
5328,6717,5283,470,148,-618
5103,6896,5234,1392,-1289,-103
4995,7004,5651,1640,-1734,94
4868,7130,6290,1642,-1650,8
5043,6859,6954,1590,-1531,-59
4950,6055,7049,974,-1073,99
5182,5268,6817,586,-636,50
6151,5286,6712,74,-351,277
6779,5219,6637,-939,90,849
6919,5078,6460,-1452,1065,387
6996,5002,5980,-1476,1302,174
7032,4966,5322,-1507,1366,141
7022,5515,4977,-1526,1276,250
7021,6278,4978,-931,790,141
6623,6850,5149,-602,455,147
5658,6829,5171,-70,142,-72
5020,6978,5287,866,-577,-289
4987,7011,5862,1345,-1162,-183
5016,6982,6471,1299,-973,-326
5058,6699,6940,1034,-728,-306
4993,6003,7006,712,-537,-175
5064,5132,6935,510,-117,-393
5808,4915,7084,456,276,-732
6751,5090,6907,-150,773,-623
6989,5009,6270,-796,744,52
6955,5044,5644,-692,455,237
6903,5450,5096,-489,87,402
6905,6214,5094,-209,-323,532
6643,6723,5276,324,-778,454
6170,6850,5149,726,-816,90
5678,6914,5085,732,-821,89
5134,6866,5133,740,-970,230
4921,7078,5653,776,-1121,345
4914,7084,6384,971,-1248,277
5051,6752,6946,1040,-1219,179
5049,5954,6950,810,-969,159
5240,5335,6758,622,-624,2
5836,5099,6900,512,-323,-189
6825,5025,6973,-224,781,-557
7037,4962,6486,-1409,1615,-206
7157,4842,5924,-1734,1698,36
6989,5009,5181,-1563,1403,160
7031,5727,4968,-926,925,1
6828,6517,5170,-428,518,-90
5911,6658,5340,174,297,-471
5359,6722,5277,1079,-34,-1045
5132,6866,5332,1414,-1007,-407
5028,6970,5757,1390,-1345,-45
4916,7083,6381,1332,-1275,-57
5060,6742,6939,1267,-1184,-83
4985,6022,7014,853,-877,24
5170,5306,6829,657,-620,-37
5913,5216,6783,425,-484,59
6843,5156,6731,-350,105,245
6994,5005,6395,-1399,1261,138
7027,4971,5841,-1639,1364,275
6993,5006,5229,-1658,1250,408
7039,5619,4959,-1433,1059,374
6968,6379,5031,-845,623,222
6521,6881,5119,-530,372,158
5506,6870,5128,79,-52,-27
5055,6944,5383,1088,-921,-167
5015,6984,5929,1344,-1066,-278
5030,6968,6511,1177,-812,-365
5043,6653,6954,979,-722,-257
5013,5925,6985,607,-534,-73
5242,5173,6825,341,-255,-86
6145,5054,6945,-89,166,-77
6850,5136,6862,-904,850,54
6954,5044,6366,-1147,1054,93
6975,5024,5756,-1014,868,146
6852,5146,5164,-815,660,155
6953,5765,5045,-675,588,87
6932,6519,5066,-552,335,217
6513,7068,4930,-522,-245,767
5611,6997,5002,-36,-989,1025
5056,6943,5393,893,-1030,137
4970,7028,5931,932,-819,-113
5040,6958,6581,697,-588,-109
5083,6518,6915,501,-532,31
5167,5736,6831,222,-312,90
5620,5158,6841,-202,254,-52
6208,5065,6933,-805,953,-148
6663,5071,6928,-1097,1322,-225
7009,4990,6607,-1159,1465,-306
7097,4902,5925,-1089,1328,-239
6955,5044,5213,-949,1112,-163
6966,5736,5033,-769,965,-196
6760,6411,5238,-460,585,-125
6123,6711,5287,11,248,-259
5431,6943,5055,703,-654,-49
5143,6861,5138,1330,-1635,305
4947,7050,5550,1519,-1873,354
4849,7149,6211,1692,-1898,206
5028,6962,6971,1481,-1544,63
4934,6035,7065,992,-1090,98
5167,5285,6831,637,-633,-4
6030,5271,6727,301,-439,138
6837,5161,6604,-620,85,535
6957,5041,6424,-1471,1225,246
7023,4976,5949,-1632,1445,187
7014,4984,5286,-1750,1427,323
7016,5527,4984,-1417,1085,332
7010,6284,4989,-906,698,208
6594,6845,5154,-686,504,182
5591,6786,5212,-72,169,-97
5082,6916,5436,904,-345,-559
5013,6986,5841,1423,-1054,-369
4996,7003,6403,1548,-1114,-434
5039,6821,6960,1572,-1080,-492
4973,6076,7026,1278,-821,-457
5067,5319,6931,796,-396,-400
5674,4916,7083,591,33,-624
6596,4950,7049,137,747,-884
6982,5017,6251,-844,932,-88
6957,5041,5726,-922,522,400
6881,5299,5117,-785,208,577
7009,5998,4989,-666,-60,726
6991,6784,5007,-451,-486,937
6404,6948,5049,-123,-696,819
5687,6905,5092,137,-401,264
5260,6738,5483,155,-7,-148
5239,6759,6107,26,273,-299
5198,6800,6773,288,259,-547
5081,6654,6917,1151,-197,-954
4968,6186,7030,1434,-743,-691
5022,5399,6975,1517,-587,-930
5612,4898,7101,1087,-102,-985
6348,4774,7225,488,803,-1291
7063,4935,6514,-123,1207,-1084
7033,4966,5615,-845,833,12
6868,5460,5131,-630,323,307
6841,6430,5157,6,-520,514
6581,6713,5284,737,-1104,367
6240,6858,5140,897,-1254,357
5821,6995,5003,856,-1346,490
5193,7036,4963,842,-1583,741
4899,7099,5576,773,-1532,759
4893,7105,6374,554,-1097,543
5086,6630,6913,345,-970,625
5365,5841,6633,-232,-694,926
5731,5399,6599,-888,-346,1234
6171,5032,6966,-895,758,137
6446,5100,6899,-1049,1691,-642
6883,5115,6869,-1042,1842,-800
7173,4824,6307,-1040,1792,-752
7116,4883,5494,-1245,1731,-486
7004,5433,4993,-1308,1506,-198
6946,6229,5054,-772,848,-76
6573,6730,5268,-451,527,-76
5734,6902,5097,-22,11,11
5067,6931,5174,1062,-1299,237
4966,7032,5566,1716,-1808,92
4829,7169,6182,1834,-1835,1
4999,7000,6946,1795,-1652,-143
4894,6099,7104,1184,-1159,-25
5089,5292,6909,613,-539,-74
5943,5165,6834,371,-414,43
6807,5192,6444,-483,-93,576
6969,5030,6383,-1247,516,731
6978,5020,5847,-1421,907,514
6954,5043,5242,-1426,940,486
7000,5627,4998,-1410,915,495
6970,6330,5028,-875,507,368
6625,6969,5030,-657,187,470
5811,7067,4931,-401,-182,583
5012,6986,5374,336,-817,481
4979,7019,6017,1062,-869,-193
5080,6919,6595,1012,-604,-408
5068,6403,6930,734,-331,-403
4981,5574,7017,523,114,-637
5245,5018,6981,398,742,-1140
6040,5046,6954,-36,809,-773
6802,5162,6836,-548,565,-17
6930,5069,6321,-620,464,156
6849,5149,5634,-375,142,233
6792,5415,5206,-198,-55,253
6910,5938,5089,-245,-21,266
6980,6577,5018,-456,-106,562
6665,7079,4919,-831,-341,1172
5974,7205,4793,-802,-852,1654
5277,6967,5032,-555,-969,1524
5104,6896,5767,-702,-473,1175
5310,6523,6688,-564,222,342
5058,5875,6941,-131,749,-618
4888,5458,7111,470,1166,-1636
4990,5014,7008,846,1360,-2206
5584,4810,7188,860,1278,-2138
6415,4884,7113,712,869,-1581
6940,5059,6381,926,328,-1254
6729,5455,5269,757,-636,-121
6726,6019,5273,805,-1163,358
6749,6443,5250,717,-1274,557
6681,6777,5221,492,-1343,851
6449,7024,4974,222,-1406,1184
5957,7240,4758,-136,-1441,1577
5306,7095,4904,-540,-1301,1841
4982,7017,5763,-903,-992,1895
5235,6763,6621,-642,-495,1137
5233,5692,6765,-635,203,432
5326,5208,6790,-689,1222,-533
5616,5129,6868,-734,1735,-1001
5966,5008,6990,-729,1802,-1073
6610,4900,7099,-723,1801,-1078
7092,4906,6648,-727,1712,-985
7108,4889,5783,-750,1388,-638
6887,5162,5111,-678,1011,-333
6728,5918,5271,-176,591,-415
6390,6540,5458,762,243,-1005
6032,6932,5067,833,-672,-161
5750,6916,5082,923,-1516,593
5282,6929,5070,968,-1769,801
4863,7134,5404,1005,-1792,787
4829,7168,6219,1078,-1700,622
5006,6834,6992,1139,-1478,339
4982,5974,7015,686,-922,236
5269,5310,6729,498,-643,145
6144,5334,6665,96,-465,369
6856,5143,6803,-856,323,533
6915,5083,6547,-1564,1538,26
7029,4969,6068,-1656,1662,-6
7030,4968,5391,-1789,1635,154
7016,5410,4983,-1474,1264,210
7048,6197,4950,-1019,878,141
6653,6843,5155,-748,570,178
5680,6793,5206,-175,257,-82
5072,6927,5399,824,-316,-508
4994,7005,5799,1441,-1138,-303
4987,7012,6381,1606,-1207,-399
5047,6837,6952,1555,-1080,-475
4967,6103,7032,1233,-812,-421
5064,5340,6935,775,-410,-365
5663,4937,7062,593,-19,-574
6595,4946,7052,123,635,-758
6977,5023,6266,-874,909,-35
6960,5038,5742,-949,527,422
6879,5278,5120,-798,215,583
7010,5979,4989,-668,-50,718
6990,6762,5008,-445,-459,904
6421,6954,5044,-138,-675,813
5698,6916,5081,127,-428,301
5257,6741,5472,165,-36,-129
5229,6769,6097,48,240,-288
5174,6824,6765,343,189,-532
5095,6702,6903,1181,-279,-902
4958,6169,7040,1447,-796,-651
5031,5389,6967,1482,-569,-913
5606,4886,7113,1043,-66,-977
6361,4788,7210,477,831,-1308
7059,4940,6504,-134,1153,-1019
7012,4986,5594,-796,755,41
6882,5558,5117,-541,183,358
6807,6374,5191,78,-706,628
6614,6702,5297,748,-1147,399
6274,6859,5139,836,-1267,431
5868,7010,4989,743,-1347,604
5211,7052,4946,747,-1619,872
4900,7099,5539,715,-1560,845
4885,7113,6338,483,-1094,611
5126,6647,6873,180,-947,767
5392,5823,6607,-387,-682,1069
5714,5350,6649,-920,-236,1156
6150,5058,6940,-893,945,-52
6439,5107,6893,-1015,1666,-651
6881,5118,6879,-996,1744,-748
7171,4828,6308,-992,1730,-738
7115,4883,5496,-1205,1693,-488
6998,5435,5000,-1303,1502,-199
6936,6215,5062,-770,845,-75
6592,6729,5271,-431,505,-74
5756,6919,5080,-9,-39,48
5074,6925,5150,1055,-1325,270
4956,7041,5559,1682,-1803,121
4819,7179,6179,1827,-1844,17
4996,7002,6943,1728,-1614,-114
4895,6082,7102,1124,-1130,6
5100,5285,6898,581,-534,-47
5977,5190,6807,334,-439,105
6790,5209,6367,-507,-201,708
6949,5050,6348,-1278,425,853
6973,5026,5866,-1434,905,529
6956,5041,5268,-1396,963,433
7003,5606,4996,-1458,983,475
6976,6315,5023,-937,559,378
6642,6950,5050,-710,266,444
5846,7074,4924,-447,-127,574
5010,6988,5327,295,-860,565
4966,7032,6000,1107,-947,-160
5068,6930,6590,1102,-698,-404
5079,6476,6919,820,-420,-400
4983,5636,7015,552,-3,-549
5201,4974,7024,468,647,-1115
6005,5027,6972,48,902,-950
6828,5165,6833,-546,657,-111
6943,5055,6347,-680,501,179
6849,5149,5606,-400,140,260
6771,5516,5229,-92,-194,286
6854,6079,5145,26,-296,270
6894,6735,5103,-5,-497,502
6685,7056,4943,-296,-754,1050
6069,7217,4781,-866,-812,1678
5297,7002,4997,-763,-945,1708
5069,6930,5713,-846,-541,1387
5334,6607,6664,-673,41,632
5135,5835,6863,-365,657,-292
4989,5406,7009,128,1139,-1267
4964,5018,7035,730,1417,-2147
5546,4792,7206,921,1375,-2296
6367,4838,7160,679,1248,-1927
7021,4977,6608,842,699,-1541
6810,5190,5403,694,76,-770
6819,6113,5179,600,-778,178
6755,6570,5244,851,-1305,454
6506,6829,5168,816,-1520,704
6170,6968,5030,811,-1633,822
5566,7108,4891,776,-1605,829
4991,7007,5197,731,-1568,837
4898,7099,5887,360,-1022,662
5187,6812,6496,-230,-775,1005
5368,6174,6631,-776,-624,1400
5378,5349,6649,-853,-40,893
5711,5127,6872,-609,1178,-569
6001,5091,6906,-582,1644,-1062
6469,5010,6988,-708,1750,-1042
7063,4935,6854,-820,1834,-1014
7152,4846,6045,-922,1761,-839
7008,4990,5269,-1012,1474,-462
6976,5727,5022,-767,1052,-285
6727,6377,5272,-373,549,-176
6131,6749,5250,144,138,-282
5518,6947,5053,801,-937,136
5220,6887,5111,1313,-1768,455
4947,7052,5461,1456,-1951,495
4835,7164,6141,1612,-1949,337
4999,7000,6933,1396,-1551,155
4913,6061,7086,888,-1049,161
5153,5265,6846,622,-682,60
6043,5271,6728,340,-551,211
6738,5260,6245,-468,-434,902
6964,5034,6436,-1415,483,932
6962,5037,5976,-1658,1252,406
6975,5023,5365,-1591,1253,338
7028,5462,4970,-1698,1269,429
7034,6213,4966,-1280,817,463
6776,6882,5116,-946,498,448
5892,6997,5001,-468,116,352
5027,6971,5308,367,-437,70
4942,7057,5876,1267,-1091,-176
5026,6974,6478,1442,-1032,-410
5079,6672,6921,1221,-729,-492
5014,5976,6984,852,-454,-398
5033,5053,6965,600,95,-695
5711,4847,7151,478,763,-1241
6627,5035,6963,-30,883,-853
6978,5020,6211,-550,539,11
6676,5364,5323,-338,-324,662
6624,5652,5373,348,-1108,760
6726,6074,5272,598,-929,331
6865,6594,5133,289,-838,549
7098,7096,4902,-728,-855,1583
6279,7301,4698,-1485,-895,2380
5407,7150,4849,-1030,-1205,2235
4927,7071,5632,-940,-844,1784
5136,6862,6523,-545,-473,1018
5130,5885,6867,-266,32,234
5321,5216,6782,-545,1118,-573
5654,5114,6885,-833,1716,-883
6018,5012,6987,-992,1923,-931
6533,4923,7076,-1049,1988,-939
7077,4921,6746,-1044,1948,-904
7163,4836,5898,-750,1407,-657
6986,5125,5012,-570,1024,-454
6863,5997,5134,-213,778,-565
6223,6485,5513,550,492,-1042
5834,6731,5268,1091,14,-1105
5554,6839,5159,1214,-1158,-56
5243,6764,5234,1223,-1549,326
5037,6963,5605,1105,-1468,363
4859,7140,6231,1163,-1442,279
5059,6921,6940,1383,-1534,151
4965,6134,7033,1157,-1227,70
5146,5396,6853,790,-715,-75
5823,5234,6766,434,-432,-2
6771,5106,6892,-327,272,55
6973,5025,6587,-1452,1564,-112
7083,4916,6106,-1790,1788,2
7078,4921,5402,-1990,1854,136
7041,5397,4957,-1628,1413,215
7028,6236,4970,-986,842,144
6626,6864,5134,-506,392,114
5567,6801,5197,129,28,-157
5058,6940,5260,1031,-653,-378
5000,6999,5816,1329,-1097,-232
4994,7004,6421,1232,-935,-297
5062,6750,6937,1040,-739,-301
5001,6030,6996,678,-570,-108
5126,5230,6871,453,-286,-167
5827,4981,7017,360,46,-406
6779,5045,6953,-215,633,-418
6990,5009,6344,-1003,946,57
6988,5011,5759,-1044,786,258
6852,5147,5188,-911,584,327
6942,5787,5056,-698,441,257
6965,6641,5033,-541,7,534
6550,7099,4899,-526,-664,1190
5702,6985,5014,-63,-999,1062
5062,6937,5391,629,-800,171
4992,7007,5919,748,-578,-170
5081,6917,6586,598,-420,-178
5086,6431,6913,495,-272,-223
5104,5714,6893,266,-36,-230
5346,5096,6902,81,351,-432
6008,5016,6982,-125,798,-673
6717,5111,6888,-682,962,-280
6966,5032,6521,-942,995,-53
7024,4974,5894,-812,841,-29
6913,5086,5247,-805,829,-24
6952,5695,5047,-820,866,-46
6899,6370,5100,-696,604,92
6543,6924,5075,-644,218,426
5780,7149,4849,-314,-694,1008
5021,6978,5329,921,-1518,597
4933,7065,5801,1464,-1438,-26
4963,7035,6468,1234,-1072,-162
5026,6669,6973,913,-869,-44
5068,5865,6931,499,-589,90
5700,5321,6679,-141,-131,272
6276,5091,6907,-967,463,504
6685,5142,6857,-1251,1208,43
6940,5059,6634,-1346,1453,-107
7140,4859,6023,-1351,1535,-184
6988,5010,5293,-1366,1420,-54
7003,5605,4995,-914,1081,-167
6893,6384,5106,-607,743,-136
6240,6662,5336,-268,468,-200
5351,6649,5351,598,135,-733
5162,6836,5213,1352,-1039,-313
5073,6925,5591,1518,-1621,103
4944,7055,6126,1593,-1634,41
5021,6978,6822,1746,-1643,-103
4927,6342,7071,1384,-1283,-101
5013,5507,6985,1017,-787,-230
5575,5083,6916,614,-348,-266
6514,5023,6977,8,192,-200
7006,4992,6562,-1124,1260,-136
7039,4959,5989,-1510,1389,121
6975,5022,5348,-1387,1086,301
6999,5466,4999,-1112,807,305
7002,6205,4997,-770,515,255
6657,6932,5066,-517,111,406
5673,6934,5066,71,-298,227
5081,6918,5241,948,-876,-72
5004,6995,5800,1090,-919,-171
5006,6992,6423,847,-645,-202
5092,6696,6906,687,-544,-143
5084,5940,6915,404,-394,-10
5320,5170,6828,11,100,-111
6035,5000,6999,-237,692,-455
6638,5098,6900,-922,1141,-219
6949,5051,6602,-1133,1218,-85
7071,4929,6022,-1116,1159,-43
6962,5036,5337,-1120,1064,56
6969,5555,5030,-949,927,22
6949,6268,5049,-802,675,127
6655,6887,5112,-745,333,412
5926,7154,4843,-440,-374,814
5007,6992,5332,531,-1282,751
4918,7081,5769,1340,-1332,-8
4973,7025,6449,1218,-1005,-213
5054,6674,6945,776,-673,-103
5163,5842,6836,322,-426,104
5798,5286,6713,-573,180,393
6150,5076,6922,-983,847,136
6609,5113,6885,-1158,1252,-94
6940,5059,6632,-1278,1407,-129
7135,4864,6091,-1287,1441,-154
7044,4954,5335,-1415,1494,-79
7012,5566,4987,-1182,1308,-126
6908,6388,5090,-730,823,-93
6395,6706,5292,-462,578,-116
5510,6794,5205,127,159,-286
5071,6928,5292,1253,-1219,-34
4991,7007,5681,1698,-1700,2
4890,7109,6292,1818,-1732,-86
5039,6885,6960,1722,-1545,-177
4940,6095,7059,1094,-1064,-30
5145,5309,6854,633,-589,-44
6104,5205,6794,79,-195,116
6793,5206,6759,-943,293,650
6909,5090,6460,-1392,1062,330
6992,5006,5974,-1437,1220,217
7024,4975,5357,-1529,1309,220
7022,5478,4977,-1531,1230,301
7026,6231,4973,-975,751,224
6689,6868,5131,-664,408,256
5786,6931,5068,-222,32,190
5027,6971,5284,763,-741,-22
4992,7007,5839,1326,-1184,-142
5017,6982,6438,1294,-989,-305
5073,6712,6926,1044,-721,-323
5002,6041,6996,750,-519,-231
5041,5125,6957,562,-23,-539
5719,4840,7158,469,609,-1078
6652,5065,6934,-97,950,-853
7002,4998,6359,-733,775,-42
6968,5031,5688,-612,435,177
6818,5531,5181,-295,-46,341
6716,6234,5282,344,-707,363
6703,6656,5297,802,-951,149
6358,6874,5124,623,-1049,426
5944,7054,4944,450,-1219,769
5262,7084,4915,388,-1635,1247
4876,7122,5539,578,-1592,1014
4859,7139,6339,564,-1184,620
5020,6662,6979,645,-1082,437
5182,5871,6816,338,-674,336
5664,5390,6608,-261,-350,611
6239,5011,6987,-696,478,218
6505,5055,6942,-1146,1623,-477
6961,5037,6803,-1229,1919,-690
7159,4840,6185,-1394,2021,-627
7074,4925,5417,-1359,1622,-263
7044,5566,4954,-965,1255,-290
6929,6391,5069,-574,791,-217
6315,6708,5290,-401,643,-242
5414,6585,5449,256,528,-784
5068,6930,5289,1279,-463,-816
5052,6946,5669,1656,-1571,-85
4960,7038,6230,1662,-1579,-83
5060,6939,6936,1782,-1553,-229
4947,6211,7052,1354,-1139,-215
5035,5431,6963,1013,-716,-297
5674,5096,6904,662,-423,-239
6660,5123,6875,-63,87,-24
7007,4991,6483,-1207,1121,86
7022,4977,5915,-1614,1351,263
6952,5045,5315,-1528,1066,462
6999,5526,4999,-1266,822,444
6994,6252,5003,-846,505,341
6738,6989,5010,-657,110,547
5949,7161,4838,-464,-346,810
5048,6950,5316,300,-898,598
5031,6968,6010,834,-551,-283
5163,6748,6835,575,77,-652
4971,6093,7028,531,564,-1095
5097,5635,6902,239,854,-1093
5463,5237,6762,-256,655,-399
6065,5183,6816,-499,412,87
6577,5185,6814,-532,389,143
6909,5089,6596,-682,820,-138
7067,4932,6044,-962,1229,-267
6998,5000,5384,-1478,1541,-63
7018,5479,4980,-1468,1418,50
7024,6247,4974,-1194,982,212
6736,6856,5143,-989,502,487
5986,7104,4895,-598,-71,669
5022,6977,5184,249,-1242,993
4918,7080,5834,1356,-1488,132
4974,7025,6470,1421,-1186,-235
5045,6680,6954,1040,-780,-260
5009,5965,6990,654,-522,-132
5362,5144,6855,228,56,-284
6277,5088,6910,-598,699,-101
6671,5115,6884,-1160,1141,19
6926,5073,6505,-1171,1156,15
7014,4984,5913,-940,885,55
6935,5062,5273,-796,754,42
6972,5625,5026,-751,755,-4
6924,6324,5075,-618,543,75
6578,6897,5101,-567,250,317
5794,7116,4882,-308,-427,735
5027,6972,5382,770,-1341,571
4957,7041,5829,1405,-1333,-72
4955,7045,6459,1355,-1124,-231
5048,6689,6951,1167,-888,-279
5030,5978,6968,715,-557,-158
5091,5119,6907,528,-109,-419
5783,4835,7164,483,533,-1016
6759,5099,6900,-214,1096,-882
6990,5009,6365,-1001,970,31
7001,4997,5775,-882,641,241
6850,5167,5148,-666,428,238
6944,5912,5055,-446,220,226
6811,6705,5189,-63,-184,247
6217,6951,5048,189,-649,460
5550,6897,5102,743,-919,176
5122,6876,5190,961,-998,37
4957,7041,5712,1033,-1153,120
4988,7010,6386,1078,-1100,22
5082,6736,6917,1012,-1005,-7
5029,5996,6969,877,-847,-30
5145,5325,6854,756,-462,-294
5716,4882,7116,643,177,-820
6633,4998,7001,12,1338,-1350
7010,4988,6432,-1235,1524,-289
7046,4952,5878,-1339,1128,211
6954,5044,5234,-1087,829,258
6997,5657,5002,-862,741,121
6888,6430,5109,-539,457,82
6229,6857,5141,-22,-35,57
5458,6967,5032,738,-794,56
5125,6874,5223,1339,-1383,44
4975,7024,5717,1379,-1353,-26
4947,7051,6381,1253,-1191,-62
5048,6747,6952,1045,-1040,-5
5010,5995,6988,711,-785,74
5229,5330,6769,508,-500,-8
6117,5174,6825,9,-39,30
6780,5111,6887,-1002,949,53
6935,5064,6605,-1584,1610,-26
7086,4913,6098,-1681,1733,-52
7064,4935,5370,-1861,1799,62
7038,5462,4962,-1480,1389,91
7000,6293,5000,-924,876,48
6537,6836,5161,-462,367,95
5512,6830,5168,272,-125,-147
5098,6899,5249,1199,-1093,-106
4995,7004,5726,1573,-1504,-69
4904,7094,6300,1659,-1508,-151
5035,6897,6964,1563,-1327,-236
4945,6113,7054,1036,-923,-113
5121,5359,6878,605,-492,-113
6018,5170,6829,123,-116,-7
6810,5137,6861,-814,429,385
6949,5049,6486,-1337,1199,138
7036,4962,5947,-1482,1322,160
7013,4986,5301,-1531,1286,245
7010,5536,4988,-1364,1061,303
6983,6271,5016,-840,587,253
6677,6935,5064,-616,231,385
5868,7090,4908,-396,-290,686
5017,6981,5419,507,-1055,548
4985,7014,5909,1185,-1016,-169
5025,6974,6495,1058,-699,-359
5082,6643,6917,849,-516,-333
5000,5835,6998,554,-253,-301
5173,5031,6967,369,300,-669
5910,4965,7035,105,852,-957
6784,5131,6867,-454,837,-383
6968,5030,6404,-753,681,72
6987,5011,5792,-619,514,105
6832,5166,5185,-591,474,117
6909,5784,5089,-530,460,70
6887,6574,5111,-415,117,298
6486,7088,4911,-370,-532,902
5685,7000,4998,79,-1084,1005
5059,6940,5222,867,-1157,290
4955,7044,5788,996,-1009,13
5005,6994,6471,805,-770,-35
5097,6613,6902,664,-690,26
5079,5928,6919,548,-568,20
5182,5164,6834,510,-201,-309
5860,4860,7139,400,572,-972
6877,5121,6877,-512,1377,-865
7023,4976,6567,-1384,1548,-164
7051,4946,5908,-1340,1286,54
6938,5060,5236,-962,897,65
6954,5722,5045,-709,759,-50
6744,6440,5255,-268,405,-137
6116,6833,5165,246,-117,-129
5560,6962,5037,912,-1031,119
5145,6894,5105,1366,-1630,264
4904,7093,5536,1517,-1816,299
4901,7097,6269,1560,-1705,145
5032,6883,6966,1271,-1386,115
4980,5992,7018,853,-1029,176
5243,5312,6755,500,-565,65
6168,5274,6724,-53,-261,314
6805,5096,6903,-1033,699,334
6917,5081,6598,-1563,1600,-37
7055,4943,6074,-1670,1724,-54
7006,4993,5407,-1735,1633,102
7024,5436,4975,-1299,1218,81
7029,6232,4970,-908,873,35
6606,6828,5170,-592,492,100
5589,6755,5242,41,99,-140
5080,6919,5275,1037,-608,-429
5025,6972,5740,1465,-1280,-185
4954,7044,6293,1548,-1324,-224
5066,6875,6933,1651,-1317,-334
4958,6174,7040,1234,-912,-322
5037,5406,6961,830,-430,-400
5601,4930,7069,609,56,-665
6504,4941,7058,131,853,-984
7008,4991,6396,-851,1136,-285
7009,4989,5822,-1027,800,227
6887,5111,5232,-825,526,299
6971,5773,5027,-634,340,294
6955,6640,5045,-411,-136,547
6367,6958,5041,-26,-794,820
5568,6893,5106,596,-893,297
5142,6857,5212,877,-838,-39
5016,6982,5773,707,-678,-29
5016,6982,6401,598,-585,-13
5113,6691,6885,704,-687,-17
5066,6023,6932,622,-589,-33
5115,5242,6883,587,-225,-362
5704,4832,7166,563,475,-1038
6569,4970,7028,-25,1294,-1269
7066,4933,6559,-1034,1504,-470
7065,4934,5886,-1140,1125,15
6903,5096,5223,-841,725,116
6896,5757,5103,-501,501,0
6725,6606,5273,8,9,-17
6177,6940,5059,355,-704,349
5679,6939,5060,937,-1329,392
5281,6976,5024,1155,-1595,440
4844,7154,5391,1163,-1816,653
4822,7177,6254,1303,-1764,461
4970,6839,7028,1155,-1432,277
4958,5872,7040,772,-931,159
5295,5232,6765,508,-597,89
6271,5318,6680,37,-440,403
6878,5120,6711,-1000,314,686
6911,5087,6400,-1688,1418,270
6993,5005,5936,-1629,1486,143
7009,4989,5294,-1713,1467,246
7041,5522,4959,-1567,1269,298
7003,6309,4996,-1045,777,268
6611,6842,5157,-688,493,195
5726,6916,5082,-237,114,123
5020,6979,5340,860,-827,-33
4983,7017,5870,1489,-1309,-180
5013,6985,6456,1553,-1166,-387
5060,6718,6938,1379,-923,-456
4986,6027,7013,1025,-625,-400
5045,5162,6954,728,-163,-565
5696,4782,7216,563,513,-1076
6675,5046,6953,-97,1087,-990
7006,4992,6380,-913,930,-17
6983,5015,5748,-783,572,211
6847,5404,5151,-479,220,259
6794,6235,5205,87,-355,268
6659,6707,5291,706,-884,178
6284,6866,5132,747,-1074,327
5861,7007,4991,704,-1260,556
5231,7067,4931,744,-1604,860
4894,7104,5509,828,-1747,919
4877,7121,6300,771,-1366,595
5041,6751,6958,700,-1178,478
5123,5927,6875,444,-787,343
5592,5429,6569,-124,-417,541
6219,5090,6908,-683,352,331
6485,5087,6912,-1163,1559,-396
6866,5126,6873,-1260,1972,-712
7118,4880,6354,-1406,2106,-700
7125,4873,5621,-1584,1940,-356
7033,5208,4964,-1404,1600,-196
7053,6181,4945,-985,1035,-50
6693,6814,5185,-654,601,53
5811,6789,5211,-266,371,-105
5007,6992,5229,739,-596,-143
4980,7019,5751,1614,-1522,-92
4920,7079,6288,1788,-1564,-224
5016,6979,6982,1878,-1476,-402
4922,6157,7076,1369,-1019,-350
5077,5379,6921,752,-504,-248
5834,5109,6889,384,-250,-134
6816,5182,6645,-459,90,369
6969,5030,6426,-1185,721,464
6996,5001,5859,-1361,973,388
6917,5083,5269,-1308,838,470
6978,5604,5020,-1094,677,417
6990,6362,5008,-763,392,371
6660,7025,4973,-685,-41,726
5896,7164,4835,-421,-617,1038
5054,6945,5277,231,-916,685
4964,7035,5988,848,-738,-110
5078,6921,6602,803,-494,-309
5060,6279,6938,565,-128,-437
5034,5473,6965,327,403,-730
5392,5137,6862,14,934,-948
6111,5112,6887,-428,903,-475
6612,5103,6896,-812,834,-22
6935,5064,6554,-828,878,-50
7007,4990,5944,-728,793,-65
6929,5069,5305,-781,825,-44
6960,5636,5040,-877,932,-55
6929,6325,5069,-754,676,78
6603,6883,5115,-713,372,341
5875,7174,4824,-432,-371,803
4991,7007,5365,633,-1427,794
4938,7060,5833,1458,-1440,-18
4970,7028,6479,1373,-1143,-230
5027,6682,6972,1161,-961,-200
5005,5933,6993,803,-669,-134
5168,5143,6857,516,-226,-290
6021,4912,7086,125,513,-638
6806,5134,6864,-967,1292,-325
6957,5041,6478,-1403,1348,55
7021,4976,5880,-1238,1119,119
6921,5078,5235,-946,814,132
6988,5659,5011,-695,699,-4
6933,6367,5065,-554,527,27
6454,6877,5122,-442,231,211
5479,6888,5111,205,-249,44
5075,6923,5327,1155,-1096,-59
4949,7050,5803,1403,-1326,-77
4956,7042,6469,1441,-1292,-149
5048,6675,6951,1115,-977,-138
5006,5954,6992,716,-650,-66
5144,5159,6854,531,-248,-283
5913,4911,7087,308,374,-682
6881,5118,6845,-597,1230,-633
6964,5035,6410,-1326,1339,-13
7008,4990,5839,-1210,1017,193
6917,5082,5219,-979,761,218
6982,5671,5018,-828,655,173
6955,6423,5045,-619,406,213
6577,7016,4983,-559,-58,617
5774,7109,4889,-310,-709,1019
5009,6989,5453,499,-1017,518
4967,7031,5985,877,-747,-130
5047,6952,6615,702,-496,-206
5090,6287,6908,482,-250,-232
5312,5390,6687,-310,426,-116
5597,5177,6822,-853,969,-116
6056,5068,6932,-851,1260,-409
6474,4993,7005,-831,1480,-649
7049,4950,6860,-957,1867,-910
7143,4854,6013,-1051,1741,-690
6998,4999,5253,-1032,1376,-344
6977,5747,5022,-796,1084,-288
6805,6355,5194,-491,676,-185
6243,6759,5240,-175,357,-182
5467,6973,5026,347,-430,83
5166,6889,5110,1302,-1636,334
4956,7042,5520,1577,-1975,398
4892,7106,6184,1788,-1920,132
5039,6910,6960,1396,-1401,5
4954,6091,7045,1022,-1102,80
5190,5312,6808,540,-567,27
5950,5220,6779,205,-410,205
6875,5123,6868,-604,313,291
6951,5048,6452,-1485,1411,74
7027,4972,5999,-1671,1470,201
7066,4932,5341,-1724,1434,290
7041,5479,4958,-1684,1334,350
7008,6280,4990,-1045,779,266
6614,6855,5144,-588,419,169
5638,6910,5087,-10,-24,34
5049,6948,5347,1131,-1060,-71
5003,6995,5825,1495,-1306,-189
5005,6993,6409,1467,-1116,-351
5045,6699,6953,1269,-897,-372
4982,6054,7016,952,-666,-286
5068,5250,6930,657,-301,-356
5709,4885,7113,507,223,-730
6730,5056,6942,-187,957,-770
6994,5006,6395,-1062,1025,37
6997,5001,5794,-978,748,230
6857,5140,5187,-769,553,216
6945,5796,5053,-558,429,129
6901,6645,5098,-331,-7,338
6323,6996,5002,-17,-776,793
5545,6905,5094,686,-1121,435
5118,6882,5243,1082,-1112,30
4991,7008,5810,953,-977,24
5005,6993,6452,838,-821,-17
5081,6731,6917,835,-837,2
5021,6018,6977,769,-728,-41
5122,5296,6877,668,-374,-294
5717,4877,7122,579,260,-839
6657,5037,6963,-52,1237,-1185
7039,4959,6427,-1191,1384,-193
7080,4920,5875,-1255,1159,96
6938,5060,5198,-987,853,134
6955,5797,5044,-673,624,49
6812,6527,5187,-303,259,44
6152,6929,5070,217,-345,128
5519,6931,5067,986,-1197,211
5131,6867,5144,1282,-1473,191
4931,7067,5598,1330,-1484,154
4908,7090,6389,1315,-1385,70
5046,6814,6952,1144,-1200,56
5022,5973,6976,741,-879,138
5323,5368,6675,387,-496,109
6184,5176,6823,-108,-118,226
6793,5079,6920,-916,938,-22
6952,5047,6631,-1540,1697,-157
7110,4888,6111,-1678,1803,-125
7034,4965,5304,-1807,1719,88
7026,5490,4973,-1381,1310,71
6943,6386,5055,-811,787,24
6497,6768,5232,-474,480,-6
5413,6771,5228,303,46,-349
5071,6928,5243,1194,-990,-204
4988,7011,5705,1687,-1628,-59
4897,7101,6253,1773,-1645,-128
5053,6912,6945,1755,-1476,-279
4951,6083,7047,1098,-945,-153
5125,5318,6873,758,-554,-204
5809,5116,6884,395,-229,-166
6914,5067,6931,-576,488,88
6973,5026,6453,-1480,1411,69
7010,4988,5958,-1660,1423,237
6996,5003,5298,-1564,1150,414
7026,5462,4972,-1510,1086,424
6999,6222,5000,-1056,670,386
6763,6934,5065,-719,272,447
5876,7167,4832,-412,-379,791
5003,6996,5404,563,-1161,598
4991,7008,5874,1205,-1056,-149
5031,6967,6461,1065,-705,-360
5085,6669,6912,898,-579,-319
5021,5839,6977,592,-355,-237
5183,5023,6976,430,235,-665
5918,4981,7017,10,984,-994
6695,5127,6871,-862,1124,-184
6941,5057,6473,-1067,971,96
6988,5010,5850,-851,752,99
6877,5122,5249,-768,669,99
6941,5685,5058,-743,658,85
6933,6398,5065,-670,409,261
6613,7089,4909,-633,-302,935
5836,7068,4930,-229,-1212,1441
5044,6954,5225,851,-1390,539
4924,7074,5733,1185,-1255,70
4979,7020,6447,999,-955,-44
5099,6595,6899,723,-723,0
5164,5865,6834,332,-389,57
5470,5135,6864,-130,299,-169
6105,5072,6927,-618,1179,-561
6455,5006,6992,-1047,1649,-602
7009,4990,6888,-1215,1968,-753
7120,4879,6166,-1195,1767,-572
7067,4931,5388,-1018,1325,-307
7017,5593,4982,-815,1113,-298
6843,6358,5155,-439,631,-192
6115,6646,5352,132,360,-492
5500,6893,5106,858,-306,-552
5156,6848,5150,1344,-1471,127
5008,6991,5524,1513,-1800,287
4852,7146,6110,1687,-1852,165
4990,7009,6887,1826,-1803,-23
4915,6219,7085,1392,-1344,-48
5067,5417,6932,904,-734,-170
5737,5141,6858,521,-396,-125
6743,5113,6885,-270,229,41
6985,5012,6530,-1394,1398,-4
7059,4939,6042,-1807,1660,147
7060,4939,5373,-1958,1619,339
7017,5417,4982,-1677,1240,437
7036,6195,4963,-1058,731,327
6703,6868,5131,-717,407,310
5679,6867,5131,-83,-35,118
5066,6933,5265,939,-640,-299
4994,7004,5768,1434,-1197,-237
5000,6997,6358,1503,-1120,-383
5083,6818,6916,1289,-848,-441
4995,6120,7004,992,-659,-333
5048,5304,6950,681,-291,-390
5618,4867,7132,611,217,-828
6489,4943,7055,193,984,-1177
7014,4984,6334,-752,1048,-296
6984,5015,5778,-970,683,287
6843,5156,5172,-816,433,383
6970,5857,5029,-710,214,496
6997,6705,5002,-576,-262,838
6592,7020,4979,-444,-931,1375
5794,6988,5012,10,-1015,1005
5106,6893,5275,682,-864,182
5010,6989,5807,729,-642,-87
5039,6959,6433,609,-543,-66
5114,6650,6884,670,-637,-33
5066,5997,6932,591,-534,-57
5109,5163,6890,531,-120,-411
5752,4863,7135,438,695,-1133
6782,5097,6901,-454,1263,-809
7014,4984,6583,-1203,1291,-88
7046,4953,5914,-1106,1075,31
6915,5083,5241,-883,843,40
6940,5690,5057,-700,709,-9
6895,6394,5103,-545,441,104
6543,7028,4971,-470,-205,675
5682,7006,4991,26,-1210,1184
5077,6923,5170,1166,-1582,416
4941,7056,5670,1453,-1550,97
4956,7042,6363,1250,-1198,-52
5055,6773,6942,888,-886,-2
5034,6003,6965,614,-676,62
5393,5290,6709,152,-226,74
6266,5115,6883,-498,369,129
6636,5104,6895,-1167,1240,-73
6934,5065,6727,-1380,1619,-239
7145,4853,6162,-1462,1728,-266
7047,4952,5414,-1571,1637,-66
7012,5459,4987,-1207,1255,-48
6943,6287,5055,-770,790,-20
6493,6747,5251,-411,422,-11
5619,6925,5074,154,-157,3
5087,6911,5188,1236,-1448,212
4977,7021,5559,1774,-1879,105
4834,7164,6165,1870,-1892,22
4985,7013,6949,1947,-1809,-138
4886,6167,7113,1436,-1302,-134
5060,5325,6939,836,-583,-253
5796,5053,6944,482,-232,-250
6867,5132,6842,-318,266,52
6986,5012,6356,-1240,1035,205
7008,4991,5800,-1469,1099,370
6906,5092,5219,-1366,845,521
6976,5648,5022,-1049,594,455
7000,6479,4998,-687,246,441
6608,7081,4918,-618,-229,847
5802,7098,4901,-339,-750,1089
5059,6939,5335,231,-731,500
4998,7000,6085,649,-493,-156
5168,6669,6830,563,-7,-556
5071,5958,6927,358,650,-1008
5174,5587,6824,-16,978,-962
5360,5183,6815,-145,914,-769
5690,4946,7052,11,856,-867
6248,4865,7133,269,1176,-1445
6919,5078,6813,203,1266,-1469
7008,4991,5985,63,931,-994
6966,5058,5034,-492,765,-273
6992,5812,5006,-953,717,236
6968,6642,5031,-673,203,470
6490,7187,4811,-558,-553,1111
5547,6992,5006,35,-1181,1146
5053,6946,5412,981,-1041,60
5010,6989,6002,892,-671,-221
5111,6887,6675,635,-397,-238
5068,6358,6931,573,-285,-288
5067,5588,6932,413,39,-452
5376,5036,6963,193,632,-825
6131,5079,6921,-259,1018,-759
6687,5114,6883,-952,1082,-130
6976,5022,6565,-1048,1137,-89
7041,4958,5909,-1025,1123,-98
6917,5080,5250,-994,1024,-30
6977,5664,5022,-916,933,-17
6940,6363,5060,-837,648,189
6579,6964,5035,-759,168,591
5834,7156,4842,-396,-847,1243
5013,6985,5359,792,-1500,708
4898,7101,5778,1456,-1500,44
4957,7042,6492,1401,-1274,-127
5054,6611,6945,963,-863,-100
5069,5877,6930,513,-498,-15
5574,5190,6809,-79,129,-50
6202,5073,6926,-861,927,-66
6608,5072,6927,-1247,1458,-211
6976,5023,6712,-1421,1742,-321
7147,4852,6083,-1465,1796,-331
7041,4957,5321,-1399,1531,-132
7022,5579,4976,-1036,1191,-155
6895,6419,5104,-601,704,-103
6188,6678,5321,-156,383,-227
5372,6740,5258,655,-33,-622
5134,6864,5262,1342,-1211,-131
5036,6961,5638,1561,-1649,88
4916,7083,6176,1674,-1680,6
5001,6997,6919,1898,-1742,-156
4920,6218,7079,1523,-1297,-226
5048,5450,6950,1006,-723,-283
5703,5105,6892,586,-369,-217
6701,5126,6872,-196,178,18
6996,5002,6525,-1287,1242,45
7052,4946,5977,-1720,1548,172
6996,5002,5348,-1775,1360,415
7006,5458,4993,-1489,999,490
7024,6203,4975,-1040,626,414
6773,6944,5054,-817,265,552
5898,7077,4921,-433,-262,695
5029,6970,5374,503,-837,334
4959,7040,5850,1215,-1018,-197
5031,6967,6457,1164,-769,-395
5094,6663,6904,882,-523,-359
5012,5868,6986,596,-293,-303
5104,5032,6966,454,250,-704
5869,4953,7046,174,883,-1057
6796,5136,6863,-515,917,-402
6941,5058,6428,-915,788,127
6973,5025,5834,-711,547,164
6860,5140,5245,-706,549,157
6919,5698,5080,-751,591,160
6934,6474,5065,-628,270,358
6663,7151,4849,-605,-489,1094
6092,7218,4781,-530,-1233,1763
5085,6961,5038,33,-1516,1483
4902,7097,5944,690,-978,288
5072,6926,6655,602,-465,-137
5233,6028,6766,48,156,-204
5321,5449,6678,-935,937,-2
5524,5207,6791,-854,1151,-297
5862,5080,6919,-710,1471,-761
6258,4963,7036,-706,1747,-1041
6982,4928,7070,-796,2070,-1274
7218,4782,6311,-963,2175,-1212
7156,4843,5306,-1058,1817,-759
7129,5611,4869,-1034,1405,-371
6958,6538,5041,-750,819,-69
6268,6778,5221,-426,475,-49
5254,6744,5268,396,-9,-387
5092,6906,5446,1401,-1193,-208
5049,6949,5834,1672,-1576,-96
4980,7018,6383,1680,-1487,-193
5016,6837,6983,1747,-1410,-337
4934,6075,7064,1306,-981,-325
5086,5343,6911,826,-506,-320
5818,5033,6965,473,-159,-314
6841,5158,6798,-341,300,41
6997,5001,6378,-1166,1000,166
7009,4990,5803,-1400,1137,263
6904,5094,5195,-1314,916,398
6978,5670,5022,-1106,660,446
7001,6490,4997,-800,235,565
6651,7182,4817,-693,-512,1205
5901,7104,4895,-402,-1129,1531
5055,6942,5302,296,-1049,753
4962,7036,5961,769,-688,-81
5105,6892,6659,629,-387,-242
5069,6185,6930,455,53,-508
5161,5477,6837,27,716,-743
5541,5219,6779,-424,982,-558
5953,5051,6948,-662,1042,-380
6512,4988,7011,-730,1234,-504
7021,4977,6781,-794,1450,-656
7131,4867,6043,-843,1425,-582
7000,4999,5296,-915,1229,-314
6957,5691,5042,-800,1066,-266
6796,6353,5201,-478,649,-171
6424,6812,5186,-360,341,19
5572,7062,4937,124,-632,508
5089,6910,5119,1252,-1801,549
4908,7091,5529,1678,-2107,429
4851,7147,6229,1947,-2087,140
5016,6925,6982,1596,-1572,-24
4938,6034,7062,1060,-1089,29
5185,5258,6813,578,-534,-44
6157,5217,6782,33,-161,128
6854,5099,6899,-964,610,354
6949,5050,6447,-1574,1458,116
7045,4953,5964,-1690,1526,164
7040,4959,5289,-1781,1503,278
7038,5546,4960,-1468,1218,250
6988,6325,5010,-864,723,141
6540,6828,5170,-530,472,58
5531,6843,5156,99,38,-137
5050,6949,5313,1171,-1034,-137
5005,6993,5853,1599,-1406,-193
4955,7044,6394,1622,-1278,-344
4990,6852,7008,1779,-1383,-396
4937,6036,7062,1403,-981,-422
5114,5286,6885,847,-461,-386
5841,4983,7015,433,34,-467
6906,5093,6831,-507,827,-320
6976,5023,6410,-1349,1222,127
6995,5003,5822,-1391,1111,280
6889,5110,5232,-1188,808,380
6971,5654,5026,-904,588,316
6999,6461,5001,-672,288,384
6637,7115,4883,-619,-333,952
5817,7072,4926,-275,-974,1249
5029,6970,5390,498,-940,442
4963,7035,5939,825,-746,-79
5088,6912,6593,672,-516,-156
5165,6204,6833,297,-82,-215
5212,5419,6788,-247,567,-320
5526,5201,6798,-497,1113,-616
5796,5048,6951,-611,1428,-817
6333,4901,7097,-552,1685,-1133
7030,4970,6970,-793,2139,-1346
7167,4831,6181,-832,1795,-963
7076,4922,5320,-803,1392,-589
7010,5659,4988,-750,1067,-317
6786,6382,5213,-433,592,-159
6116,6734,5265,137,168,-305
5509,6935,5064,852,-856,4
5231,6861,5138,1345,-1701,356
4996,7002,5459,1477,-1906,429
4817,7182,6083,1631,-1925,294
4973,7024,6870,1673,-1735,62
4899,6162,7099,1227,-1295,68
5077,5353,6921,785,-723,-62
5844,5174,6824,471,-474,3
6790,5208,6669,-299,-44,343
6990,5009,6423,-1341,1072,269
7015,4984,5940,-1740,1452,288
7020,4978,5317,-1842,1399,443
7028,5489,4970,-1776,1209,567
7030,6240,4969,-1199,695,504
6736,6940,5059,-859,331,528
5830,7036,4964,-415,-126,541
5015,6984,5411,563,-753,190
4959,7040,5886,1293,-1053,-240
5041,6956,6492,1319,-874,-445
5090,6647,6909,1063,-592,-471
5005,5876,6994,717,-328,-389
5056,5000,6998,567,251,-818
5747,4887,7111,426,879,-1305
6675,5068,6931,-132,875,-743
6967,5032,6295,-684,623,61
6831,5166,5473,-503,103,400
6892,5676,5106,-359,-450,809
7013,6100,4986,-470,-720,1190
6985,6602,5015,-644,-750,1394
6716,7007,4992,-772,-578,1350
6029,7038,4961,-884,-342,1226
5375,6813,5184,-759,-160,919
5204,6795,5841,-600,63,537
5119,6879,6742,122,-29,-93
5064,6699,6935,1469,-535,-934
4946,6093,7052,1730,-648,-1082
4914,5161,7085,1652,-196,-1456
5589,4687,7311,1126,763,-1889
6405,4860,7138,429,1180,-1609
6999,5001,6401,52,661,-713
6701,5346,5297,109,-259,150
6629,5945,5369,729,-1310,581
6686,6278,5311,814,-1416,602
6726,6564,5272,422,-1343,921
6946,6921,5053,-282,-1363,1645
6521,7131,4868,-1145,-1279,2424
5752,7260,4739,-987,-1403,2390
4919,7081,5146,-890,-1307,2197
4918,7080,6285,-565,-827,1392
4931,6499,7068,37,-551,514
4949,5193,7049,188,253,-441
5884,5106,6892,-540,1327,-787
6278,5075,6923,-1344,1518,-174
6763,5167,6832,-1412,1390,22
6976,5022,6409,-1268,1270,-2
7028,4971,5778,-1180,1140,40
6892,5106,5138,-1095,1005,90
6971,5777,5027,-873,777,96
6910,6487,5088,-610,455,155
6473,7014,4984,-559,10,549
5640,7089,4909,-225,-769,994
5004,6995,5518,771,-1147,376
4970,7028,6047,1049,-863,-186
5053,6947,6663,853,-585,-268
5056,6442,6942,703,-490,-213
5037,5614,6961,489,-192,-297
5332,4946,7051,428,439,-867
6117,5010,6988,74,1098,-1172
6855,5143,6806,-847,1160,-313
6991,5007,6377,-1130,1096,34
7008,4991,5757,-1062,947,115
6861,5137,5156,-992,819,173
6957,5773,5042,-836,674,162
6929,6511,5069,-713,381,332
6510,7090,4909,-691,-202,893
5711,7084,4916,-275,-1075,1350
4991,7008,5447,641,-1140,499
4944,7054,5979,1005,-880,-125
5045,6954,6637,805,-623,-182
5115,6342,6884,492,-428,-64
5249,5482,6749,-116,114,2
5720,5140,6858,-530,825,-295
6104,5054,6944,-870,1321,-451
6525,4992,7007,-1003,1684,-681
7060,4938,6826,-1174,2054,-880
7135,4864,6050,-1259,1898,-639
7028,4970,5287,-1111,1436,-325
7004,5726,4995,-893,1156,-263
6822,6420,5176,-495,651,-156
6245,6754,5245,-164,395,-231
5369,6999,4999,454,-491,37
5092,6906,5198,1467,-1696,229
4940,7059,5645,1768,-1956,188
4874,7124,6304,1916,-1938,22
4998,6869,7001,1645,-1620,-25
4924,5987,7075,1103,-1139,36
5175,5203,6824,619,-562,-57
6162,5173,6826,94,-169,75
6912,5087,6848,-919,626,293
6972,5027,6363,-1519,1385,134
7043,4955,5810,-1678,1458,220
6958,5040,5167,-1713,1356,357
7036,5683,4962,-1344,1001,343
6970,6414,5028,-842,550,292
6503,6971,5027,-569,145,424
5505,6970,5029,5,-367,362
5045,6954,5428,1051,-1006,-45
4979,7021,5962,1307,-1116,-191
5050,6949,6576,1199,-874,-325
5066,6559,6932,932,-632,-300
5006,5816,6991,665,-373,-292
5154,4971,7028,583,271,-854
5870,4912,7087,367,1003,-1370
6842,5131,6868,-360,1095,-735
6985,5013,6331,-910,871,39
6992,5006,5728,-739,581,158
6850,5175,5148,-715,579,136
6924,5808,5074,-699,521,178
6937,6669,5062,-572,66,506
6485,7089,4910,-488,-795,1283
5620,6992,5007,108,-1225,1117
5038,6960,5258,926,-1220,294
4968,7031,5882,904,-910,6
5023,6976,6546,629,-614,-15
5133,6472,6865,499,-518,19
5321,5617,6677,-145,-32,177
5624,5136,6862,-613,722,-109
6008,5046,6953,-754,1362,-608
6440,4962,7037,-800,1709,-909
7062,4937,6935,-996,2080,-1084
7173,4825,6130,-1054,1908,-854
7059,4940,5290,-1036,1475,-439
7019,5685,4979,-853,1107,-254
6836,6415,5163,-538,667,-129
6275,6758,5240,-279,383,-104
5364,6938,5061,415,-416,1
5123,6875,5168,1381,-1595,214
4969,7030,5609,1657,-1893,236
4910,7088,6248,1819,-1834,15
5049,6916,6950,1472,-1400,-72
4956,6080,7042,1016,-1053,37
5166,5338,6833,589,-595,6
5998,5224,6773,191,-380,189
6883,5116,6867,-688,340,348
6957,5042,6445,-1541,1462,79
7034,4965,6002,-1731,1551,180
7072,4926,5331,-1815,1528,287
7040,5485,4957,-1755,1377,378
7006,6284,4992,-1119,781,338
6630,6872,5127,-668,385,283
5738,7018,4981,-173,-179,352
5045,6954,5287,1031,-1206,175
4987,7012,5801,1563,-1429,-134
4996,7004,6404,1523,-1182,-341
5065,6770,6934,1306,-913,-393
4982,6071,7015,959,-656,-303
5053,5250,6946,690,-277,-413
5687,4848,7151,550,316,-866
6684,5044,6955,-114,1024,-910
6997,5001,6395,-1006,996,10
7001,4998,5781,-921,685,236
6844,5156,5173,-726,504,222
6953,5893,5046,-506,286,220
6887,6749,5111,-222,-249,471
6293,6938,5061,114,-974,860
5631,6924,5075,796,-1194,398
5149,6892,5107,1082,-1271,189
4958,7040,5631,1086,-1307,221
4952,7046,6323,1057,-1160,103
5069,6799,6929,1001,-1071,70
4999,6054,7000,901,-912,11
5144,5372,6854,773,-509,-264
5707,4931,7067,583,74,-657
6656,5008,6992,-52,1226,-1174
7035,4964,6510,-1277,1629,-352
7093,4905,5913,-1514,1439,75
6968,5030,5231,-1249,1063,186
6996,5661,5003,-889,769,120
6873,6450,5125,-455,398,57
6197,6899,5099,103,-198,95
5520,6940,5058,884,-1009,125
5128,6870,5190,1328,-1455,127
4957,7040,5632,1421,-1466,45
4878,7120,6321,1447,-1470,23
5029,6831,6969,1365,-1309,-56
4993,5996,7004,895,-923,28
5234,5347,6765,493,-493,0
6015,5106,6893,94,-96,2
6837,5075,6925,-827,995,-168
6973,5027,6575,-1566,1682,-116
7113,4886,6058,-1730,1776,-46
7051,4948,5317,-1885,1742,143
7035,5530,4963,-1449,1271,178
6971,6327,5028,-879,761,118
6489,6813,5186,-482,392,90
5484,6860,5139,242,-130,-112
5076,6922,5267,1252,-1228,-24
4979,7019,5690,1690,-1628,-62
4875,7124,6301,1786,-1630,-156
5037,6859,6961,1652,-1390,-262
4959,6083,7039,1038,-924,-114
5148,5314,6850,646,-539,-107
6032,5175,6823,143,-139,-4
6846,5078,6921,-806,543,263
6960,5040,6487,-1515,1435,80
7047,4952,5971,-1711,1520,191
7035,4964,5324,-1791,1461,330
7035,5495,4964,-1599,1225,374
6996,6274,5003,-1021,707,314
6662,6899,5099,-679,360,319
5804,7043,4956,-302,-165,467
5028,6971,5333,869,-1143,274
4996,7003,5852,1449,-1273,-176
5017,6982,6437,1349,-951,-398
5065,6719,6934,1150,-773,-377
5000,6038,6999,823,-539,-284
5054,5148,6945,589,-120,-469
5713,4814,7185,493,468,-961
6715,5064,6936,-164,1045,-881
6995,5003,6378,-956,930,26
6976,5022,5745,-836,642,194
6844,5295,5155,-584,345,239
6940,6048,5058,-358,-40,398
6905,6813,5094,-149,-585,734
6358,6913,5085,64,-1042,978
5634,6907,5092,577,-1105,528
5172,6920,5079,962,-1213,251
4898,7101,5546,1086,-1559,473
4919,7079,6298,1285,-1581,296
5081,6792,6918,1157,-1273,116
5009,6063,6990,958,-980,22
5154,5393,6845,802,-495,-307
5672,4889,7109,611,207,-818
6573,4977,7021,-13,1486,-1473
7029,4969,6594,-1347,1913,-566
7099,4899,6036,-1687,1716,-29
7006,4992,5329,-1451,1297,154
7006,5524,4992,-1124,953,171
6925,6281,5074,-746,525,221
6494,6938,5059,-354,-116,470
5618,6955,5043,323,-1082,759
5162,6897,5101,1313,-1693,380
4946,7053,5450,1672,-1927,255
4866,7132,6109,1833,-1924,91
5022,6977,6846,1719,-1611,-108
4977,6255,7022,1311,-1142,-169
5076,5553,6923,846,-544,-302
5516,4939,7059,702,72,-774
6333,4920,7080,209,1303,-1512
6989,5009,6654,-1188,1872,-684
7070,4929,6179,-1767,1778,-11
7034,4965,5531,-1790,1509,281
6961,5298,5037,-1575,1131,444
7026,5992,4972,-1257,721,536
6959,6871,5040,-1071,192,879
6297,7236,4763,-813,-874,1687
5362,6996,5002,8,-1670,1662
4947,7051,5515,1199,-1588,389
4931,7066,6123,1480,-1346,-134
5073,6926,6770,1408,-1065,-343
5038,6334,6960,1250,-775,-475
5020,5537,6979,983,-250,-733
5296,4839,7159,866,810,-1676
5924,4858,7140,404,1700,-2104
6969,5031,6905,-609,1957,-1348
7054,4944,6367,-1448,1761,-313
7037,4962,5704,-1380,1258,122
6903,5166,5095,-1388,1107,281
6988,5855,5011,-1399,884,515
6974,6680,5024,-1201,202,999
6544,7200,4799,-959,-1073,2032
6022,7229,4769,-479,-1950,2429
4908,7092,5209,525,-2267,1742
4840,7159,5828,1390,-1804,414
4973,7024,6651,1350,-1238,-112
5055,6414,6944,968,-710,-258
5038,5504,6962,431,-38,-393
5308,4955,7042,369,991,-1360
6078,5010,6988,-81,1704,-1623
6626,5015,6983,-1167,2007,-840
7079,4918,6757,-1540,2232,-692
7123,4876,6003,-1715,2106,-391
7008,4991,5256,-1629,1653,-24
7036,5632,4962,-1390,1296,94
6936,6396,5062,-1038,651,387
6597,7105,4894,-766,-182,948
5865,7155,4843,-341,-1575,1916
5003,6995,5130,1122,-2299,1177
4861,7138,5605,1929,-2421,492
4896,7103,6332,2099,-2062,-37
5014,6866,6985,1767,-1494,-273
4941,6060,7057,1443,-989,-454
5055,5188,6942,1001,-215,-786
5643,4793,7206,646,1016,-1662
6658,5013,6985,-217,1913,-1696
7023,4975,6648,-1500,2037,-537
7102,4896,6037,-1742,1753,-11
7022,4976,5329,-1611,1398,213
7027,5499,4971,-1467,1085,382
7003,6248,4995,-1209,574,635
6753,7126,4873,-980,-215,1195
6073,7201,4796,-543,-1462,2005
5013,6985,5256,574,-1932,1358
4929,7071,5698,1541,-1691,150
4934,7065,6352,1581,-1364,-217
5056,6829,6943,1598,-1127,-471
4978,6134,7020,1469,-750,-719
4976,5192,7023,1219,-67,-1152
5498,4784,7214,928,1223,-2151
6267,4852,7147,281,1967,-2248
7064,4935,6675,-950,1924,-974
7130,4867,6038,-1348,1451,-103
6952,5047,5270,-1267,1043,224
6901,5658,5097,-867,531,336
7036,6558,4962,-684,-54,738
6762,7104,4895,-873,-1054,1927
6229,7186,4812,-569,-1681,2250
5220,7038,4960,65,-1910,1845
4886,7113,5676,1053,-1563,510
4941,7057,6379,1212,-1113,-99
5121,6652,6877,1016,-725,-291
5032,5925,6967,715,-316,-399
4968,4938,7060,864,480,-1344
5404,4858,7141,807,1506,-2313
6034,4754,7244,521,1923,-2444
7089,4910,6787,-290,2089,-1799
7178,4821,5973,-1245,1625,-380
6981,5017,5198,-1342,1114,228
6937,5732,5061,-974,625,349
7001,6665,4997,-592,-37,629
6643,7112,4887,-618,-1116,1734
5931,7079,4919,-182,-1762,1944
5038,6961,5043,984,-2023,1039
4946,7052,5642,1537,-1840,303
4936,7062,6311,1436,-1350,-86
5044,6845,6954,1388,-1190,-198
4969,6087,7028,1289,-909,-380
5037,5252,6961,1054,-275,-779
5599,4757,7241,808,930,-1738
6550,4961,7039,-48,1940,-1892
7045,4953,6696,-1449,2093,-644
7110,4889,6075,-1793,1868,-75
7004,4994,5346,-1685,1483,202
7017,5493,4982,-1481,1098,383
7020,6230,4979,-1293,615,678
6803,7137,4862,-1126,-223,1349
6125,7203,4795,-564,-1579,2143
5033,6965,5176,680,-2005,1325
4910,7089,5599,1542,-1743,201
4896,7102,6294,1524,-1415,-109
5042,6833,6956,1393,-1169,-224
5011,6058,6987,1046,-702,-344
5010,5104,6989,742,39,-781
5582,4834,7165,580,1233,-1813
6547,4973,7026,-189,1896,-1707
7029,4970,6714,-1356,2027,-671
7087,4910,6061,-1580,1678,-98
7016,4982,5364,-1467,1303,164
7016,5477,4984,-1436,1092,344
7008,6209,4991,-1326,605,721
6799,7138,4861,-1116,-277,1393
6161,7203,4796,-590,-1608,2198
5030,6980,5018,424,-2133,1709
4878,7120,5547,1490,-2029,539
4886,7113,6264,1548,-1512,-36
5051,6849,6948,1399,-1164,-235
5064,6053,6935,961,-587,-374
4992,5064,7007,593,223,-816
5524,4844,7154,608,1298,-1906
6395,4943,7054,-2,1864,-1862
7055,4943,6781,-1172,1986,-814
7116,4882,6102,-1500,1709,-209
7009,4989,5360,-1391,1265,126
6968,5533,5030,-1195,932,263
6964,6254,5034,-939,467,472
6782,7157,4842,-929,-382,1311
6149,7185,4813,-552,-1650,2202
5017,6983,5017,528,-2186,1658
4838,7160,5436,1563,-2262,699
4855,7143,6224,1782,-1866,84
5046,6864,6951,1499,-1328,-171
5041,6038,6957,997,-727,-270
5042,5122,6958,521,59,-580
5579,4846,7152,506,1180,-1686
6521,4977,7021,-211,1863,-1652
7031,4968,6790,-1402,2128,-726
7086,4912,6137,-1683,1789,-106
7052,4946,5411,-1481,1332,149
7023,5429,4975,-1390,1159,231
6990,6239,5008,-1189,734,455
6744,7033,4966,-846,-31,877
6099,7223,4776,-492,-1316,1808
5023,6976,5169,709,-2082,1373
4920,7079,5591,1747,-2019,272
4910,7089,6258,1876,-1714,-162
5058,6932,6940,1782,-1387,-395
4943,6194,7057,1584,-995,-589
4982,5373,7016,1272,-336,-936
5479,4725,7274,992,806,-1798
6362,4898,7101,179,1875,-2054
7031,4967,6669,-1225,1915,-690
7103,4896,6076,-1572,1572,0
7018,4980,5350,-1509,1298,211
6986,5535,5012,-1305,963,342
6989,6276,5009,-937,452,485
6764,7179,4819,-813,-445,1258
6067,7150,4848,-399,-1585,1984
5054,6946,5119,842,-1944,1102
4929,7069,5598,1533,-1756,223
4924,7075,6281,1523,-1416,-107
5060,6888,6939,1427,-1151,-276
4961,6148,7037,1348,-884,-464
4998,5275,7001,1165,-205,-960
5513,4781,7217,902,1093,-1995
6371,4910,7088,97,2002,-2099
7057,4941,6797,-1251,2148,-897
7131,4867,6127,-1663,1905,-242
7039,4960,5382,-1564,1446,118
7001,5496,4999,-1385,1097,288
6963,6256,5036,-970,455,515
6794,7176,4823,-789,-473,1262
6169,7184,4815,-499,-1607,2106
5039,6960,5113,536,-2045,1509
4913,7086,5566,1471,-1810,339
4898,7100,6261,1468,-1391,-77
5057,6903,6941,1397,-1144,-253
5006,6114,6992,1183,-781,-402
5016,5199,6982,832,-63,-769
5516,4798,7200,752,1117,-1869
6327,4884,7115,191,1978,-2169
7046,4954,6701,-1155,2096,-941
7127,4871,6104,-1590,1728,-138
7027,4971,5377,-1573,1366,207
6988,5476,5010,-1425,1030,395
6983,6202,5015,-1162,535,627
6818,7139,4859,-1026,-309,1335
6170,7205,4795,-598,-1571,2169
5034,6964,5106,481,-2012,1531
4897,7102,5549,1475,-1787,312
4897,7103,6262,1543,-1423,-120
5072,6837,6926,1401,-1126,-275
5021,6101,6977,1038,-669,-369
5001,5178,6998,875,-47,-828
5530,4809,7190,766,1161,-1927
6375,4902,7096,93,1941,-2034
7042,4957,6731,-1230,2071,-841
7101,4899,6094,-1635,1715,-80
7019,4980,5386,-1504,1302,202
6999,5475,4999,-1425,1075,350
6989,6216,5009,-1203,582,621
6815,7134,4865,-1021,-268,1289
6177,7215,4784,-584,-1571,2155
5021,6977,5097,500,-2101,1601
4910,7089,5568,1541,-1887,346
4909,7090,6263,1540,-1435,-105
5048,6902,6951,1434,-1192,-242
4998,6094,7000,1256,-851,-405
5038,5217,6960,865,-135,-730
5552,4800,7198,689,1113,-1802
6496,4966,7032,-121,1997,-1876
7027,4971,6793,-1441,2150,-709
7116,4884,6163,-1739,1909,-170
7026,4973,5409,-1623,1507,116
7013,5439,4985,-1394,1131,263
7019,6191,4980,-1189,672,517
6817,7079,4920,-1023,-105,1128
6137,7205,4794,-541,-1472,2013
5044,6953,5155,693,-2032,1339
4908,7090,5542,1645,-1902,257
4885,7112,6232,1751,-1668,-83
5059,6915,6941,1605,-1324,-281
4953,6178,7046,1337,-910,-427
5002,5309,6998,1070,-252,-818
5524,4768,7230,820,922,-1742
6413,4923,7076,89,1861,-1950
7023,4976,6660,-1262,1949,-687
7094,4905,6067,-1571,1563,8
7019,4980,5350,-1459,1234,225
7016,5476,4983,-1399,1003,396
7006,6211,4992,-1211,530,681
6783,7148,4850,-994,-322,1316
6122,7186,4812,-505,-1531,2036
5030,6970,5175,606,-1945,1339
4915,7083,5620,1509,-1733,224
4909,7089,6296,1538,-1393,-145
5055,6870,6944,1533,-1169,-364
4980,6139,7018,1368,-797,-571
4987,5231,7011,1139,-131,-1008
5519,4784,7215,926,1137,-2063
6345,4899,7099,138,1978,-2116
7069,4929,6755,-1138,2056,-918
7125,4873,6080,-1542,1721,-179
7001,4997,5333,-1434,1260,174
6948,5581,5051,-1124,800,324
6997,6346,5003,-827,322,505
6777,7184,4813,-897,-616,1513
6143,7168,4831,-489,-1682,2171
5024,6974,5075,578,-1968,1390
4867,7131,5523,1446,-1879,433
4895,7103,6284,1524,-1489,-35
5071,6798,6928,1265,-1074,-191
5060,6033,6937,873,-612,-261
5030,5091,6968,660,92,-752
5555,4833,7165,632,1278,-1910
6361,4906,7093,39,2000,-2039
7079,4918,6802,-1194,2252,-1058
7125,4873,6112,-1674,1930,-256
7042,4955,5375,-1478,1342,136
7002,5525,4995,-1333,1098,235
6939,6276,5059,-974,539,435
6723,7133,4865,-739,-352,1091
6078,7175,4822,-426,-1550,1976
5029,6970,5101,791,-2117,1326
4914,7084,5566,1656,-1983,327
4900,7098,6261,1649,-1562,-87
5045,6891,6953,1535,-1288,-247
4958,6118,7041,1309,-941,-368
5042,5270,6956,978,-279,-699
5589,4766,7234,712,878,-1590
6601,4996,7002,-150,1883,-1733
7019,4979,6697,-1514,2039,-525
7098,4901,6103,-1856,1871,-15
7037,4962,5384,-1799,1583,216
7022,5436,4975,-1595,1195,400
7045,6200,4954,-1295,677,618
6835,7091,4907,-1101,-80,1181
6138,7236,4762,-616,-1416,2032
5011,6987,5178,488,-1977,1489
4912,7086,5658,1520,-1773,253
4919,7079,6337,1566,-1396,-170
5040,6833,6959,1465,-1137,-328
4969,6085,7029,1288,-782,-506
4996,5142,7002,1009,-53,-956
5572,4807,7190,732,1219,-1951
6551,4995,7003,-112,1879,-1767
7020,4978,6658,-1342,1819,-477
7099,4900,6040,-1529,1515,14
7011,4987,5325,-1439,1244,195
7008,5516,4991,-1415,1026,389
6993,6238,5005,-1207,513,694
6783,7182,4816,-1020,-402,1422
6134,7203,4797,-550,-1642,2192
5013,6985,5148,517,-2073,1556
4904,7095,5630,1500,-1824,324
4905,7094,6321,1511,-1391,-120
5048,6844,6951,1491,-1169,-322
4992,6090,7007,1289,-766,-523
4995,5159,7004,1001,-42,-959
5527,4787,7211,821,1204,-2025
6386,4895,7103,154,1984,-2138
7052,4947,6655,-1141,1935,-794
7127,4872,6043,-1443,1488,-45
6991,5008,5291,-1389,1196,193
6942,5640,5057,-1100,766,334
6993,6442,5006,-776,228,548
6725,7161,4838,-850,-806,1656
6137,7183,4815,-482,-1715,2197
5011,6988,5058,453,-2063,1610
4887,7113,5614,1408,-1853,445
4912,7086,6326,1468,-1391,-77
5078,6738,6920,1304,-1048,-256
5029,6058,6970,948,-596,-352
4995,5097,7003,925,40,-965
5549,4809,7190,780,1320,-2100
6326,4844,7154,191,2039,-2230
7074,4924,6692,-1105,2143,-1038
7118,4881,6025,-1474,1592,-118
6980,5019,5292,-1268,1092,176
6941,5662,5057,-1001,745,256
6975,6482,5024,-664,197,467
6715,7151,4848,-737,-849,1586
6156,7172,4827,-452,-1734,2186
5003,6995,5026,474,-2150,1676
4900,7098,5612,1458,-1945,487
4916,7083,6320,1424,-1367,-57
5043,6815,6957,1326,-1164,-162
5033,6014,6965,1032,-711,-321
5047,5090,6951,703,27,-730
5590,4821,7177,598,1283,-1881
6536,4959,7039,-204,2082,-1878
7062,4937,6832,-1443,2325,-882
7134,4864,6124,-1738,2065,-327
7025,4972,5366,-1606,1539,67
7001,5532,4998,-1287,1096,191
6970,6258,5029,-940,544,396
6744,7137,4861,-840,-288,1128
6033,7158,4841,-414,-1612,2026
5046,6953,5116,940,-2101,1161
4874,7125,5487,1709,-2080,371
4861,7138,6244,1850,-1878,28
5037,6874,6960,1557,-1390,-167
4977,6078,7023,1119,-867,-252
5050,5181,6948,731,-137,-594
5605,4811,7187,550,1029,-1579
6613,4990,7007,-226,1902,-1676
7026,4973,6699,-1500,2153,-653
7104,4895,6097,-1799,1891,-92
7041,4959,5374,-1711,1511,200
7038,5438,4959,-1577,1205,372
7040,6202,4959,-1366,682,684
6809,7086,4912,-1121,-73,1194
6099,7230,4769,-632,-1398,2030
5007,6991,5186,456,-1991,1535
4901,7098,5670,1512,-1758,246
4907,7092,6357,1558,-1391,-167
5036,6810,6963,1494,-1119,-375
5019,6036,6979,1154,-630,-524
4983,5034,7016,807,156,-963
5587,4822,7176,668,1308,-1976
6551,4980,7019,-85,1825,-1740
7041,4957,6635,-1238,1722,-484
7093,4907,5989,-1436,1405,31
6971,5026,5284,-1395,1144,251
6989,5573,5009,-1324,893,431
6992,6317,5007,-1199,441,758
6749,7226,4773,-1083,-525,1608
6118,7202,4797,-525,-1736,2261
4994,7004,5082,580,-2080,1500
4854,7144,5577,1490,-1956,466
4905,7093,6340,1590,-1537,-53
5065,6732,6933,1324,-1078,-246
5062,5998,6938,902,-560,-342
5001,5006,6997,716,214,-930
5558,4824,7174,647,1381,-2028
6375,4873,7125,72,2009,-2081
7091,4909,6709,-1133,2116,-983
7127,4872,6014,-1484,1613,-129
6980,5018,5265,-1227,1098,129
6953,5681,5046,-918,737,181
6957,6532,5042,-557,196,361
6632,7144,4855,-627,-811,1438
5975,7111,4886,-289,-1690,1979
5009,6990,5055,893,-2094,1201
4919,7079,5611,1612,-1981,369
4915,7084,6308,1618,-1562,-56
5038,6852,6961,1515,-1301,-214
4958,6075,7041,1355,-960,-395
5037,5239,6962,1102,-272,-830
5602,4753,7245,807,963,-1770
6595,4981,7017,-113,1998,-1885
7045,4954,6699,-1508,2139,-631
7117,4882,6078,-1834,1904,-70
7033,4966,5337,-1728,1555,173
7031,5507,4969,-1470,1141,329
7002,6276,4997,-1133,597,536
6726,7137,4861,-870,-254,1124
6028,7184,4814,-425,-1508,1933
5025,6974,5180,847,-1975,1128
4920,7078,5678,1588,-1756,168
4927,7071,6357,1554,-1384,-170
5032,6811,6967,1438,-1123,-315
4955,6071,7044,1287,-787,-500
4994,5138,7004,1065,-89,-976
5614,4787,7212,775,1150,-1925
6592,4995,7003,-94,1880,-1786
7033,4966,6609,-1357,1830,-473
7099,4900,5992,-1587,1532,55
6994,5004,5283,-1542,1285,257
7011,5549,4987,-1500,1021,479
7007,6285,4991,-1271,470,801
6768,7223,4774,-1067,-481,1548
6114,7205,4794,-532,-1675,2207
5000,6999,5193,511,-1960,1449
4898,7100,5682,1390,-1616,226
4916,7083,6388,1366,-1237,-129
5045,6750,6953,1357,-1038,-319
5041,6003,6958,1056,-568,-488
4998,4981,7017,808,232,-1040
5553,4817,7181,703,1417,-2120
6388,4871,7127,154,2050,-2204
7064,4934,6622,-1067,1999,-932
7126,4872,5989,-1390,1489,-99
6957,5041,5241,-1315,1122,193
6924,5695,5074,-944,628,316
7010,6566,4988,-716,65,651
6697,7140,4858,-880,-1003,1883
6164,7195,4803,-523,-1789,2312
5041,6997,5003,280,-2107,1827
4878,7120,5671,1282,-1752,470
4920,7078,6393,1353,-1264,-89
5081,6644,6918,1137,-871,-266
5034,5918,6965,707,-379,-328
5009,4931,7068,814,398,-1212
5532,4839,7160,710,1497,-2207
6303,4829,7169,255,1992,-2247
7097,4901,6630,-928,2067,-1139
7123,4876,5954,-1365,1503,-138
6932,5068,5229,-1196,1016,180
6937,5710,5061,-828,584,244
6993,6602,5005,-668,51,617
6676,7138,4862,-780,-1046,1826
6154,7183,4814,-481,-1777,2258
4999,6999,5008,368,-2121,1753
4883,7115,5672,1365,-1840,475
4935,7064,6392,1348,-1279,-69
5043,6702,6955,1221,-1041,-180
5054,5956,6945,871,-558,-313
5061,4991,7007,684,229,-913
5614,4838,7161,551,1444,-1995
6585,4964,7034,-268,2094,-1826
7064,4933,6791,-1437,2281,-844
7124,4876,6064,-1647,1940,-293
7006,4993,5311,-1496,1430,66
6988,5609,5011,-1192,1008,184
6967,6329,5033,-882,464,418
6702,7195,4803,-855,-451,1306
6009,7149,4850,-394,-1733,2127
5028,6971,5035,962,-2257,1295
4849,7150,5480,1736,-2333,597
4851,7147,6262,1904,-2025,121
5018,6848,6980,1601,-1461,-140
5001,6024,6997,1073,-806,-267
5030,5095,6968,638,-19,-619
5627,4819,7179,540,1164,-1704
6643,4996,7002,-280,1960,-1680
7036,4962,6686,-1489,2151,-662
7107,4891,6047,-1720,1801,-81
7031,4966,5320,-1557,1396,161
7045,5499,4953,-1407,1099,308
7007,6289,4991,-1177,617,560
6681,7110,4889,-880,-189,1069
5963,7166,4832,-409,-1435,1844
5011,6987,5208,877,-1997,1120
4911,7088,5682,1688,-1862,174
4912,7086,6359,1718,-1537,-181
5034,6825,6965,1654,-1226,-428
4962,6084,7037,1400,-790,-610
4979,5160,7020,1159,-113,-1046
5588,4764,7234,901,1129,-2030
6502,4938,7061,68,1901,-1969
7064,4934,6591,-1203,1785,-582
7112,4886,5954,-1469,1422,47
6962,5037,5239,-1423,1141,282
6972,5648,5026,-1216,787,429
7001,6457,4998,-968,286,682
6687,7197,4802,-925,-752,1677
5973,7136,4864,-379,-1717,2096
5016,6982,5149,847,-1853,1006
4882,7117,5654,1498,-1700,202
4934,7065,6381,1537,-1423,-114
5048,6743,6951,1386,-1089,-297
5011,6000,6987,1175,-709,-466
5022,5053,6975,977,15,-992
5600,4793,7204,721,1333,-2054
6463,4884,7114,20,2072,-2092
7093,4906,6688,-1271,2215,-944
7113,4887,5997,-1618,1719,-101
6993,5005,5258,-1394,1208,186
6990,5642,5007,-1189,886,303
6964,6438,5035,-877,356,521
6660,7190,4809,-784,-657,1441
6007,7163,4835,-363,-1738,2101
5011,6988,5090,896,-2178,1282
4900,7099,5635,1581,-1896,315
4912,7085,6350,1511,-1431,-80
5032,6767,6966,1345,-1170,-175
5027,5966,6972,1003,-715,-288
5059,5047,6951,688,26,-714
5656,4816,7182,532,1250,-1782
6762,5055,6943,-466,1990,-1524
7064,4934,6763,-1575,2182,-607
7128,4870,6070,-1870,2072,-202
7031,4967,5319,-1749,1640,109
7038,5537,4962,-1487,1230,257
6994,6308,5004,-1161,645,516
6704,7135,4863,-887,-230,1117
5991,7186,4812,-426,-1565,1991
5017,6982,5178,921,-2123,1202
4905,7094,5655,1724,-1964,240
4913,7084,6352,1746,-1592,-154
5020,6835,6978,1551,-1224,-327
4935,6077,7063,1324,-843,-481
5000,5166,6998,1078,-174,-904
5640,4763,7236,784,1010,-1794
6612,4986,7014,-65,1820,-1755
7045,4953,6543,-1328,1794,-466
7092,4907,5916,-1540,1453,87
6977,5023,5227,-1473,1181,292
7013,5617,4985,-1392,904,488
7003,6415,4995,-1157,373,784
6692,7219,4780,-948,-666,1614
5985,7155,4843,-412,-1706,2118
5014,6985,5221,828,-1919,1091
4913,7086,5715,1485,-1596,111
4930,7069,6407,1447,-1263,-184
5033,6755,6964,1463,-1092,-371
4987,6016,7012,1309,-711,-598
4995,5046,7005,1084,30,-1114
5592,4781,7217,809,1318,-2127
6511,4921,7078,63,2029,-2092
7071,4927,6601,-1199,1899,-700
7123,4875,5940,-1452,1460,-8
6946,5051,5210,-1379,1151,228
6941,5711,5057,-1022,661,361
7006,6582,4992,-790,97,693
6675,7157,4840,-881,-1007,1888
6083,7193,4805,-466,-1800,2266
4980,7019,5121,461,-2054,1593
4876,7122,5706,1333,-1692,359
4938,7061,6442,1335,-1238,-97
5084,6592,6915,1100,-827,-273
5024,5854,6975,688,-336,-352
5046,4892,7107,820,467,-1287
5579,4836,7162,674,1521,-2195
6407,4853,7145,159,2014,-2173
7094,4905,6603,-1051,2027,-976
7105,4894,5914,-1397,1486,-89
6932,5066,5213,-1195,1000,195
6947,5736,5051,-955,678,277
6989,6594,5010,-751,118,633
6665,7163,4836,-832,-991,1823
6120,7201,4798,-474,-1814,2288
4970,7028,5066,437,-2168,1731
4871,7127,5709,1394,-1845,451
4949,7051,6449,1347,-1267,-80
5048,6630,6951,1138,-949,-189
5050,5883,6949,762,-447,-315
5105,4929,7070,665,388,-1053
5637,4855,7144,508,1554,-2062
6628,4985,7014,-339,2125,-1786
7063,4936,6779,-1457,2298,-841
7123,4876,6053,-1632,1918,-286
7008,4991,5308,-1495,1438,57
6995,5615,5002,-1226,1058,168
6961,6322,5037,-917,498,419
6681,7187,4812,-852,-401,1253
5968,7145,4853,-373,-1702,2075
5023,6977,5101,1029,-2172,1143
4850,7150,5536,1731,-2166,435
4866,7132,6310,1866,-1901,35
5022,6797,6976,1542,-1381,-161
5004,6005,6996,1030,-758,-272
5035,5068,6963,726,-2,-724
5646,4821,7179,558,1237,-1795
6652,4993,7005,-274,2015,-1741
7050,4949,6698,-1509,2246,-737
7111,4887,6038,-1768,1903,-135
7031,4967,5310,-1599,1447,152
7044,5516,4954,-1447,1137,310
7001,6291,4998,-1173,578,595
6684,7133,4866,-891,-232,1123
5973,7178,4820,-433,-1470,1903
5005,6994,5222,831,-1977,1146
4907,7091,5710,1611,-1760,149
4919,7079,6407,1601,-1403,-198
5026,6779,6972,1529,-1128,-401
4976,6034,7022,1280,-696,-584
4987,5061,7011,1034,-4,-1030
5640,4787,7211,790,1218,-2008
6731,5015,6983,-182,1876,-1694
7059,4940,6559,-1271,1730,-459
7099,4900,5915,-1480,1407,73
6958,5040,5214,-1444,1143,301
7001,5719,4997,-1300,821,479
6994,6437,5004,-1126,368,758
6672,7220,4778,-990,-664,1654
5817,7111,4887,-294,-1763,2057
4990,7009,5206,1015,-1838,823
4872,7127,5748,1564,-1691,127
4942,7057,6416,1577,-1426,-151
5024,6653,6975,1386,-1045,-341
5014,5908,6985,1171,-639,-532
5025,5018,6980,998,36,-1034
5642,4792,7207,719,1355,-2074
6660,4930,7068,-160,2095,-1935
7085,4913,6645,-1339,2133,-794
7095,4904,5875,-1549,1538,11
6962,5037,5160,-1333,1120,213
6996,5756,5003,-1157,845,312
6963,6491,5036,-863,322,541
6625,7189,4810,-754,-723,1477
5947,7156,4842,-329,-1751,2080
4985,7014,5142,1091,-2161,1070
4889,7109,5742,1612,-1834,222
4924,7075,6394,1529,-1435,-94
5010,6666,6988,1372,-1146,-226
5018,5894,6982,1083,-666,-417
5052,5035,6963,848,10,-858
5736,4816,7183,544,1431,-1975
6830,5048,6950,-561,2092,-1531
7088,4912,6677,-1616,2207,-591
7125,4873,6036,-1810,1986,-176
7018,4980,5283,-1638,1525,113
7027,5590,4971,-1352,1124,228
6953,6346,5045,-957,523,434
6641,7169,4829,-728,-370,1098
5769,7109,4890,-192,-1704,1896
5012,6987,5184,1210,-2076,866
4900,7098,5663,1717,-1950,233
4917,7081,6364,1713,-1593,-120
5017,6813,6981,1520,-1244,-276
4940,6043,7059,1297,-849,-448
5013,5134,6985,1075,-161,-914
5662,4770,7230,772,1078,-1850
6787,5043,6957,-261,1955,-1694
7047,4951,6569,-1445,1948,-503
7101,4897,5956,-1703,1638,65
6973,5026,5174,-1595,1290,305
7027,5582,4971,-1488,1003,485
7014,6450,4984,-1216,387,829
6642,7248,4750,-998,-632,1630
5906,7160,4838,-418,-1702,2120
4998,7001,5262,657,-1861,1204
4900,7098,5758,1401,-1492,91
4933,7067,6462,1386,-1193,-193
5033,6688,6965,1383,-1012,-371
5032,5867,6966,1051,-479,-572
5109,4877,7122,836,427,-1263
5618,4813,7185,635,1466,-2101
6567,4940,7060,-37,2014,-1977
7067,4932,6582,-1225,1883,-658
7111,4887,5853,-1434,1420,14
6944,5056,5201,-1365,1147,218
6948,5721,5051,-1078,722,356
6997,6654,5001,-889,102,787
6665,7176,4821,-950,-946,1896
6019,7205,4794,-451,-1905,2356
4973,7025,5067,402,-2170,1768
4865,7134,5710,1356,-1790,434
4958,7040,6543,1347,-1236,-111
5076,6566,6922,1075,-781,-294
5021,5783,6978,621,-261,-360
5128,4895,7103,747,749,-1496
5591,4855,7145,585,1565,-2150
6458,4883,7115,48,1965,-2013
7083,4915,6608,-1113,1988,-875
7090,4909,5845,-1388,1418,-30
6949,5049,5222,-1234,1058,176
6960,5797,5038,-1031,740,291
6977,6635,5021,-815,154,661
6590,7184,4814,-843,-1002,1845
6110,7201,4799,-471,-1851,2322
4940,7060,5139,678,-2298,1620
4870,7129,5748,1533,-1953,420
4934,7065,6487,1446,-1361,-85
5028,6697,6970,1304,-1115,-210
5062,5922,6936,875,-543,-332
5145,4911,7087,632,393,-1025
5748,4863,7135,443,1561,-2004
6760,5019,6980,-622,2146,-1524
7082,4917,6751,-1566,2298,-732
7134,4865,5999,-1694,1952,-258
7004,4995,5244,-1513,1450,63
7007,5689,4992,-1205,1042,163
6947,6425,5051,-851,453,398
6596,7227,4772,-781,-504,1285
5821,7108,4892,-257,-1771,2028
5012,6987,5114,1216,-2210,994
4826,7173,5567,1852,-2319,467
4863,7136,6365,2030,-2060,30
4991,6756,7008,1672,-1485,-187
4986,5950,7012,1120,-803,-317
5093,5029,6969,693,20,-713
5746,4830,7169,465,1242,-1707
6847,5056,6942,-562,2024,-1462
7045,4954,6613,-1631,2162,-531
7114,4885,5978,-1828,1853,-25
7021,4978,5253,-1700,1482,218
7063,5558,4936,-1547,1147,400
7024,6347,4976,-1308,603,705
6665,7164,4836,-1018,-226,1244
5939,7197,4802,-473,-1497,1970
4973,7025,5293,782,-1963,1181
4898,7102,5803,1608,-1718,110
4937,7062,6493,1634,-1380,-254
5012,6687,6986,1584,-1086,-498
4981,5962,7017,1300,-610,-690
5020,4944,7054,1074,167,-1241
5691,4803,7196,721,1399,-2120
6730,5015,6984,-200,1872,-1672
7068,4931,6526,-1301,1669,-368
7100,4899,5852,-1421,1331,90
6934,5065,5161,-1374,1080,294
6985,5732,5012,-1205,760,445
6993,6579,5006,-1019,236,783
6595,7198,4800,-919,-895,1814
5832,7112,4886,-272,-1789,2061
4980,7017,5165,994,-1878,884
4862,7136,5746,1535,-1723,188
4954,7044,6492,1502,-1366,-136
5029,6618,6969,1291,-1009,-282
5038,5886,6961,1025,-562,-463
5106,4934,7064,880,249,-1129
5689,4805,7192,618,1523,-2141
6638,4914,7084,-145,2126,-1981
7110,4888,6598,-1401,2208,-807
7111,4887,5888,-1612,1662,-50
6965,5034,5151,-1379,1197,182
6992,5776,5007,-1140,859,281
6961,6626,5037,-768,194,574
6566,7175,4824,-700,-934,1634
5851,7126,4872,-228,-1829,2057
4978,7020,5107,1078,-2200,1122
4888,7112,5717,1625,-1911,286
4923,7075,6446,1543,-1460,-83
5009,6676,6989,1383,-1190,-193
5020,5890,6978,1045,-687,-358
5118,4999,6999,777,74,-851
5736,4813,7185,531,1372,-1903
6843,5056,6942,-607,2078,-1471
7082,4917,6670,-1658,2206,-548
7112,4886,5968,-1887,2001,-114
7005,4993,5226,-1743,1589,154
7052,5632,4948,-1489,1180,309
6986,6396,5013,-1183,564,619
6613,7203,4796,-895,-370,1265
5860,7158,4840,-338,-1668,2006
4999,6999,5225,1093,-2083,990
4898,7101,5753,1706,-1844,138
4927,7071,6455,1661,-1460,-201
4994,6723,7005,1488,-1149,-339
4947,5951,7051,1266,-752,-514
5034,4993,7005,994,12,-1006
5736,4795,7204,643,1240,-1883
6837,5060,6938,-321,1859,-1538
7054,4944,6483,-1446,1785,-339
7086,4912,5830,-1575,1460,115
6951,5048,5145,-1497,1178,319
7024,5709,4974,-1409,878,531
7012,6526,4987,-1193,308,885
6617,7221,4778,-974,-830,1804
5866,7137,4862,-342,-1798,2140
4984,7014,5258,932,-1900,968
4891,7108,5806,1456,-1533,77
4942,7056,6524,1415,-1227,-188
5014,6628,6986,1410,-1031,-379
5020,5889,6978,1166,-572,-594
5094,4912,7086,931,294,-1225
5681,4790,7208,644,1505,-2149
6703,4965,7032,-133,2046,-1913
7091,4908,6518,-1261,1829,-568
7114,4884,5828,-1405,1384,21
6893,5105,5111,-1291,1043,248
6937,5825,5061,-895,554,341
7010,6758,4988,-795,-45,840
6573,7152,4847,-832,-1193,2025
5938,7181,4817,-391,-1861,2252
4938,7061,5227,640,-2065,1425
4869,7128,5817,1370,-1648,278
4966,7033,6563,1357,-1224,-133
5081,6490,6917,1088,-782,-306
5010,5739,6988,756,-301,-455
5134,4858,7140,896,629,-1525
5630,4826,7172,626,1671,-2297
6531,4860,7138,74,2101,-2175
7124,4874,6546,-1147,2062,-915
7121,4878,5806,-1432,1501,-69
6897,5123,5101,-1221,1008,213
6937,5864,5062,-775,533,242
6993,6830,5006,-620,-125,745
6539,7136,4862,-667,-1233,1900
5843,7121,4877,-228,-1882,2110
4966,7032,5163,980,-2135,1155
4901,7097,5796,1497,-1763,266
4945,7054,6513,1378,-1281,-97
5003,6620,6996,1327,-1121,-206
5037,5842,6960,1019,-618,-401
5149,4939,7059,763,219,-982
5757,4814,7184,517,1510,-2027
6858,5020,6979,-563,2174,-1611
7102,4896,6659,-1608,2272,-664
7126,4872,5913,-1761,1910,-149
6972,5026,5161,-1534,1402,132
7016,5734,4982,-1232,975,257
6963,6519,5035,-943,387,556
6556,7225,4774,-816,-699,1515
5730,7085,4913,-182,-1844,2026
5004,6995,5182,1271,-2098,827
4848,7150,5691,1753,-1995,242
4907,7092,6457,1790,-1711,-79
4999,6667,6999,1471,-1260,-211
4989,5899,7009,1092,-712,-380
5127,4985,7014,794,96,-890
5756,4813,7186,493,1340,-1833
6897,5052,6947,-495,2040,-1545
7063,4935,6546,-1590,2100,-510
7102,4896,5888,-1727,1706,21
6985,5014,5177,-1594,1346,248
7054,5661,4944,-1485,1033,452
7005,6426,4993,-1282,468,814
6615,7262,4738,-1034,-488,1522
5872,7165,4833,-409,-1713,2122
4976,7022,5294,948,-2017,1069
4889,7109,5824,1596,-1680,84
4933,7065,6522,1578,-1356,-222
5002,6644,6997,1507,-1076,-431
5005,5903,6995,1143,-537,-606
5082,4906,7093,919,276,-1195
5752,4814,7185,615,1439,-2054
6832,5042,6958,-327,1866,-1539
7077,4921,6486,-1347,1673,-326
7094,4904,5798,-1418,1320,98
6917,5082,5116,-1350,1051,299
6990,5787,5008,-1174,739,435
6988,6641,5010,-1023,200,823
6548,7198,4800,-913,-980,1893
5758,7101,4897,-223,-1878,2101
4959,7039,5153,1072,-1967,895
4850,7149,5777,1596,-1841,245
4958,7040,6527,1564,-1436,-128
5022,6581,6976,1302,-1030,-272
5049,5847,6948,961,-521,-440
5132,4895,7102,822,327,-1149
5724,4801,7197,571,1552,-2123
6749,4940,7058,-226,2105,-1879
7105,4894,6528,-1415,2056,-641
7095,4905,5815,-1487,1457,30
6927,5072,5087,-1251,1069,182
6971,5861,5028,-963,720,243
6964,6757,5033,-629,64,565
6491,7162,4836,-616,-1062,1678
5679,7076,4922,-53,-1879,1932
4979,7019,5153,1255,-2192,937
4891,7106,5776,1696,-1935,239
4939,7059,6497,1650,-1542,-108
4992,6655,7007,1530,-1251,-279
4968,5897,7032,1322,-793,-529
5098,4998,7000,1102,-47,-1055
5768,4776,7223,688,1344,-2032
6905,5057,6941,-444,2104,-1660
7078,4921,6559,-1636,2069,-433
7110,4887,5885,-1781,1738,43
6974,5024,5140,-1618,1382,236
7040,5729,4959,-1377,1020,357
6972,6523,5026,-1027,408,619
6544,7235,4764,-763,-651,1414
5695,7092,4906,-145,-1762,1907
5001,6998,5267,1254,-2002,748
4911,7087,5823,1693,-1753,60
4956,7042,6516,1637,-1402,-235
5000,6654,6999,1546,-1142,-404
4957,5927,7041,1386,-690,-696
5036,4934,7064,1193,135,-1328
5716,4794,7204,738,1517,-2255
6751,5006,6992,-264,2136,-1872
7098,4900,6603,-1481,2131,-650
7127,4872,5908,-1748,1800,-52
6982,5016,5180,-1685,1452,233
7029,5674,4969,-1586,1061,525
6996,6450,5003,-1340,391,949
6677,7230,4769,-1108,-797,1905
6082,7225,4773,-508,-1970,2478
4961,7038,5142,638,-2379,1741
4871,7127,5686,1592,-2032,440
4905,7094,6412,1649,-1544,-105
5025,6731,6973,1619,-1239,-380
5023,5992,6975,1326,-651,-675
4982,4953,7045,1069,256,-1325
5479,4803,7195,891,1625,-2516
6140,4772,7227,433,2313,-2746
7119,4879,6721,-820,2540,-1720
7167,4832,6076,-1623,2051,-428
7006,4992,5289,-1702,1511,191
6929,5633,5070,-1390,857,533
7020,6411,4979,-1053,178,875
6829,7141,4857,-1186,-998,2184
6405,7193,4806,-892,-1989,2881
5608,7217,4780,-305,-2506,2811
4831,7167,5416,1040,-2509,1469
4824,7175,6125,1738,-2015,277
5067,6932,6928,1786,-1466,-320
5053,6205,6945,1390,-728,-662
4958,5319,7041,1207,-27,-1180
5287,4825,7175,1189,1374,-2563
5741,4765,7234,801,2234,-3035
6735,4847,7152,32,2766,-2798
7195,4804,6438,-1459,2592,-1133
7145,4853,5626,-1964,2052,-88
6956,5228,5042,-1900,1465,435
7021,5948,4977,-1561,758,803
7066,6944,4933,-1480,-86,1566
6597,7248,4751,-1286,-1664,2950
6068,7303,4696,-675,-2609,3284
4851,7148,5084,448,-3037,2589
4737,7261,5776,1750,-2626,876
4864,7134,6688,2103,-2011,-92
4934,6449,7065,1879,-1330,-549
5010,5579,6989,1210,-341,-869
5254,4821,7177,914,997,-1911
5873,4854,7143,377,2166,-2543
6789,4990,7008,-979,2690,-1711
7132,4865,6743,-1908,2888,-980
7173,4827,5974,-2264,2632,-368
7044,4956,5193,-2251,2078,173
7109,5611,4889,-2053,1506,547
7063,6401,4936,-1838,685,1153
6688,7337,4662,-1506,-467,1973
5985,7266,4732,-618,-2175,2793
4946,7052,5157,1007,-2794,1787
4819,7179,5630,2116,-2694,578
4843,7156,6375,2520,-2426,-94
4968,6852,7030,2446,-1889,-557
4870,6070,7128,2193,-1162,-1031
4924,5128,7075,1869,-200,-1669
5527,4677,7321,1278,1465,-2743
6380,4807,7191,242,2582,-2824
7129,4870,6692,-1379,2644,-1265
7192,4807,6009,-1941,2180,-239
7005,4993,5199,-1940,1642,298
7033,5640,4966,-1647,976,671
7055,6477,4945,-1461,299,1162
6747,7235,4764,-1311,-1097,2408
6221,7261,4739,-664,-2299,2963
5075,7125,4872,255,-2832,2577
4785,7213,5534,1640,-2701,1061
4822,7177,6352,1999,-2111,112
4988,6719,7012,1891,-1475,-416
5047,5956,6952,1381,-558,-823
4980,4872,7127,1121,535,-1656
5468,4851,7147,903,1866,-2769
6017,4824,7174,400,2487,-2887
7112,4887,6969,-791,2742,-1951
7226,4772,6309,-1814,2693,-879
7144,4854,5487,-2169,2197,-28
7039,5397,4959,-1971,1522,449
7052,6141,4947,-1464,644,820
6952,7191,4808,-1424,-285,1709
6261,7290,4709,-999,-1906,2905
5234,7097,4901,157,-2816,2659
4787,7211,5301,1680,-2848,1168
4772,7226,6122,2263,-2544,281
4999,7000,6963,2235,-1941,-294
4968,6130,7031,1759,-1054,-705
4950,5201,7048,1251,-85,-1166
5424,4742,7257,1080,1406,-2486
6060,4748,7249,398,2467,-2865
7133,4865,6946,-992,2880,-1888
7219,4779,6225,-1966,2604,-638
7104,4894,5395,-2085,1959,126
7034,5491,4965,-1813,1333,480
6995,6254,5003,-1360,526,834
6824,7248,4751,-1150,-616,1766
6272,7250,4748,-679,-2040,2719
5165,7091,4908,278,-2748,2470
4834,7164,5414,1788,-2865,1077
4814,7184,6150,2200,-2341,141
4984,7014,6958,2200,-1897,-303
4893,6216,7106,2045,-1302,-743
4959,5357,7041,1665,-348,-1317
5421,4691,7307,1281,1145,-2426
6194,4791,7208,326,2520,-2846
7094,4904,6956,-1368,2938,-1570
7221,4777,6292,-2168,2815,-647
7145,4853,5474,-2344,2286,58
7062,5403,4937,-2071,1614,457
7040,6184,4958,-1522,691,831
6893,7216,4783,-1263,-361,1624
6261,7275,4724,-752,-1962,2714
5157,7094,4905,310,-2793,2483
4824,7175,5393,1778,-2900,1122
4808,7190,6164,2153,-2351,198
4997,7001,6978,2068,-1777,-291
4933,6156,7066,1755,-1080,-675
4951,5234,7048,1379,-158,-1221
5441,4731,7268,1133,1383,-2516
6203,4800,7198,262,2541,-2803
7117,4882,6964,-1280,2918,-1638
7230,4767,6238,-2053,2779,-726
7130,4869,5416,-2192,2155,37
7065,5479,4934,-1910,1478,432
6993,6264,5005,-1316,486,830
6830,7230,4768,-1079,-700,1779
6255,7234,4764,-643,-2063,2706
5150,7065,4934,311,-2743,2432
4839,7159,5426,1770,-2853,1083
4808,7190,6159,2157,-2317,160
4955,7044,6946,2180,-1866,-314
4900,6212,7099,2048,-1287,-761
4968,5316,7030,1528,-270,-1258
5404,4701,7297,1240,1213,-2453
6059,4712,7287,490,2504,-2994
7118,4881,6852,-1051,2931,-1880
7226,4774,6231,-1984,2572,-588
7134,4864,5417,-2233,2095,138
7043,5473,4955,-2015,1452,563
7017,6204,4982,-1419,500,919
6895,7261,4738,-1278,-576,1854
6268,7275,4723,-814,-2025,2839
5189,7113,4885,184,-2747,2563
4812,7185,5436,1630,-2615,985
4804,7195,6218,2012,-2099,87
5000,6856,6998,1927,-1565,-362
5014,6052,6984,1460,-750,-710
4937,5048,7062,1203,109,-1312
5461,4765,7234,1022,1613,-2635
6059,4748,7251,454,2494,-2948
7143,4856,6878,-919,2893,-1974
7217,4782,6185,-1945,2575,-630
7088,4910,5366,-2101,1953,148
7033,5500,4966,-1878,1356,522
7010,6241,4988,-1443,495,948
6864,7257,4741,-1298,-649,1947
6313,7278,4721,-828,-2112,2940
5329,7183,4814,12,-2863,2851
4793,7205,5409,1619,-2911,1292
4794,7204,6206,2107,-2318,211
5006,6946,6992,2004,-1714,-290
4988,6044,7011,1553,-898,-655
4967,5049,7033,1090,98,-1188
5495,4798,7201,864,1601,-2465
6252,4880,7119,77,2540,-2617
7068,4931,7028,-1366,2860,-1494
7194,4804,6351,-2090,2887,-797
7150,4849,5542,-2349,2392,-43
7070,5259,4928,-2187,1814,373
7100,6112,4898,-1869,1037,832
7000,7091,4908,-1542,18,1524
6269,7309,4688,-1023,-1720,2743
5191,7064,4935,204,-2802,2598
4835,7163,5345,1858,-2887,1029
4766,7233,6052,2416,-2649,233
4936,7063,6890,2462,-2163,-299
4878,6301,7120,2094,-1384,-710
4939,5433,7060,1619,-388,-1231
5386,4695,7303,1229,1027,-2256
6112,4754,7244,402,2343,-2745
7088,4911,6841,-1190,2770,-1580
7186,4813,6218,-2019,2463,-444
7124,4875,5425,-2133,1952,181
7079,5358,4919,-2055,1511,544
7067,6173,4933,-1766,717,1049
6899,7210,4789,-1421,-341,1762
6235,7265,4733,-785,-1960,2745
5111,7060,4938,354,-2758,2404
4821,7177,5398,1801,-2787,986
4807,7193,6167,2215,-2347,132
4971,7028,6958,2208,-1856,-352
4934,6170,7065,1965,-1162,-803
4941,5267,7056,1469,-181,-1288
5399,4710,7289,1258,1328,-2586
6095,4744,7255,407,2514,-2921
7139,4860,6934,-1036,2884,-1848
7239,4760,6212,-1913,2610,-697
7103,4895,5321,-2123,2011,112
7030,5538,4969,-1805,1222,583
7055,6324,4943,-1324,400,924
6838,7255,4744,-1312,-795,2107
6210,7261,4738,-734,-2181,2915
5054,7073,4926,391,-2818,2427
4779,7219,5394,1740,-2806,1066
4791,7208,6234,2180,-2367,187
4986,6882,7011,2046,-1729,-317
4986,6009,7012,1542,-860,-682
4954,4995,7044,1066,133,-1199
5536,4775,7223,851,1610,-2461
6271,4838,7160,160,2486,-2646
7139,4859,6920,-1298,2811,-1513
7200,4797,6167,-2135,2667,-532
7109,4890,5383,-2204,2053,151
7080,5426,4918,-2071,1561,510
7055,6266,4945,-1774,788,986
6815,7225,4774,-1393,-315,1708
6160,7302,4697,-769,-1954,2723
4956,7043,5035,503,-2821,2318
4832,7166,5495,1966,-2760,794
4822,7177,6243,2324,-2312,-12
4989,6984,7009,2290,-1866,-424
4874,6160,7123,2093,-1255,-838
4951,5256,7047,1684,-299,-1385
5508,4680,7318,1192,1228,-2420
6393,4842,7157,168,2493,-2661
7091,4907,6782,-1548,2714,-1166
7184,4815,6133,-2169,2435,-266
7101,4897,5343,-2268,2043,225
7084,5443,4915,-2138,1516,622
7076,6249,4922,-1814,724,1090
6853,7262,4736,-1474,-389,1863
6174,7290,4709,-748,-2026,2774
4959,7041,5011,500,-2761,2261
4826,7172,5530,1832,-2648,816
4836,7162,6290,2160,-2154,-6
4989,6914,7009,2100,-1678,-422
4911,6102,7088,1889,-1049,-840
4941,5142,7059,1588,-123,-1465
5503,4716,7283,1163,1513,-2676
6326,4814,7186,169,2611,-2780
7127,4871,6874,-1411,2850,-1439
7208,4790,6140,-2046,2578,-532
7093,4905,5314,-2114,1988,126
7049,5557,4949,-1905,1373,532
7018,6353,4981,-1387,413,974
6808,7246,4752,-1212,-864,2076
6254,7265,4733,-727,-2192,2919
5154,7132,4867,165,-2850,2685
4805,7193,5514,1665,-2745,1080
4813,7185,6279,1993,-2079,86
4985,6867,7014,1906,-1550,-356
5003,5994,6997,1471,-736,-735
4955,4927,7072,1009,317,-1326
5497,4816,7183,814,1698,-2512
6195,4836,7162,305,2404,-2709
7098,4900,6857,-1162,2732,-1570
7206,4793,6222,-1960,2522,-562
7134,4864,5436,-2262,2144,118
7072,5381,4926,-2202,1661,541
7062,6179,4937,-1825,779,1046
6938,7193,4805,-1579,-226,1805
6254,7313,4686,-1035,-1932,2967
5244,7135,4864,86,-2860,2774
4796,7202,5414,1684,-2801,1117
4781,7217,6174,2193,-2338,145
4991,6917,7008,2160,-1794,-366
4983,6092,7015,1670,-881,-789
4923,5112,7076,1268,11,-1279
5452,4739,7259,1069,1518,-2587
6193,4755,7244,328,2474,-2802
7129,4871,6822,-1171,2718,-1547
7196,4803,6114,-1876,2268,-392
7046,4952,5296,-1880,1651,229
7024,5585,4975,-1641,1111,530
7024,6365,4974,-1352,400,952
6807,7258,4740,-1273,-822,2095
6276,7278,4720,-752,-2181,2933
5170,7159,4839,128,-2851,2723
4786,7212,5498,1685,-2829,1144
4821,7178,6294,2140,-2241,101
4987,6879,7012,2052,-1696,-356
4968,6022,7030,1703,-924,-779
4954,5014,7045,1304,80,-1384
5513,4756,7242,1000,1673,-2673
6221,4814,7184,184,2690,-2874
7120,4878,6985,-1333,3013,-1680
7220,4779,6248,-2033,2764,-731
7113,4886,5374,-2156,2137,19
7048,5501,4950,-1809,1390,419
7034,6256,4966,-1317,540,777
6825,7287,4710,-1258,-544,1802
6179,7250,4749,-660,-2122,2782
5017,7034,4965,642,-2872,2230
4801,7198,5344,1942,-3034,1092
4774,7225,6161,2375,-2696,321
4991,6999,7007,2292,-2058,-234
4930,6117,7068,1806,-1143,-663
4938,5175,7060,1326,-128,-1198
5482,4729,7269,1091,1439,-2530
6167,4783,7217,297,2582,-2879
7148,4850,6954,-1188,2980,-1792
7228,4770,6203,-2054,2788,-734
7117,4881,5367,-2172,2100,72
7066,5498,4933,-1863,1412,451
7007,6309,4991,-1291,456,835
6795,7239,4760,-1064,-744,1808
6195,7231,4768,-567,-2104,2671
5025,7025,4973,545,-2740,2195
4814,7185,5403,1842,-2895,1053
4807,7192,6181,2224,-2419,195
4981,7018,6995,2223,-1926,-297
4937,6121,7061,1907,-1146,-761
4938,5212,7061,1395,-130,-1265
5442,4703,7295,1227,1378,-2605
6116,4744,7255,400,2565,-2965
7154,4844,6928,-1071,2975,-1904
7248,4751,6189,-1995,2735,-740
7113,4885,5316,-2215,2103,112
7049,5537,4950,-1885,1294,591
7049,6338,4949,-1337,420,917
6803,7266,4732,-1268,-763,2031
6134,7244,4756,-635,-2141,2776
4977,7020,5003,720,-2708,1988
4776,7224,5418,1859,-2742,883
4802,7197,6253,2306,-2413,107
4994,6895,7004,2142,-1797,-345
4962,6025,7036,1685,-979,-706
4965,5055,7035,1219,13,-1232
5531,4745,7254,959,1555,-2514
6247,4801,7198,239,2561,-2800
7154,4844,6874,-1286,2930,-1644
7205,4794,6141,-2159,2700,-541
7106,4892,5350,-2223,2037,186
7078,5474,4919,-2095,1540,555
7036,6294,4963,-1739,700,1039
6799,7273,4726,-1364,-454,1818
6182,7297,4702,-733,-2029,2762
4956,7043,4977,465,-2830,2365
4823,7176,5508,1867,-2678,811
4821,7177,6272,2165,-2156,-9
4984,6905,7014,2085,-1717,-368
4932,6047,7067,1762,-1021,-741
4961,5073,7038,1321,-51,-1270
5554,4728,7270,967,1516,-2483
6497,4888,7111,-32,2572,-2540
7120,4878,6883,-1597,2857,-1260
7213,4785,6158,-2228,2747,-519
7104,4893,5345,-2334,2209,125
7085,5459,4913,-2083,1564,519
7057,6282,4940,-1710,716,994
6817,7274,4725,-1399,-429,1828
6176,7286,4712,-717,-2102,2819
4970,7062,4937,478,-2917,2439
4811,7187,5483,1892,-2952,1060
4815,7184,6239,2275,-2391,116
4986,6953,7012,2153,-1808,-345
4924,6091,7074,1795,-1053,-742
4945,5104,7053,1378,-58,-1320
5511,4727,7271,1060,1502,-2562
6369,4841,7158,132,2563,-2695
7117,4882,6847,-1456,2791,-1335
7208,4791,6133,-2058,2535,-477
7101,4898,5328,-2133,1998,135
7069,5522,4930,-1951,1433,518
7011,6291,4987,-1481,519,962
6806,7274,4724,-1236,-703,1939
6187,7273,4726,-708,-2158,2866
5004,7065,4933,379,-2898,2519
4818,7180,5516,1828,-2813,985
4813,7185,6268,2139,-2202,63
4973,6957,7025,2111,-1742,-369
4944,6051,7054,1803,-1005,-798
4957,5047,7042,1255,43,-1298
5505,4748,7250,991,1562,-2553
6239,4785,7213,307,2527,-2834
7122,4876,6816,-1245,2842,-1597
7222,4776,6139,-1941,2435,-494
7099,4900,5318,-2094,1936,158
7035,5591,4964,-1831,1275,556
7030,6368,4970,-1304,390,914
6811,7252,4747,-1274,-840,2114
6225,7275,4723,-753,-2184,2937
5118,7135,4863,204,-2848,2644
4798,7200,5504,1686,-2768,1082
4807,7190,6272,2109,-2191,82
4994,6813,7004,2016,-1599,-417
4991,6033,7007,1531,-749,-782
4923,5003,7076,1350,104,-1454
5477,4737,7263,1103,1668,-2771
6126,4721,7278,430,2585,-3015
7170,4829,6813,-1007,2896,-1889
7236,4762,6088,-1887,2430,-543
7067,4931,5212,-2004,1782,222
7028,5694,4970,-1656,1089,567
7032,6560,4966,-1132,222,910
6686,7223,4774,-1038,-1123,2161
6146,7232,4766,-483,-2251,2734
4935,7064,4972,675,-2758,2083
4823,7175,5568,1903,-2743,840
4852,7147,6327,2151,-2147,-4
4967,6894,7031,2087,-1713,-374
4908,6032,7091,1916,-1125,-791
4977,5079,7022,1481,-128,-1353
5586,4709,7290,1051,1476,-2527
6515,4872,7127,0,2653,-2653
7117,4882,6814,-1663,2908,-1245
7202,4795,6127,-2273,2698,-425
7085,4914,5310,-2386,2204,182
7095,5479,4904,-2173,1573,600
7085,6277,4914,-1889,748,1141
6831,7278,4720,-1573,-371,1944
6131,7282,4717,-754,-2081,2835
4966,7033,5083,691,-2770,2079
4819,7179,5513,1950,-2615,665
4808,7190,6274,2288,-2300,12
4979,6899,7019,2213,-1822,-391
4910,6076,7090,1831,-1038,-793
4927,5083,7072,1481,-78,-1403
5537,4724,7275,1086,1545,-2631
6335,4806,7192,171,2609,-2780
7139,4861,6816,-1395,2903,-1508
7188,4811,6071,-2039,2496,-457
7083,4915,5283,-2090,1901,189
7077,5529,4922,-1979,1380,599
7032,6290,4967,-1658,523,1135
6795,7274,4725,-1364,-739,2103
6193,7265,4732,-666,-2199,2865
5011,7081,4917,413,-2833,2420
4792,7208,5494,1762,-2813,1051
4811,7188,6292,2071,-2193,122
4971,6811,7027,1972,-1629,-343
5002,5977,6997,1463,-695,-768
4969,4899,7100,1018,374,-1392
5553,4811,7187,812,1734,-2546
6285,4876,7122,95,2501,-2596
7124,4874,6947,-1271,2753,-1482
7223,4776,6220,-2028,2765,-737
7116,4883,5396,-2278,2210,68
7077,5415,4922,-2076,1585,491
7068,6218,4931,-1757,783,974
6887,7211,4787,-1515,-256,1771
6175,7292,4706,-910,-1974,2884
5014,7025,4973,394,-2812,2418
4772,7228,5367,1855,-2860,1005
4772,7226,6203,2407,-2609,202
4994,6973,7005,2316,-1967,-349
4951,6072,7047,1805,-1057,-748
4961,5115,7038,1232,-42,-1190
5493,4738,7261,965,1477,-2442
6265,4797,7202,222,2503,-2725
7134,4864,6874,-1315,2857,-1542
7191,4807,6146,-2074,2514,-440
7105,4893,5348,-2082,1895,187
7064,5508,4933,-1956,1428,528
7018,6296,4980,-1558,590,968
6788,7284,4713,-1271,-552,1823
6184,7285,4713,-688,-2052,2740
4945,7054,4958,472,-2822,2350
4824,7174,5523,1870,-2743,873
4828,7171,6282,2231,-2231,0
4984,6914,7014,2197,-1786,-411
4901,6091,7099,1982,-1139,-843
4949,5157,7050,1613,-182,-1431
5519,4698,7301,1171,1425,-2596
6430,4859,7140,81,2619,-2700
7112,4885,6854,-1561,2826,-1265
7212,4787,6147,-2153,2586,-433
7104,4895,5326,-2236,2091,145
7070,5523,4929,-1945,1426,519
7039,6299,4959,-1476,547,929
6781,7297,4701,-1269,-587,1856
6156,7274,4724,-618,-2121,2739
4945,7055,4986,616,-2816,2200
4819,7180,5547,1891,-2769,878
4831,7168,6309,2188,-2221,33
4975,6887,7024,2072,-1685,-387
4918,6043,7080,1799,-1001,-798
4945,5050,7054,1473,-32,-1441
5543,4726,7272,1100,1599,-2699
6364,4823,7175,124,2692,-2816
7151,4847,6898,-1440,2984,-1544
7231,4766,6131,-2119,2743,-624
7097,4902,5287,-2180,2084,96
7063,5607,4935,-1839,1333,506
7013,6432,4986,-1261,364,897
6754,7238,4760,-1102,-942,2044
6169,7246,4752,-585,-2208,2793
4944,7055,4974,532,-2797,2265
4820,7178,5541,1839,-2734,895
4819,7181,6301,2104,-2150,46
4965,6919,7033,2071,-1719,-352
4950,6017,7048,1749,-969,-780
4956,4996,7042,1214,81,-1295
5533,4748,7250,976,1594,-2570
6282,4795,7203,294,2560,-2854
7132,4868,6803,-1281,2893,-1612
7221,4777,6115,-2013,2519,-506
7101,4898,5308,-2200,2018,182
7046,5563,4952,-1977,1378,599
7027,6315,4972,-1465,463,1002
6822,7286,4713,-1344,-704,2048
6191,7292,4707,-781,-2162,2943
5049,7091,4907,286,-2852,2566
4790,7210,5525,1706,-2657,951
4811,7187,6317,2088,-2129,41
4985,6759,7013,1972,-1532,-440
4994,5989,7004,1443,-671,-772
4922,4903,7094,1254,247,-1501
5520,4750,7249,1003,1751,-2754
6246,4761,7237,325,2592,-2917
7158,4841,6795,-1199,2867,-1668
7212,4786,6060,-1964,2405,-441
7041,4957,5228,-1996,1777,219
7019,5671,4980,-1650,1103,547
7030,6492,4970,-1242,288,954
6730,7238,4761,-1174,-1044,2218
6216,7260,4737,-659,-2233,2892
5054,7112,4887,276,-2825,2549
4784,7214,5528,1740,-2789,1049
4823,7174,6333,2129,-2212,83
4970,6824,7028,1986,-1663,-323
4983,5948,7016,1528,-823,-705
5004,4925,7073,1114,209,-1323
5581,4780,7217,807,1745,-2552
6443,4897,7102,-78,2636,-2558
7130,4869,6961,-1552,2922,-1370
7205,4794,6209,-2151,2816,-665
7114,4883,5384,-2299,2260,39
7082,5455,4917,-2052,1627,425
7061,6259,4937,-1652,759,893
6846,7242,4756,-1416,-306,1722
6142,7277,4721,-759,-2043,2802
4968,7030,5043,635,-2859,2224
4795,7204,5417,1997,-2905,908
4774,7224,6202,2494,-2690,196
4985,6984,7014,2411,-2075,-336
4890,6132,7110,1940,-1197,-743
4930,5200,7068,1522,-198,-1324
5513,4705,7293,1146,1353,-2499
6320,4800,7199,224,2550,-2774
7124,4875,6811,-1407,2887,-1480
7197,4801,6115,-2093,2538,-445
7104,4893,5325,-2150,1966,184
7090,5476,4909,-2004,1439,565
7041,6280,4958,-1620,563,1057
6785,7284,4714,-1289,-627,1916
6136,7257,4742,-636,-2111,2747
4960,7038,4972,656,-2812,2156
4805,7193,5486,1914,-2820,906
4814,7185,6254,2250,-2316,66
4973,6963,7026,2209,-1831,-378
4942,6055,7057,1890,-1054,-836
4934,5095,7064,1397,-40,-1357
5513,4708,7291,1169,1508,-2677
6253,4781,7218,277,2600,-2877
7166,4833,6887,-1252,2917,-1665
7246,4752,6120,-2013,2636,-623
7088,4911,5228,-2160,1994,166
7051,5627,4947,-1794,1192,602
7052,6465,4947,-1322,354,968
6724,7261,4739,-1220,-946,2166
6065,7235,4764,-516,-2234,2750
4954,7045,4981,920,-2722,1802
4763,7236,5485,1949,-2827,878
4809,7190,6345,2347,-2431,84
4972,6809,7027,2146,-1779,-367
4967,5947,7031,1616,-887,-729
4997,4944,7055,1192,106,-1298
5609,4741,7258,878,1663,-2541
6443,4843,7155,63,2635,-2698
7161,4837,6799,-1513,2969,-1456
7191,4807,6054,-2240,2644,-404
7093,4905,5277,-2270,2025,245
7100,5518,4899,-2199,1559,640
7058,6330,4941,-1911,704,1207
6767,7314,4684,-1494,-487,1981
6120,7311,4688,-743,-2113,2856
4930,7068,5057,581,-2850,2269
4812,7185,5573,1933,-2654,721
4831,7166,6346,2233,-2180,-53
4969,6836,7029,2157,-1717,-440
4923,6009,7074,1803,-978,-825
4950,4999,7048,1398,-12,-1386
5598,4717,7282,970,1581,-2551
6597,4912,7086,-100,2577,-2477
7116,4883,6777,-1673,2746,-1073
7184,4814,6059,-2206,2523,-317
7078,4920,5268,-2272,2059,213
7096,5523,4903,-2109,1493,616
7071,6326,4927,-1806,671,1135
6773,7324,4676,-1463,-500,1963
6107,7287,4710,-665,-2148,2813
4934,7063,5026,684,-2873,2189
4810,7189,5580,1946,-2773,827
4832,7166,6346,2235,-2233,-2
4966,6850,7032,2079,-1661,-418
4923,6010,7074,1745,-931,-814
4942,4965,7057,1392,59,-1451
5589,4732,7266,994,1661,-2655
6515,4864,7135,-14,2641,-2627
7141,4856,6826,-1560,2837,-1277
7208,4791,6057,-2088,2519,-431
7076,4922,5242,-2095,1933,162
7061,5627,4937,-1892,1323,569
7025,6428,4974,-1454,403,1051
6742,7272,4726,-1280,-925,2205
6165,7276,4723,-668,-2300,2968
4930,7068,4935,414,-2945,2531
4803,7196,5588,1815,-2769,954
4823,7175,6362,2093,-2134,41
4964,6828,7035,2043,-1639,-404
4981,5959,7017,1629,-804,-825
4980,4902,7098,1152,288,-1440
5524,4780,7218,875,1756,-2631
6261,4805,7193,293,2513,-2806
7129,4871,6794,-1210,2798,-1588
7214,4784,6110,-1926,2414,-488
7092,4907,5297,-2116,1947,169
7036,5594,4963,-1896,1320,576
7031,6334,4967,-1427,441,986
6815,7283,4716,-1359,-753,2112
6209,7291,4707,-799,-2197,2996
5081,7119,4880,215,-2888,2673
4783,7215,5519,1687,-2719,1032
4808,7191,6316,2127,-2202,75
4980,6753,7019,2004,-1567,-437
4993,5990,7006,1482,-696,-786
4919,4907,7091,1277,234,-1511
5512,4744,7255,1021,1753,-2774
6238,4753,7246,325,2612,-2937
7163,4836,6787,-1182,2871,-1689
7220,4778,6050,-1927,2379,-452
7042,4956,5195,-1974,1739,235
7016,5703,4983,-1618,1062,556
7035,6553,4964,-1224,246,978
6704,7239,4761,-1165,-1106,2271
6197,7258,4740,-598,-2290,2888
4952,7083,4915,403,-2831,2428
4784,7213,5555,1793,-2784,991
4834,7164,6364,2151,-2210,59
4961,6810,7037,2021,-1685,-336
4975,5940,7024,1592,-849,-743
5007,4926,7072,1170,174,-1344
5604,4758,7240,838,1726,-2564
6499,4884,7116,-96,2665,-2569
7137,4862,6904,-1592,2960,-1368
7206,4794,6134,-2158,2740,-582
7088,4910,5305,-2257,2163,94
7077,5538,4921,-1976,1505,471
7044,6319,4954,-1586,636,950
6790,7319,4679,-1359,-522,1881
6098,7264,4734,-651,-2156,2807
4961,7038,5035,812,-2847,2035
4789,7210,5471,2008,-2855,847
4794,7204,6278,2427,-2567,140
4970,6897,7028,2285,-1939,-346
4908,6053,7091,1808,-1063,-745
4932,5049,7066,1416,-58,-1358
5563,4722,7277,1045,1552,-2597
6389,4821,7178,125,2645,-2770
7150,4848,6825,-1452,2969,-1517
7199,4801,6076,-2113,2612,-499
7095,4904,5272,-2142,1975,167
7090,5549,4909,-1981,1416,565
7023,6347,4976,-1541,484,1057
6748,7274,4724,-1224,-782,2006
6132,7257,4742,-574,-2206,2780
4949,7050,4956,663,-2837,2174
4800,7199,5520,1897,-2840,943
4813,7186,6304,2174,-2245,71
4964,6883,7034,2122,-1755,-367
4969,5987,7030,1719,-901,-818
4932,4964,7066,1249,151,-1400
5543,4743,7256,1016,1663,-2679
6269,4795,7203,219,2653,-2872
7185,4814,6919,-1232,2954,-1722
7270,4729,6121,-2026,2747,-721
7113,4887,5202,-2259,2149,110
7089,5648,4909,-1947,1340,607
7034,6492,4964,-1344,374,970
6681,7273,4726,-1150,-936,2086
5954,7212,4787,-429,-2251,2680
4960,7038,5014,1146,-2710,1564
4755,7245,5498,2055,-2851,796
4813,7186,6360,2488,-2545,57
4961,6813,7038,2252,-1845,-407
4940,5928,7059,1771,-998,-773
4998,4954,7046,1240,47,-1287
5641,4716,7281,888,1606,-2494
6590,4855,7143,-33,2619,-2586
7145,4853,6702,-1656,2872,-1216
7162,4836,5975,-2233,2413,-180
7068,4931,5211,-2251,1910,341
7102,5559,4896,-2213,1458,755
7064,6362,4934,-1973,647,1326
6749,7338,4661,-1552,-573,2125
6089,7317,4683,-724,-2177,2901
4906,7093,5087,611,-2837,2226
4804,7194,5648,1911,-2586,675
4851,7148,6420,2192,-2099,-93
4966,6744,7031,2112,-1624,-488
4934,5947,7065,1775,-860,-915
4962,4909,7089,1459,125,-1584
5612,4726,7272,964,1764,-2728
6635,4903,7097,-167,2689,-2522
7144,4853,6796,-1655,2818,-1163
7209,4789,6019,-2113,2514,-401
7051,4947,5187,-2105,1956,149
7049,5686,4950,-1719,1205,514
7042,6497,4957,-1313,372,941
6667,7271,4728,-1207,-985,2192
6143,7261,4737,-546,-2332,2878
4913,7085,4975,577,-2886,2309
4778,7220,5577,1875,-2887,1012
4832,7166,6401,2199,-2285,86
4967,6724,7031,1944,-1592,-352
4962,5926,7036,1438,-726,-712
4995,4868,7131,1229,283,-1512
5631,4751,7248,888,1846,-2734
6498,4860,7139,-38,2745,-2707
7175,4823,6876,-1520,3015,-1495
7247,4752,6054,-2120,2749,-629
7090,4909,5187,-2198,2102,96
7082,5708,4916,-1843,1302,541
7008,6575,4991,-1209,290,919
6637,7240,4758,-1008,-1097,2105
5996,7207,4791,-420,-2305,2725
4944,7054,5010,987,-2842,1855
4816,7181,5598,2025,-2809,784
4827,7171,6345,2296,-2291,-5
4944,6889,7054,2252,-1828,-424
4888,6016,7110,2014,-1133,-881
4963,5033,7036,1493,-94,-1399
5590,4685,7313,1089,1476,-2565
6499,4835,7163,162,2639,-2801
7138,4861,6668,-1519,2752,-1233
7208,4791,5997,-2162,2394,-232
7070,4929,5207,-2299,1965,334
7082,5605,4916,-2153,1402,751
7040,6382,4959,-1738,488,1250
6740,7313,4685,-1445,-760,2205
6077,7282,4716,-666,-2221,2887
4924,7074,5101,685,-2723,2038
4796,7201,5619,1865,-2457,592
4833,7166,6404,2171,-2077,-94
4979,6694,7019,2045,-1540,-505
4965,5950,7034,1529,-674,-855
4951,4871,7127,1419,209,-1628
5588,4721,7278,1031,1780,-2811
6421,4769,7230,204,2671,-2875
7164,4835,6676,-1372,2753,-1381
7187,4811,5928,-1949,2189,-240
6975,5022,5126,-1889,1570,319
7031,5747,4967,-1596,949,647
7045,6624,4953,-1401,209,1192
6689,7258,4741,-1297,-1244,2541
6199,7296,4703,-730,-2374,3104
5013,7138,4861,183,-2915,2732
4742,7257,5653,1669,-2705,1036
4825,7174,6519,2105,-2127,22
4943,6599,7055,1936,-1496,-440
5014,5807,6984,1311,-509,-802
5137,4806,7193,974,692,-1666
5693,4807,7191,554,2018,-2572
6781,4995,7004,-534,2664,-2130
7124,4875,6819,-1772,2876,-1104
7192,4806,6069,-2191,2633,-442
7074,4924,5250,-2248,2123,125
7114,5549,4885,-2054,1565,489
7073,6369,4925,-1775,739,1036
6725,7299,4700,-1459,-372,1831
6005,7274,4725,-633,-2091,2724
4939,7060,5160,964,-2759,1795
4809,7190,5622,2116,-2690,574
4828,7171,6376,2541,-2458,-83
4956,6844,7042,2441,-1915,-526
4859,6063,7140,2128,-1139,-989
4924,5084,7074,1808,-184,-1624
5590,4676,7323,1215,1471,-2686
6494,4835,7163,136,2598,-2734
7137,4861,6659,-1492,2680,-1188
7189,4809,5951,-2026,2224,-198
7039,4959,5169,-2074,1775,299
7068,5666,4930,-1910,1196,714
7047,6508,4952,-1552,336,1216
6699,7262,4738,-1273,-1092,2365
6111,7263,4735,-537,-2328,2865
4906,7092,4976,660,-2839,2179
4793,7206,5620,1826,-2695,869
4833,7166,6407,2061,-2072,11
4967,6697,7031,2020,-1573,-447
5019,5915,6979,1510,-630,-880
4992,4834,7164,1218,471,-1689
5545,4787,7211,935,1898,-2833
6194,4795,7203,300,2636,-2936
7176,4823,6895,-1066,2898,-1832
7266,4733,6137,-1922,2685,-763
7106,4892,5203,-2235,2123,112
7077,5628,4921,-1967,1345,622
7053,6438,4946,-1449,409,1040
6734,7294,4704,-1302,-852,2154
6037,7254,4744,-577,-2254,2831
4948,7050,5057,931,-2755,1824
4761,7238,5512,1993,-2800,807
4817,7182,6353,2438,-2471,33
4962,6827,7037,2205,-1791,-414
4944,5945,7055,1787,-966,-821
4984,4950,7048,1278,64,-1342
5623,4714,7284,911,1621,-2532
6529,4837,7161,22,2626,-2648
7159,4840,6722,-1574,2858,-1284
7169,4829,5981,-2187,2415,-228
7072,4926,5217,-2185,1872,313
7097,5593,4900,-2126,1425,701
7041,6388,4957,-1843,585,1258
6715,7320,4679,-1456,-671,2127
6101,7309,4689,-659,-2210,2869
4906,7092,5059,659,-2883,2224
4806,7193,5630,1915,-2636,721
4847,7152,6418,2189,-2121,-68
4964,6747,7036,2090,-1633,-457
4939,5934,7060,1740,-853,-887
4973,4899,7100,1421,156,-1577
5622,4728,7272,958,1789,-2747
6610,4891,7107,-153,2744,-2591
7155,4844,6837,-1646,2917,-1271
7222,4776,6042,-2186,2667,-481
7062,4936,5198,-2222,2083,139
7056,5679,4943,-1838,1313,525
7044,6474,4955,-1365,395,970
6698,7279,4720,-1254,-952,2206
6158,7273,4726,-569,-2335,2904
4904,7094,4967,536,-2901,2365
4774,7224,5594,1859,-2893,1034
4831,7167,6411,2190,-2263,73
4966,6708,7034,1916,-1535,-381
4966,5918,7033,1375,-653,-722
4997,4828,7170,1168,386,-1554
5635,4755,7244,844,1877,-2721
6554,4868,7130,-75,2708,-2633
7175,4824,6815,-1551,2959,-1408
7230,4768,6019,-2099,2627,-528
7068,4931,5179,-2119,2004,115
7065,5731,4934,-1779,1246,533
7018,6592,4980,-1202,252,950
6649,7239,4760,-1049,-1133,2182
6070,7231,4767,-493,-2317,2810
4923,7075,5020,778,-2855,2077
4816,7182,5615,1951,-2797,846
4826,7174,6366,2221,-2232,11
4943,6870,7056,2221,-1815,-406
4913,5987,7086,1972,-1085,-887
4953,4989,7045,1457,-10,-1447
5575,4696,7303,1106,1589,-2695
6414,4786,7212,238,2729,-2967
7150,4848,6714,-1434,2894,-1460
7228,4770,6023,-2081,2448,-367
7072,4926,5199,-2208,1966,242
7045,5696,4954,-1900,1237,663
7036,6523,4962,-1350,297,1053
6720,7257,4740,-1225,-1071,2296
6113,7281,4718,-594,-2306,2900
4903,7094,5032,563,-2824,2261
4783,7216,5616,1766,-2554,788
4831,7167,6419,2068,-2050,-18
4974,6643,7024,1912,-1441,-471
4996,5908,7002,1388,-576,-812
5006,4835,7164,1285,376,-1661
5535,4750,7249,961,1900,-2861
6300,4756,7243,326,2667,-2993
7177,4821,6720,-1216,2883,-1667
7215,4784,5984,-1978,2379,-401
7016,4982,5152,-2024,1754,270
7038,5725,4962,-1659,1052,607
7039,6580,4958,-1348,258,1090
6697,7263,4735,-1245,-1142,2387
6152,7289,4708,-609,-2352,2961
4892,7106,4929,421,-2889,2468
4761,7237,5640,1775,-2693,918
4840,7159,6482,2099,-2104,5
4963,6622,7035,1866,-1490,-376
5012,5833,6987,1247,-535,-712
5112,4810,7189,983,603,-1586
5656,4811,7187,605,1976,-2581
6655,4963,7035,-323,2634,-2311
7123,4876,6854,-1673,2879,-1206
7199,4800,6122,-2184,2720,-536
7098,4901,5310,-2349,2248,101
7118,5483,4880,-2191,1705,486
7096,6322,4903,-1925,845,1080
6796,7250,4748,-1613,-228,1841
6061,7302,4696,-792,-2026,2818
4936,7063,5134,717,-2835,2118
4806,7192,5583,2046,-2721,675
4807,7192,6326,2466,-2426,-40
4951,6879,7048,2382,-1919,-463
4875,6046,7124,2007,-1113,-894
4932,5055,7066,1596,-124,-1472
5588,4695,7303,1074,1495,-2569
6520,4848,7150,74,2562,-2636
7135,4863,6660,-1515,2654,-1139
7185,4812,5960,-2006,2184,-178
7047,4951,5161,-2021,1730,291
7078,5670,4920,-1916,1216,700
7043,6511,4956,-1564,350,1214
6686,7264,4734,-1269,-1076,2345
6112,7261,4738,-534,-2359,2893
4903,7096,4977,653,-2877,2224
4789,7210,5617,1878,-2784,906
4826,7173,6393,2171,-2186,15
4954,6759,7045,2150,-1708,-442
4992,5930,7006,1689,-761,-928
5014,4793,7205,1310,468,-1778
5613,4740,7258,942,1953,-2895
6258,4766,7232,270,2702,-2972
7205,4794,6844,-1155,2969,-1814
7285,4713,6040,-1938,2627,-689
7054,4945,4991,-2188,1925,263
7092,5844,4907,-1810,1094,716
7048,6804,4951,-1286,147,1139
6554,7271,4729,-1071,-1160,2231
5705,7132,4867,-210,-2350,2560
4955,7043,5095,1442,-2621,1179
4748,7252,5616,2157,-2736,579
4844,7155,6463,2599,-2528,-71
4939,6744,7058,2284,-1780,-504
4907,5890,7093,1874,-981,-893
5031,4924,7076,1419,10,-1429
5735,4699,7299,905,1610,-2515
6809,4929,7070,-193,2591,-2398
7137,4861,6550,-1811,2693,-882
7151,4849,5872,-2308,2270,38
7005,4993,5066,-2388,1850,538
7102,5646,4897,-2354,1397,957
7067,6550,4932,-2054,414,1640
6727,7331,4667,-1652,-873,2525
6108,7357,4641,-828,-2407,3235
4999,7145,4853,118,-3065,2947
4744,7254,5684,1735,-2815,1080
4858,7141,6556,2224,-2180,-44
4985,6568,7013,2026,-1418,-608
4963,5866,7036,1549,-513,-1036
5027,4778,7220,1458,634,-2092
5582,4752,7246,887,2276,-3163
6337,4785,7212,180,2939,-3119
7184,4816,6792,-1500,3163,-1663
7244,4755,6079,-2114,2815,-701
7077,4921,5237,-2347,2250,97
7039,5660,4959,-2053,1388,665
7040,6521,4960,-1579,325,1254
6800,7254,4744,-1499,-1008,2507
6387,7259,4739,-990,-2417,3407
5574,7247,4753,-298,-3117,3415
4779,7219,5334,1396,-3309,1913
4767,7232,6189,2326,-2793,467
4992,6961,7007,2433,-2087,-346
4937,6213,7061,2085,-1234,-851
4908,5394,7090,1863,-290,-1573
5249,4690,7308,1678,1368,-3046
5803,4659,7339,875,2810,-3685
6918,4815,7184,-170,3515,-3345
7288,4711,6490,-1785,3342,-1557
7251,4749,5598,-2437,2819,-382
7106,5353,4892,-2490,1985,505
7057,6157,4941,-1964,770,1194
7000,7252,4747,-1706,-430,2136
6436,7296,4702,-1237,-2179,3416
5816,7295,4704,-455,-3153,3608
4788,7211,5113,929,-3476,2547
4713,7284,5824,2167,-3234,1067
4834,7163,6736,2694,-2649,-45
4868,6427,7131,2710,-1988,-722
4943,5658,7055,2186,-700,-1486
5140,4670,7328,1870,685,-2555
5607,4682,7317,1262,2431,-3693
6354,4684,7314,431,3318,-3749
7266,4733,6774,-990,3613,-2623
7345,4654,6056,-2244,3357,-1113
7149,4850,5119,-2919,2927,-8
7146,5700,4854,-2796,1970,826
7084,6428,4916,-2252,598,1654
6727,7395,4603,-2017,-1011,3028
6163,7393,4606,-1181,-2748,3929
5367,7349,4650,-317,-3522,3839
4619,7379,5468,1357,-3581,2224
4658,7341,6426,2500,-3240,740
4795,6642,7203,2846,-2336,-510
4888,5719,7111,2371,-1023,-1348
4975,4803,7195,1894,101,-1995
5689,4623,7374,1353,1961,-3314
6492,4724,7274,279,3171,-3450
7242,4756,6688,-1507,3400,-1893
7274,4724,5915,-2431,3044,-613
7059,4939,4997,-2751,2482,269
7167,5711,4831,-2701,1867,834
7080,6563,4919,-2358,587,1771
6670,7426,4573,-1951,-900,2851
6062,7397,4601,-1001,-2690,3691
4966,7227,4772,15,-3502,3487
4648,7351,5694,1805,-3458,1653
4776,7222,6581,2741,-3030,289
4859,6669,7140,2851,-2372,-479
4854,5806,7144,2605,-1257,-1348
4974,4861,7137,2257,-44,-2213
5583,4595,7404,1602,1972,-3574
6176,4607,7391,629,3283,-3912
7318,4680,6766,-642,3678,-3036
7371,4626,5977,-2084,3405,-1321
7128,4870,4938,-2783,2833,-50
7187,5855,4811,-2573,1803,770
7097,6603,4902,-2126,534,1592
6627,7431,4569,-1879,-984,2863
5958,7348,4651,-811,-2819,3630
4817,7181,4955,436,-3479,3043
4669,7330,5638,1951,-3572,1621
4725,7273,6496,2744,-3255,511
4840,6697,7158,2925,-2650,-275
4856,5814,7143,2481,-1313,-1168
4953,4889,7110,2149,-116,-2033
5632,4593,7406,1647,1840,-3487
6159,4623,7376,701,3206,-3907
7286,4712,7029,-155,3671,-3516
7427,4572,5976,-1997,3660,-1663
7190,4808,4963,-3001,3262,-261
7238,5788,4760,-2974,2252,722
7092,6619,4905,-2391,712,1679
6600,7446,4551,-1943,-734,2677
5926,7347,4651,-915,-2682,3597
4859,7140,4886,240,-3416,3176
4648,7349,5638,1819,-3554,1735
4742,7256,6518,2664,-3199,535
4835,6767,7164,2901,-2644,-257
4869,5760,7130,2558,-1423,-1135
5003,4903,7095,1986,-99,-1887
5662,4620,7378,1570,1691,-3261
6211,4670,7328,603,3084,-3687
7281,4717,6918,-361,3517,-3156
7389,4609,6072,-2041,3702,-1661
7195,4803,5159,-3041,3386,-345
7183,5635,4816,-3087,2493,594
7146,6405,4852,-2752,1125,1627
6875,7262,4736,-2596,-24,2620
6251,7466,4532,-1842,-2170,4012
5536,7434,4563,-762,-3495,4257
4598,7400,5445,369,-3742,3373
4583,7414,6325,2254,-3571,1317
4782,6884,7216,3092,-3011,-81
4792,5835,7206,2849,-1741,-1108
4945,4946,7053,2252,-309,-1943
5647,4563,7436,1685,1516,-3201
6268,4640,7357,642,3066,-3708
7314,4684,6777,-457,3560,-3103
7359,4638,5935,-2109,3470,-1361
7130,4868,5057,-2858,2991,-133
7197,5718,4800,-2833,2250,583
7126,6501,4872,-2589,983,1606
6732,7349,4650,-2248,-219,2467
6145,7412,4587,-1412,-2316,3728
5469,7365,4633,-697,-3300,3997
4550,7449,5627,510,-3735,3225
4643,7355,6455,2516,-3629,1113
4824,6821,7175,3180,-3056,-124
4808,5883,7190,2840,-1737,-1103
4938,5114,7062,2539,-442,-2097
5552,4535,7464,2075,1282,-3357
6116,4596,7403,1006,3053,-4059
7109,4759,7239,186,3716,-3902
7429,4570,6069,-1592,3698,-2106
7225,4774,5114,-2826,3437,-611
7227,5692,4771,-2968,2563,405
7116,6502,4883,-2457,1016,1441
6790,7319,4679,-2163,-180,2343
6123,7417,4581,-1492,-2231,3723
5531,7360,4639,-697,-3344,4041
4610,7389,5389,202,-3827,3625
4613,7385,6385,2389,-3792,1403
4829,6946,7170,3225,-3297,72
4782,5933,7216,2981,-2041,-940
4922,5202,7076,2620,-629,-1991
5508,4505,7495,2216,911,-3127
6102,4585,7413,1244,2881,-4125
6923,4699,7300,447,3686,-4133
7449,4549,6075,-1201,3692,-2491
7268,4730,5226,-2755,3511,-756
7223,5515,4775,-3138,2878,260
7152,6416,4845,-2781,1393,1388
6870,7167,4831,-2436,183,2253
6191,7458,4541,-1898,-1812,3710
5606,7386,4612,-991,-3237,4228
4714,7285,5052,-212,-3822,4034
4575,7424,6322,1958,-3700,1742
4853,7087,7146,3121,-3358,237
4755,6060,7244,3181,-2416,-765
4918,5279,7080,2805,-880,-1925
5425,4502,7497,2335,507,-2842
5964,4584,7414,1509,2591,-4100
6690,4640,7359,902,3440,-4342
7414,4585,6421,-72,3874,-3802
7348,4650,5359,-2545,3823,-1278
7217,5340,4781,-3337,3238,99
7176,6304,4821,-2987,1715,1272
7039,7008,4959,-2671,441,2230
6365,7516,4482,-2310,-1226,3536
5788,7450,4549,-1396,-3010,4406
4875,7282,4717,-684,-3809,4493
4494,7503,6204,1188,-3869,2681
4802,7196,7066,3110,-3733,623
4763,6142,7235,3333,-2705,-628
4878,5405,7120,2830,-1027,-1803
5230,4685,7314,2630,48,-2678
5852,4518,7481,1991,2138,-4129
6544,4566,7432,1267,3328,-4595
7331,4666,6832,343,3962,-4305
7420,4578,5434,-2185,3934,-1749
7236,5245,4762,-3425,3482,-57
7218,6238,4780,-3157,2024,1133
7070,6944,4929,-2903,706,2197
6378,7579,4420,-2479,-700,3179
5733,7445,4552,-1370,-2922,4292
4913,7275,4724,-602,-3787,4389
4521,7479,6172,1233,-3877,2644
4804,7195,7009,3038,-3702,664
4731,6345,7266,3378,-2960,-418
4800,5492,7198,3362,-1668,-1694
5183,4854,7144,3007,-400,-2607
5927,4477,7520,2125,1717,-3842
6540,4596,7402,1053,3388,-4441
7332,4667,6799,202,4073,-4275
7401,4598,5566,-2228,4065,-1837
7193,5058,4805,-3432,3798,-366
7246,6060,4752,-3359,2488,871
7133,6769,4865,-3214,1101,2113
6605,7409,4590,-2981,-58,3039
5918,7514,4484,-2102,-2517,4619
5125,7358,4640,-1119,-3780,4899
4534,7464,5717,121,-4155,4034
4630,7368,6701,2787,-4306,1519
4731,6656,7267,3832,-3973,141
4767,5673,7232,3671,-2319,-1352
4917,5004,7081,3410,-882,-2528
5634,4362,7637,2990,537,-3527
6350,4535,7463,1753,3045,-4798
7118,4688,7310,862,4022,-4884
7566,4432,5742,-777,4395,-3618
7247,4752,4925,-3283,4446,-1163
7287,5766,4711,-3753,3369,384
7222,6534,4777,-3614,1788,1826
6839,7137,4860,-3540,621,2919
6025,7579,4420,-2652,-1488,4140
5352,7389,4609,-1264,-3476,4740
4665,7334,5042,-400,-4209,4609
4534,7464,6456,2189,-4524,2335
4784,7027,7214,3713,-4322,609
4681,6046,7316,4051,-3315,-736
4869,5153,7130,3891,-1678,-2213
5443,4696,7302,3216,-239,-2977
6133,4459,7539,2270,2296,-4566
6902,4640,7357,1189,3842,-5031
7454,4546,6387,11,4483,-4494
7374,4625,5288,-2874,4697,-1823
7264,5340,4735,-3945,4160,-215
7259,6263,4739,-3937,2606,1331
7103,6989,4895,-3874,1223,2651
6415,7507,4491,-3401,-118,3519
5809,7542,4455,-2439,-2805,5244
4904,7359,4640,-1421,-4182,5603
4451,7548,6052,360,-4674,4314
4652,7347,6874,3275,-4989,1714
4698,6471,7301,4330,-4335,5
4749,5593,7250,4237,-2565,-1672
4949,4891,7108,4122,-1152,-2970
5681,4319,7680,3389,483,-3872
6335,4454,7544,2457,3117,-5574
7227,4661,7337,1344,4404,-5748
7593,4405,5669,-763,4944,-4181
7223,4775,4818,-3724,4997,-1273
7321,5742,4677,-4252,3793,459
7270,6554,4729,-4565,2473,2092
6909,7182,4818,-4411,1076,3335
6129,7701,4298,-3355,-986,4341
5435,7513,4486,-2201,-3535,5736
4636,7361,4884,-1036,-4739,5775
4465,7534,6444,1938,-5145,3207
4758,7028,7241,4074,-5039,965
4658,6125,7340,4530,-3794,-736
4746,5299,7253,4806,-2420,-2386
5241,4770,7228,4390,-854,-3536
6037,4333,7666,3278,1601,-4879
6814,4544,7454,1956,3891,-5847
7384,4615,6809,424,4926,-5350
7455,4545,5438,-2693,5316,-2623
7265,5055,4734,-4345,5161,-816
7349,5977,4650,-4974,4059,915
7226,6806,4774,-5132,2453,2679
6702,7260,4739,-4560,761,3799
5903,7662,4337,-3482,-1908,5390
5171,7481,4517,-2182,-4115,6297
4588,7411,5112,-629,-5414,6043
4517,7482,6601,2862,-5847,2985
4714,6974,7284,4629,-5546,917
4631,6041,7367,5358,-4345,-1013
4753,5194,7245,5574,-2725,-2849
5282,4727,7272,4945,-867,-4078
6081,4321,7677,3768,1937,-5705
6767,4482,7517,2630,4161,-6791
7422,4577,6976,893,5722,-6615
7519,4479,5528,-2743,6311,-3568
7255,4841,4743,-4884,6207,-1323
7382,5738,4617,-5876,5201,675
7311,6622,4688,-6382,3637,2745
6981,7237,4762,-5912,1636,4276
6305,7818,4179,-4923,-596,5519
5527,7649,4351,-4059,-3704,7763
4618,7380,4625,-2173,-5686,7859
4370,7628,6192,1200,-6663,5463
4635,7363,6873,4654,-7175,2521
4686,6834,7313,6344,-6766,422
4616,6021,7383,7272,-5475,-1797
4683,5263,7315,7453,-3592,-3861
4864,4734,7264,7422,-1825,-5597
5444,4129,7869,6747,418,-7165
6252,4245,7754,5608,4037,-9645
7080,4499,7500,2972,6666,-9638
7613,4386,6301,-376,7996,-7620
7499,4499,5784,-4572,8927,-4355
7349,4650,5148,-6977,9209,-2232
7297,4935,4702,-8621,8635,-14
7432,5481,4566,-10032,7693,2339
7511,6149,4488,-10693,6072,4621
7500,6633,4498,-11173,4275,6898
7478,7255,4520,-11264,2577,8687
7679,8070,3928,-7218,-42,7260
6699,8205,3793,-7657,-3696,11353
6568,8416,3584,-4173,-6431,10604
5606,8128,3870,-3291,-10115,13406
4760,7905,4093,-124,-12142,12266
4304,7694,4359,3780,-14128,10348
4243,7756,4576,6072,-15293,9221
4234,7764,4668,8214,-16336,8122
4236,7764,4626,9657,-17108,7451
4218,7779,4466,10432,-17659,7227
4264,7821,4178,10535,-18215,7680
4456,7997,4002,10038,-18842,8804
4764,8203,3795,9048,-19405,10357
5077,8450,3549,7460,-19498,12038
5415,8744,3255,4949,-19405,14456
6332,9267,2731,3118,-18244,15126
7488,9751,2247,1462,-17270,15808
8902,10831,1169,508,-12328,11820
9774,11599,399,-191,-2183,2374
10024,11540,459,-1620,-2388,4008
10162,11505,494,-2362,-2207,4569
10358,11452,546,-2666,-1681,4347
10676,11361,637,-3663,-333,3996
11093,11232,767,-5042,-974,6016
11307,10850,692,-6742,-1691,8433
11111,10300,887,-9873,1372,8501
11426,10432,573,-9622,4584,5038
11488,10197,511,-10221,4884,5337
11332,10764,666,-13790,7610,6180
11435,10401,563,-10559,4749,5810
11264,10985,734,-10768,2842,7926
11132,11217,782,-8874,3179,5695
10319,11457,542,-8031,4269,3762
9682,11609,389,-5900,3639,2261
8878,11764,235,-5263,1158,4105
7850,11903,96,-4657,1707,2950
6658,11988,11,-3545,3387,158
3953,11884,116,-22498,45116,-22618
8579,10397,1602,-2026,-6724,8750
9530,11643,355,-4301,1863,2438
10163,11497,502,-4146,-1145,5291
10861,11302,697,-3806,-1718,5524
10609,9443,1389,-70,135,-65
11608,9693,391,-5121,4277,844
11998,6604,1,-9163,9444,-281
11906,4051,92,174,-437,263
11854,3595,144,-11105,10630,475
11354,1270,644,-11203,7602,3601
11971,7112,28,-21007,42344,-21337
11661,337,2544,-10019,4539,5480
10621,2272,1377,-19733,32022,-12289
11935,64,4483,-4684,2777,1907
11893,106,7953,-12222,9877,2345
11507,492,10139,-10221,9867,354
11272,726,10985,-204,173,31
8929,230,11769,-6721,9375,-2654
6000,6000,6000,-5175,7559,-2384
3988,135,11863,-3916,7603,-3687
2025,450,11549,-1038,9322,-8284
445,2065,11554,-617,8915,-8298
39,4814,11959,-171,1398,-1227
368,9600,11630,510,7688,-8198
187,11811,8663,467,8334,-8801
59,11940,4410,-1943,7249,-5306
692,11306,1148,3370,542,-3912
4194,11908,91,9006,-7891,-1115
6000,6000,6000,-22503,45124,-22621
9735,6852,2264,641,-1189,548
11218,5309,781,-1815,-699,2514
11203,1645,796,-7928,4018,3910
6000,6000,6000,-11869,2696,9173
11245,753,11052,-10466,5586,4880
6954,24,11974,-11602,12604,-1002
2023,444,11554,-6424,11070,-4646
57,4470,11942,-1113,10198,-9085
686,10826,11311,-190,9066,-8876
6000,6000,6000,82,8617,-8699
1273,11349,649,3970,39,-4009
7093,11966,32,9293,-9205,-88
11660,9529,339,4604,-6710,2106
11715,2837,283,-734,305,429
11910,90,4157,-8342,-785,9127
11354,644,10724,-9663,4072,5591
5946,0,11999,-11162,11355,-193
662,1207,11337,-3832,8806,-4974
138,8241,11860,-18,5555,-5537
72,11926,7663,-578,10758,-10180
499,11499,1799,2835,3764,-6599
6584,11989,9,10927,-10886,-41
11619,9720,381,5246,-6464,1218
11576,2168,422,-1570,979,591
6000,6000,6000,-10126,642,9484
10224,512,11488,-11968,7399,4569
3741,141,11857,-10010,12067,-2057
95,4024,11904,-1656,9781,-8125
713,11287,10913,499,8692,-9191
107,11892,3902,-546,8213,-7667
4383,11927,72,12686,-10867,-1819
10545,11404,596,7495,-7864,369
11901,4075,98,-252,-9788,10040
11839,160,3594,-7924,-2592,10516
11438,562,10439,-10962,4758,6204
5629,4,11995,-11987,12358,-371
349,2421,11650,-3414,10183,-6769
365,9575,11633,-196,8883,-8687
6000,6000,6000,272,9960,-10232
2491,11651,347,12027,-9521,-2506
8896,11764,234,8659,-8316,-343
11984,6959,14,1936,-4296,2360
11341,658,1267,-5342,1691,3651
11814,184,8685,-9301,2176,7125
7303,47,11953,-12654,10998,1656
788,814,11209,-6749,11880,-5131
66,7589,11932,-1069,5920,-4851
147,11851,8321,618,10426,-11044
521,11478,1720,2245,4304,-6549
7402,11943,54,10343,-10192,-151
11762,9005,237,4030,-4788,758
11600,2275,398,-2835,-241,3076
6000,6000,6000,-7381,-330,7711
9004,253,11746,-11838,8505,3333
2525,341,11659,-8371,12541,-4170
6000,6000,6000,-45,9544,-9499
535,11463,10294,1394,8459,-9853
151,11848,3554,2442,5044,-7486
5653,11995,3,12095,-12085,-10
11316,10855,682,5547,-7545,1998
11918,4264,81,-215,-232,447
11964,35,4798,-9521,-979,10500
10751,654,11344,-11264,6464,4800
4101,100,11899,-9867,12121,-2254
181,3347,11817,-979,9106,-8127
622,10609,11376,184,8144,-8328
12,11985,5029,8119,-561,-7558
3236,11786,212,12482,-10973,-1509
9661,11617,380,7671,-8445,774
11985,6920,13,1043,-2204,1161
11576,422,2166,-6085,-3111,9196
11645,354,9600,-9779,3377,6402
6131,0,11998,-11547,11352,195
555,1588,11444,-3951,10096,-6145
110,8012,11888,-23,5916,-5893
57,11942,7496,171,10421,-10592
701,11298,1094,4560,1564,-6124
7852,11903,95,9271,-9100,-171
11762,9003,237,3190,-4917,1727
11550,2059,447,-2987,-11,2998
11982,17,7012,-7205,-118,7323
8439,164,11834,-11669,9188,2481
1813,504,11495,-6992,11293,-4301
6000,6000,6000,-203,9291,-9088
447,11552,9938,1391,8577,-9968
148,11849,3568,2517,4573,-7090
5488,11992,7,11807,-11799,-8
11260,11027,738,5105,-7945,2840
11923,4282,76,-1437,-8612,10049
11807,191,3381,-7922,-2118,10040
11450,548,10400,-10181,4827,5354
5268,15,11984,-9945,10825,-880
359,2395,11639,-2695,8995,-6300
252,8998,11747,-343,6674,-6331
49,11949,7390,2046,7652,-9698
634,11364,1311,4482,1557,-6039
8011,11886,113,9097,-8993,-104
11799,8779,200,2654,-4202,1548
11672,2613,326,-3089,1773,1316
11990,8,6782,-10225,1395,8830
9357,315,11684,-10645,7775,2870
2904,271,11728,-6979,9282,-2303
13,4933,11985,-672,8904,-8232
715,11284,10920,387,7921,-8308
46,11952,4572,-1589,8795,-7206
4264,11919,80,12458,-10714,-1744
10798,11326,674,5899,-7428,1529
6000,6000,6000,-981,1425,-444
11795,204,3313,-7474,-2441,9915
11324,674,10854,-9430,4672,4758
4674,48,11950,-7218,7415,-197
249,3679,11749,-1548,7758,-6210
630,11367,10649,766,7778,-8544
166,11834,3516,400,5249,-5649
7334,11684,314,7977,-6568,-1409
11800,8105,199,1755,-1824,69
11092,907,2143,-4556,-19,4575
10510,1353,10645,-8117,4099,4018
3114,1210,10788,-5039,6834,-1795
1163,7689,10835,-937,6254,-5317
825,11174,5714,2447,2993,-5440
6424,10910,1088,5519,-4334,-1185
10536,6397,1464,769,-4610,3841
10514,1483,5421,-4300,5,4295
6023,1572,10426,-3831,3807,24
1652,6041,10347,4,2986,-2990
1824,10175,5074,3724,-1214,-2510
9968,4686,2030,-1715,-1045,2760
9772,2227,4867,-3304,787,2517
9170,2763,9236,-2798,2621,177
2480,3765,9518,295,1888,-2183
2640,9359,6943,3194,-1511,-1683
5777,9189,2810,1205,-2681,1476
9129,5527,2871,-2413,-360,2773
8780,3218,7295,-2604,2617,-13
4054,3320,8678,319,1820,-2139
3837,8162,8116,3200,-1154,-2046
3952,8046,3981,1596,-2696,1100
8125,7896,3873,-1975,-720,2695
7862,4137,4723,-2827,2206,621
7384,4280,7717,-378,2142,-1764
4476,4838,7523,2552,-234,-2318
4525,7460,7474,1685,-2143,458
4527,7471,4710,-409,-1192,1601
6336,7403,4595,-2103,322,1781
7460,6485,4540,-1586,1465,121
7343,4834,4656,-1150,1391,-241
7416,4583,6027,-1084,1339,-255
7013,4841,7157,-926,1389,-463
5858,4806,7192,-476,1065,-589
4684,5166,7315,489,548,-1037
4940,6407,7059,1353,-220,-1133
5079,6920,6744,1383,-1201,-182
5093,6906,6260,1355,-1451,96
5172,6827,5779,1100,-1379,279
5323,6675,5451,862,-1306,444
5563,6607,5391,667,-1204,537
5868,6577,5421,415,-1076,661
6325,6610,5388,-211,-909,1120
6383,6532,5467,-1069,-748,1817
6312,6439,5559,-1180,-555,1735
6289,6347,5653,-963,-424,1387
6265,6244,5733,-718,-270,988
6211,6169,5786,-636,-173,809
6161,6168,5831,-664,-225,889
6161,6168,5831,-664,-225,889
6161,6168,5831,-664,-225,889
6161,6168,5831,-664,-225,889
6161,6168,5831,-664,-225,889
6161,6168,5831,-664,-225,889
6161,6168,5831,-664,-225,889
6161,6168,5831,-664,-225,889
6161,6168,5831,-664,-225,889
6161,6168,5831,-664,-225,889
6161,6168,5831,-664,-225,889
6161,6168,5831,-664,-225,889
6161,6168,5831,-664,-225,889
6161,6168,5831,-664,-225,889
6161,6168,5831,-664,-225,889
6161,6168,5831,-664,-225,889
6161,6168,5831,-664,-225,889
6161,6168,5831,-664,-225,889
6161,6168,5831,-664,-225,889
6161,6168,5831,-664,-225,889
6161,6168,5831,-664,-225,889
6161,6168,5831,-664,-225,889
6161,6168,5831,-664,-225,889
6161,6168,5831,-664,-225,889
6161,6168,5831,-664,-225,889
6161,6168,5831,-664,-225,889
6161,6168,5831,-664,-225,889
6161,6168,5831,-664,-225,889
6161,6168,5831,-664,-225,889
6161,6168,5831,-664,-225,889
6161,6168,5831,-664,-225,889
6161,6168,5831,-664,-225,889
6161,6168,5831,-664,-225,889
6161,6168,5831,-664,-225,889
6161,6168,5831,-664,-225,889
6161,6168,5831,-664,-225,889
6161,6168,5831,-664,-225,889
6161,6168,5831,-664,-225,889
6161,6168,5831,-664,-225,889
6161,6168,5831,-664,-225,889
6161,6168,5831,-664,-225,889
6161,6168,5831,-664,-225,889
6161,6168,5831,-664,-225,889
6161,6168,5831,-664,-225,889
6161,6168,5831,-664,-225,889
6161,6168,5831,-664,-225,889
6161,6168,5831,-664,-225,889
6161,6168,5831,-664,-225,889
6161,6168,5831,-664,-225,889
6161,6168,5831,-664,-225,889
6161,6168,5831,-664,-225,889
6161,6168,5831,-664,-225,889
6161,6168,5831,-664,-225,889
6161,6168,5831,-664,-225,889
6161,6168,5831,-664,-225,889
6161,6168,5831,-664,-225,889
6161,6168,5831,-664,-225,889
6161,6168,5831,-664,-225,889
6161,6168,5831,-664,-225,889
6161,6168,5831,-664,-225,889
6161,6168,5831,-664,-225,889
6161,6168,5831,-664,-225,889
6161,6168,5831,-664,-225,889
6161,6168,5831,-664,-225,889
6161,6168,5831,-664,-225,889
6161,6168,5831,-664,-225,889
6161,6168,5831,-664,-225,889
6161,6168,5831,-664,-225,889
6161,6168,5831,-664,-225,889
6161,6168,5831,-664,-225,889
6161,6168,5831,-664,-225,889
6161,6168,5831,-664,-225,889
6161,6168,5831,-664,-225,889
6161,6168,5831,-664,-225,889
6161,6168,5831,-664,-225,889
6161,6168,5831,-664,-225,889
6161,6168,5831,-664,-225,889
6161,6168,5831,-664,-225,889
6161,6168,5831,-664,-225,889
6161,6168,5831,-664,-225,889
6161,6168,5831,-664,-225,889
6161,6168,5831,-664,-225,889
6161,6168,5831,-664,-225,889
6161,6168,5831,-664,-225,889
6161,6168,5831,-664,-225,889
6161,6168,5831,-664,-225,889
6161,6168,5831,-664,-225,889
6161,6168,5831,-664,-225,889
6161,6168,5831,-664,-225,889
6161,6168,5831,-664,-225,889
6161,6168,5831,-664,-225,889
6161,6168,5831,-664,-225,889
6161,6168,5831,-664,-225,889
6161,6168,5831,-664,-225,889
6161,6168,5831,-664,-225,889
6161,6168,5831,-664,-225,889
6161,6168,5831,-664,-225,889
6161,6168,5831,-664,-225,889
6161,6168,5831,-664,-225,889
6161,6168,5831,-664,-225,889
6161,6168,5831,-664,-225,889
6161,6168,5831,-664,-225,889
6161,6168,5831,-664,-225,889
6161,6168,5831,-664,-225,889
6161,6168,5831,-664,-225,889
6161,6168,5831,-664,-225,889
6161,6168,5831,-664,-225,889
6161,6168,5831,-664,-225,889
6161,6168,5831,-664,-225,889
6161,6168,5831,-664,-225,889
6161,6168,5831,-664,-225,889
6161,6168,5831,-664,-225,889
6161,6168,5831,-664,-225,889
6161,6168,5831,-664,-225,889
6161,6168,5831,-664,-225,889
6161,6168,5831,-664,-225,889
6161,6168,5831,-664,-225,889
6161,6168,5831,-664,-225,889
6161,6168,5831,-664,-225,889
6161,6168,5831,-664,-225,889
6161,6168,5831,-664,-225,889
6161,6168,5831,-664,-225,889
6161,6168,5831,-664,-225,889
6161,6168,5831,-664,-225,889
6161,6168,5831,-664,-225,889
6161,6168,5831,-664,-225,889
6161,6168,5831,-664,-225,889
6161,6168,5831,-664,-225,889
6161,6168,5831,-664,-225,889
6161,6168,5831,-664,-225,889
6161,6168,5831,-664,-225,889
6161,6168,5831,-664,-225,889
6161,6168,5831,-664,-225,889
6161,6168,5831,-664,-225,889
6161,6168,5831,-664,-225,889
6161,6168,5831,-664,-225,889
6161,6168,5831,-664,-225,889
6161,6168,5831,-664,-225,889
6161,6168,5831,-664,-225,889
6161,6168,5831,-664,-225,889
6161,6168,5831,-664,-225,889
6161,6168,5831,-664,-225,889
6161,6168,5831,-664,-225,889
6161,6168,5831,-664,-225,889
6161,6168,5831,-664,-225,889
6161,6168,5831,-664,-225,889
6161,6168,5831,-664,-225,889
6161,6168,5831,-664,-225,889
6161,6168,5831,-664,-225,889
6161,6168,5831,-664,-225,889
6161,6168,5831,-664,-225,889
6161,6168,5831,-664,-225,889
6161,6168,5831,-664,-225,889
6161,6168,5831,-664,-225,889
6161,6168,5831,-664,-225,889
6161,6168,5831,-664,-225,889
6161,6168,5831,-664,-225,889
6161,6168,5831,-664,-225,889
6161,6168,5831,-664,-225,889
6161,6168,5831,-664,-225,889
6161,6168,5831,-664,-225,889
6161,6168,5831,-664,-225,889
6161,6168,5831,-664,-225,889
6161,6168,5831,-664,-225,889
6161,6168,5831,-664,-225,889
6161,6168,5831,-664,-225,889
6161,6168,5831,-664,-225,889
6161,6168,5831,-664,-225,889
6161,6168,5831,-664,-225,889
6161,6168,5831,-664,-225,889
6161,6168,5831,-664,-225,889
6161,6168,5831,-664,-225,889
6161,6168,5831,-664,-225,889
6161,6168,5831,-664,-225,889
6161,6168,5831,-664,-225,889
6161,6168,5831,-664,-225,889
6161,6168,5831,-664,-225,889
6161,6168,5831,-664,-225,889
6161,6168,5831,-664,-225,889
6161,6168,5831,-664,-225,889
6161,6168,5831,-664,-225,889
6161,6168,5831,-664,-225,889
6161,6168,5831,-664,-225,889
6161,6168,5831,-664,-225,889
6161,6168,5831,-664,-225,889
6161,6168,5831,-664,-225,889
6161,6168,5831,-664,-225,889
6161,6168,5831,-664,-225,889
6161,6168,5831,-664,-225,889
6161,6168,5831,-664,-225,889
6161,6168,5831,-664,-225,889
6161,6168,5831,-664,-225,889
6161,6168,5831,-664,-225,889
6161,6168,5831,-664,-225,889
6161,6168,5831,-664,-225,889
6161,6168,5831,-664,-225,889
6161,6168,5831,-664,-225,889
6161,6168,5831,-664,-225,889
6161,6168,5831,-664,-225,889
6161,6168,5831,-664,-225,889
6161,6168,5831,-664,-225,889
6161,6168,5831,-664,-225,889
6161,6168,5831,-664,-225,889
6161,6168,5831,-664,-225,889
6161,6168,5831,-664,-225,889
6161,6168,5831,-664,-225,889
6161,6168,5831,-664,-225,889
6161,6168,5831,-664,-225,889
6161,6168,5831,-664,-225,889
6161,6168,5831,-664,-225,889
6161,6168,5831,-664,-225,889
6161,6168,5831,-664,-225,889
6161,6168,5831,-664,-225,889
6161,6168,5831,-664,-225,889
6161,6168,5831,-664,-225,889
6161,6168,5831,-664,-225,889
6161,6168,5831,-664,-225,889
6161,6168,5831,-664,-225,889
6161,6168,5831,-664,-225,889
6161,6168,5831,-664,-225,889
6161,6168,5831,-664,-225,889
6161,6168,5831,-664,-225,889
6161,6168,5831,-664,-225,889
6161,6168,5831,-664,-225,889
6161,6168,5831,-664,-225,889
6161,6168,5831,-664,-225,889
6161,6168,5831,-664,-225,889
6161,6168,5831,-664,-225,889
6161,6168,5831,-664,-225,889
6161,6168,5831,-664,-225,889
6161,6168,5831,-664,-225,889
6161,6168,5831,-664,-225,889
6161,6168,5831,-664,-225,889
6161,6168,5831,-664,-225,889
6161,6168,5831,-664,-225,889
6161,6168,5831,-664,-225,889
6161,6168,5831,-664,-225,889
6161,6168,5831,-664,-225,889
6161,6168,5831,-664,-225,889
6161,6168,5831,-664,-225,889
6161,6168,5831,-664,-225,889
6161,6168,5831,-664,-225,889
6161,6168,5831,-664,-225,889
6161,6168,5831,-664,-225,889
6161,6168,5831,-664,-225,889
6161,6168,5831,-664,-225,889
6161,6168,5831,-664,-225,889
6161,6168,5831,-664,-225,889
6161,6168,5831,-664,-225,889
6161,6168,5831,-664,-225,889
6161,6168,5831,-664,-225,889
6161,6168,5831,-664,-225,889
6161,6168,5831,-664,-225,889
6161,6168,5831,-664,-225,889
6161,6168,5831,-664,-225,889
6161,6168,5831,-664,-225,889
6161,6168,5831,-664,-225,889
6161,6168,5831,-664,-225,889
6161,6168,5831,-664,-225,889
6161,6168,5831,-664,-225,889
6161,6168,5831,-664,-225,889
6161,6168,5831,-664,-225,889
6161,6168,5831,-664,-225,889
6161,6168,5831,-664,-225,889
6161,6168,5831,-664,-225,889
6161,6168,5831,-664,-225,889
6161,6168,5831,-664,-225,889
6161,6168,5831,-664,-225,889
6161,6168,5831,-664,-225,889
6161,6168,5831,-664,-225,889
6161,6168,5831,-664,-225,889
6161,6168,5831,-664,-225,889
6161,6168,5831,-664,-225,889
6161,6168,5831,-664,-225,889
6161,6168,5831,-664,-225,889
6161,6168,5831,-664,-225,889
6161,6168,5831,-664,-225,889
6161,6168,5831,-664,-225,889
6161,6168,5831,-664,-225,889
6161,6168,5831,-664,-225,889
6161,6168,5831,-664,-225,889
6161,6168,5831,-664,-225,889
6161,6168,5831,-664,-225,889
6161,6168,5831,-664,-225,889
6161,6168,5831,-664,-225,889
6161,6168,5831,-664,-225,889
6161,6168,5831,-664,-225,889
6161,6168,5831,-664,-225,889
6161,6168,5831,-664,-225,889
6161,6168,5831,-664,-225,889
6161,6168,5831,-664,-225,889
6161,6168,5831,-664,-225,889
6161,6168,5831,-664,-225,889
6161,6168,5831,-664,-225,889
6161,6168,5831,-664,-225,889
6161,6168,5831,-664,-225,889
6161,6168,5831,-664,-225,889
6161,6168,5831,-664,-225,889
6161,6168,5831,-664,-225,889
6161,6168,5831,-664,-225,889
6161,6168,5831,-664,-225,889
6161,6168,5831,-664,-225,889
6161,6168,5831,-664,-225,889
6161,6168,5831,-664,-225,889
6161,6168,5831,-664,-225,889
6161,6168,5831,-664,-225,889
6161,6168,5831,-664,-225,889
6161,6168,5831,-664,-225,889
6161,6168,5831,-664,-225,889
6161,6168,5831,-664,-225,889
6161,6168,5831,-664,-225,889
6161,6168,5831,-664,-225,889
6161,6168,5831,-664,-225,889
6161,6168,5831,-664,-225,889
6161,6168,5831,-664,-225,889
6161,6168,5831,-664,-225,889
6161,6168,5831,-664,-225,889
6161,6168,5831,-664,-225,889
6161,6168,5831,-664,-225,889
6161,6168,5831,-664,-225,889
6161,6168,5831,-664,-225,889
6161,6168,5831,-664,-225,889
6161,6168,5831,-664,-225,889
6161,6168,5831,-664,-225,889
6161,6168,5831,-664,-225,889
6161,6168,5831,-664,-225,889
6161,6168,5831,-664,-225,889
6161,6168,5831,-664,-225,889
6161,6168,5831,-664,-225,889
6161,6168,5831,-664,-225,889
6161,6168,5831,-664,-225,889
6161,6168,5831,-664,-225,889
6161,6168,5831,-664,-225,889
6161,6168,5831,-664,-225,889
6161,6168,5831,-664,-225,889
6161,6168,5831,-664,-225,889
6161,6168,5831,-664,-225,889
6161,6168,5831,-664,-225,889
6161,6168,5831,-664,-225,889
6161,6168,5831,-664,-225,889
6161,6168,5831,-664,-225,889
6161,6168,5831,-664,-225,889
6161,6168,5831,-664,-225,889
6161,6168,5831,-664,-225,889
6161,6168,5831,-664,-225,889
6161,6168,5831,-664,-225,889
6161,6168,5831,-664,-225,889
6161,6168,5831,-664,-225,889
6161,6168,5831,-664,-225,889
6161,6168,5831,-664,-225,889
6161,6168,5831,-664,-225,889
6161,6168,5831,-664,-225,889
6161,6168,5831,-664,-225,889
6161,6168,5831,-664,-225,889
6161,6168,5831,-664,-225,889
6161,6168,5831,-664,-225,889
6161,6168,5831,-664,-225,889
6161,6168,5831,-664,-225,889
6161,6168,5831,-664,-225,889
6161,6168,5831,-664,-225,889
6161,6168,5831,-664,-225,889
6161,6168,5831,-664,-225,889
6161,6168,5831,-664,-225,889
6161,6168,5831,-664,-225,889
6161,6168,5831,-664,-225,889
6161,6168,5831,-664,-225,889
6161,6168,5831,-664,-225,889
6161,6168,5831,-664,-225,889
6161,6168,5831,-664,-225,889
6161,6168,5831,-664,-225,889
6161,6168,5831,-664,-225,889
6161,6168,5831,-664,-225,889
6161,6168,5831,-664,-225,889
6161,6168,5831,-664,-225,889
6161,6168,5831,-664,-225,889
6161,6168,5831,-664,-225,889
6161,6168,5831,-664,-225,889
6161,6168,5831,-664,-225,889
6161,6168,5831,-664,-225,889
6161,6168,5831,-664,-225,889
6161,6168,5831,-664,-225,889
6161,6168,5831,-664,-225,889
6161,6168,5831,-664,-225,889
6161,6168,5831,-664,-225,889
6161,6168,5831,-664,-225,889
6161,6168,5831,-664,-225,889
6161,6168,5831,-664,-225,889
6161,6168,5831,-664,-225,889
6161,6168,5831,-664,-225,889
6161,6168,5831,-664,-225,889
6161,6168,5831,-664,-225,889
6161,6168,5831,-664,-225,889
6161,6168,5831,-664,-225,889
6161,6168,5831,-664,-225,889
6161,6168,5831,-664,-225,889
6161,6168,5831,-664,-225,889
6161,6168,5831,-664,-225,889
6161,6168,5831,-664,-225,889
6161,6168,5831,-664,-225,889
6161,6168,5831,-664,-225,889
6161,6168,5831,-664,-225,889
6161,6168,5831,-664,-225,889
6161,6168,5831,-664,-225,889
6161,6168,5831,-664,-225,889
6161,6168,5831,-664,-225,889
6161,6168,5831,-664,-225,889
6161,6168,5831,-664,-225,889
6161,6168,5831,-664,-225,889
6161,6168,5831,-664,-225,889
6161,6168,5831,-664,-225,889
6161,6168,5831,-664,-225,889
6161,6168,5831,-664,-225,889
6161,6168,5831,-664,-225,889
6161,6168,5831,-664,-225,889
6161,6168,5831,-664,-225,889
6161,6168,5831,-664,-225,889
6161,6168,5831,-664,-225,889
6161,6168,5831,-664,-225,889
6161,6168,5831,-664,-225,889
6161,6168,5831,-664,-225,889
6161,6168,5831,-664,-225,889
6161,6168,5831,-664,-225,889
6161,6168,5831,-664,-225,889
6161,6168,5831,-664,-225,889
6161,6168,5831,-664,-225,889
6161,6168,5831,-664,-225,889
6161,6168,5831,-664,-225,889
6161,6168,5831,-664,-225,889
6161,6168,5831,-664,-225,889
6161,6168,5831,-664,-225,889
6161,6168,5831,-664,-225,889
6161,6168,5831,-664,-225,889
6161,6168,5831,-664,-225,889
6161,6168,5831,-664,-225,889
6161,6168,5831,-664,-225,889
6161,6168,5831,-664,-225,889
6161,6168,5831,-664,-225,889
6161,6168,5831,-664,-225,889
6161,6168,5831,-664,-225,889
6161,6168,5831,-664,-225,889
6161,6168,5831,-664,-225,889
6161,6168,5831,-664,-225,889
6161,6168,5831,-664,-225,889
6161,6168,5831,-664,-225,889
6161,6168,5831,-664,-225,889
6161,6168,5831,-664,-225,889
6161,6168,5831,-664,-225,889
6161,6168,5831,-664,-225,889
6161,6168,5831,-664,-225,889
6161,6168,5831,-664,-225,889
6161,6168,5831,-664,-225,889
6161,6168,5831,-664,-225,889
6161,6168,5831,-664,-225,889
6161,6168,5831,-664,-225,889
6161,6168,5831,-664,-225,889
6161,6168,5831,-664,-225,889
6161,6168,5831,-664,-225,889
6161,6168,5831,-664,-225,889
6161,6168,5831,-664,-225,889
6161,6168,5831,-664,-225,889
6161,6168,5831,-664,-225,889
6161,6168,5831,-664,-225,889
6161,6168,5831,-664,-225,889
6161,6168,5831,-664,-225,889
6161,6168,5831,-664,-225,889
6161,6168,5831,-664,-225,889
6161,6168,5831,-664,-225,889
6161,6168,5831,-664,-225,889
6161,6168,5831,-664,-225,889
6161,6168,5831,-664,-225,889
6161,6168,5831,-664,-225,889
6161,6168,5831,-664,-225,889
6161,6168,5831,-664,-225,889
6161,6168,5831,-664,-225,889
6161,6168,5831,-664,-225,889
6161,6168,5831,-664,-225,889
6161,6168,5831,-664,-225,889
6161,6168,5831,-664,-225,889
6161,6168,5831,-664,-225,889
6161,6168,5831,-664,-225,889
6161,6168,5831,-664,-225,889
6161,6168,5831,-664,-225,889
6161,6168,5831,-664,-225,889
6161,6168,5831,-664,-225,889
6161,6168,5831,-664,-225,889
6161,6168,5831,-664,-225,889
6161,6168,5831,-664,-225,889
6161,6168,5831,-664,-225,889
6161,6168,5831,-664,-225,889
6161,6168,5831,-664,-225,889
6161,6168,5831,-664,-225,889
6161,6168,5831,-664,-225,889
6161,6168,5831,-664,-225,889
6161,6168,5831,-664,-225,889
6161,6168,5831,-664,-225,889
6161,6168,5831,-664,-225,889
6161,6168,5831,-664,-225,889
6161,6168,5831,-664,-225,889
6161,6168,5831,-664,-225,889
6161,6168,5831,-664,-225,889
6161,6168,5831,-664,-225,889
6161,6168,5831,-664,-225,889
6161,6168,5831,-664,-225,889
6161,6168,5831,-664,-225,889
6161,6168,5831,-664,-225,889
6161,6168,5831,-664,-225,889
6161,6168,5831,-664,-225,889
6161,6168,5831,-664,-225,889
6161,6168,5831,-664,-225,889
6161,6168,5831,-664,-225,889
6161,6168,5831,-664,-225,889
6161,6168,5831,-664,-225,889
6161,6168,5831,-664,-225,889
6161,6168,5831,-664,-225,889
6161,6168,5831,-664,-225,889
6161,6168,5831,-664,-225,889
6161,6168,5831,-664,-225,889
6161,6168,5831,-664,-225,889
6161,6168,5831,-664,-225,889
6161,6168,5831,-664,-225,889
6161,6168,5831,-664,-225,889
6161,6168,5831,-664,-225,889
6161,6168,5831,-664,-225,889
6161,6168,5831,-664,-225,889
6161,6168,5831,-664,-225,889
6161,6168,5831,-664,-225,889
6161,6168,5831,-664,-225,889
6161,6168,5831,-664,-225,889
6161,6168,5831,-664,-225,889
6161,6168,5831,-664,-225,889
6161,6168,5831,-664,-225,889
6161,6168,5831,-664,-225,889
6161,6168,5831,-664,-225,889
6161,6168,5831,-664,-225,889
6161,6168,5831,-664,-225,889
6161,6168,5831,-664,-225,889
6161,6168,5831,-664,-225,889
6161,6168,5831,-664,-225,889
6161,6168,5831,-664,-225,889
6161,6168,5831,-664,-225,889
6161,6168,5831,-664,-225,889
6161,6168,5831,-664,-225,889
6161,6168,5831,-664,-225,889
6161,6168,5831,-664,-225,889
6161,6168,5831,-664,-225,889
6161,6168,5831,-664,-225,889
6161,6168,5831,-664,-225,889
6161,6168,5831,-664,-225,889
6161,6168,5831,-664,-225,889
6161,6168,5831,-664,-225,889
6161,6168,5831,-664,-225,889
6161,6168,5831,-664,-225,889
6161,6168,5831,-664,-225,889
6161,6168,5831,-664,-225,889
6161,6168,5831,-664,-225,889
6161,6168,5831,-664,-225,889
6161,6168,5831,-664,-225,889
6161,6168,5831,-664,-225,889
6161,6168,5831,-664,-225,889
6161,6168,5831,-664,-225,889
6161,6168,5831,-664,-225,889
6161,6168,5831,-664,-225,889
6161,6168,5831,-664,-225,889
6161,6168,5831,-664,-225,889
6161,6168,5831,-664,-225,889
6161,6168,5831,-664,-225,889
6161,6168,5831,-664,-225,889
6161,6168,5831,-664,-225,889
6161,6168,5831,-664,-225,889
6161,6168,5831,-664,-225,889
6161,6168,5831,-664,-225,889
6161,6168,5831,-664,-225,889
6161,6168,5831,-664,-225,889
6161,6168,5831,-664,-225,889
6161,6168,5831,-664,-225,889
6161,6168,5831,-664,-225,889
6161,6168,5831,-664,-225,889
6161,6168,5831,-664,-225,889
6161,6168,5831,-664,-225,889
6161,6168,5831,-664,-225,889
6161,6168,5831,-664,-225,889
6161,6168,5831,-664,-225,889
6161,6168,5831,-664,-225,889
6161,6168,5831,-664,-225,889
6161,6168,5831,-664,-225,889
6161,6168,5831,-664,-225,889
6161,6168,5831,-664,-225,889
6161,6168,5831,-664,-225,889
6161,6168,5831,-664,-225,889
6161,6168,5831,-664,-225,889
6161,6168,5831,-664,-225,889
6161,6168,5831,-664,-225,889
6161,6168,5831,-664,-225,889
6161,6168,5831,-664,-225,889
6161,6168,5831,-664,-225,889
6161,6168,5831,-664,-225,889
6161,6168,5831,-664,-225,889
6161,6168,5831,-664,-225,889
6161,6168,5831,-664,-225,889
6161,6168,5831,-664,-225,889
6161,6168,5831,-664,-225,889
6161,6168,5831,-664,-225,889
6161,6168,5831,-664,-225,889
6161,6168,5831,-664,-225,889
6161,6168,5831,-664,-225,889
6161,6168,5831,-664,-225,889
6161,6168,5831,-664,-225,889
6161,6168,5831,-664,-225,889
6161,6168,5831,-664,-225,889
6161,6168,5831,-664,-225,889
6161,6168,5831,-664,-225,889
6161,6168,5831,-664,-225,889
6161,6168,5831,-664,-225,889
6161,6168,5831,-664,-225,889
6161,6168,5831,-664,-225,889
6161,6168,5831,-664,-225,889
6161,6168,5831,-664,-225,889
6161,6168,5831,-664,-225,889
6161,6168,5831,-664,-225,889
6161,6168,5831,-664,-225,889
6161,6168,5831,-664,-225,889
6161,6168,5831,-664,-225,889
6161,6168,5831,-664,-225,889
6161,6168,5831,-664,-225,889
6161,6168,5831,-664,-225,889
6161,6168,5831,-664,-225,889
6161,6168,5831,-664,-225,889
6161,6168,5831,-664,-225,889
6161,6168,5831,-664,-225,889
6161,6168,5831,-664,-225,889
6161,6168,5831,-664,-225,889
6161,6168,5831,-664,-225,889
6161,6168,5831,-664,-225,889
6161,6168,5831,-664,-225,889
6161,6168,5831,-664,-225,889
6161,6168,5831,-664,-225,889
6161,6168,5831,-664,-225,889
6161,6168,5831,-664,-225,889
6161,6168,5831,-664,-225,889
6161,6168,5831,-664,-225,889
6161,6168,5831,-664,-225,889
6161,6168,5831,-664,-225,889
6161,6168,5831,-664,-225,889
6161,6168,5831,-664,-225,889
6161,6168,5831,-664,-225,889
6161,6168,5831,-664,-225,889
6161,6168,5831,-664,-225,889
6161,6168,5831,-664,-225,889
6161,6168,5831,-664,-225,889
6161,6168,5831,-664,-225,889
6161,6168,5831,-664,-225,889
6161,6168,5831,-664,-225,889
6161,6168,5831,-664,-225,889
6161,6168,5831,-664,-225,889
6161,6168,5831,-664,-225,889
6161,6168,5831,-664,-225,889
6161,6168,5831,-664,-225,889
6161,6168,5831,-664,-225,889
6161,6168,5831,-664,-225,889
6161,6168,5831,-664,-225,889
6161,6168,5831,-664,-225,889
6161,6168,5831,-664,-225,889
6161,6168,5831,-664,-225,889
6161,6168,5831,-664,-225,889
6161,6168,5831,-664,-225,889
6161,6168,5831,-664,-225,889
6161,6168,5831,-664,-225,889
6161,6168,5831,-664,-225,889
6161,6168,5831,-664,-225,889
6161,6168,5831,-664,-225,889
6161,6168,5831,-664,-225,889
6161,6168,5831,-664,-225,889
6161,6168,5831,-664,-225,889
6161,6168,5831,-664,-225,889
6161,6168,5831,-664,-225,889
6161,6168,5831,-664,-225,889
6161,6168,5831,-664,-225,889
6161,6168,5831,-664,-225,889
6161,6168,5831,-664,-225,889
6161,6168,5831,-664,-225,889
6161,6168,5831,-664,-225,889
6161,6168,5831,-664,-225,889
6161,6168,5831,-664,-225,889
6161,6168,5831,-664,-225,889
6161,6168,5831,-664,-225,889
6161,6168,5831,-664,-225,889
6161,6168,5831,-664,-225,889
6161,6168,5831,-664,-225,889
6161,6168,5831,-664,-225,889
6161,6168,5831,-664,-225,889
6161,6168,5831,-664,-225,889
6161,6168,5831,-664,-225,889
6161,6168,5831,-664,-225,889
6161,6168,5831,-664,-225,889
6161,6168,5831,-664,-225,889
6161,6168,5831,-664,-225,889
6161,6168,5831,-664,-225,889
6161,6168,5831,-664,-225,889
6161,6168,5831,-664,-225,889
6161,6168,5831,-664,-225,889
6161,6168,5831,-664,-225,889
6161,6168,5831,-664,-225,889
6161,6168,5831,-664,-225,889
6161,6168,5831,-664,-225,889
6161,6168,5831,-664,-225,889
6161,6168,5831,-664,-225,889
6161,6168,5831,-664,-225,889
6161,6168,5831,-664,-225,889
6161,6168,5831,-664,-225,889
6161,6168,5831,-664,-225,889
6161,6168,5831,-664,-225,889
6161,6168,5831,-664,-225,889
6161,6168,5831,-664,-225,889
6161,6168,5831,-664,-225,889
6161,6168,5831,-664,-225,889
6161,6168,5831,-664,-225,889
6161,6168,5831,-664,-225,889
6161,6168,5831,-664,-225,889
6161,6168,5831,-664,-225,889
6161,6168,5831,-664,-225,889
6161,6168,5831,-664,-225,889
6161,6168,5831,-664,-225,889
6161,6168,5831,-664,-225,889
6161,6168,5831,-664,-225,889
6161,6168,5831,-664,-225,889
6161,6168,5831,-664,-225,889
6161,6168,5831,-664,-225,889
6161,6168,5831,-664,-225,889
6161,6168,5831,-664,-225,889
6161,6168,5831,-664,-225,889
6161,6168,5831,-664,-225,889
6161,6168,5831,-664,-225,889
6161,6168,5831,-664,-225,889
6161,6168,5831,-664,-225,889
6161,6168,5831,-664,-225,889
6161,6168,5831,-664,-225,889
6161,6168,5831,-664,-225,889
6161,6168,5831,-664,-225,889
6161,6168,5831,-664,-225,889
6161,6168,5831,-664,-225,889
6161,6168,5831,-664,-225,889
6161,6168,5831,-664,-225,889
6161,6168,5831,-664,-225,889
6161,6168,5831,-664,-225,889
6161,6168,5831,-664,-225,889
6161,6168,5831,-664,-225,889
6161,6168,5831,-664,-225,889
6161,6168,5831,-664,-225,889
6161,6168,5831,-664,-225,889
6161,6168,5831,-664,-225,889
6161,6168,5831,-664,-225,889
6161,6168,5831,-664,-225,889
6161,6168,5831,-664,-225,889
6161,6168,5831,-664,-225,889
6161,6168,5831,-664,-225,889
6161,6168,5831,-664,-225,889
6161,6168,5831,-664,-225,889
6161,6168,5831,-664,-225,889
6161,6168,5831,-664,-225,889
6161,6168,5831,-664,-225,889
6161,6168,5831,-664,-225,889
6161,6168,5831,-664,-225,889
6161,6168,5831,-664,-225,889
6161,6168,5831,-664,-225,889
6161,6168,5831,-664,-225,889
6161,6168,5831,-664,-225,889
6161,6168,5831,-664,-225,889
6161,6168,5831,-664,-225,889
6161,6168,5831,-664,-225,889
6161,6168,5831,-664,-225,889
6161,6168,5831,-664,-225,889
6161,6168,5831,-664,-225,889
6161,6168,5831,-664,-225,889
6161,6168,5831,-664,-225,889
6161,6168,5831,-664,-225,889
6161,6168,5831,-664,-225,889
6161,6168,5831,-664,-225,889
6161,6168,5831,-664,-225,889
6161,6168,5831,-664,-225,889
6161,6168,5831,-664,-225,889
6161,6168,5831,-664,-225,889
6161,6168,5831,-664,-225,889
6161,6168,5831,-664,-225,889
6161,6168,5831,-664,-225,889
6161,6168,5831,-664,-225,889
6161,6168,5831,-664,-225,889
6161,6168,5831,-664,-225,889
6161,6168,5831,-664,-225,889
6161,6168,5831,-664,-225,889
6161,6168,5831,-664,-225,889
6161,6168,5831,-664,-225,889
6161,6168,5831,-664,-225,889
6161,6168,5831,-664,-225,889
6161,6168,5831,-664,-225,889
6161,6168,5831,-664,-225,889
6161,6168,5831,-664,-225,889
6161,6168,5831,-664,-225,889
6161,6168,5831,-664,-225,889
6161,6168,5831,-664,-225,889
6161,6168,5831,-664,-225,889
6161,6168,5831,-664,-225,889
6161,6168,5831,-664,-225,889
6161,6168,5831,-664,-225,889
6161,6168,5831,-664,-225,889
6161,6168,5831,-664,-225,889
6161,6168,5831,-664,-225,889
6161,6168,5831,-664,-225,889
6161,6168,5831,-664,-225,889
6161,6168,5831,-664,-225,889
6161,6168,5831,-664,-225,889
6161,6168,5831,-664,-225,889
6161,6168,5831,-664,-225,889
6161,6168,5831,-664,-225,889
6161,6168,5831,-664,-225,889
6161,6168,5831,-664,-225,889
6161,6168,5831,-664,-225,889
6161,6168,5831,-664,-225,889
6161,6168,5831,-664,-225,889
6161,6168,5831,-664,-225,889
6161,6168,5831,-664,-225,889
6161,6168,5831,-664,-225,889
6161,6168,5831,-664,-225,889
6161,6168,5831,-664,-225,889
6161,6168,5831,-664,-225,889
6161,6168,5831,-664,-225,889
6161,6168,5831,-664,-225,889
6161,6168,5831,-664,-225,889
6161,6168,5831,-664,-225,889
6161,6168,5831,-664,-225,889
6161,6168,5831,-664,-225,889
6161,6168,5831,-664,-225,889
6161,6168,5831,-664,-225,889
6161,6168,5831,-664,-225,889
6161,6168,5831,-664,-225,889
6161,6168,5831,-664,-225,889
6161,6168,5831,-664,-225,889
6161,6168,5831,-664,-225,889
6161,6168,5831,-664,-225,889
6161,6168,5831,-664,-225,889
6161,6168,5831,-664,-225,889
6161,6168,5831,-664,-225,889
6161,6168,5831,-664,-225,889
6161,6168,5831,-664,-225,889
6161,6168,5831,-664,-225,889
6161,6168,5831,-664,-225,889
6161,6168,5831,-664,-225,889
6161,6168,5831,-664,-225,889
6161,6168,5831,-664,-225,889
6161,6168,5831,-664,-225,889
6161,6168,5831,-664,-225,889
6161,6168,5831,-664,-225,889
6161,6168,5831,-664,-225,889
6161,6168,5831,-664,-225,889
6161,6168,5831,-664,-225,889
6161,6168,5831,-664,-225,889
6161,6168,5831,-664,-225,889
6161,6168,5831,-664,-225,889
6161,6168,5831,-664,-225,889
6161,6168,5831,-664,-225,889
6161,6168,5831,-664,-225,889
6161,6168,5831,-664,-225,889
6161,6168,5831,-664,-225,889
6161,6168,5831,-664,-225,889
6161,6168,5831,-664,-225,889
6161,6168,5831,-664,-225,889
6161,6168,5831,-664,-225,889
6161,6168,5831,-664,-225,889
6161,6168,5831,-664,-225,889
6161,6168,5831,-664,-225,889
6161,6168,5831,-664,-225,889
6161,6168,5831,-664,-225,889
6161,6168,5831,-664,-225,889
6161,6168,5831,-664,-225,889
6161,6168,5831,-664,-225,889
6161,6168,5831,-664,-225,889
6161,6168,5831,-664,-225,889
6161,6168,5831,-664,-225,889
6161,6168,5831,-664,-225,889
6161,6168,5831,-664,-225,889
6161,6168,5831,-664,-225,889
6161,6168,5831,-664,-225,889
6161,6168,5831,-664,-225,889
6161,6168,5831,-664,-225,889
6161,6168,5831,-664,-225,889
6161,6168,5831,-664,-225,889
6161,6168,5831,-664,-225,889
6161,6168,5831,-664,-225,889
6161,6168,5831,-664,-225,889
6161,6168,5831,-664,-225,889
6161,6168,5831,-664,-225,889
6161,6168,5831,-664,-225,889
6161,6168,5831,-664,-225,889
6161,6168,5831,-664,-225,889
6161,6168,5831,-664,-225,889
6161,6168,5831,-664,-225,889
6161,6168,5831,-664,-225,889
6161,6168,5831,-664,-225,889
6161,6168,5831,-664,-225,889
6161,6168,5831,-664,-225,889
6161,6168,5831,-664,-225,889
6161,6168,5831,-664,-225,889
6161,6168,5831,-664,-225,889
6161,6168,5831,-664,-225,889
6161,6168,5831,-664,-225,889
6161,6168,5831,-664,-225,889
6161,6168,5831,-664,-225,889
6161,6168,5831,-664,-225,889
6161,6168,5831,-664,-225,889
6161,6168,5831,-664,-225,889
6161,6168,5831,-664,-225,889
6161,6168,5831,-664,-225,889
6161,6168,5831,-664,-225,889
6161,6168,5831,-664,-225,889
6161,6168,5831,-664,-225,889
6161,6168,5831,-664,-225,889
6161,6168,5831,-664,-225,889
6161,6168,5831,-664,-225,889
6161,6168,5831,-664,-225,889
6161,6168,5831,-664,-225,889
6161,6168,5831,-664,-225,889
6161,6168,5831,-664,-225,889
6161,6168,5831,-664,-225,889
6161,6168,5831,-664,-225,889
6161,6168,5831,-664,-225,889
6161,6168,5831,-664,-225,889
6161,6168,5831,-664,-225,889
6161,6168,5831,-664,-225,889
6161,6168,5831,-664,-225,889
6161,6168,5831,-664,-225,889
6161,6168,5831,-664,-225,889
6161,6168,5831,-664,-225,889
6161,6168,5831,-664,-225,889
6161,6168,5831,-664,-225,889
6161,6168,5831,-664,-225,889
6161,6168,5831,-664,-225,889
6161,6168,5831,-664,-225,889
6161,6168,5831,-664,-225,889
6161,6168,5831,-664,-225,889
6161,6168,5831,-664,-225,889
6161,6168,5831,-664,-225,889
6161,6168,5831,-664,-225,889
6161,6168,5831,-664,-225,889
6161,6168,5831,-664,-225,889
6161,6168,5831,-664,-225,889
6161,6168,5831,-664,-225,889
6161,6168,5831,-664,-225,889
6161,6168,5831,-664,-225,889
6161,6168,5831,-664,-225,889
6161,6168,5831,-664,-225,889
6161,6168,5831,-664,-225,889
6161,6168,5831,-664,-225,889
6161,6168,5831,-664,-225,889
6161,6168,5831,-664,-225,889
6161,6168,5831,-664,-225,889
6161,6168,5831,-664,-225,889
6161,6168,5831,-664,-225,889
6161,6168,5831,-664,-225,889
6161,6168,5831,-664,-225,889
6161,6168,5831,-664,-225,889
6161,6168,5831,-664,-225,889
6161,6168,5831,-664,-225,889
6161,6168,5831,-664,-225,889
6161,6168,5831,-664,-225,889
6161,6168,5831,-664,-225,889
6161,6168,5831,-664,-225,889
6161,6168,5831,-664,-225,889
6161,6168,5831,-664,-225,889
6161,6168,5831,-664,-225,889
6161,6168,5831,-664,-225,889
6161,6168,5831,-664,-225,889
6161,6168,5831,-664,-225,889
6161,6168,5831,-664,-225,889
6161,6168,5831,-664,-225,889
6161,6168,5831,-664,-225,889
6161,6168,5831,-664,-225,889
6161,6168,5831,-664,-225,889
6161,6168,5831,-664,-225,889
6161,6168,5831,-664,-225,889
6161,6168,5831,-664,-225,889
6161,6168,5831,-664,-225,889
6161,6168,5831,-664,-225,889
6161,6168,5831,-664,-225,889
6161,6168,5831,-664,-225,889
6161,6168,5831,-664,-225,889
6161,6168,5831,-664,-225,889
6161,6168,5831,-664,-225,889
6161,6168,5831,-664,-225,889
6161,6168,5831,-664,-225,889
6161,6168,5831,-664,-225,889
6161,6168,5831,-664,-225,889
6161,6168,5831,-664,-225,889
6161,6168,5831,-664,-225,889
6161,6168,5831,-664,-225,889
6161,6168,5831,-664,-225,889
6161,6168,5831,-664,-225,889
6161,6168,5831,-664,-225,889
6161,6168,5831,-664,-225,889
6161,6168,5831,-664,-225,889
6161,6168,5831,-664,-225,889
6161,6168,5831,-664,-225,889
6161,6168,5831,-664,-225,889
6161,6168,5831,-664,-225,889
6161,6168,5831,-664,-225,889
6161,6168,5831,-664,-225,889
6161,6168,5831,-664,-225,889
6161,6168,5831,-664,-225,889
6161,6168,5831,-664,-225,889
6161,6168,5831,-664,-225,889
6161,6168,5831,-664,-225,889
6161,6168,5831,-664,-225,889
6161,6168,5831,-664,-225,889
6161,6168,5831,-664,-225,889
6161,6168,5831,-664,-225,889
6161,6168,5831,-664,-225,889
6161,6168,5831,-664,-225,889
6161,6168,5831,-664,-225,889
6161,6168,5831,-664,-225,889
6161,6168,5831,-664,-225,889
6161,6168,5831,-664,-225,889
6161,6168,5831,-664,-225,889
6161,6168,5831,-664,-225,889
6161,6168,5831,-664,-225,889
6161,6168,5831,-664,-225,889
6161,6168,5831,-664,-225,889
6161,6168,5831,-664,-225,889
6161,6168,5831,-664,-225,889
6161,6168,5831,-664,-225,889
6161,6168,5831,-664,-225,889
6161,6168,5831,-664,-225,889
6161,6168,5831,-664,-225,889
6161,6168,5831,-664,-225,889
6161,6168,5831,-664,-225,889
6161,6168,5831,-664,-225,889
6161,6168,5831,-664,-225,889
6161,6168,5831,-664,-225,889
6161,6168,5831,-664,-225,889
6161,6168,5831,-664,-225,889
6161,6168,5831,-664,-225,889
6161,6168,5831,-664,-225,889
6161,6168,5831,-664,-225,889
6161,6168,5831,-664,-225,889
6161,6168,5831,-664,-225,889
6161,6168,5831,-664,-225,889
6161,6168,5831,-664,-225,889
6161,6168,5831,-664,-225,889
6161,6168,5831,-664,-225,889
6161,6168,5831,-664,-225,889
6161,6168,5831,-664,-225,889
6161,6168,5831,-664,-225,889
6161,6168,5831,-664,-225,889
6161,6168,5831,-664,-225,889
6161,6168,5831,-664,-225,889
6161,6168,5831,-664,-225,889
6161,6168,5831,-664,-225,889
6161,6168,5831,-664,-225,889
6161,6168,5831,-664,-225,889
6161,6168,5831,-664,-225,889
6161,6168,5831,-664,-225,889
6161,6168,5831,-664,-225,889
6161,6168,5831,-664,-225,889
6161,6168,5831,-664,-225,889
6161,6168,5831,-664,-225,889
6161,6168,5831,-664,-225,889
6161,6168,5831,-664,-225,889
6161,6168,5831,-664,-225,889
6161,6168,5831,-664,-225,889
6161,6168,5831,-664,-225,889
6161,6168,5831,-664,-225,889
6161,6168,5831,-664,-225,889
6161,6168,5831,-664,-225,889
6161,6168,5831,-664,-225,889
6161,6168,5831,-664,-225,889
6161,6168,5831,-664,-225,889
6161,6168,5831,-664,-225,889
6161,6168,5831,-664,-225,889
6161,6168,5831,-664,-225,889
6161,6168,5831,-664,-225,889
6161,6168,5831,-664,-225,889
6161,6168,5831,-664,-225,889
6161,6168,5831,-664,-225,889
6161,6168,5831,-664,-225,889
6161,6168,5831,-664,-225,889
6161,6168,5831,-664,-225,889
6161,6168,5831,-664,-225,889
6161,6168,5831,-664,-225,889
6161,6168,5831,-664,-225,889
6161,6168,5831,-664,-225,889
6161,6168,5831,-664,-225,889
6161,6168,5831,-664,-225,889
6161,6168,5831,-664,-225,889
6161,6168,5831,-664,-225,889
6161,6168,5831,-664,-225,889
6161,6168,5831,-664,-225,889
6161,6168,5831,-664,-225,889
6161,6168,5831,-664,-225,889
6161,6168,5831,-664,-225,889
6161,6168,5831,-664,-225,889
6161,6168,5831,-664,-225,889
6161,6168,5831,-664,-225,889
6161,6168,5831,-664,-225,889
6161,6168,5831,-664,-225,889
6161,6168,5831,-664,-225,889
6161,6168,5831,-664,-225,889
6161,6168,5831,-664,-225,889
6161,6168,5831,-664,-225,889
6161,6168,5831,-664,-225,889
6161,6168,5831,-664,-225,889
6161,6168,5831,-664,-225,889
6161,6168,5831,-664,-225,889
6161,6168,5831,-664,-225,889
6161,6168,5831,-664,-225,889
6161,6168,5831,-664,-225,889
6161,6168,5831,-664,-225,889
6161,6168,5831,-664,-225,889
6161,6168,5831,-664,-225,889
6161,6168,5831,-664,-225,889
6161,6168,5831,-664,-225,889
6161,6168,5831,-664,-225,889
6161,6168,5831,-664,-225,889
6161,6168,5831,-664,-225,889
6161,6168,5831,-664,-225,889
6161,6168,5831,-664,-225,889
6161,6168,5831,-664,-225,889
6161,6168,5831,-664,-225,889
6161,6168,5831,-664,-225,889
6161,6168,5831,-664,-225,889
6161,6168,5831,-664,-225,889
6161,6168,5831,-664,-225,889
6161,6168,5831,-664,-225,889
6161,6168,5831,-664,-225,889
6161,6168,5831,-664,-225,889
6161,6168,5831,-664,-225,889
6161,6168,5831,-664,-225,889
6161,6168,5831,-664,-225,889
6161,6168,5831,-664,-225,889
6161,6168,5831,-664,-225,889
6161,6168,5831,-664,-225,889
6161,6168,5831,-664,-225,889
6161,6168,5831,-664,-225,889
6161,6168,5831,-664,-225,889
6161,6168,5831,-664,-225,889
6161,6168,5831,-664,-225,889
6161,6168,5831,-664,-225,889
6161,6168,5831,-664,-225,889
6161,6168,5831,-664,-225,889
6161,6168,5831,-664,-225,889
6161,6168,5831,-664,-225,889
6161,6168,5831,-664,-225,889
6161,6168,5831,-664,-225,889
6161,6168,5831,-664,-225,889
6161,6168,5831,-664,-225,889
6161,6168,5831,-664,-225,889
6161,6168,5831,-664,-225,889
6161,6168,5831,-664,-225,889
6161,6168,5831,-664,-225,889
6161,6168,5831,-664,-225,889
6161,6168,5831,-664,-225,889
6161,6168,5831,-664,-225,889
6161,6168,5831,-664,-225,889
6161,6168,5831,-664,-225,889
6161,6168,5831,-664,-225,889
6161,6168,5831,-664,-225,889
6161,6168,5831,-664,-225,889
6161,6168,5831,-664,-225,889
6161,6168,5831,-664,-225,889
6161,6168,5831,-664,-225,889
6161,6168,5831,-664,-225,889
6161,6168,5831,-664,-225,889
6161,6168,5831,-664,-225,889
6161,6168,5831,-664,-225,889
6161,6168,5831,-664,-225,889
6161,6168,5831,-664,-225,889
6161,6168,5831,-664,-225,889
6161,6168,5831,-664,-225,889
6161,6168,5831,-664,-225,889
6161,6168,5831,-664,-225,889
6161,6168,5831,-664,-225,889
6161,6168,5831,-664,-225,889
6161,6168,5831,-664,-225,889
6161,6168,5831,-664,-225,889
6161,6168,5831,-664,-225,889
6161,6168,5831,-664,-225,889
6161,6168,5831,-664,-225,889
6161,6168,5831,-664,-225,889
6161,6168,5831,-664,-225,889
6161,6168,5831,-664,-225,889
6161,6168,5831,-664,-225,889
6161,6168,5831,-664,-225,889
6161,6168,5831,-664,-225,889
6161,6168,5831,-664,-225,889
6161,6168,5831,-664,-225,889
6161,6168,5831,-664,-225,889
6161,6168,5831,-664,-225,889
6161,6168,5831,-664,-225,889
6161,6168,5831,-664,-225,889
6161,6168,5831,-664,-225,889
6161,6168,5831,-664,-225,889
6161,6168,5831,-664,-225,889
6161,6168,5831,-664,-225,889
6161,6168,5831,-664,-225,889
6161,6168,5831,-664,-225,889
6161,6168,5831,-664,-225,889
6161,6168,5831,-664,-225,889
6161,6168,5831,-664,-225,889
6161,6168,5831,-664,-225,889
6161,6168,5831,-664,-225,889
6161,6168,5831,-664,-225,889
6161,6168,5831,-664,-225,889
6161,6168,5831,-664,-225,889
6161,6168,5831,-664,-225,889
6161,6168,5831,-664,-225,889
6161,6168,5831,-664,-225,889
6161,6168,5831,-664,-225,889
6161,6168,5831,-664,-225,889
6161,6168,5831,-664,-225,889
6161,6168,5831,-664,-225,889
6161,6168,5831,-664,-225,889
6161,6168,5831,-664,-225,889
6161,6168,5831,-664,-225,889
6161,6168,5831,-664,-225,889
6161,6168,5831,-664,-225,889
6161,6168,5831,-664,-225,889
6161,6168,5831,-664,-225,889
6161,6168,5831,-664,-225,889
6161,6168,5831,-664,-225,889
6161,6168,5831,-664,-225,889
6161,6168,5831,-664,-225,889
6161,6168,5831,-664,-225,889
6161,6168,5831,-664,-225,889
6161,6168,5831,-664,-225,889
6161,6168,5831,-664,-225,889
6161,6168,5831,-664,-225,889
6161,6168,5831,-664,-225,889
6161,6168,5831,-664,-225,889
6161,6168,5831,-664,-225,889
6161,6168,5831,-664,-225,889
6161,6168,5831,-664,-225,889
6161,6168,5831,-664,-225,889
6161,6168,5831,-664,-225,889
6161,6168,5831,-664,-225,889
6161,6168,5831,-664,-225,889
6161,6168,5831,-664,-225,889
6161,6168,5831,-664,-225,889
6161,6168,5831,-664,-225,889
6161,6168,5831,-664,-225,889
6161,6168,5831,-664,-225,889
6161,6168,5831,-664,-225,889
6161,6168,5831,-664,-225,889
6161,6168,5831,-664,-225,889
6161,6168,5831,-664,-225,889
6161,6168,5831,-664,-225,889
6161,6168,5831,-664,-225,889
6161,6168,5831,-664,-225,889
6161,6168,5831,-664,-225,889
6161,6168,5831,-664,-225,889
6161,6168,5831,-664,-225,889
6161,6168,5831,-664,-225,889
6161,6168,5831,-664,-225,889
6161,6168,5831,-664,-225,889
6161,6168,5831,-664,-225,889
6161,6168,5831,-664,-225,889
6161,6168,5831,-664,-225,889
6161,6168,5831,-664,-225,889
6161,6168,5831,-664,-225,889
6161,6168,5831,-664,-225,889
6161,6168,5831,-664,-225,889
6161,6168,5831,-664,-225,889
6161,6168,5831,-664,-225,889
6161,6168,5831,-664,-225,889
6161,6168,5831,-664,-225,889
6161,6168,5831,-664,-225,889
6161,6168,5831,-664,-225,889
6161,6168,5831,-664,-225,889
6161,6168,5831,-664,-225,889
6161,6168,5831,-664,-225,889
6161,6168,5831,-664,-225,889
6161,6168,5831,-664,-225,889
6161,6168,5831,-664,-225,889
6161,6168,5831,-664,-225,889
6161,6168,5831,-664,-225,889
6161,6168,5831,-664,-225,889
6161,6168,5831,-664,-225,889
6161,6168,5831,-664,-225,889
6161,6168,5831,-664,-225,889
6161,6168,5831,-664,-225,889
6161,6168,5831,-664,-225,889
6161,6168,5831,-664,-225,889
6161,6168,5831,-664,-225,889
6161,6168,5831,-664,-225,889
6161,6168,5831,-664,-225,889
6161,6168,5831,-664,-225,889
6161,6168,5831,-664,-225,889
6161,6168,5831,-664,-225,889
6161,6168,5831,-664,-225,889
6161,6168,5831,-664,-225,889
6161,6168,5831,-664,-225,889
6161,6168,5831,-664,-225,889
6161,6168,5831,-664,-225,889
6161,6168,5831,-664,-225,889
6161,6168,5831,-664,-225,889
6161,6168,5831,-664,-225,889
6161,6168,5831,-664,-225,889
6161,6168,5831,-664,-225,889
6161,6168,5831,-664,-225,889
6161,6168,5831,-664,-225,889
6161,6168,5831,-664,-225,889
6161,6168,5831,-664,-225,889
6161,6168,5831,-664,-225,889
6161,6168,5831,-664,-225,889
6161,6168,5831,-664,-225,889
6161,6168,5831,-664,-225,889
6161,6168,5831,-664,-225,889
6161,6168,5831,-664,-225,889
6161,6168,5831,-664,-225,889
6161,6168,5831,-664,-225,889
6161,6168,5831,-664,-225,889
6161,6168,5831,-664,-225,889
6161,6168,5831,-664,-225,889
6161,6168,5831,-664,-225,889
6161,6168,5831,-664,-225,889
6161,6168,5831,-664,-225,889
6161,6168,5831,-664,-225,889
6161,6168,5831,-664,-225,889
6161,6168,5831,-664,-225,889
6161,6168,5831,-664,-225,889
6161,6168,5831,-664,-225,889
6161,6168,5831,-664,-225,889
6161,6168,5831,-664,-225,889
6161,6168,5831,-664,-225,889
6161,6168,5831,-664,-225,889
6161,6168,5831,-664,-225,889
6161,6168,5831,-664,-225,889
6161,6168,5831,-664,-225,889
6161,6168,5831,-664,-225,889
6161,6168,5831,-664,-225,889
6161,6168,5831,-664,-225,889
6161,6168,5831,-664,-225,889
6161,6168,5831,-664,-225,889
6161,6168,5831,-664,-225,889
6161,6168,5831,-664,-225,889
6161,6168,5831,-664,-225,889
6161,6168,5831,-664,-225,889
6161,6168,5831,-664,-225,889
6161,6168,5831,-664,-225,889
6161,6168,5831,-664,-225,889
6161,6168,5831,-664,-225,889
6161,6168,5831,-664,-225,889
6161,6168,5831,-664,-225,889
6161,6168,5831,-664,-225,889
6161,6168,5831,-664,-225,889
6161,6168,5831,-664,-225,889
6161,6168,5831,-664,-225,889
6161,6168,5831,-664,-225,889
6161,6168,5831,-664,-225,889
6161,6168,5831,-664,-225,889
6161,6168,5831,-664,-225,889
6161,6168,5831,-664,-225,889
6161,6168,5831,-664,-225,889
6161,6168,5831,-664,-225,889
6161,6168,5831,-664,-225,889
6161,6168,5831,-664,-225,889
6161,6168,5831,-664,-225,889
6161,6168,5831,-664,-225,889
6161,6168,5831,-664,-225,889
6161,6168,5831,-664,-225,889
6161,6168,5831,-664,-225,889
6161,6168,5831,-664,-225,889
6161,6168,5831,-664,-225,889
6161,6168,5831,-664,-225,889
6161,6168,5831,-664,-225,889
6161,6168,5831,-664,-225,889
6161,6168,5831,-664,-225,889
6161,6168,5831,-664,-225,889
6161,6168,5831,-664,-225,889
6161,6168,5831,-664,-225,889
6161,6168,5831,-664,-225,889
6161,6168,5831,-664,-225,889
6161,6168,5831,-664,-225,889
6161,6168,5831,-664,-225,889
6161,6168,5831,-664,-225,889
6161,6168,5831,-664,-225,889
6161,6168,5831,-664,-225,889
6161,6168,5831,-664,-225,889
6161,6168,5831,-664,-225,889
6161,6168,5831,-664,-225,889
6161,6168,5831,-664,-225,889
6161,6168,5831,-664,-225,889
6161,6168,5831,-664,-225,889
6161,6168,5831,-664,-225,889
6161,6168,5831,-664,-225,889
6161,6168,5831,-664,-225,889
6161,6168,5831,-664,-225,889
6161,6168,5831,-664,-225,889
6161,6168,5831,-664,-225,889
6161,6168,5831,-664,-225,889
6161,6168,5831,-664,-225,889
6161,6168,5831,-664,-225,889
6161,6168,5831,-664,-225,889
6161,6168,5831,-664,-225,889
6161,6168,5831,-664,-225,889
6161,6168,5831,-664,-225,889
6161,6168,5831,-664,-225,889
6161,6168,5831,-664,-225,889
6161,6168,5831,-664,-225,889
6161,6168,5831,-664,-225,889
6161,6168,5831,-664,-225,889
6161,6168,5831,-664,-225,889
6161,6168,5831,-664,-225,889
6161,6168,5831,-664,-225,889
6161,6168,5831,-664,-225,889
6161,6168,5831,-664,-225,889
6161,6168,5831,-664,-225,889
6161,6168,5831,-664,-225,889
6161,6168,5831,-664,-225,889
6161,6168,5831,-664,-225,889
6161,6168,5831,-664,-225,889
6161,6168,5831,-664,-225,889
6161,6168,5831,-664,-225,889
6161,6168,5831,-664,-225,889
6161,6168,5831,-664,-225,889
6161,6168,5831,-664,-225,889
6161,6168,5831,-664,-225,889
6161,6168,5831,-664,-225,889
6161,6168,5831,-664,-225,889
6161,6168,5831,-664,-225,889
6161,6168,5831,-664,-225,889
6161,6168,5831,-664,-225,889
6161,6168,5831,-664,-225,889
6161,6168,5831,-664,-225,889
6161,6168,5831,-664,-225,889
6161,6168,5831,-664,-225,889
6161,6168,5831,-664,-225,889
6161,6168,5831,-664,-225,889
6161,6168,5831,-664,-225,889
6161,6168,5831,-664,-225,889
6161,6168,5831,-664,-225,889
6161,6168,5831,-664,-225,889
6161,6168,5831,-664,-225,889
6161,6168,5831,-664,-225,889
6161,6168,5831,-664,-225,889
6161,6168,5831,-664,-225,889
6161,6168,5831,-664,-225,889
6161,6168,5831,-664,-225,889
6161,6168,5831,-664,-225,889
6161,6168,5831,-664,-225,889
6161,6168,5831,-664,-225,889
6161,6168,5831,-664,-225,889
6161,6168,5831,-664,-225,889
6161,6168,5831,-664,-225,889
6161,6168,5831,-664,-225,889
6161,6168,5831,-664,-225,889
6161,6168,5831,-664,-225,889
6161,6168,5831,-664,-225,889
6161,6168,5831,-664,-225,889
6161,6168,5831,-664,-225,889
6161,6168,5831,-664,-225,889
6161,6168,5831,-664,-225,889
6161,6168,5831,-664,-225,889
6161,6168,5831,-664,-225,889
6161,6168,5831,-664,-225,889
6161,6168,5831,-664,-225,889
6161,6168,5831,-664,-225,889
6161,6168,5831,-664,-225,889
6161,6168,5831,-664,-225,889
6161,6168,5831,-664,-225,889
6161,6168,5831,-664,-225,889
6161,6168,5831,-664,-225,889
6161,6168,5831,-664,-225,889
6161,6168,5831,-664,-225,889
6161,6168,5831,-664,-225,889
6161,6168,5831,-664,-225,889
6161,6168,5831,-664,-225,889
6161,6168,5831,-664,-225,889
6161,6168,5831,-664,-225,889
6161,6168,5831,-664,-225,889
6161,6168,5831,-664,-225,889
6161,6168,5831,-664,-225,889
6161,6168,5831,-664,-225,889
6161,6168,5831,-664,-225,889
6161,6168,5831,-664,-225,889
6161,6168,5831,-664,-225,889
6161,6168,5831,-664,-225,889
6161,6168,5831,-664,-225,889
6161,6168,5831,-664,-225,889
6161,6168,5831,-664,-225,889
6161,6168,5831,-664,-225,889
6161,6168,5831,-664,-225,889
6161,6168,5831,-664,-225,889
6161,6168,5831,-664,-225,889
6161,6168,5831,-664,-225,889
6161,6168,5831,-664,-225,889
6161,6168,5831,-664,-225,889
6161,6168,5831,-664,-225,889
6161,6168,5831,-664,-225,889
6161,6168,5831,-664,-225,889
6161,6168,5831,-664,-225,889
6161,6168,5831,-664,-225,889
6161,6168,5831,-664,-225,889
6161,6168,5831,-664,-225,889
6161,6168,5831,-664,-225,889
6161,6168,5831,-664,-225,889
6161,6168,5831,-664,-225,889
6161,6168,5831,-664,-225,889
6161,6168,5831,-664,-225,889
6161,6168,5831,-664,-225,889
6161,6168,5831,-664,-225,889
6161,6168,5831,-664,-225,889
6161,6168,5831,-664,-225,889
6161,6168,5831,-664,-225,889
6161,6168,5831,-664,-225,889
6161,6168,5831,-664,-225,889
6161,6168,5831,-664,-225,889
6161,6168,5831,-664,-225,889
6161,6168,5831,-664,-225,889
6161,6168,5831,-664,-225,889
6161,6168,5831,-664,-225,889
6161,6168,5831,-664,-225,889
6161,6168,5831,-664,-225,889
6161,6168,5831,-664,-225,889
6161,6168,5831,-664,-225,889
6161,6168,5831,-664,-225,889
6161,6168,5831,-664,-225,889
6161,6168,5831,-664,-225,889
6161,6168,5831,-664,-225,889
6161,6168,5831,-664,-225,889
6161,6168,5831,-664,-225,889
6161,6168,5831,-664,-225,889
6161,6168,5831,-664,-225,889
6161,6168,5831,-664,-225,889
6161,6168,5831,-664,-225,889
6161,6168,5831,-664,-225,889
6161,6168,5831,-664,-225,889
6161,6168,5831,-664,-225,889
6161,6168,5831,-664,-225,889
6161,6168,5831,-664,-225,889
6161,6168,5831,-664,-225,889
6161,6168,5831,-664,-225,889
6161,6168,5831,-664,-225,889
6161,6168,5831,-664,-225,889
6161,6168,5831,-664,-225,889
6161,6168,5831,-664,-225,889
6161,6168,5831,-664,-225,889
6161,6168,5831,-664,-225,889
6161,6168,5831,-664,-225,889
6161,6168,5831,-664,-225,889
6161,6168,5831,-664,-225,889
6161,6168,5831,-664,-225,889
6161,6168,5831,-664,-225,889
6161,6168,5831,-664,-225,889
6161,6168,5831,-664,-225,889
6161,6168,5831,-664,-225,889
6161,6168,5831,-664,-225,889
6161,6168,5831,-664,-225,889
6161,6168,5831,-664,-225,889
6161,6168,5831,-664,-225,889
6161,6168,5831,-664,-225,889
6161,6168,5831,-664,-225,889
6161,6168,5831,-664,-225,889
6161,6168,5831,-664,-225,889
6161,6168,5831,-664,-225,889
6161,6168,5831,-664,-225,889
6161,6168,5831,-664,-225,889
6161,6168,5831,-664,-225,889
6161,6168,5831,-664,-225,889
6161,6168,5831,-664,-225,889
6161,6168,5831,-664,-225,889
6161,6168,5831,-664,-225,889
6161,6168,5831,-664,-225,889
6161,6168,5831,-664,-225,889
6161,6168,5831,-664,-225,889
6161,6168,5831,-664,-225,889
6161,6168,5831,-664,-225,889
6161,6168,5831,-664,-225,889
6161,6168,5831,-664,-225,889
6161,6168,5831,-664,-225,889
6161,6168,5831,-664,-225,889
6161,6168,5831,-664,-225,889
6161,6168,5831,-664,-225,889
6161,6168,5831,-664,-225,889
6161,6168,5831,-664,-225,889
6161,6168,5831,-664,-225,889
6161,6168,5831,-664,-225,889
6161,6168,5831,-664,-225,889
6161,6168,5831,-664,-225,889
6161,6168,5831,-664,-225,889
6161,6168,5831,-664,-225,889
6161,6168,5831,-664,-225,889
6161,6168,5831,-664,-225,889
6161,6168,5831,-664,-225,889
6161,6168,5831,-664,-225,889
6161,6168,5831,-664,-225,889
6161,6168,5831,-664,-225,889
6161,6168,5831,-664,-225,889
6161,6168,5831,-664,-225,889
6161,6168,5831,-664,-225,889
6161,6168,5831,-664,-225,889
6161,6168,5831,-664,-225,889
6161,6168,5831,-664,-225,889
6161,6168,5831,-664,-225,889
6161,6168,5831,-664,-225,889
6161,6168,5831,-664,-225,889
6161,6168,5831,-664,-225,889
6161,6168,5831,-664,-225,889
6161,6168,5831,-664,-225,889
6161,6168,5831,-664,-225,889
6161,6168,5831,-664,-225,889
6161,6168,5831,-664,-225,889
6161,6168,5831,-664,-225,889
6161,6168,5831,-664,-225,889
6161,6168,5831,-664,-225,889
6161,6168,5831,-664,-225,889
6161,6168,5831,-664,-225,889
6161,6168,5831,-664,-225,889
6161,6168,5831,-664,-225,889
6161,6168,5831,-664,-225,889
6161,6168,5831,-664,-225,889
6161,6168,5831,-664,-225,889
6161,6168,5831,-664,-225,889
6161,6168,5831,-664,-225,889
6161,6168,5831,-664,-225,889
6161,6168,5831,-664,-225,889
6161,6168,5831,-664,-225,889
6161,6168,5831,-664,-225,889
6161,6168,5831,-664,-225,889
6161,6168,5831,-664,-225,889
6161,6168,5831,-664,-225,889
6161,6168,5831,-664,-225,889
6161,6168,5831,-664,-225,889
6161,6168,5831,-664,-225,889
6161,6168,5831,-664,-225,889
6161,6168,5831,-664,-225,889
6161,6168,5831,-664,-225,889
6161,6168,5831,-664,-225,889
6161,6168,5831,-664,-225,889
6161,6168,5831,-664,-225,889
6161,6168,5831,-664,-225,889
6161,6168,5831,-664,-225,889
6161,6168,5831,-664,-225,889
6161,6168,5831,-664,-225,889
6161,6168,5831,-664,-225,889
6161,6168,5831,-664,-225,889
6161,6168,5831,-664,-225,889
6161,6168,5831,-664,-225,889
6161,6168,5831,-664,-225,889
6161,6168,5831,-664,-225,889
6161,6168,5831,-664,-225,889
6161,6168,5831,-664,-225,889
6161,6168,5831,-664,-225,889
6161,6168,5831,-664,-225,889
6161,6168,5831,-664,-225,889
6161,6168,5831,-664,-225,889
6161,6168,5831,-664,-225,889
6161,6168,5831,-664,-225,889
6161,6168,5831,-664,-225,889
6161,6168,5831,-664,-225,889
6161,6168,5831,-664,-225,889
6161,6168,5831,-664,-225,889
6161,6168,5831,-664,-225,889
6161,6168,5831,-664,-225,889
6161,6168,5831,-664,-225,889
6161,6168,5831,-664,-225,889
6161,6168,5831,-664,-225,889
6161,6168,5831,-664,-225,889
6161,6168,5831,-664,-225,889
6161,6168,5831,-664,-225,889
6161,6168,5831,-664,-225,889
6161,6168,5831,-664,-225,889
6161,6168,5831,-664,-225,889
6161,6168,5831,-664,-225,889
6161,6168,5831,-664,-225,889
6161,6168,5831,-664,-225,889
6161,6168,5831,-664,-225,889
6161,6168,5831,-664,-225,889
6161,6168,5831,-664,-225,889
6161,6168,5831,-664,-225,889
6161,6168,5831,-664,-225,889
6161,6168,5831,-664,-225,889
6161,6168,5831,-664,-225,889
6161,6168,5831,-664,-225,889
6161,6168,5831,-664,-225,889
6161,6168,5831,-664,-225,889
6161,6168,5831,-664,-225,889
6161,6168,5831,-664,-225,889
6161,6168,5831,-664,-225,889
6161,6168,5831,-664,-225,889
6161,6168,5831,-664,-225,889
6161,6168,5831,-664,-225,889
6161,6168,5831,-664,-225,889
6161,6168,5831,-664,-225,889
6161,6168,5831,-664,-225,889
6161,6168,5831,-664,-225,889
6161,6168,5831,-664,-225,889
6161,6168,5831,-664,-225,889
6161,6168,5831,-664,-225,889
6161,6168,5831,-664,-225,889
6161,6168,5831,-664,-225,889
6161,6168,5831,-664,-225,889
6161,6168,5831,-664,-225,889
6161,6168,5831,-664,-225,889
6161,6168,5831,-664,-225,889
6161,6168,5831,-664,-225,889
6161,6168,5831,-664,-225,889
6161,6168,5831,-664,-225,889
6161,6168,5831,-664,-225,889
6161,6168,5831,-664,-225,889
6161,6168,5831,-664,-225,889
6161,6168,5831,-664,-225,889
6161,6168,5831,-664,-225,889
6161,6168,5831,-664,-225,889
6161,6168,5831,-664,-225,889
6161,6168,5831,-664,-225,889
6161,6168,5831,-664,-225,889
6161,6168,5831,-664,-225,889
6161,6168,5831,-664,-225,889
6161,6168,5831,-664,-225,889
6161,6168,5831,-664,-225,889
6161,6168,5831,-664,-225,889
6161,6168,5831,-664,-225,889
6161,6168,5831,-664,-225,889
6161,6168,5831,-664,-225,889
6161,6168,5831,-664,-225,889
6161,6168,5831,-664,-225,889
6161,6168,5831,-664,-225,889
6161,6168,5831,-664,-225,889
6161,6168,5831,-664,-225,889
6161,6168,5831,-664,-225,889
6161,6168,5831,-664,-225,889
6161,6168,5831,-664,-225,889
6161,6168,5831,-664,-225,889
6161,6168,5831,-664,-225,889
6161,6168,5831,-664,-225,889
6161,6168,5831,-664,-225,889
6161,6168,5831,-664,-225,889
6161,6168,5831,-664,-225,889
6161,6168,5831,-664,-225,889
6161,6168,5831,-664,-225,889
6161,6168,5831,-664,-225,889
6161,6168,5831,-664,-225,889
6161,6168,5831,-664,-225,889
6161,6168,5831,-664,-225,889
6161,6168,5831,-664,-225,889
6161,6168,5831,-664,-225,889
6161,6168,5831,-664,-225,889
6161,6168,5831,-664,-225,889
6161,6168,5831,-664,-225,889
6161,6168,5831,-664,-225,889
6161,6168,5831,-664,-225,889
6161,6168,5831,-664,-225,889
6161,6168,5831,-664,-225,889
6161,6168,5831,-664,-225,889
6161,6168,5831,-664,-225,889
6161,6168,5831,-664,-225,889
6161,6168,5831,-664,-225,889
6161,6168,5831,-664,-225,889
6161,6168,5831,-664,-225,889
6161,6168,5831,-664,-225,889
6161,6168,5831,-664,-225,889
6161,6168,5831,-664,-225,889
6161,6168,5831,-664,-225,889
6161,6168,5831,-664,-225,889
6161,6168,5831,-664,-225,889
6161,6168,5831,-664,-225,889
6161,6168,5831,-664,-225,889
6161,6168,5831,-664,-225,889
6161,6168,5831,-664,-225,889
6161,6168,5831,-664,-225,889
6161,6168,5831,-664,-225,889
6161,6168,5831,-664,-225,889
6161,6168,5831,-664,-225,889
6161,6168,5831,-664,-225,889
6161,6168,5831,-664,-225,889
6161,6168,5831,-664,-225,889
6161,6168,5831,-664,-225,889
6161,6168,5831,-664,-225,889
6161,6168,5831,-664,-225,889
6161,6168,5831,-664,-225,889
6161,6168,5831,-664,-225,889
6161,6168,5831,-664,-225,889
6161,6168,5831,-664,-225,889
6161,6168,5831,-664,-225,889
6161,6168,5831,-664,-225,889
6161,6168,5831,-664,-225,889
6161,6168,5831,-664,-225,889
6161,6168,5831,-664,-225,889
6161,6168,5831,-664,-225,889
6161,6168,5831,-664,-225,889
6161,6168,5831,-664,-225,889
6161,6168,5831,-664,-225,889
6161,6168,5831,-664,-225,889
6161,6168,5831,-664,-225,889
6161,6168,5831,-664,-225,889
6161,6168,5831,-664,-225,889
6161,6168,5831,-664,-225,889
6161,6168,5831,-664,-225,889
6161,6168,5831,-664,-225,889
6161,6168,5831,-664,-225,889
6161,6168,5831,-664,-225,889
6161,6168,5831,-664,-225,889
6161,6168,5831,-664,-225,889
6161,6168,5831,-664,-225,889
6161,6168,5831,-664,-225,889
6161,6168,5831,-664,-225,889
6161,6168,5831,-664,-225,889
6161,6168,5831,-664,-225,889
6161,6168,5831,-664,-225,889
6161,6168,5831,-664,-225,889
6161,6168,5831,-664,-225,889
6161,6168,5831,-664,-225,889
6161,6168,5831,-664,-225,889
6161,6168,5831,-664,-225,889
6161,6168,5831,-664,-225,889
6161,6168,5831,-664,-225,889
6161,6168,5831,-664,-225,889
6161,6168,5831,-664,-225,889
6161,6168,5831,-664,-225,889
6161,6168,5831,-664,-225,889
6161,6168,5831,-664,-225,889
6161,6168,5831,-664,-225,889
6161,6168,5831,-664,-225,889
6161,6168,5831,-664,-225,889
6161,6168,5831,-664,-225,889
6161,6168,5831,-664,-225,889
6161,6168,5831,-664,-225,889
6161,6168,5831,-664,-225,889
6161,6168,5831,-664,-225,889
6161,6168,5831,-664,-225,889
6161,6168,5831,-664,-225,889
6161,6168,5831,-664,-225,889
6161,6168,5831,-664,-225,889
6161,6168,5831,-664,-225,889
6161,6168,5831,-664,-225,889
6161,6168,5831,-664,-225,889
6161,6168,5831,-664,-225,889
6161,6168,5831,-664,-225,889
6161,6168,5831,-664,-225,889
6161,6168,5831,-664,-225,889
6161,6168,5831,-664,-225,889
6161,6168,5831,-664,-225,889
6161,6168,5831,-664,-225,889
6161,6168,5831,-664,-225,889
6161,6168,5831,-664,-225,889
6161,6168,5831,-664,-225,889
6161,6168,5831,-664,-225,889
6161,6168,5831,-664,-225,889
6161,6168,5831,-664,-225,889
6161,6168,5831,-664,-225,889
6161,6168,5831,-664,-225,889
6161,6168,5831,-664,-225,889
6161,6168,5831,-664,-225,889
6161,6168,5831,-664,-225,889
6161,6168,5831,-664,-225,889
6161,6168,5831,-664,-225,889
6161,6168,5831,-664,-225,889
6161,6168,5831,-664,-225,889
6161,6168,5831,-664,-225,889
6161,6168,5831,-664,-225,889
6161,6168,5831,-664,-225,889
6161,6168,5831,-664,-225,889
6161,6168,5831,-664,-225,889
6161,6168,5831,-664,-225,889
6161,6168,5831,-664,-225,889
6161,6168,5831,-664,-225,889
6161,6168,5831,-664,-225,889
6161,6168,5831,-664,-225,889
6161,6168,5831,-664,-225,889
6161,6168,5831,-664,-225,889
6161,6168,5831,-664,-225,889
6161,6168,5831,-664,-225,889
6161,6168,5831,-664,-225,889
6161,6168,5831,-664,-225,889
6161,6168,5831,-664,-225,889
6161,6168,5831,-664,-225,889
6161,6168,5831,-664,-225,889
6161,6168,5831,-664,-225,889
6161,6168,5831,-664,-225,889
6161,6168,5831,-664,-225,889
6161,6168,5831,-664,-225,889
6161,6168,5831,-664,-225,889
6161,6168,5831,-664,-225,889
6161,6168,5831,-664,-225,889
6161,6168,5831,-664,-225,889
6161,6168,5831,-664,-225,889
6161,6168,5831,-664,-225,889
6161,6168,5831,-664,-225,889
6161,6168,5831,-664,-225,889
6161,6168,5831,-664,-225,889
6161,6168,5831,-664,-225,889
6161,6168,5831,-664,-225,889
6161,6168,5831,-664,-225,889
6161,6168,5831,-664,-225,889
6161,6168,5831,-664,-225,889
6161,6168,5831,-664,-225,889
6161,6168,5831,-664,-225,889
6161,6168,5831,-664,-225,889
6161,6168,5831,-664,-225,889
6161,6168,5831,-664,-225,889
6161,6168,5831,-664,-225,889
6161,6168,5831,-664,-225,889
6161,6168,5831,-664,-225,889
6161,6168,5831,-664,-225,889
6161,6168,5831,-664,-225,889
6161,6168,5831,-664,-225,889
6161,6168,5831,-664,-225,889
6161,6168,5831,-664,-225,889
6161,6168,5831,-664,-225,889
6161,6168,5831,-664,-225,889
6161,6168,5831,-664,-225,889
6161,6168,5831,-664,-225,889
6161,6168,5831,-664,-225,889
6161,6168,5831,-664,-225,889
6161,6168,5831,-664,-225,889
6161,6168,5831,-664,-225,889
6161,6168,5831,-664,-225,889
6161,6168,5831,-664,-225,889
6161,6168,5831,-664,-225,889
6161,6168,5831,-664,-225,889
6161,6168,5831,-664,-225,889
6161,6168,5831,-664,-225,889
6161,6168,5831,-664,-225,889
6161,6168,5831,-664,-225,889
6161,6168,5831,-664,-225,889
6161,6168,5831,-664,-225,889
6161,6168,5831,-664,-225,889
6161,6168,5831,-664,-225,889
6161,6168,5831,-664,-225,889
6161,6168,5831,-664,-225,889
6161,6168,5831,-664,-225,889
6161,6168,5831,-664,-225,889
6161,6168,5831,-664,-225,889
6161,6168,5831,-664,-225,889
6161,6168,5831,-664,-225,889
6161,6168,5831,-664,-225,889
6161,6168,5831,-664,-225,889
6161,6168,5831,-664,-225,889
6161,6168,5831,-664,-225,889
6161,6168,5831,-664,-225,889
6161,6168,5831,-664,-225,889
6161,6168,5831,-664,-225,889
6161,6168,5831,-664,-225,889
6161,6168,5831,-664,-225,889
6161,6168,5831,-664,-225,889
6161,6168,5831,-664,-225,889
6161,6168,5831,-664,-225,889
6161,6168,5831,-664,-225,889
6161,6168,5831,-664,-225,889
6161,6168,5831,-664,-225,889
6161,6168,5831,-664,-225,889
6161,6168,5831,-664,-225,889
6161,6168,5831,-664,-225,889
6161,6168,5831,-664,-225,889
6161,6168,5831,-664,-225,889
6161,6168,5831,-664,-225,889
6161,6168,5831,-664,-225,889
6161,6168,5831,-664,-225,889
6161,6168,5831,-664,-225,889
6161,6168,5831,-664,-225,889
6161,6168,5831,-664,-225,889
6161,6168,5831,-664,-225,889
6161,6168,5831,-664,-225,889
6161,6168,5831,-664,-225,889
6161,6168,5831,-664,-225,889
6161,6168,5831,-664,-225,889
6161,6168,5831,-664,-225,889
6161,6168,5831,-664,-225,889
6161,6168,5831,-664,-225,889
6161,6168,5831,-664,-225,889
6161,6168,5831,-664,-225,889
6161,6168,5831,-664,-225,889
6161,6168,5831,-664,-225,889
6161,6168,5831,-664,-225,889
6161,6168,5831,-664,-225,889
6161,6168,5831,-664,-225,889
6161,6168,5831,-664,-225,889
6161,6168,5831,-664,-225,889
6161,6168,5831,-664,-225,889
6161,6168,5831,-664,-225,889
6161,6168,5831,-664,-225,889
6161,6168,5831,-664,-225,889
6161,6168,5831,-664,-225,889
6161,6168,5831,-664,-225,889
6161,6168,5831,-664,-225,889
6161,6168,5831,-664,-225,889
6161,6168,5831,-664,-225,889
6161,6168,5831,-664,-225,889
6161,6168,5831,-664,-225,889
6161,6168,5831,-664,-225,889
6161,6168,5831,-664,-225,889
6161,6168,5831,-664,-225,889
6161,6168,5831,-664,-225,889
6161,6168,5831,-664,-225,889
6161,6168,5831,-664,-225,889
6161,6168,5831,-664,-225,889
6161,6168,5831,-664,-225,889
6161,6168,5831,-664,-225,889
6161,6168,5831,-664,-225,889
6161,6168,5831,-664,-225,889
6161,6168,5831,-664,-225,889
6161,6168,5831,-664,-225,889
6161,6168,5831,-664,-225,889
6161,6168,5831,-664,-225,889
6161,6168,5831,-664,-225,889
6161,6168,5831,-664,-225,889
6161,6168,5831,-664,-225,889
6161,6168,5831,-664,-225,889
6161,6168,5831,-664,-225,889
6161,6168,5831,-664,-225,889
6161,6168,5831,-664,-225,889
6161,6168,5831,-664,-225,889
6161,6168,5831,-664,-225,889
6161,6168,5831,-664,-225,889
6161,6168,5831,-664,-225,889
6161,6168,5831,-664,-225,889
6161,6168,5831,-664,-225,889
6161,6168,5831,-664,-225,889
6161,6168,5831,-664,-225,889
6161,6168,5831,-664,-225,889
6161,6168,5831,-664,-225,889
6161,6168,5831,-664,-225,889
6161,6168,5831,-664,-225,889
6161,6168,5831,-664,-225,889
6161,6168,5831,-664,-225,889
6161,6168,5831,-664,-225,889
6161,6168,5831,-664,-225,889
6161,6168,5831,-664,-225,889
6161,6168,5831,-664,-225,889
6161,6168,5831,-664,-225,889
6161,6168,5831,-664,-225,889
6161,6168,5831,-664,-225,889
6161,6168,5831,-664,-225,889
6161,6168,5831,-664,-225,889
6161,6168,5831,-664,-225,889
6161,6168,5831,-664,-225,889
6161,6168,5831,-664,-225,889
6161,6168,5831,-664,-225,889
6161,6168,5831,-664,-225,889
6161,6168,5831,-664,-225,889
6161,6168,5831,-664,-225,889
6161,6168,5831,-664,-225,889
6161,6168,5831,-664,-225,889
6161,6168,5831,-664,-225,889
6161,6168,5831,-664,-225,889
6161,6168,5831,-664,-225,889
6161,6168,5831,-664,-225,889
6161,6168,5831,-664,-225,889
6161,6168,5831,-664,-225,889
6161,6168,5831,-664,-225,889
6161,6168,5831,-664,-225,889
6161,6168,5831,-664,-225,889
6161,6168,5831,-664,-225,889
6161,6168,5831,-664,-225,889
6161,6168,5831,-664,-225,889
6161,6168,5831,-664,-225,889
6161,6168,5831,-664,-225,889
6161,6168,5831,-664,-225,889
6161,6168,5831,-664,-225,889
6161,6168,5831,-664,-225,889
6161,6168,5831,-664,-225,889
6161,6168,5831,-664,-225,889
6161,6168,5831,-664,-225,889
6161,6168,5831,-664,-225,889
6161,6168,5831,-664,-225,889
6161,6168,5831,-664,-225,889
6161,6168,5831,-664,-225,889
6161,6168,5831,-664,-225,889
6161,6168,5831,-664,-225,889
6161,6168,5831,-664,-225,889
6161,6168,5831,-664,-225,889
6161,6168,5831,-664,-225,889
6161,6168,5831,-664,-225,889
6161,6168,5831,-664,-225,889
6161,6168,5831,-664,-225,889
6161,6168,5831,-664,-225,889
6161,6168,5831,-664,-225,889
6161,6168,5831,-664,-225,889
6161,6168,5831,-664,-225,889
6161,6168,5831,-664,-225,889
6161,6168,5831,-664,-225,889
6161,6168,5831,-664,-225,889
6161,6168,5831,-664,-225,889
6161,6168,5831,-664,-225,889
6161,6168,5831,-664,-225,889
6161,6168,5831,-664,-225,889
6161,6168,5831,-664,-225,889
6161,6168,5831,-664,-225,889
6161,6168,5831,-664,-225,889
6161,6168,5831,-664,-225,889
6161,6168,5831,-664,-225,889
6161,6168,5831,-664,-225,889
6161,6168,5831,-664,-225,889
6161,6168,5831,-664,-225,889
6161,6168,5831,-664,-225,889
6161,6168,5831,-664,-225,889
6161,6168,5831,-664,-225,889
6161,6168,5831,-664,-225,889
6161,6168,5831,-664,-225,889
6161,6168,5831,-664,-225,889
6161,6168,5831,-664,-225,889
6161,6168,5831,-664,-225,889
6161,6168,5831,-664,-225,889
6161,6168,5831,-664,-225,889
6161,6168,5831,-664,-225,889
6161,6168,5831,-664,-225,889
6161,6168,5831,-664,-225,889
6161,6168,5831,-664,-225,889
6161,6168,5831,-664,-225,889
6161,6168,5831,-664,-225,889
6161,6168,5831,-664,-225,889
6161,6168,5831,-664,-225,889
6161,6168,5831,-664,-225,889
6161,6168,5831,-664,-225,889
6161,6168,5831,-664,-225,889
6161,6168,5831,-664,-225,889
6161,6168,5831,-664,-225,889
6161,6168,5831,-664,-225,889
6161,6168,5831,-664,-225,889
6161,6168,5831,-664,-225,889
6161,6168,5831,-664,-225,889
6161,6168,5831,-664,-225,889
6161,6168,5831,-664,-225,889
6161,6168,5831,-664,-225,889
6161,6168,5831,-664,-225,889
6161,6168,5831,-664,-225,889
6161,6168,5831,-664,-225,889
6161,6168,5831,-664,-225,889
6161,6168,5831,-664,-225,889
6161,6168,5831,-664,-225,889
6161,6168,5831,-664,-225,889
6161,6168,5831,-664,-225,889
6161,6168,5831,-664,-225,889
6161,6168,5831,-664,-225,889
6161,6168,5831,-664,-225,889
6161,6168,5831,-664,-225,889
6161,6168,5831,-664,-225,889
6161,6168,5831,-664,-225,889
6161,6168,5831,-664,-225,889
6161,6168,5831,-664,-225,889
6161,6168,5831,-664,-225,889
6161,6168,5831,-664,-225,889
6161,6168,5831,-664,-225,889
6161,6168,5831,-664,-225,889
6161,6168,5831,-664,-225,889
6161,6168,5831,-664,-225,889
6161,6168,5831,-664,-225,889
6161,6168,5831,-664,-225,889
6161,6168,5831,-664,-225,889
6161,6168,5831,-664,-225,889
6161,6168,5831,-664,-225,889
6161,6168,5831,-664,-225,889
6161,6168,5831,-664,-225,889
6161,6168,5831,-664,-225,889
6161,6168,5831,-664,-225,889
6161,6168,5831,-664,-225,889
6161,6168,5831,-664,-225,889
6161,6168,5831,-664,-225,889
6161,6168,5831,-664,-225,889
6161,6168,5831,-664,-225,889
6161,6168,5831,-664,-225,889
6161,6168,5831,-664,-225,889
6161,6168,5831,-664,-225,889
6161,6168,5831,-664,-225,889
6161,6168,5831,-664,-225,889
6161,6168,5831,-664,-225,889
6161,6168,5831,-664,-225,889
6161,6168,5831,-664,-225,889
6161,6168,5831,-664,-225,889
6161,6168,5831,-664,-225,889
6161,6168,5831,-664,-225,889
6161,6168,5831,-664,-225,889
6161,6168,5831,-664,-225,889
6161,6168,5831,-664,-225,889
6161,6168,5831,-664,-225,889
6161,6168,5831,-664,-225,889
6161,6168,5831,-664,-225,889
6161,6168,5831,-664,-225,889
6161,6168,5831,-664,-225,889
6161,6168,5831,-664,-225,889
6161,6168,5831,-664,-225,889
6161,6168,5831,-664,-225,889
6161,6168,5831,-664,-225,889
6161,6168,5831,-664,-225,889
6161,6168,5831,-664,-225,889
6161,6168,5831,-664,-225,889
6161,6168,5831,-664,-225,889
6161,6168,5831,-664,-225,889
6161,6168,5831,-664,-225,889
6161,6168,5831,-664,-225,889
6161,6168,5831,-664,-225,889
6161,6168,5831,-664,-225,889
6161,6168,5831,-664,-225,889
6161,6168,5831,-664,-225,889
6161,6168,5831,-664,-225,889
6161,6168,5831,-664,-225,889
6161,6168,5831,-664,-225,889
6161,6168,5831,-664,-225,889
6161,6168,5831,-664,-225,889
6161,6168,5831,-664,-225,889
6161,6168,5831,-664,-225,889
6161,6168,5831,-664,-225,889
6161,6168,5831,-664,-225,889
6161,6168,5831,-664,-225,889
6161,6168,5831,-664,-225,889
6161,6168,5831,-664,-225,889
6161,6168,5831,-664,-225,889
6161,6168,5831,-664,-225,889
6161,6168,5831,-664,-225,889
6161,6168,5831,-664,-225,889
6161,6168,5831,-664,-225,889
6161,6168,5831,-664,-225,889
6161,6168,5831,-664,-225,889
6161,6168,5831,-664,-225,889
6161,6168,5831,-664,-225,889
6161,6168,5831,-664,-225,889
6161,6168,5831,-664,-225,889
6161,6168,5831,-664,-225,889
6161,6168,5831,-664,-225,889
6161,6168,5831,-664,-225,889
6161,6168,5831,-664,-225,889
6161,6168,5831,-664,-225,889
6161,6168,5831,-664,-225,889
6161,6168,5831,-664,-225,889
6161,6168,5831,-664,-225,889
6161,6168,5831,-664,-225,889
6161,6168,5831,-664,-225,889
6161,6168,5831,-664,-225,889
6161,6168,5831,-664,-225,889
6161,6168,5831,-664,-225,889
6161,6168,5831,-664,-225,889
6161,6168,5831,-664,-225,889
6161,6168,5831,-664,-225,889
6161,6168,5831,-664,-225,889
6161,6168,5831,-664,-225,889
6161,6168,5831,-664,-225,889
6161,6168,5831,-664,-225,889
6161,6168,5831,-664,-225,889
6161,6168,5831,-664,-225,889
6161,6168,5831,-664,-225,889
6161,6168,5831,-664,-225,889
6161,6168,5831,-664,-225,889
6161,6168,5831,-664,-225,889
6161,6168,5831,-664,-225,889
6161,6168,5831,-664,-225,889
6161,6168,5831,-664,-225,889
6161,6168,5831,-664,-225,889
6161,6168,5831,-664,-225,889
6161,6168,5831,-664,-225,889
6161,6168,5831,-664,-225,889
6161,6168,5831,-664,-225,889
6161,6168,5831,-664,-225,889
6161,6168,5831,-664,-225,889
6161,6168,5831,-664,-225,889
6161,6168,5831,-664,-225,889
6161,6168,5831,-664,-225,889
6161,6168,5831,-664,-225,889
6161,6168,5831,-664,-225,889
6161,6168,5831,-664,-225,889
6161,6168,5831,-664,-225,889
6161,6168,5831,-664,-225,889
6161,6168,5831,-664,-225,889
6161,6168,5831,-664,-225,889
6161,6168,5831,-664,-225,889
6161,6168,5831,-664,-225,889
6161,6168,5831,-664,-225,889
6161,6168,5831,-664,-225,889
6161,6168,5831,-664,-225,889
6161,6168,5831,-664,-225,889
6161,6168,5831,-664,-225,889
6161,6168,5831,-664,-225,889
6161,6168,5831,-664,-225,889
6161,6168,5831,-664,-225,889
6161,6168,5831,-664,-225,889
6161,6168,5831,-664,-225,889
6161,6168,5831,-664,-225,889
6161,6168,5831,-664,-225,889
6161,6168,5831,-664,-225,889
6161,6168,5831,-664,-225,889
6161,6168,5831,-664,-225,889
6161,6168,5831,-664,-225,889
6161,6168,5831,-664,-225,889
6161,6168,5831,-664,-225,889
6161,6168,5831,-664,-225,889
6161,6168,5831,-664,-225,889
6161,6168,5831,-664,-225,889
6161,6168,5831,-664,-225,889
6161,6168,5831,-664,-225,889
6161,6168,5831,-664,-225,889
6161,6168,5831,-664,-225,889
6161,6168,5831,-664,-225,889
6161,6168,5831,-664,-225,889
6161,6168,5831,-664,-225,889
6161,6168,5831,-664,-225,889
6161,6168,5831,-664,-225,889
6161,6168,5831,-664,-225,889
6161,6168,5831,-664,-225,889
6161,6168,5831,-664,-225,889
6161,6168,5831,-664,-225,889
6161,6168,5831,-664,-225,889
6161,6168,5831,-664,-225,889
6161,6168,5831,-664,-225,889
6161,6168,5831,-664,-225,889
6161,6168,5831,-664,-225,889
6161,6168,5831,-664,-225,889
6161,6168,5831,-664,-225,889
6161,6168,5831,-664,-225,889
6161,6168,5831,-664,-225,889
6161,6168,5831,-664,-225,889
6161,6168,5831,-664,-225,889
6161,6168,5831,-664,-225,889
6161,6168,5831,-664,-225,889
6161,6168,5831,-664,-225,889
6161,6168,5831,-664,-225,889
6161,6168,5831,-664,-225,889
6161,6168,5831,-664,-225,889
6161,6168,5831,-664,-225,889
6161,6168,5831,-664,-225,889
6161,6168,5831,-664,-225,889
6161,6168,5831,-664,-225,889
6161,6168,5831,-664,-225,889
6161,6168,5831,-664,-225,889
6161,6168,5831,-664,-225,889
6161,6168,5831,-664,-225,889
6161,6168,5831,-664,-225,889
6161,6168,5831,-664,-225,889
6161,6168,5831,-664,-225,889
6161,6168,5831,-664,-225,889
6161,6168,5831,-664,-225,889
6161,6168,5831,-664,-225,889
6161,6168,5831,-664,-225,889
6161,6168,5831,-664,-225,889
6161,6168,5831,-664,-225,889
6161,6168,5831,-664,-225,889
6161,6168,5831,-664,-225,889
6161,6168,5831,-664,-225,889
6161,6168,5831,-664,-225,889
6161,6168,5831,-664,-225,889
6161,6168,5831,-664,-225,889
6161,6168,5831,-664,-225,889
6161,6168,5831,-664,-225,889
6161,6168,5831,-664,-225,889
6161,6168,5831,-664,-225,889
6161,6168,5831,-664,-225,889
6161,6168,5831,-664,-225,889
6161,6168,5831,-664,-225,889
6161,6168,5831,-664,-225,889
6161,6168,5831,-664,-225,889
6161,6168,5831,-664,-225,889
6161,6168,5831,-664,-225,889
6161,6168,5831,-664,-225,889
6161,6168,5831,-664,-225,889
6161,6168,5831,-664,-225,889
6161,6168,5831,-664,-225,889
6161,6168,5831,-664,-225,889
6161,6168,5831,-664,-225,889
6161,6168,5831,-664,-225,889
6161,6168,5831,-664,-225,889
6161,6168,5831,-664,-225,889
6161,6168,5831,-664,-225,889
6161,6168,5831,-664,-225,889
6161,6168,5831,-664,-225,889
6161,6168,5831,-664,-225,889
6161,6168,5831,-664,-225,889
6161,6168,5831,-664,-225,889
6161,6168,5831,-664,-225,889
6161,6168,5831,-664,-225,889
6161,6168,5831,-664,-225,889
6161,6168,5831,-664,-225,889
6161,6168,5831,-664,-225,889
6161,6168,5831,-664,-225,889
6161,6168,5831,-664,-225,889
6161,6168,5831,-664,-225,889
6161,6168,5831,-664,-225,889
6161,6168,5831,-664,-225,889
6161,6168,5831,-664,-225,889
6161,6168,5831,-664,-225,889
6161,6168,5831,-664,-225,889
6161,6168,5831,-664,-225,889
6161,6168,5831,-664,-225,889
6161,6168,5831,-664,-225,889
6161,6168,5831,-664,-225,889
6161,6168,5831,-664,-225,889
6161,6168,5831,-664,-225,889
6161,6168,5831,-664,-225,889
6161,6168,5831,-664,-225,889
6161,6168,5831,-664,-225,889
6161,6168,5831,-664,-225,889
6161,6168,5831,-664,-225,889
6161,6168,5831,-664,-225,889
6161,6168,5831,-664,-225,889
6161,6168,5831,-664,-225,889
6161,6168,5831,-664,-225,889
6161,6168,5831,-664,-225,889
6161,6168,5831,-664,-225,889
6161,6168,5831,-664,-225,889
6161,6168,5831,-664,-225,889
6161,6168,5831,-664,-225,889
6161,6168,5831,-664,-225,889
6161,6168,5831,-664,-225,889
6161,6168,5831,-664,-225,889
6161,6168,5831,-664,-225,889
6161,6168,5831,-664,-225,889
6161,6168,5831,-664,-225,889
6161,6168,5831,-664,-225,889
6161,6168,5831,-664,-225,889
6161,6168,5831,-664,-225,889
6161,6168,5831,-664,-225,889
6161,6168,5831,-664,-225,889
6161,6168,5831,-664,-225,889
6161,6168,5831,-664,-225,889
6161,6168,5831,-664,-225,889
6161,6168,5831,-664,-225,889
6161,6168,5831,-664,-225,889
6161,6168,5831,-664,-225,889
6161,6168,5831,-664,-225,889
6161,6168,5831,-664,-225,889
6161,6168,5831,-664,-225,889
6161,6168,5831,-664,-225,889
6161,6168,5831,-664,-225,889
6161,6168,5831,-664,-225,889
6161,6168,5831,-664,-225,889
6161,6168,5831,-664,-225,889
6161,6168,5831,-664,-225,889
6161,6168,5831,-664,-225,889
6161,6168,5831,-664,-225,889
6161,6168,5831,-664,-225,889
6161,6168,5831,-664,-225,889
6161,6168,5831,-664,-225,889
6161,6168,5831,-664,-225,889
6161,6168,5831,-664,-225,889
6161,6168,5831,-664,-225,889
6161,6168,5831,-664,-225,889
6161,6168,5831,-664,-225,889
6161,6168,5831,-664,-225,889
6161,6168,5831,-664,-225,889
6161,6168,5831,-664,-225,889
6161,6168,5831,-664,-225,889
6161,6168,5831,-664,-225,889
6161,6168,5831,-664,-225,889
6161,6168,5831,-664,-225,889
6161,6168,5831,-664,-225,889
6161,6168,5831,-664,-225,889
6161,6168,5831,-664,-225,889
6161,6168,5831,-664,-225,889
6161,6168,5831,-664,-225,889
6161,6168,5831,-664,-225,889
6161,6168,5831,-664,-225,889
6161,6168,5831,-664,-225,889
6161,6168,5831,-664,-225,889
6161,6168,5831,-664,-225,889
6161,6168,5831,-664,-225,889
6161,6168,5831,-664,-225,889
6161,6168,5831,-664,-225,889
6161,6168,5831,-664,-225,889
6161,6168,5831,-664,-225,889
6161,6168,5831,-664,-225,889
6161,6168,5831,-664,-225,889
6161,6168,5831,-664,-225,889
6161,6168,5831,-664,-225,889
6161,6168,5831,-664,-225,889
6161,6168,5831,-664,-225,889
6161,6168,5831,-664,-225,889
6161,6168,5831,-664,-225,889
6161,6168,5831,-664,-225,889
6161,6168,5831,-664,-225,889
6161,6168,5831,-664,-225,889
6161,6168,5831,-664,-225,889
6161,6168,5831,-664,-225,889
6161,6168,5831,-664,-225,889
6161,6168,5831,-664,-225,889
6161,6168,5831,-664,-225,889
6161,6168,5831,-664,-225,889
6161,6168,5831,-664,-225,889
6161,6168,5831,-664,-225,889
6161,6168,5831,-664,-225,889
6161,6168,5831,-664,-225,889
6161,6168,5831,-664,-225,889
6161,6168,5831,-664,-225,889
6161,6168,5831,-664,-225,889
6161,6168,5831,-664,-225,889
6161,6168,5831,-664,-225,889
6161,6168,5831,-664,-225,889
6161,6168,5831,-664,-225,889
6161,6168,5831,-664,-225,889
6161,6168,5831,-664,-225,889
6161,6168,5831,-664,-225,889
6161,6168,5831,-664,-225,889
6161,6168,5831,-664,-225,889
6161,6168,5831,-664,-225,889
6161,6168,5831,-664,-225,889
6161,6168,5831,-664,-225,889
6161,6168,5831,-664,-225,889
6161,6168,5831,-664,-225,889
6161,6168,5831,-664,-225,889
6161,6168,5831,-664,-225,889
6161,6168,5831,-664,-225,889
6161,6168,5831,-664,-225,889
6161,6168,5831,-664,-225,889
6161,6168,5831,-664,-225,889
6161,6168,5831,-664,-225,889
6161,6168,5831,-664,-225,889
6161,6168,5831,-664,-225,889
6161,6168,5831,-664,-225,889
6161,6168,5831,-664,-225,889
6161,6168,5831,-664,-225,889
6161,6168,5831,-664,-225,889
6161,6168,5831,-664,-225,889
6161,6168,5831,-664,-225,889
6161,6168,5831,-664,-225,889
6161,6168,5831,-664,-225,889
6161,6168,5831,-664,-225,889
6161,6168,5831,-664,-225,889
6161,6168,5831,-664,-225,889
6161,6168,5831,-664,-225,889
6161,6168,5831,-664,-225,889
6161,6168,5831,-664,-225,889
6161,6168,5831,-664,-225,889
6161,6168,5831,-664,-225,889
6161,6168,5831,-664,-225,889
6161,6168,5831,-664,-225,889
6161,6168,5831,-664,-225,889
6161,6168,5831,-664,-225,889
6161,6168,5831,-664,-225,889
6161,6168,5831,-664,-225,889
6161,6168,5831,-664,-225,889
6161,6168,5831,-664,-225,889
6161,6168,5831,-664,-225,889
6161,6168,5831,-664,-225,889
6161,6168,5831,-664,-225,889
6161,6168,5831,-664,-225,889
6161,6168,5831,-664,-225,889
6161,6168,5831,-664,-225,889
6161,6168,5831,-664,-225,889
6161,6168,5831,-664,-225,889
6161,6168,5831,-664,-225,889
6161,6168,5831,-664,-225,889
6161,6168,5831,-664,-225,889
6161,6168,5831,-664,-225,889
6161,6168,5831,-664,-225,889
6161,6168,5831,-664,-225,889
6161,6168,5831,-664,-225,889
6161,6168,5831,-664,-225,889
6161,6168,5831,-664,-225,889
6161,6168,5831,-664,-225,889
6161,6168,5831,-664,-225,889
6161,6168,5831,-664,-225,889
6161,6168,5831,-664,-225,889
6161,6168,5831,-664,-225,889
6161,6168,5831,-664,-225,889
6161,6168,5831,-664,-225,889
6161,6168,5831,-664,-225,889
6161,6168,5831,-664,-225,889
6161,6168,5831,-664,-225,889
6161,6168,5831,-664,-225,889
6161,6168,5831,-664,-225,889
6161,6168,5831,-664,-225,889
6161,6168,5831,-664,-225,889
6161,6168,5831,-664,-225,889
6161,6168,5831,-664,-225,889
6161,6168,5831,-664,-225,889
6161,6168,5831,-664,-225,889
6161,6168,5831,-664,-225,889
6161,6168,5831,-664,-225,889
6161,6168,5831,-664,-225,889
6161,6168,5831,-664,-225,889
6161,6168,5831,-664,-225,889
6161,6168,5831,-664,-225,889
6161,6168,5831,-664,-225,889
6161,6168,5831,-664,-225,889
6161,6168,5831,-664,-225,889
6161,6168,5831,-664,-225,889
6161,6168,5831,-664,-225,889
6161,6168,5831,-664,-225,889
6161,6168,5831,-664,-225,889
6161,6168,5831,-664,-225,889
6161,6168,5831,-664,-225,889
6161,6168,5831,-664,-225,889
6161,6168,5831,-664,-225,889
6161,6168,5831,-664,-225,889
6161,6168,5831,-664,-225,889
6161,6168,5831,-664,-225,889
6161,6168,5831,-664,-225,889
6161,6168,5831,-664,-225,889
6161,6168,5831,-664,-225,889
6161,6168,5831,-664,-225,889
6161,6168,5831,-664,-225,889
6161,6168,5831,-664,-225,889
6161,6168,5831,-664,-225,889
6161,6168,5831,-664,-225,889
6161,6168,5831,-664,-225,889
6161,6168,5831,-664,-225,889
6161,6168,5831,-664,-225,889
6161,6168,5831,-664,-225,889
6161,6168,5831,-664,-225,889
6161,6168,5831,-664,-225,889
6161,6168,5831,-664,-225,889
6161,6168,5831,-664,-225,889
6161,6168,5831,-664,-225,889
6161,6168,5831,-664,-225,889
6161,6168,5831,-664,-225,889
6161,6168,5831,-664,-225,889
6161,6168,5831,-664,-225,889
6161,6168,5831,-664,-225,889
6161,6168,5831,-664,-225,889
6161,6168,5831,-664,-225,889
6161,6168,5831,-664,-225,889
6161,6168,5831,-664,-225,889
6161,6168,5831,-664,-225,889
6161,6168,5831,-664,-225,889
6161,6168,5831,-664,-225,889
6161,6168,5831,-664,-225,889
6161,6168,5831,-664,-225,889
6161,6168,5831,-664,-225,889
6161,6168,5831,-664,-225,889
6161,6168,5831,-664,-225,889
6161,6168,5831,-664,-225,889
6161,6168,5831,-664,-225,889
6161,6168,5831,-664,-225,889
6161,6168,5831,-664,-225,889
6161,6168,5831,-664,-225,889
6161,6168,5831,-664,-225,889
6161,6168,5831,-664,-225,889
6161,6168,5831,-664,-225,889
6161,6168,5831,-664,-225,889
6161,6168,5831,-664,-225,889
6161,6168,5831,-664,-225,889
6161,6168,5831,-664,-225,889
6161,6168,5831,-664,-225,889
6161,6168,5831,-664,-225,889
6161,6168,5831,-664,-225,889
6161,6168,5831,-664,-225,889
6161,6168,5831,-664,-225,889
6161,6168,5831,-664,-225,889
6161,6168,5831,-664,-225,889
6161,6168,5831,-664,-225,889
6161,6168,5831,-664,-225,889
6161,6168,5831,-664,-225,889
6161,6168,5831,-664,-225,889
6161,6168,5831,-664,-225,889
6161,6168,5831,-664,-225,889
6161,6168,5831,-664,-225,889
6161,6168,5831,-664,-225,889
6161,6168,5831,-664,-225,889
6161,6168,5831,-664,-225,889
6161,6168,5831,-664,-225,889
6161,6168,5831,-664,-225,889
6161,6168,5831,-664,-225,889
6161,6168,5831,-664,-225,889
6161,6168,5831,-664,-225,889
6161,6168,5831,-664,-225,889
6161,6168,5831,-664,-225,889
6161,6168,5831,-664,-225,889
6161,6168,5831,-664,-225,889
6161,6168,5831,-664,-225,889
6161,6168,5831,-664,-225,889
6161,6168,5831,-664,-225,889
6161,6168,5831,-664,-225,889
6161,6168,5831,-664,-225,889
6161,6168,5831,-664,-225,889
6161,6168,5831,-664,-225,889
6161,6168,5831,-664,-225,889
6161,6168,5831,-664,-225,889
6161,6168,5831,-664,-225,889
6161,6168,5831,-664,-225,889
6161,6168,5831,-664,-225,889
6161,6168,5831,-664,-225,889
6161,6168,5831,-664,-225,889
6161,6168,5831,-664,-225,889
6161,6168,5831,-664,-225,889
6161,6168,5831,-664,-225,889
6161,6168,5831,-664,-225,889
6161,6168,5831,-664,-225,889
6161,6168,5831,-664,-225,889
6161,6168,5831,-664,-225,889
6161,6168,5831,-664,-225,889
6161,6168,5831,-664,-225,889
6161,6168,5831,-664,-225,889
6161,6168,5831,-664,-225,889
6161,6168,5831,-664,-225,889
6161,6168,5831,-664,-225,889
6161,6168,5831,-664,-225,889
6161,6168,5831,-664,-225,889
6161,6168,5831,-664,-225,889
6161,6168,5831,-664,-225,889
6161,6168,5831,-664,-225,889
6161,6168,5831,-664,-225,889
6161,6168,5831,-664,-225,889
6161,6168,5831,-664,-225,889
6161,6168,5831,-664,-225,889
6161,6168,5831,-664,-225,889
6161,6168,5831,-664,-225,889
6161,6168,5831,-664,-225,889
6161,6168,5831,-664,-225,889
6161,6168,5831,-664,-225,889
6161,6168,5831,-664,-225,889
6161,6168,5831,-664,-225,889
6161,6168,5831,-664,-225,889
6161,6168,5831,-664,-225,889
6161,6168,5831,-664,-225,889
6161,6168,5831,-664,-225,889
6161,6168,5831,-664,-225,889
6161,6168,5831,-664,-225,889
6161,6168,5831,-664,-225,889
6161,6168,5831,-664,-225,889
6161,6168,5831,-664,-225,889
6161,6168,5831,-664,-225,889
6161,6168,5831,-664,-225,889
6161,6168,5831,-664,-225,889
6161,6168,5831,-664,-225,889
6161,6168,5831,-664,-225,889
6161,6168,5831,-664,-225,889
6161,6168,5831,-664,-225,889
6161,6168,5831,-664,-225,889
6161,6168,5831,-664,-225,889
6161,6168,5831,-664,-225,889
6161,6168,5831,-664,-225,889
6161,6168,5831,-664,-225,889
6161,6168,5831,-664,-225,889
6161,6168,5831,-664,-225,889
6161,6168,5831,-664,-225,889
6161,6168,5831,-664,-225,889
6161,6168,5831,-664,-225,889
6161,6168,5831,-664,-225,889
6161,6168,5831,-664,-225,889
6161,6168,5831,-664,-225,889
6161,6168,5831,-664,-225,889
6161,6168,5831,-664,-225,889
6161,6168,5831,-664,-225,889
6161,6168,5831,-664,-225,889
6161,6168,5831,-664,-225,889
6161,6168,5831,-664,-225,889
6161,6168,5831,-664,-225,889
6161,6168,5831,-664,-225,889
6161,6168,5831,-664,-225,889
6161,6168,5831,-664,-225,889
6161,6168,5831,-664,-225,889
6161,6168,5831,-664,-225,889
6161,6168,5831,-664,-225,889
6161,6168,5831,-664,-225,889
6161,6168,5831,-664,-225,889
6161,6168,5831,-664,-225,889
6161,6168,5831,-664,-225,889
6161,6168,5831,-664,-225,889
6161,6168,5831,-664,-225,889
6161,6168,5831,-664,-225,889
6161,6168,5831,-664,-225,889
6161,6168,5831,-664,-225,889
6161,6168,5831,-664,-225,889
6161,6168,5831,-664,-225,889
6161,6168,5831,-664,-225,889
6161,6168,5831,-664,-225,889
6161,6168,5831,-664,-225,889
6161,6168,5831,-664,-225,889
6161,6168,5831,-664,-225,889
6161,6168,5831,-664,-225,889
6161,6168,5831,-664,-225,889
6161,6168,5831,-664,-225,889
6161,6168,5831,-664,-225,889
6161,6168,5831,-664,-225,889
6161,6168,5831,-664,-225,889
6161,6168,5831,-664,-225,889
6161,6168,5831,-664,-225,889
6161,6168,5831,-664,-225,889
6161,6168,5831,-664,-225,889
6161,6168,5831,-664,-225,889
6161,6168,5831,-664,-225,889
6161,6168,5831,-664,-225,889
6161,6168,5831,-664,-225,889
6161,6168,5831,-664,-225,889
6161,6168,5831,-664,-225,889
6161,6168,5831,-664,-225,889
6161,6168,5831,-664,-225,889
6161,6168,5831,-664,-225,889
6161,6168,5831,-664,-225,889
6161,6168,5831,-664,-225,889
6161,6168,5831,-664,-225,889
6161,6168,5831,-664,-225,889
6161,6168,5831,-664,-225,889
6161,6168,5831,-664,-225,889
6161,6168,5831,-664,-225,889
6161,6168,5831,-664,-225,889
6161,6168,5831,-664,-225,889
6161,6168,5831,-664,-225,889
6161,6168,5831,-664,-225,889
6161,6168,5831,-664,-225,889
6161,6168,5831,-664,-225,889
6161,6168,5831,-664,-225,889
6161,6168,5831,-664,-225,889
6161,6168,5831,-664,-225,889
6161,6168,5831,-664,-225,889
6161,6168,5831,-664,-225,889
6161,6168,5831,-664,-225,889
6161,6168,5831,-664,-225,889
6161,6168,5831,-664,-225,889
6161,6168,5831,-664,-225,889
6161,6168,5831,-664,-225,889
6161,6168,5831,-664,-225,889
6161,6168,5831,-664,-225,889
6161,6168,5831,-664,-225,889
6161,6168,5831,-664,-225,889
6161,6168,5831,-664,-225,889
6161,6168,5831,-664,-225,889
6161,6168,5831,-664,-225,889
6161,6168,5831,-664,-225,889
6161,6168,5831,-664,-225,889
6161,6168,5831,-664,-225,889
6161,6168,5831,-664,-225,889
6161,6168,5831,-664,-225,889
6161,6168,5831,-664,-225,889
6161,6168,5831,-664,-225,889
6161,6168,5831,-664,-225,889
6161,6168,5831,-664,-225,889
6161,6168,5831,-664,-225,889
6161,6168,5831,-664,-225,889
6161,6168,5831,-664,-225,889
6161,6168,5831,-664,-225,889
6161,6168,5831,-664,-225,889
6161,6168,5831,-664,-225,889
6161,6168,5831,-664,-225,889
6161,6168,5831,-664,-225,889
6161,6168,5831,-664,-225,889
6161,6168,5831,-664,-225,889
6161,6168,5831,-664,-225,889
6161,6168,5831,-664,-225,889
6161,6168,5831,-664,-225,889
6161,6168,5831,-664,-225,889
6161,6168,5831,-664,-225,889
6161,6168,5831,-664,-225,889
6161,6168,5831,-664,-225,889
6161,6168,5831,-664,-225,889
6161,6168,5831,-664,-225,889
6161,6168,5831,-664,-225,889
6161,6168,5831,-664,-225,889
6161,6168,5831,-664,-225,889
6161,6168,5831,-664,-225,889
6161,6168,5831,-664,-225,889
6161,6168,5831,-664,-225,889
6161,6168,5831,-664,-225,889
6161,6168,5831,-664,-225,889
6161,6168,5831,-664,-225,889
6161,6168,5831,-664,-225,889
6161,6168,5831,-664,-225,889
6161,6168,5831,-664,-225,889
6161,6168,5831,-664,-225,889
6161,6168,5831,-664,-225,889
6161,6168,5831,-664,-225,889
6161,6168,5831,-664,-225,889
6161,6168,5831,-664,-225,889
6161,6168,5831,-664,-225,889
6161,6168,5831,-664,-225,889
6161,6168,5831,-664,-225,889
6161,6168,5831,-664,-225,889
6161,6168,5831,-664,-225,889
6161,6168,5831,-664,-225,889
6161,6168,5831,-664,-225,889
6161,6168,5831,-664,-225,889
6161,6168,5831,-664,-225,889
6161,6168,5831,-664,-225,889
6161,6168,5831,-664,-225,889
6161,6168,5831,-664,-225,889
6161,6168,5831,-664,-225,889
6161,6168,5831,-664,-225,889
6161,6168,5831,-664,-225,889
6161,6168,5831,-664,-225,889
6161,6168,5831,-664,-225,889
6161,6168,5831,-664,-225,889
6161,6168,5831,-664,-225,889
6161,6168,5831,-664,-225,889
6161,6168,5831,-664,-225,889
6161,6168,5831,-664,-225,889
6161,6168,5831,-664,-225,889
6161,6168,5831,-664,-225,889
6161,6168,5831,-664,-225,889
6161,6168,5831,-664,-225,889
6161,6168,5831,-664,-225,889
6161,6168,5831,-664,-225,889
6161,6168,5831,-664,-225,889
6161,6168,5831,-664,-225,889
6161,6168,5831,-664,-225,889
6161,6168,5831,-664,-225,889
6161,6168,5831,-664,-225,889
6161,6168,5831,-664,-225,889
6161,6168,5831,-664,-225,889
6161,6168,5831,-664,-225,889
6161,6168,5831,-664,-225,889
6161,6168,5831,-664,-225,889
6161,6168,5831,-664,-225,889
6161,6168,5831,-664,-225,889
6161,6168,5831,-664,-225,889
6161,6168,5831,-664,-225,889
6161,6168,5831,-664,-225,889
6161,6168,5831,-664,-225,889
6161,6168,5831,-664,-225,889
6161,6168,5831,-664,-225,889
6161,6168,5831,-664,-225,889
6161,6168,5831,-664,-225,889
6161,6168,5831,-664,-225,889
6161,6168,5831,-664,-225,889
6161,6168,5831,-664,-225,889
6161,6168,5831,-664,-225,889
6161,6168,5831,-664,-225,889
6161,6168,5831,-664,-225,889
6161,6168,5831,-664,-225,889
6161,6168,5831,-664,-225,889
6161,6168,5831,-664,-225,889
6161,6168,5831,-664,-225,889
6161,6168,5831,-664,-225,889
6161,6168,5831,-664,-225,889
6161,6168,5831,-664,-225,889
6161,6168,5831,-664,-225,889
6161,6168,5831,-664,-225,889
6161,6168,5831,-664,-225,889
6161,6168,5831,-664,-225,889
6161,6168,5831,-664,-225,889
6161,6168,5831,-664,-225,889
6161,6168,5831,-664,-225,889
6161,6168,5831,-664,-225,889
6161,6168,5831,-664,-225,889
6161,6168,5831,-664,-225,889
6161,6168,5831,-664,-225,889
6161,6168,5831,-664,-225,889
6161,6168,5831,-664,-225,889
6161,6168,5831,-664,-225,889
6161,6168,5831,-664,-225,889
6161,6168,5831,-664,-225,889
6161,6168,5831,-664,-225,889
6161,6168,5831,-664,-225,889
6161,6168,5831,-664,-225,889
6161,6168,5831,-664,-225,889
6161,6168,5831,-664,-225,889
6161,6168,5831,-664,-225,889
6161,6168,5831,-664,-225,889
6161,6168,5831,-664,-225,889
6161,6168,5831,-664,-225,889
6161,6168,5831,-664,-225,889
6161,6168,5831,-664,-225,889
6161,6168,5831,-664,-225,889
6161,6168,5831,-664,-225,889
6161,6168,5831,-664,-225,889
6161,6168,5831,-664,-225,889
6161,6168,5831,-664,-225,889
6161,6168,5831,-664,-225,889
6161,6168,5831,-664,-225,889
6161,6168,5831,-664,-225,889
6161,6168,5831,-664,-225,889
6161,6168,5831,-664,-225,889
6161,6168,5831,-664,-225,889
6161,6168,5831,-664,-225,889
6161,6168,5831,-664,-225,889
6161,6168,5831,-664,-225,889
6161,6168,5831,-664,-225,889
6161,6168,5831,-664,-225,889
6161,6168,5831,-664,-225,889
6161,6168,5831,-664,-225,889
6161,6168,5831,-664,-225,889
6161,6168,5831,-664,-225,889
6161,6168,5831,-664,-225,889
6161,6168,5831,-664,-225,889
6161,6168,5831,-664,-225,889
6161,6168,5831,-664,-225,889
6161,6168,5831,-664,-225,889
6161,6168,5831,-664,-225,889
6161,6168,5831,-664,-225,889
6161,6168,5831,-664,-225,889
6161,6168,5831,-664,-225,889
6161,6168,5831,-664,-225,889
6161,6168,5831,-664,-225,889
6161,6168,5831,-664,-225,889
6161,6168,5831,-664,-225,889
6161,6168,5831,-664,-225,889
6161,6168,5831,-664,-225,889
6161,6168,5831,-664,-225,889
6161,6168,5831,-664,-225,889
6161,6168,5831,-664,-225,889
6161,6168,5831,-664,-225,889
6161,6168,5831,-664,-225,889
6161,6168,5831,-664,-225,889
6161,6168,5831,-664,-225,889
6161,6168,5831,-664,-225,889
6161,6168,5831,-664,-225,889
6161,6168,5831,-664,-225,889
6161,6168,5831,-664,-225,889
6161,6168,5831,-664,-225,889
6161,6168,5831,-664,-225,889
6161,6168,5831,-664,-225,889
6161,6168,5831,-664,-225,889
6161,6168,5831,-664,-225,889
6161,6168,5831,-664,-225,889
6161,6168,5831,-664,-225,889
6161,6168,5831,-664,-225,889
6161,6168,5831,-664,-225,889
6161,6168,5831,-664,-225,889
6161,6168,5831,-664,-225,889
6161,6168,5831,-664,-225,889
6161,6168,5831,-664,-225,889
6161,6168,5831,-664,-225,889
6161,6168,5831,-664,-225,889
6161,6168,5831,-664,-225,889
6161,6168,5831,-664,-225,889
6161,6168,5831,-664,-225,889
6161,6168,5831,-664,-225,889
6161,6168,5831,-664,-225,889
6161,6168,5831,-664,-225,889
6161,6168,5831,-664,-225,889
6161,6168,5831,-664,-225,889
6161,6168,5831,-664,-225,889
6161,6168,5831,-664,-225,889
6161,6168,5831,-664,-225,889
6161,6168,5831,-664,-225,889
6161,6168,5831,-664,-225,889
6161,6168,5831,-664,-225,889
6161,6168,5831,-664,-225,889
6161,6168,5831,-664,-225,889
6161,6168,5831,-664,-225,889
6161,6168,5831,-664,-225,889
6161,6168,5831,-664,-225,889
6161,6168,5831,-664,-225,889
6161,6168,5831,-664,-225,889
6161,6168,5831,-664,-225,889
6161,6168,5831,-664,-225,889
6161,6168,5831,-664,-225,889
6161,6168,5831,-664,-225,889
6161,6168,5831,-664,-225,889
6161,6168,5831,-664,-225,889
6161,6168,5831,-664,-225,889
6161,6168,5831,-664,-225,889
6161,6168,5831,-664,-225,889
6161,6168,5831,-664,-225,889
6161,6168,5831,-664,-225,889
6161,6168,5831,-664,-225,889
6161,6168,5831,-664,-225,889
6161,6168,5831,-664,-225,889
6161,6168,5831,-664,-225,889
6161,6168,5831,-664,-225,889
6161,6168,5831,-664,-225,889
6161,6168,5831,-664,-225,889
6161,6168,5831,-664,-225,889
6161,6168,5831,-664,-225,889
6161,6168,5831,-664,-225,889
6161,6168,5831,-664,-225,889
6161,6168,5831,-664,-225,889
6161,6168,5831,-664,-225,889
6161,6168,5831,-664,-225,889
6161,6168,5831,-664,-225,889
6161,6168,5831,-664,-225,889
6161,6168,5831,-664,-225,889
6161,6168,5831,-664,-225,889
6161,6168,5831,-664,-225,889
6161,6168,5831,-664,-225,889
6161,6168,5831,-664,-225,889
6161,6168,5831,-664,-225,889
6161,6168,5831,-664,-225,889
6161,6168,5831,-664,-225,889
6161,6168,5831,-664,-225,889
6161,6168,5831,-664,-225,889
6161,6168,5831,-664,-225,889
6161,6168,5831,-664,-225,889
6161,6168,5831,-664,-225,889
6161,6168,5831,-664,-225,889
6161,6168,5831,-664,-225,889
6161,6168,5831,-664,-225,889
6161,6168,5831,-664,-225,889
6161,6168,5831,-664,-225,889
6161,6168,5831,-664,-225,889
6161,6168,5831,-664,-225,889
6161,6168,5831,-664,-225,889
6161,6168,5831,-664,-225,889
6161,6168,5831,-664,-225,889
6161,6168,5831,-664,-225,889
6161,6168,5831,-664,-225,889
6161,6168,5831,-664,-225,889
6161,6168,5831,-664,-225,889
6161,6168,5831,-664,-225,889
6161,6168,5831,-664,-225,889
6161,6168,5831,-664,-225,889
6161,6168,5831,-664,-225,889
6161,6168,5831,-664,-225,889
6161,6168,5831,-664,-225,889
6161,6168,5831,-664,-225,889
6161,6168,5831,-664,-225,889
6161,6168,5831,-664,-225,889
6161,6168,5831,-664,-225,889
6161,6168,5831,-664,-225,889
6161,6168,5831,-664,-225,889
6161,6168,5831,-664,-225,889
6161,6168,5831,-664,-225,889
6161,6168,5831,-664,-225,889
6161,6168,5831,-664,-225,889
6161,6168,5831,-664,-225,889
6161,6168,5831,-664,-225,889
6161,6168,5831,-664,-225,889
6161,6168,5831,-664,-225,889
6161,6168,5831,-664,-225,889
6161,6168,5831,-664,-225,889
6161,6168,5831,-664,-225,889
6161,6168,5831,-664,-225,889
6161,6168,5831,-664,-225,889
6161,6168,5831,-664,-225,889
6161,6168,5831,-664,-225,889
6161,6168,5831,-664,-225,889
6161,6168,5831,-664,-225,889
6161,6168,5831,-664,-225,889
6161,6168,5831,-664,-225,889
6161,6168,5831,-664,-225,889
6161,6168,5831,-664,-225,889
6161,6168,5831,-664,-225,889
6161,6168,5831,-664,-225,889
6161,6168,5831,-664,-225,889
6161,6168,5831,-664,-225,889
6161,6168,5831,-664,-225,889
6161,6168,5831,-664,-225,889
6161,6168,5831,-664,-225,889
6161,6168,5831,-664,-225,889
6161,6168,5831,-664,-225,889
6161,6168,5831,-664,-225,889
6161,6168,5831,-664,-225,889
6161,6168,5831,-664,-225,889
6161,6168,5831,-664,-225,889
6161,6168,5831,-664,-225,889
6161,6168,5831,-664,-225,889
6161,6168,5831,-664,-225,889
6161,6168,5831,-664,-225,889
6161,6168,5831,-664,-225,889
6161,6168,5831,-664,-225,889
6161,6168,5831,-664,-225,889
6161,6168,5831,-664,-225,889
6161,6168,5831,-664,-225,889
6161,6168,5831,-664,-225,889
6161,6168,5831,-664,-225,889
6161,6168,5831,-664,-225,889
6161,6168,5831,-664,-225,889
6161,6168,5831,-664,-225,889
6161,6168,5831,-664,-225,889
6161,6168,5831,-664,-225,889
6161,6168,5831,-664,-225,889
6161,6168,5831,-664,-225,889
6161,6168,5831,-664,-225,889
6161,6168,5831,-664,-225,889
6161,6168,5831,-664,-225,889
6161,6168,5831,-664,-225,889
6161,6168,5831,-664,-225,889
6161,6168,5831,-664,-225,889
6161,6168,5831,-664,-225,889
6161,6168,5831,-664,-225,889
6161,6168,5831,-664,-225,889
6161,6168,5831,-664,-225,889
6161,6168,5831,-664,-225,889
6161,6168,5831,-664,-225,889
6161,6168,5831,-664,-225,889
6161,6168,5831,-664,-225,889
6161,6168,5831,-664,-225,889
6161,6168,5831,-664,-225,889
6161,6168,5831,-664,-225,889
6161,6168,5831,-664,-225,889
6161,6168,5831,-664,-225,889
6161,6168,5831,-664,-225,889
6161,6168,5831,-664,-225,889
6161,6168,5831,-664,-225,889
6161,6168,5831,-664,-225,889
6161,6168,5831,-664,-225,889
6161,6168,5831,-664,-225,889
6161,6168,5831,-664,-225,889
6161,6168,5831,-664,-225,889
6161,6168,5831,-664,-225,889
6161,6168,5831,-664,-225,889
6161,6168,5831,-664,-225,889
6161,6168,5831,-664,-225,889
6161,6168,5831,-664,-225,889
6161,6168,5831,-664,-225,889
6161,6168,5831,-664,-225,889
6161,6168,5831,-664,-225,889
6161,6168,5831,-664,-225,889
6161,6168,5831,-664,-225,889
6161,6168,5831,-664,-225,889
6161,6168,5831,-664,-225,889
6161,6168,5831,-664,-225,889
6161,6168,5831,-664,-225,889
6161,6168,5831,-664,-225,889
6161,6168,5831,-664,-225,889
6161,6168,5831,-664,-225,889
6161,6168,5831,-664,-225,889
6161,6168,5831,-664,-225,889
6161,6168,5831,-664,-225,889
6161,6168,5831,-664,-225,889
6161,6168,5831,-664,-225,889
6161,6168,5831,-664,-225,889
6161,6168,5831,-664,-225,889
6161,6168,5831,-664,-225,889
6161,6168,5831,-664,-225,889
6161,6168,5831,-664,-225,889
6161,6168,5831,-664,-225,889
6161,6168,5831,-664,-225,889
6161,6168,5831,-664,-225,889
6161,6168,5831,-664,-225,889
6161,6168,5831,-664,-225,889
6161,6168,5831,-664,-225,889
6161,6168,5831,-664,-225,889
6161,6168,5831,-664,-225,889
6161,6168,5831,-664,-225,889
6161,6168,5831,-664,-225,889
6161,6168,5831,-664,-225,889
6161,6168,5831,-664,-225,889
6161,6168,5831,-664,-225,889
6161,6168,5831,-664,-225,889
6161,6168,5831,-664,-225,889
6161,6168,5831,-664,-225,889
6161,6168,5831,-664,-225,889
6161,6168,5831,-664,-225,889
6161,6168,5831,-664,-225,889
6161,6168,5831,-664,-225,889
6161,6168,5831,-664,-225,889
6161,6168,5831,-664,-225,889
6161,6168,5831,-664,-225,889
6161,6168,5831,-664,-225,889
6161,6168,5831,-664,-225,889
6161,6168,5831,-664,-225,889
6161,6168,5831,-664,-225,889
6161,6168,5831,-664,-225,889
6161,6168,5831,-664,-225,889
6161,6168,5831,-664,-225,889
6161,6168,5831,-664,-225,889
6161,6168,5831,-664,-225,889
6161,6168,5831,-664,-225,889
6161,6168,5831,-664,-225,889
6161,6168,5831,-664,-225,889
6161,6168,5831,-664,-225,889
6161,6168,5831,-664,-225,889
6161,6168,5831,-664,-225,889
6161,6168,5831,-664,-225,889
6161,6168,5831,-664,-225,889
6161,6168,5831,-664,-225,889
6161,6168,5831,-664,-225,889
6161,6168,5831,-664,-225,889
6161,6168,5831,-664,-225,889
6161,6168,5831,-664,-225,889
6161,6168,5831,-664,-225,889
6161,6168,5831,-664,-225,889
6161,6168,5831,-664,-225,889
6161,6168,5831,-664,-225,889
6161,6168,5831,-664,-225,889
6161,6168,5831,-664,-225,889
6161,6168,5831,-664,-225,889
6161,6168,5831,-664,-225,889
6161,6168,5831,-664,-225,889
6161,6168,5831,-664,-225,889
6161,6168,5831,-664,-225,889
6161,6168,5831,-664,-225,889
6161,6168,5831,-664,-225,889
6161,6168,5831,-664,-225,889
6161,6168,5831,-664,-225,889
6161,6168,5831,-664,-225,889
6161,6168,5831,-664,-225,889
6161,6168,5831,-664,-225,889
6161,6168,5831,-664,-225,889
6161,6168,5831,-664,-225,889
6161,6168,5831,-664,-225,889
6161,6168,5831,-664,-225,889
6161,6168,5831,-664,-225,889
6161,6168,5831,-664,-225,889
6161,6168,5831,-664,-225,889
6161,6168,5831,-664,-225,889
6161,6168,5831,-664,-225,889
6161,6168,5831,-664,-225,889
6161,6168,5831,-664,-225,889
6161,6168,5831,-664,-225,889
6161,6168,5831,-664,-225,889
6161,6168,5831,-664,-225,889
6161,6168,5831,-664,-225,889
6161,6168,5831,-664,-225,889
6161,6168,5831,-664,-225,889
6161,6168,5831,-664,-225,889
6161,6168,5831,-664,-225,889
6161,6168,5831,-664,-225,889
6161,6168,5831,-664,-225,889
6161,6168,5831,-664,-225,889
6161,6168,5831,-664,-225,889
6161,6168,5831,-664,-225,889
6161,6168,5831,-664,-225,889
6161,6168,5831,-664,-225,889
6161,6168,5831,-664,-225,889
6161,6168,5831,-664,-225,889
6161,6168,5831,-664,-225,889
6161,6168,5831,-664,-225,889
6161,6168,5831,-664,-225,889
6161,6168,5831,-664,-225,889
6161,6168,5831,-664,-225,889
6161,6168,5831,-664,-225,889
6161,6168,5831,-664,-225,889
6161,6168,5831,-664,-225,889
6161,6168,5831,-664,-225,889
6161,6168,5831,-664,-225,889
6161,6168,5831,-664,-225,889
6161,6168,5831,-664,-225,889
6161,6168,5831,-664,-225,889
6161,6168,5831,-664,-225,889
6161,6168,5831,-664,-225,889
6161,6168,5831,-664,-225,889
6161,6168,5831,-664,-225,889
6161,6168,5831,-664,-225,889
6161,6168,5831,-664,-225,889
6161,6168,5831,-664,-225,889
6161,6168,5831,-664,-225,889
6161,6168,5831,-664,-225,889
6161,6168,5831,-664,-225,889
6161,6168,5831,-664,-225,889
6161,6168,5831,-664,-225,889
6161,6168,5831,-664,-225,889
6161,6168,5831,-664,-225,889
6161,6168,5831,-664,-225,889
6161,6168,5831,-664,-225,889
6161,6168,5831,-664,-225,889
6161,6168,5831,-664,-225,889
6161,6168,5831,-664,-225,889
6161,6168,5831,-664,-225,889
6161,6168,5831,-664,-225,889
6161,6168,5831,-664,-225,889
6161,6168,5831,-664,-225,889
6161,6168,5831,-664,-225,889
6161,6168,5831,-664,-225,889
6161,6168,5831,-664,-225,889
6161,6168,5831,-664,-225,889
6161,6168,5831,-664,-225,889
6161,6168,5831,-664,-225,889
6161,6168,5831,-664,-225,889
6161,6168,5831,-664,-225,889
6161,6168,5831,-664,-225,889
6161,6168,5831,-664,-225,889
6161,6168,5831,-664,-225,889
6161,6168,5831,-664,-225,889
6161,6168,5831,-664,-225,889
6161,6168,5831,-664,-225,889
6161,6168,5831,-664,-225,889
6161,6168,5831,-664,-225,889
6161,6168,5831,-664,-225,889
6161,6168,5831,-664,-225,889
6161,6168,5831,-664,-225,889
6161,6168,5831,-664,-225,889
6161,6168,5831,-664,-225,889
6161,6168,5831,-664,-225,889
6161,6168,5831,-664,-225,889
6161,6168,5831,-664,-225,889
6161,6168,5831,-664,-225,889
6161,6168,5831,-664,-225,889
6161,6168,5831,-664,-225,889
6161,6168,5831,-664,-225,889
6161,6168,5831,-664,-225,889
6161,6168,5831,-664,-225,889
6161,6168,5831,-664,-225,889
6161,6168,5831,-664,-225,889
6161,6168,5831,-664,-225,889
6161,6168,5831,-664,-225,889
6161,6168,5831,-664,-225,889
6161,6168,5831,-664,-225,889
6161,6168,5831,-664,-225,889
6161,6168,5831,-664,-225,889
6161,6168,5831,-664,-225,889
6161,6168,5831,-664,-225,889
6161,6168,5831,-664,-225,889
6161,6168,5831,-664,-225,889
6161,6168,5831,-664,-225,889
6161,6168,5831,-664,-225,889
6161,6168,5831,-664,-225,889
6161,6168,5831,-664,-225,889
6161,6168,5831,-664,-225,889
6161,6168,5831,-664,-225,889
6161,6168,5831,-664,-225,889
6161,6168,5831,-664,-225,889
6161,6168,5831,-664,-225,889
6161,6168,5831,-664,-225,889
6161,6168,5831,-664,-225,889
6161,6168,5831,-664,-225,889
6161,6168,5831,-664,-225,889
6161,6168,5831,-664,-225,889
6161,6168,5831,-664,-225,889
6161,6168,5831,-664,-225,889
6161,6168,5831,-664,-225,889
6161,6168,5831,-664,-225,889
6161,6168,5831,-664,-225,889
6161,6168,5831,-664,-225,889
6161,6168,5831,-664,-225,889
6161,6168,5831,-664,-225,889
6161,6168,5831,-664,-225,889
6161,6168,5831,-664,-225,889
6161,6168,5831,-664,-225,889
6161,6168,5831,-664,-225,889
6161,6168,5831,-664,-225,889
6161,6168,5831,-664,-225,889
6161,6168,5831,-664,-225,889
6161,6168,5831,-664,-225,889
6161,6168,5831,-664,-225,889
6161,6168,5831,-664,-225,889
6161,6168,5831,-664,-225,889
6161,6168,5831,-664,-225,889
6161,6168,5831,-664,-225,889
6161,6168,5831,-664,-225,889
6161,6168,5831,-664,-225,889
6161,6168,5831,-664,-225,889
6161,6168,5831,-664,-225,889
6161,6168,5831,-664,-225,889
6161,6168,5831,-664,-225,889
6161,6168,5831,-664,-225,889
6161,6168,5831,-664,-225,889
6161,6168,5831,-664,-225,889
6161,6168,5831,-664,-225,889
6161,6168,5831,-664,-225,889
6161,6168,5831,-664,-225,889
6161,6168,5831,-664,-225,889
6161,6168,5831,-664,-225,889
6161,6168,5831,-664,-225,889
6161,6168,5831,-664,-225,889
6161,6168,5831,-664,-225,889
6161,6168,5831,-664,-225,889
6161,6168,5831,-664,-225,889
6161,6168,5831,-664,-225,889
6161,6168,5831,-664,-225,889
6161,6168,5831,-664,-225,889
6161,6168,5831,-664,-225,889
6161,6168,5831,-664,-225,889
6161,6168,5831,-664,-225,889
6161,6168,5831,-664,-225,889
6161,6168,5831,-664,-225,889
6161,6168,5831,-664,-225,889
6161,6168,5831,-664,-225,889
6161,6168,5831,-664,-225,889
6161,6168,5831,-664,-225,889
6161,6168,5831,-664,-225,889
6161,6168,5831,-664,-225,889
6161,6168,5831,-664,-225,889
6161,6168,5831,-664,-225,889
6161,6168,5831,-664,-225,889
6161,6168,5831,-664,-225,889
6161,6168,5831,-664,-225,889
6161,6168,5831,-664,-225,889
6161,6168,5831,-664,-225,889
6161,6168,5831,-664,-225,889
6161,6168,5831,-664,-225,889
6161,6168,5831,-664,-225,889
6161,6168,5831,-664,-225,889
6161,6168,5831,-664,-225,889
6161,6168,5831,-664,-225,889
6161,6168,5831,-664,-225,889
6161,6168,5831,-664,-225,889
6161,6168,5831,-664,-225,889
6161,6168,5831,-664,-225,889
6161,6168,5831,-664,-225,889
6161,6168,5831,-664,-225,889
6161,6168,5831,-664,-225,889
6161,6168,5831,-664,-225,889
6161,6168,5831,-664,-225,889
6161,6168,5831,-664,-225,889
6161,6168,5831,-664,-225,889
6161,6168,5831,-664,-225,889
6161,6168,5831,-664,-225,889
6161,6168,5831,-664,-225,889
6161,6168,5831,-664,-225,889
6161,6168,5831,-664,-225,889
6161,6168,5831,-664,-225,889
6161,6168,5831,-664,-225,889
6161,6168,5831,-664,-225,889
6161,6168,5831,-664,-225,889
6161,6168,5831,-664,-225,889
6161,6168,5831,-664,-225,889
6161,6168,5831,-664,-225,889
6161,6168,5831,-664,-225,889
6161,6168,5831,-664,-225,889
6161,6168,5831,-664,-225,889
6161,6168,5831,-664,-225,889
6161,6168,5831,-664,-225,889
6161,6168,5831,-664,-225,889
6161,6168,5831,-664,-225,889
6161,6168,5831,-664,-225,889
6161,6168,5831,-664,-225,889
6161,6168,5831,-664,-225,889
6161,6168,5831,-664,-225,889
6161,6168,5831,-664,-225,889
6161,6168,5831,-664,-225,889
6161,6168,5831,-664,-225,889
6161,6168,5831,-664,-225,889
6161,6168,5831,-664,-225,889
6161,6168,5831,-664,-225,889
6161,6168,5831,-664,-225,889
6161,6168,5831,-664,-225,889
6161,6168,5831,-664,-225,889
6161,6168,5831,-664,-225,889
6161,6168,5831,-664,-225,889
6161,6168,5831,-664,-225,889
6161,6168,5831,-664,-225,889
6161,6168,5831,-664,-225,889
6161,6168,5831,-664,-225,889
6161,6168,5831,-664,-225,889
6161,6168,5831,-664,-225,889
6161,6168,5831,-664,-225,889
6161,6168,5831,-664,-225,889
6161,6168,5831,-664,-225,889
6161,6168,5831,-664,-225,889
6161,6168,5831,-664,-225,889
6161,6168,5831,-664,-225,889
6161,6168,5831,-664,-225,889
6161,6168,5831,-664,-225,889
6161,6168,5831,-664,-225,889
6161,6168,5831,-664,-225,889
6161,6168,5831,-664,-225,889
6161,6168,5831,-664,-225,889
6161,6168,5831,-664,-225,889
6161,6168,5831,-664,-225,889
6161,6168,5831,-664,-225,889
6161,6168,5831,-664,-225,889
6161,6168,5831,-664,-225,889
6161,6168,5831,-664,-225,889
6161,6168,5831,-664,-225,889
6161,6168,5831,-664,-225,889
6161,6168,5831,-664,-225,889
6161,6168,5831,-664,-225,889
6161,6168,5831,-664,-225,889
6161,6168,5831,-664,-225,889
6161,6168,5831,-664,-225,889
6161,6168,5831,-664,-225,889
6161,6168,5831,-664,-225,889
6161,6168,5831,-664,-225,889
6161,6168,5831,-664,-225,889
6161,6168,5831,-664,-225,889
6161,6168,5831,-664,-225,889
6161,6168,5831,-664,-225,889
6161,6168,5831,-664,-225,889
6161,6168,5831,-664,-225,889
6161,6168,5831,-664,-225,889
6161,6168,5831,-664,-225,889
6161,6168,5831,-664,-225,889
6161,6168,5831,-664,-225,889
6161,6168,5831,-664,-225,889
6161,6168,5831,-664,-225,889
6161,6168,5831,-664,-225,889
6161,6168,5831,-664,-225,889
6161,6168,5831,-664,-225,889
6161,6168,5831,-664,-225,889
6161,6168,5831,-664,-225,889
6161,6168,5831,-664,-225,889
6161,6168,5831,-664,-225,889
6161,6168,5831,-664,-225,889
6161,6168,5831,-664,-225,889
6161,6168,5831,-664,-225,889
6161,6168,5831,-664,-225,889
6161,6168,5831,-664,-225,889
6161,6168,5831,-664,-225,889
6161,6168,5831,-664,-225,889
6161,6168,5831,-664,-225,889
6161,6168,5831,-664,-225,889
6161,6168,5831,-664,-225,889
6161,6168,5831,-664,-225,889
6161,6168,5831,-664,-225,889
6161,6168,5831,-664,-225,889
6161,6168,5831,-664,-225,889
6161,6168,5831,-664,-225,889
6161,6168,5831,-664,-225,889
6161,6168,5831,-664,-225,889
6161,6168,5831,-664,-225,889
6161,6168,5831,-664,-225,889
6161,6168,5831,-664,-225,889
6161,6168,5831,-664,-225,889
6161,6168,5831,-664,-225,889
6161,6168,5831,-664,-225,889
6161,6168,5831,-664,-225,889
6161,6168,5831,-664,-225,889
6161,6168,5831,-664,-225,889
6161,6168,5831,-664,-225,889
6161,6168,5831,-664,-225,889
6161,6168,5831,-664,-225,889
6161,6168,5831,-664,-225,889
6161,6168,5831,-664,-225,889
6161,6168,5831,-664,-225,889
6161,6168,5831,-664,-225,889
6161,6168,5831,-664,-225,889
6161,6168,5831,-664,-225,889
6161,6168,5831,-664,-225,889
6161,6168,5831,-664,-225,889
6161,6168,5831,-664,-225,889
6161,6168,5831,-664,-225,889
6161,6168,5831,-664,-225,889
6161,6168,5831,-664,-225,889
6161,6168,5831,-664,-225,889
6161,6168,5831,-664,-225,889
6161,6168,5831,-664,-225,889
6161,6168,5831,-664,-225,889
6161,6168,5831,-664,-225,889
6161,6168,5831,-664,-225,889
6161,6168,5831,-664,-225,889
6161,6168,5831,-664,-225,889
6161,6168,5831,-664,-225,889
6161,6168,5831,-664,-225,889
6161,6168,5831,-664,-225,889
6161,6168,5831,-664,-225,889
6161,6168,5831,-664,-225,889
6161,6168,5831,-664,-225,889
6161,6168,5831,-664,-225,889
6161,6168,5831,-664,-225,889
6161,6168,5831,-664,-225,889
6161,6168,5831,-664,-225,889
6161,6168,5831,-664,-225,889
6161,6168,5831,-664,-225,889
6161,6168,5831,-664,-225,889
6161,6168,5831,-664,-225,889
6161,6168,5831,-664,-225,889
6161,6168,5831,-664,-225,889
6161,6168,5831,-664,-225,889
6161,6168,5831,-664,-225,889
6161,6168,5831,-664,-225,889
6161,6168,5831,-664,-225,889
6161,6168,5831,-664,-225,889
6161,6168,5831,-664,-225,889
6161,6168,5831,-664,-225,889
6161,6168,5831,-664,-225,889
6161,6168,5831,-664,-225,889
6161,6168,5831,-664,-225,889
6161,6168,5831,-664,-225,889
6161,6168,5831,-664,-225,889
6161,6168,5831,-664,-225,889
6161,6168,5831,-664,-225,889
6161,6168,5831,-664,-225,889
6161,6168,5831,-664,-225,889
6161,6168,5831,-664,-225,889
6161,6168,5831,-664,-225,889
6161,6168,5831,-664,-225,889
6161,6168,5831,-664,-225,889
6161,6168,5831,-664,-225,889
6161,6168,5831,-664,-225,889
6161,6168,5831,-664,-225,889
6161,6168,5831,-664,-225,889
6161,6168,5831,-664,-225,889
6161,6168,5831,-664,-225,889
6161,6168,5831,-664,-225,889
6161,6168,5831,-664,-225,889
6161,6168,5831,-664,-225,889
6161,6168,5831,-664,-225,889
6161,6168,5831,-664,-225,889
6161,6168,5831,-664,-225,889
6161,6168,5831,-664,-225,889
6161,6168,5831,-664,-225,889
6161,6168,5831,-664,-225,889
6161,6168,5831,-664,-225,889
6161,6168,5831,-664,-225,889
6161,6168,5831,-664,-225,889
6161,6168,5831,-664,-225,889
6161,6168,5831,-664,-225,889
6161,6168,5831,-664,-225,889
6161,6168,5831,-664,-225,889
6161,6168,5831,-664,-225,889
6161,6168,5831,-664,-225,889
6161,6168,5831,-664,-225,889
6161,6168,5831,-664,-225,889
6161,6168,5831,-664,-225,889
6161,6168,5831,-664,-225,889
6161,6168,5831,-664,-225,889
6161,6168,5831,-664,-225,889
6161,6168,5831,-664,-225,889
6161,6168,5831,-664,-225,889
6161,6168,5831,-664,-225,889
6161,6168,5831,-664,-225,889
6161,6168,5831,-664,-225,889
6161,6168,5831,-664,-225,889
6161,6168,5831,-664,-225,889
6161,6168,5831,-664,-225,889
6161,6168,5831,-664,-225,889
6161,6168,5831,-664,-225,889
6161,6168,5831,-664,-225,889
6161,6168,5831,-664,-225,889
6161,6168,5831,-664,-225,889
6161,6168,5831,-664,-225,889
6161,6168,5831,-664,-225,889
6161,6168,5831,-664,-225,889
6161,6168,5831,-664,-225,889
6161,6168,5831,-664,-225,889
6161,6168,5831,-664,-225,889
6161,6168,5831,-664,-225,889
6161,6168,5831,-664,-225,889
6161,6168,5831,-664,-225,889
6161,6168,5831,-664,-225,889
6161,6168,5831,-664,-225,889
6161,6168,5831,-664,-225,889
6161,6168,5831,-664,-225,889
6161,6168,5831,-664,-225,889
6161,6168,5831,-664,-225,889
6161,6168,5831,-664,-225,889
6161,6168,5831,-664,-225,889
6161,6168,5831,-664,-225,889
6161,6168,5831,-664,-225,889
6161,6168,5831,-664,-225,889
6161,6168,5831,-664,-225,889
6161,6168,5831,-664,-225,889
6161,6168,5831,-664,-225,889
6161,6168,5831,-664,-225,889
6161,6168,5831,-664,-225,889
6161,6168,5831,-664,-225,889
6161,6168,5831,-664,-225,889
6161,6168,5831,-664,-225,889
6161,6168,5831,-664,-225,889
6161,6168,5831,-664,-225,889
6161,6168,5831,-664,-225,889
6161,6168,5831,-664,-225,889
6161,6168,5831,-664,-225,889
6161,6168,5831,-664,-225,889
6161,6168,5831,-664,-225,889
6161,6168,5831,-664,-225,889
6161,6168,5831,-664,-225,889
6161,6168,5831,-664,-225,889
6161,6168,5831,-664,-225,889
6161,6168,5831,-664,-225,889
6161,6168,5831,-664,-225,889
6161,6168,5831,-664,-225,889
6161,6168,5831,-664,-225,889
6161,6168,5831,-664,-225,889
6161,6168,5831,-664,-225,889
6161,6168,5831,-664,-225,889
6161,6168,5831,-664,-225,889
6161,6168,5831,-664,-225,889
6161,6168,5831,-664,-225,889
6161,6168,5831,-664,-225,889
6161,6168,5831,-664,-225,889
6161,6168,5831,-664,-225,889
6161,6168,5831,-664,-225,889
6161,6168,5831,-664,-225,889
6161,6168,5831,-664,-225,889
6161,6168,5831,-664,-225,889
6161,6168,5831,-664,-225,889
6161,6168,5831,-664,-225,889
6161,6168,5831,-664,-225,889
6161,6168,5831,-664,-225,889
6161,6168,5831,-664,-225,889
6161,6168,5831,-664,-225,889
6161,6168,5831,-664,-225,889
6161,6168,5831,-664,-225,889
6161,6168,5831,-664,-225,889
6161,6168,5831,-664,-225,889
6161,6168,5831,-664,-225,889
6161,6168,5831,-664,-225,889
6161,6168,5831,-664,-225,889
6161,6168,5831,-664,-225,889
6161,6168,5831,-664,-225,889
6161,6168,5831,-664,-225,889
6161,6168,5831,-664,-225,889
6161,6168,5831,-664,-225,889
6161,6168,5831,-664,-225,889
6161,6168,5831,-664,-225,889
6161,6168,5831,-664,-225,889
6161,6168,5831,-664,-225,889
6161,6168,5831,-664,-225,889
6161,6168,5831,-664,-225,889
6161,6168,5831,-664,-225,889
6161,6168,5831,-664,-225,889
6161,6168,5831,-664,-225,889
6161,6168,5831,-664,-225,889
6161,6168,5831,-664,-225,889
6161,6168,5831,-664,-225,889
6161,6168,5831,-664,-225,889
6161,6168,5831,-664,-225,889
6161,6168,5831,-664,-225,889
6161,6168,5831,-664,-225,889
6161,6168,5831,-664,-225,889
6161,6168,5831,-664,-225,889
6161,6168,5831,-664,-225,889
6161,6168,5831,-664,-225,889
6161,6168,5831,-664,-225,889
6161,6168,5831,-664,-225,889
6161,6168,5831,-664,-225,889
6161,6168,5831,-664,-225,889
6161,6168,5831,-664,-225,889
6161,6168,5831,-664,-225,889
6161,6168,5831,-664,-225,889
6161,6168,5831,-664,-225,889
6161,6168,5831,-664,-225,889
6161,6168,5831,-664,-225,889
6161,6168,5831,-664,-225,889
6161,6168,5831,-664,-225,889
6161,6168,5831,-664,-225,889
6161,6168,5831,-664,-225,889
6161,6168,5831,-664,-225,889
6161,6168,5831,-664,-225,889
6161,6168,5831,-664,-225,889
6161,6168,5831,-664,-225,889
6161,6168,5831,-664,-225,889
6161,6168,5831,-664,-225,889
6161,6168,5831,-664,-225,889
6161,6168,5831,-664,-225,889
6161,6168,5831,-664,-225,889
6161,6168,5831,-664,-225,889
6161,6168,5831,-664,-225,889
6161,6168,5831,-664,-225,889
6161,6168,5831,-664,-225,889
6161,6168,5831,-664,-225,889
6161,6168,5831,-664,-225,889
6161,6168,5831,-664,-225,889
6161,6168,5831,-664,-225,889
6161,6168,5831,-664,-225,889
6161,6168,5831,-664,-225,889
6161,6168,5831,-664,-225,889
6161,6168,5831,-664,-225,889
6161,6168,5831,-664,-225,889
6161,6168,5831,-664,-225,889
6161,6168,5831,-664,-225,889
6161,6168,5831,-664,-225,889
6161,6168,5831,-664,-225,889
6161,6168,5831,-664,-225,889
6161,6168,5831,-664,-225,889
6161,6168,5831,-664,-225,889
6161,6168,5831,-664,-225,889
6161,6168,5831,-664,-225,889
6161,6168,5831,-664,-225,889
6161,6168,5831,-664,-225,889
6161,6168,5831,-664,-225,889
6161,6168,5831,-664,-225,889
6161,6168,5831,-664,-225,889
6161,6168,5831,-664,-225,889
6161,6168,5831,-664,-225,889
6161,6168,5831,-664,-225,889
6161,6168,5831,-664,-225,889
6161,6168,5831,-664,-225,889
6161,6168,5831,-664,-225,889
6161,6168,5831,-664,-225,889
6161,6168,5831,-664,-225,889
6161,6168,5831,-664,-225,889
6161,6168,5831,-664,-225,889
6161,6168,5831,-664,-225,889
6161,6168,5831,-664,-225,889
6161,6168,5831,-664,-225,889
6161,6168,5831,-664,-225,889
6161,6168,5831,-664,-225,889
6161,6168,5831,-664,-225,889
6161,6168,5831,-664,-225,889
6161,6168,5831,-664,-225,889
6161,6168,5831,-664,-225,889
6161,6168,5831,-664,-225,889
6161,6168,5831,-664,-225,889
6161,6168,5831,-664,-225,889
6161,6168,5831,-664,-225,889
6161,6168,5831,-664,-225,889
6161,6168,5831,-664,-225,889
6161,6168,5831,-664,-225,889
6161,6168,5831,-664,-225,889
6161,6168,5831,-664,-225,889
6161,6168,5831,-664,-225,889
6161,6168,5831,-664,-225,889
6161,6168,5831,-664,-225,889
6161,6168,5831,-664,-225,889
6161,6168,5831,-664,-225,889
6161,6168,5831,-664,-225,889
6161,6168,5831,-664,-225,889
6161,6168,5831,-664,-225,889
6161,6168,5831,-664,-225,889
6161,6168,5831,-664,-225,889
6161,6168,5831,-664,-225,889
6161,6168,5831,-664,-225,889
6161,6168,5831,-664,-225,889
6161,6168,5831,-664,-225,889
6161,6168,5831,-664,-225,889
6161,6168,5831,-664,-225,889
6161,6168,5831,-664,-225,889
6161,6168,5831,-664,-225,889
6161,6168,5831,-664,-225,889
6161,6168,5831,-664,-225,889
6161,6168,5831,-664,-225,889
6161,6168,5831,-664,-225,889
6161,6168,5831,-664,-225,889
6161,6168,5831,-664,-225,889
6161,6168,5831,-664,-225,889
6161,6168,5831,-664,-225,889
6161,6168,5831,-664,-225,889
6161,6168,5831,-664,-225,889
6161,6168,5831,-664,-225,889
6161,6168,5831,-664,-225,889
6161,6168,5831,-664,-225,889
6161,6168,5831,-664,-225,889
6161,6168,5831,-664,-225,889
6161,6168,5831,-664,-225,889
6161,6168,5831,-664,-225,889
6161,6168,5831,-664,-225,889
6161,6168,5831,-664,-225,889
6161,6168,5831,-664,-225,889
6161,6168,5831,-664,-225,889
6161,6168,5831,-664,-225,889
6161,6168,5831,-664,-225,889
6161,6168,5831,-664,-225,889
6161,6168,5831,-664,-225,889
6161,6168,5831,-664,-225,889
6161,6168,5831,-664,-225,889
6161,6168,5831,-664,-225,889
6161,6168,5831,-664,-225,889
6161,6168,5831,-664,-225,889
6161,6168,5831,-664,-225,889
6161,6168,5831,-664,-225,889
6161,6168,5831,-664,-225,889
6161,6168,5831,-664,-225,889
6161,6168,5831,-664,-225,889
6161,6168,5831,-664,-225,889
6161,6168,5831,-664,-225,889
6161,6168,5831,-664,-225,889
6161,6168,5831,-664,-225,889
6161,6168,5831,-664,-225,889
6161,6168,5831,-664,-225,889
6161,6168,5831,-664,-225,889
6161,6168,5831,-664,-225,889
6161,6168,5831,-664,-225,889
6161,6168,5831,-664,-225,889
6161,6168,5831,-664,-225,889
6161,6168,5831,-664,-225,889
6161,6168,5831,-664,-225,889
6161,6168,5831,-664,-225,889
6161,6168,5831,-664,-225,889
6161,6168,5831,-664,-225,889
6161,6168,5831,-664,-225,889
6161,6168,5831,-664,-225,889
6161,6168,5831,-664,-225,889
6161,6168,5831,-664,-225,889
6161,6168,5831,-664,-225,889
6161,6168,5831,-664,-225,889
6161,6168,5831,-664,-225,889
6161,6168,5831,-664,-225,889
6161,6168,5831,-664,-225,889
6161,6168,5831,-664,-225,889
6161,6168,5831,-664,-225,889
6161,6168,5831,-664,-225,889
6161,6168,5831,-664,-225,889
6161,6168,5831,-664,-225,889
6161,6168,5831,-664,-225,889
6161,6168,5831,-664,-225,889
6161,6168,5831,-664,-225,889
6161,6168,5831,-664,-225,889
6161,6168,5831,-664,-225,889
6161,6168,5831,-664,-225,889
6161,6168,5831,-664,-225,889
6161,6168,5831,-664,-225,889
6161,6168,5831,-664,-225,889
6161,6168,5831,-664,-225,889
6161,6168,5831,-664,-225,889
6161,6168,5831,-664,-225,889
6161,6168,5831,-664,-225,889
6161,6168,5831,-664,-225,889
6161,6168,5831,-664,-225,889
6161,6168,5831,-664,-225,889
6161,6168,5831,-664,-225,889
6161,6168,5831,-664,-225,889
6161,6168,5831,-664,-225,889
6161,6168,5831,-664,-225,889
6161,6168,5831,-664,-225,889
6161,6168,5831,-664,-225,889
6161,6168,5831,-664,-225,889
6161,6168,5831,-664,-225,889
6161,6168,5831,-664,-225,889
6161,6168,5831,-664,-225,889
6161,6168,5831,-664,-225,889
6161,6168,5831,-664,-225,889
6161,6168,5831,-664,-225,889
6161,6168,5831,-664,-225,889
6161,6168,5831,-664,-225,889
6161,6168,5831,-664,-225,889
6161,6168,5831,-664,-225,889
6161,6168,5831,-664,-225,889
6161,6168,5831,-664,-225,889
6161,6168,5831,-664,-225,889
6161,6168,5831,-664,-225,889
6161,6168,5831,-664,-225,889
6161,6168,5831,-664,-225,889
6161,6168,5831,-664,-225,889
6161,6168,5831,-664,-225,889
6161,6168,5831,-664,-225,889
6161,6168,5831,-664,-225,889
6161,6168,5831,-664,-225,889
6161,6168,5831,-664,-225,889
6161,6168,5831,-664,-225,889
6161,6168,5831,-664,-225,889
6161,6168,5831,-664,-225,889
6161,6168,5831,-664,-225,889
6161,6168,5831,-664,-225,889
6161,6168,5831,-664,-225,889
6161,6168,5831,-664,-225,889
6161,6168,5831,-664,-225,889
6161,6168,5831,-664,-225,889
6161,6168,5831,-664,-225,889
6161,6168,5831,-664,-225,889
6161,6168,5831,-664,-225,889
6161,6168,5831,-664,-225,889
6161,6168,5831,-664,-225,889
6161,6168,5831,-664,-225,889
6161,6168,5831,-664,-225,889
6161,6168,5831,-664,-225,889
6161,6168,5831,-664,-225,889
6161,6168,5831,-664,-225,889
6161,6168,5831,-664,-225,889
6161,6168,5831,-664,-225,889
6161,6168,5831,-664,-225,889
6161,6168,5831,-664,-225,889
6161,6168,5831,-664,-225,889
6161,6168,5831,-664,-225,889
6161,6168,5831,-664,-225,889
6161,6168,5831,-664,-225,889
6161,6168,5831,-664,-225,889
6161,6168,5831,-664,-225,889
6161,6168,5831,-664,-225,889
6161,6168,5831,-664,-225,889
6161,6168,5831,-664,-225,889
6161,6168,5831,-664,-225,889
6161,6168,5831,-664,-225,889
6161,6168,5831,-664,-225,889
6161,6168,5831,-664,-225,889
6161,6168,5831,-664,-225,889
6161,6168,5831,-664,-225,889
6161,6168,5831,-664,-225,889
6161,6168,5831,-664,-225,889
6161,6168,5831,-664,-225,889
6161,6168,5831,-664,-225,889
6161,6168,5831,-664,-225,889
6161,6168,5831,-664,-225,889
6161,6168,5831,-664,-225,889
6161,6168,5831,-664,-225,889
6161,6168,5831,-664,-225,889
6161,6168,5831,-664,-225,889
6161,6168,5831,-664,-225,889
6161,6168,5831,-664,-225,889
6161,6168,5831,-664,-225,889
6161,6168,5831,-664,-225,889
6161,6168,5831,-664,-225,889
6161,6168,5831,-664,-225,889
6161,6168,5831,-664,-225,889
6161,6168,5831,-664,-225,889
6161,6168,5831,-664,-225,889
6161,6168,5831,-664,-225,889
6161,6168,5831,-664,-225,889
6161,6168,5831,-664,-225,889
6161,6168,5831,-664,-225,889
6161,6168,5831,-664,-225,889
6161,6168,5831,-664,-225,889
6161,6168,5831,-664,-225,889
6161,6168,5831,-664,-225,889
6161,6168,5831,-664,-225,889
6161,6168,5831,-664,-225,889
6161,6168,5831,-664,-225,889
6161,6168,5831,-664,-225,889
6161,6168,5831,-664,-225,889
6161,6168,5831,-664,-225,889
6161,6168,5831,-664,-225,889
6161,6168,5831,-664,-225,889
6161,6168,5831,-664,-225,889
6161,6168,5831,-664,-225,889
6161,6168,5831,-664,-225,889
6161,6168,5831,-664,-225,889
6161,6168,5831,-664,-225,889
6161,6168,5831,-664,-225,889
6161,6168,5831,-664,-225,889
6161,6168,5831,-664,-225,889
6161,6168,5831,-664,-225,889
6161,6168,5831,-664,-225,889
6161,6168,5831,-664,-225,889
6161,6168,5831,-664,-225,889
6161,6168,5831,-664,-225,889
6161,6168,5831,-664,-225,889
6161,6168,5831,-664,-225,889
6161,6168,5831,-664,-225,889
6161,6168,5831,-664,-225,889
6161,6168,5831,-664,-225,889
6161,6168,5831,-664,-225,889
6161,6168,5831,-664,-225,889
6161,6168,5831,-664,-225,889
6161,6168,5831,-664,-225,889
6161,6168,5831,-664,-225,889
6161,6168,5831,-664,-225,889
6161,6168,5831,-664,-225,889
6161,6168,5831,-664,-225,889
6161,6168,5831,-664,-225,889
6161,6168,5831,-664,-225,889
6161,6168,5831,-664,-225,889
6161,6168,5831,-664,-225,889
6161,6168,5831,-664,-225,889
6161,6168,5831,-664,-225,889
6161,6168,5831,-664,-225,889
6161,6168,5831,-664,-225,889
6161,6168,5831,-664,-225,889
6161,6168,5831,-664,-225,889
6161,6168,5831,-664,-225,889
6161,6168,5831,-664,-225,889
6161,6168,5831,-664,-225,889
6161,6168,5831,-664,-225,889
6161,6168,5831,-664,-225,889
6161,6168,5831,-664,-225,889
6161,6168,5831,-664,-225,889
6161,6168,5831,-664,-225,889
6161,6168,5831,-664,-225,889
6161,6168,5831,-664,-225,889
6161,6168,5831,-664,-225,889
6161,6168,5831,-664,-225,889
6161,6168,5831,-664,-225,889
6161,6168,5831,-664,-225,889
6161,6168,5831,-664,-225,889
6161,6168,5831,-664,-225,889
6161,6168,5831,-664,-225,889
6161,6168,5831,-664,-225,889
6161,6168,5831,-664,-225,889
6161,6168,5831,-664,-225,889
6161,6168,5831,-664,-225,889
6161,6168,5831,-664,-225,889
6161,6168,5831,-664,-225,889
6161,6168,5831,-664,-225,889
6161,6168,5831,-664,-225,889
6161,6168,5831,-664,-225,889
6161,6168,5831,-664,-225,889
6161,6168,5831,-664,-225,889
6161,6168,5831,-664,-225,889
6161,6168,5831,-664,-225,889
6161,6168,5831,-664,-225,889
6161,6168,5831,-664,-225,889
6161,6168,5831,-664,-225,889
6161,6168,5831,-664,-225,889
6161,6168,5831,-664,-225,889
6161,6168,5831,-664,-225,889
6161,6168,5831,-664,-225,889
6161,6168,5831,-664,-225,889
6161,6168,5831,-664,-225,889
6161,6168,5831,-664,-225,889
6161,6168,5831,-664,-225,889
6161,6168,5831,-664,-225,889
6161,6168,5831,-664,-225,889
6161,6168,5831,-664,-225,889
6161,6168,5831,-664,-225,889
6161,6168,5831,-664,-225,889
6161,6168,5831,-664,-225,889
6161,6168,5831,-664,-225,889
6161,6168,5831,-664,-225,889
6161,6168,5831,-664,-225,889
6161,6168,5831,-664,-225,889
6161,6168,5831,-664,-225,889
6161,6168,5831,-664,-225,889
6161,6168,5831,-664,-225,889
6161,6168,5831,-664,-225,889
6161,6168,5831,-664,-225,889
6161,6168,5831,-664,-225,889
6161,6168,5831,-664,-225,889
6161,6168,5831,-664,-225,889
6161,6168,5831,-664,-225,889
6161,6168,5831,-664,-225,889
6161,6168,5831,-664,-225,889
6161,6168,5831,-664,-225,889
6161,6168,5831,-664,-225,889
6161,6168,5831,-664,-225,889
6161,6168,5831,-664,-225,889
6161,6168,5831,-664,-225,889
6161,6168,5831,-664,-225,889
6161,6168,5831,-664,-225,889
6161,6168,5831,-664,-225,889
6161,6168,5831,-664,-225,889
6161,6168,5831,-664,-225,889
6161,6168,5831,-664,-225,889
6161,6168,5831,-664,-225,889
6161,6168,5831,-664,-225,889
6161,6168,5831,-664,-225,889
6161,6168,5831,-664,-225,889
6161,6168,5831,-664,-225,889
6161,6168,5831,-664,-225,889
6161,6168,5831,-664,-225,889
6161,6168,5831,-664,-225,889
6161,6168,5831,-664,-225,889
6161,6168,5831,-664,-225,889
6161,6168,5831,-664,-225,889
6161,6168,5831,-664,-225,889
6161,6168,5831,-664,-225,889
6161,6168,5831,-664,-225,889
6161,6168,5831,-664,-225,889
6161,6168,5831,-664,-225,889
6161,6168,5831,-664,-225,889
6161,6168,5831,-664,-225,889
6161,6168,5831,-664,-225,889
6161,6168,5831,-664,-225,889
6161,6168,5831,-664,-225,889
6161,6168,5831,-664,-225,889
6161,6168,5831,-664,-225,889
6161,6168,5831,-664,-225,889
6161,6168,5831,-664,-225,889
6161,6168,5831,-664,-225,889
6161,6168,5831,-664,-225,889
6161,6168,5831,-664,-225,889
6161,6168,5831,-664,-225,889
6161,6168,5831,-664,-225,889
6161,6168,5831,-664,-225,889
6161,6168,5831,-664,-225,889
6161,6168,5831,-664,-225,889
6161,6168,5831,-664,-225,889
6161,6168,5831,-664,-225,889
6161,6168,5831,-664,-225,889
6161,6168,5831,-664,-225,889
6161,6168,5831,-664,-225,889
6161,6168,5831,-664,-225,889
6161,6168,5831,-664,-225,889
6161,6168,5831,-664,-225,889
6161,6168,5831,-664,-225,889
6161,6168,5831,-664,-225,889
6161,6168,5831,-664,-225,889
6161,6168,5831,-664,-225,889
6161,6168,5831,-664,-225,889
6161,6168,5831,-664,-225,889
6161,6168,5831,-664,-225,889
6161,6168,5831,-664,-225,889
6161,6168,5831,-664,-225,889
6161,6168,5831,-664,-225,889
6161,6168,5831,-664,-225,889
6161,6168,5831,-664,-225,889
6161,6168,5831,-664,-225,889
6161,6168,5831,-664,-225,889
6161,6168,5831,-664,-225,889
6161,6168,5831,-664,-225,889
6161,6168,5831,-664,-225,889
6161,6168,5831,-664,-225,889
6161,6168,5831,-664,-225,889
6161,6168,5831,-664,-225,889
6161,6168,5831,-664,-225,889
6161,6168,5831,-664,-225,889
6161,6168,5831,-664,-225,889
6161,6168,5831,-664,-225,889
6161,6168,5831,-664,-225,889
6161,6168,5831,-664,-225,889
6161,6168,5831,-664,-225,889
6161,6168,5831,-664,-225,889
6161,6168,5831,-664,-225,889
6161,6168,5831,-664,-225,889
6161,6168,5831,-664,-225,889
6161,6168,5831,-664,-225,889
6161,6168,5831,-664,-225,889
6161,6168,5831,-664,-225,889
6161,6168,5831,-664,-225,889
6161,6168,5831,-664,-225,889
6161,6168,5831,-664,-225,889
6161,6168,5831,-664,-225,889
6161,6168,5831,-664,-225,889
6161,6168,5831,-664,-225,889
6161,6168,5831,-664,-225,889
6161,6168,5831,-664,-225,889
6161,6168,5831,-664,-225,889
6161,6168,5831,-664,-225,889
6161,6168,5831,-664,-225,889
6161,6168,5831,-664,-225,889
6161,6168,5831,-664,-225,889
6161,6168,5831,-664,-225,889
6161,6168,5831,-664,-225,889
6161,6168,5831,-664,-225,889
6161,6168,5831,-664,-225,889
6161,6168,5831,-664,-225,889
6161,6168,5831,-664,-225,889
6161,6168,5831,-664,-225,889
6161,6168,5831,-664,-225,889
6161,6168,5831,-664,-225,889
6161,6168,5831,-664,-225,889
6161,6168,5831,-664,-225,889
6161,6168,5831,-664,-225,889
6161,6168,5831,-664,-225,889
6161,6168,5831,-664,-225,889
6161,6168,5831,-664,-225,889
6161,6168,5831,-664,-225,889
6161,6168,5831,-664,-225,889
6161,6168,5831,-664,-225,889
6161,6168,5831,-664,-225,889
6161,6168,5831,-664,-225,889
6161,6168,5831,-664,-225,889
6161,6168,5831,-664,-225,889
6161,6168,5831,-664,-225,889
6161,6168,5831,-664,-225,889
6161,6168,5831,-664,-225,889
6161,6168,5831,-664,-225,889
6161,6168,5831,-664,-225,889
6161,6168,5831,-664,-225,889
6161,6168,5831,-664,-225,889
6161,6168,5831,-664,-225,889
6161,6168,5831,-664,-225,889
6161,6168,5831,-664,-225,889
6161,6168,5831,-664,-225,889
6161,6168,5831,-664,-225,889
6161,6168,5831,-664,-225,889
6161,6168,5831,-664,-225,889
6161,6168,5831,-664,-225,889
6161,6168,5831,-664,-225,889
6161,6168,5831,-664,-225,889
6161,6168,5831,-664,-225,889
6161,6168,5831,-664,-225,889
6161,6168,5831,-664,-225,889
6161,6168,5831,-664,-225,889
6161,6168,5831,-664,-225,889
6161,6168,5831,-664,-225,889
6161,6168,5831,-664,-225,889
6161,6168,5831,-664,-225,889
6161,6168,5831,-664,-225,889
6161,6168,5831,-664,-225,889
6161,6168,5831,-664,-225,889
6161,6168,5831,-664,-225,889
6161,6168,5831,-664,-225,889
6161,6168,5831,-664,-225,889
6161,6168,5831,-664,-225,889
6161,6168,5831,-664,-225,889
6161,6168,5831,-664,-225,889
6161,6168,5831,-664,-225,889
6161,6168,5831,-664,-225,889
6161,6168,5831,-664,-225,889
6161,6168,5831,-664,-225,889
6161,6168,5831,-664,-225,889
6161,6168,5831,-664,-225,889
6161,6168,5831,-664,-225,889
6161,6168,5831,-664,-225,889
6161,6168,5831,-664,-225,889
6161,6168,5831,-664,-225,889
6161,6168,5831,-664,-225,889
6161,6168,5831,-664,-225,889
6161,6168,5831,-664,-225,889
6161,6168,5831,-664,-225,889
6161,6168,5831,-664,-225,889
6161,6168,5831,-664,-225,889
6161,6168,5831,-664,-225,889
6161,6168,5831,-664,-225,889
6161,6168,5831,-664,-225,889
6161,6168,5831,-664,-225,889
6161,6168,5831,-664,-225,889
6161,6168,5831,-664,-225,889
6161,6168,5831,-664,-225,889
6161,6168,5831,-664,-225,889
6161,6168,5831,-664,-225,889
6161,6168,5831,-664,-225,889
6161,6168,5831,-664,-225,889
6161,6168,5831,-664,-225,889
6161,6168,5831,-664,-225,889
6161,6168,5831,-664,-225,889
6161,6168,5831,-664,-225,889
6161,6168,5831,-664,-225,889
6161,6168,5831,-664,-225,889
6161,6168,5831,-664,-225,889
6161,6168,5831,-664,-225,889
6161,6168,5831,-664,-225,889
6161,6168,5831,-664,-225,889
6161,6168,5831,-664,-225,889
6161,6168,5831,-664,-225,889
6161,6168,5831,-664,-225,889
6161,6168,5831,-664,-225,889
6161,6168,5831,-664,-225,889
6161,6168,5831,-664,-225,889
6161,6168,5831,-664,-225,889
6161,6168,5831,-664,-225,889
6161,6168,5831,-664,-225,889
6161,6168,5831,-664,-225,889
6161,6168,5831,-664,-225,889
6161,6168,5831,-664,-225,889
6161,6168,5831,-664,-225,889
6161,6168,5831,-664,-225,889
6161,6168,5831,-664,-225,889
6161,6168,5831,-664,-225,889
6161,6168,5831,-664,-225,889
6161,6168,5831,-664,-225,889
6161,6168,5831,-664,-225,889
6161,6168,5831,-664,-225,889
6161,6168,5831,-664,-225,889
6161,6168,5831,-664,-225,889
6161,6168,5831,-664,-225,889
6161,6168,5831,-664,-225,889
6161,6168,5831,-664,-225,889
6161,6168,5831,-664,-225,889
6161,6168,5831,-664,-225,889
6161,6168,5831,-664,-225,889
6161,6168,5831,-664,-225,889
6161,6168,5831,-664,-225,889
6161,6168,5831,-664,-225,889
6161,6168,5831,-664,-225,889
6161,6168,5831,-664,-225,889
6161,6168,5831,-664,-225,889
6161,6168,5831,-664,-225,889
6161,6168,5831,-664,-225,889
6161,6168,5831,-664,-225,889
6161,6168,5831,-664,-225,889
6161,6168,5831,-664,-225,889
6161,6168,5831,-664,-225,889
6161,6168,5831,-664,-225,889
6161,6168,5831,-664,-225,889
6161,6168,5831,-664,-225,889
6161,6168,5831,-664,-225,889
6161,6168,5831,-664,-225,889
6161,6168,5831,-664,-225,889
6161,6168,5831,-664,-225,889
6161,6168,5831,-664,-225,889
6161,6168,5831,-664,-225,889
6161,6168,5831,-664,-225,889
6161,6168,5831,-664,-225,889
6161,6168,5831,-664,-225,889
6161,6168,5831,-664,-225,889
6161,6168,5831,-664,-225,889
6161,6168,5831,-664,-225,889
6161,6168,5831,-664,-225,889
6161,6168,5831,-664,-225,889
6161,6168,5831,-664,-225,889
6161,6168,5831,-664,-225,889
6161,6168,5831,-664,-225,889
6161,6168,5831,-664,-225,889
6161,6168,5831,-664,-225,889
6161,6168,5831,-664,-225,889
6161,6168,5831,-664,-225,889
6161,6168,5831,-664,-225,889
6161,6168,5831,-664,-225,889
6161,6168,5831,-664,-225,889
6161,6168,5831,-664,-225,889
6161,6168,5831,-664,-225,889
6161,6168,5831,-664,-225,889
6161,6168,5831,-664,-225,889
6161,6168,5831,-664,-225,889
6161,6168,5831,-664,-225,889
6161,6168,5831,-664,-225,889
6161,6168,5831,-664,-225,889
6161,6168,5831,-664,-225,889
6161,6168,5831,-664,-225,889
6161,6168,5831,-664,-225,889
6161,6168,5831,-664,-225,889
6161,6168,5831,-664,-225,889
6161,6168,5831,-664,-225,889
6161,6168,5831,-664,-225,889
6161,6168,5831,-664,-225,889
6161,6168,5831,-664,-225,889
6161,6168,5831,-664,-225,889
6161,6168,5831,-664,-225,889
6161,6168,5831,-664,-225,889
6161,6168,5831,-664,-225,889
6161,6168,5831,-664,-225,889
6161,6168,5831,-664,-225,889
6161,6168,5831,-664,-225,889
6161,6168,5831,-664,-225,889
6161,6168,5831,-664,-225,889
6161,6168,5831,-664,-225,889
6161,6168,5831,-664,-225,889
6161,6168,5831,-664,-225,889
6161,6168,5831,-664,-225,889
6161,6168,5831,-664,-225,889
6161,6168,5831,-664,-225,889
6161,6168,5831,-664,-225,889
6161,6168,5831,-664,-225,889
6161,6168,5831,-664,-225,889
6161,6168,5831,-664,-225,889
6161,6168,5831,-664,-225,889
6161,6168,5831,-664,-225,889
6161,6168,5831,-664,-225,889
6161,6168,5831,-664,-225,889
6161,6168,5831,-664,-225,889
6161,6168,5831,-664,-225,889
6161,6168,5831,-664,-225,889
6161,6168,5831,-664,-225,889
6161,6168,5831,-664,-225,889
6161,6168,5831,-664,-225,889
6161,6168,5831,-664,-225,889
6161,6168,5831,-664,-225,889
6161,6168,5831,-664,-225,889
6161,6168,5831,-664,-225,889
6161,6168,5831,-664,-225,889
6161,6168,5831,-664,-225,889
6161,6168,5831,-664,-225,889
6161,6168,5831,-664,-225,889
6161,6168,5831,-664,-225,889
6161,6168,5831,-664,-225,889
6161,6168,5831,-664,-225,889
6161,6168,5831,-664,-225,889
6161,6168,5831,-664,-225,889
6161,6168,5831,-664,-225,889
6161,6168,5831,-664,-225,889
6161,6168,5831,-664,-225,889
6161,6168,5831,-664,-225,889
6161,6168,5831,-664,-225,889
6161,6168,5831,-664,-225,889
6161,6168,5831,-664,-225,889
6161,6168,5831,-664,-225,889
6161,6168,5831,-664,-225,889
6161,6168,5831,-664,-225,889
6161,6168,5831,-664,-225,889
6161,6168,5831,-664,-225,889
6161,6168,5831,-664,-225,889
6161,6168,5831,-664,-225,889
6161,6168,5831,-664,-225,889
6161,6168,5831,-664,-225,889
6161,6168,5831,-664,-225,889
6161,6168,5831,-664,-225,889
6161,6168,5831,-664,-225,889
6161,6168,5831,-664,-225,889
6161,6168,5831,-664,-225,889
6161,6168,5831,-664,-225,889
6161,6168,5831,-664,-225,889
6161,6168,5831,-664,-225,889
6161,6168,5831,-664,-225,889
6161,6168,5831,-664,-225,889
6161,6168,5831,-664,-225,889
6161,6168,5831,-664,-225,889
6161,6168,5831,-664,-225,889
6161,6168,5831,-664,-225,889
6161,6168,5831,-664,-225,889
6161,6168,5831,-664,-225,889
6161,6168,5831,-664,-225,889
6161,6168,5831,-664,-225,889
6161,6168,5831,-664,-225,889
6161,6168,5831,-664,-225,889
6161,6168,5831,-664,-225,889
6161,6168,5831,-664,-225,889
6161,6168,5831,-664,-225,889
6161,6168,5831,-664,-225,889
6161,6168,5831,-664,-225,889
6161,6168,5831,-664,-225,889
6161,6168,5831,-664,-225,889
6161,6168,5831,-664,-225,889
6161,6168,5831,-664,-225,889
6161,6168,5831,-664,-225,889
6161,6168,5831,-664,-225,889
6161,6168,5831,-664,-225,889
6161,6168,5831,-664,-225,889
6161,6168,5831,-664,-225,889
6161,6168,5831,-664,-225,889
6161,6168,5831,-664,-225,889
6161,6168,5831,-664,-225,889
6161,6168,5831,-664,-225,889
6161,6168,5831,-664,-225,889
6161,6168,5831,-664,-225,889
6161,6168,5831,-664,-225,889
6161,6168,5831,-664,-225,889
6161,6168,5831,-664,-225,889
6161,6168,5831,-664,-225,889
6161,6168,5831,-664,-225,889
6161,6168,5831,-664,-225,889
6161,6168,5831,-664,-225,889
6161,6168,5831,-664,-225,889
6161,6168,5831,-664,-225,889
6161,6168,5831,-664,-225,889
6161,6168,5831,-664,-225,889
6161,6168,5831,-664,-225,889
6161,6168,5831,-664,-225,889
6161,6168,5831,-664,-225,889
6161,6168,5831,-664,-225,889
6161,6168,5831,-664,-225,889
6161,6168,5831,-664,-225,889
6161,6168,5831,-664,-225,889
6161,6168,5831,-664,-225,889
6161,6168,5831,-664,-225,889
6161,6168,5831,-664,-225,889
6161,6168,5831,-664,-225,889
6161,6168,5831,-664,-225,889
6161,6168,5831,-664,-225,889
6161,6168,5831,-664,-225,889
6161,6168,5831,-664,-225,889
6161,6168,5831,-664,-225,889
6161,6168,5831,-664,-225,889
6161,6168,5831,-664,-225,889
6161,6168,5831,-664,-225,889
6161,6168,5831,-664,-225,889
6161,6168,5831,-664,-225,889
6161,6168,5831,-664,-225,889
6161,6168,5831,-664,-225,889
6161,6168,5831,-664,-225,889
6161,6168,5831,-664,-225,889
6161,6168,5831,-664,-225,889
6161,6168,5831,-664,-225,889
6161,6168,5831,-664,-225,889
6161,6168,5831,-664,-225,889
6161,6168,5831,-664,-225,889
6161,6168,5831,-664,-225,889
6161,6168,5831,-664,-225,889
6161,6168,5831,-664,-225,889
6161,6168,5831,-664,-225,889
6161,6168,5831,-664,-225,889
6161,6168,5831,-664,-225,889
6161,6168,5831,-664,-225,889
6161,6168,5831,-664,-225,889
6161,6168,5831,-664,-225,889
6161,6168,5831,-664,-225,889
6161,6168,5831,-664,-225,889
6161,6168,5831,-664,-225,889
6161,6168,5831,-664,-225,889
6161,6168,5831,-664,-225,889
6161,6168,5831,-664,-225,889
6161,6168,5831,-664,-225,889
6161,6168,5831,-664,-225,889
6161,6168,5831,-664,-225,889
6161,6168,5831,-664,-225,889
6161,6168,5831,-664,-225,889
6161,6168,5831,-664,-225,889
6161,6168,5831,-664,-225,889
6161,6168,5831,-664,-225,889
6161,6168,5831,-664,-225,889
6161,6168,5831,-664,-225,889
6161,6168,5831,-664,-225,889
6161,6168,5831,-664,-225,889
6161,6168,5831,-664,-225,889
6161,6168,5831,-664,-225,889
6161,6168,5831,-664,-225,889
6161,6168,5831,-664,-225,889
6161,6168,5831,-664,-225,889
6161,6168,5831,-664,-225,889
6161,6168,5831,-664,-225,889
6161,6168,5831,-664,-225,889
6161,6168,5831,-664,-225,889
6161,6168,5831,-664,-225,889
6161,6168,5831,-664,-225,889
6161,6168,5831,-664,-225,889
6161,6168,5831,-664,-225,889
6161,6168,5831,-664,-225,889
6161,6168,5831,-664,-225,889
6161,6168,5831,-664,-225,889
6161,6168,5831,-664,-225,889
6161,6168,5831,-664,-225,889
6161,6168,5831,-664,-225,889
6161,6168,5831,-664,-225,889
6161,6168,5831,-664,-225,889
6161,6168,5831,-664,-225,889
6161,6168,5831,-664,-225,889
6161,6168,5831,-664,-225,889
6161,6168,5831,-664,-225,889
6161,6168,5831,-664,-225,889
6161,6168,5831,-664,-225,889
6161,6168,5831,-664,-225,889
6161,6168,5831,-664,-225,889
6161,6168,5831,-664,-225,889
6161,6168,5831,-664,-225,889
6161,6168,5831,-664,-225,889
6161,6168,5831,-664,-225,889
6161,6168,5831,-664,-225,889
6161,6168,5831,-664,-225,889
6161,6168,5831,-664,-225,889
6161,6168,5831,-664,-225,889
6161,6168,5831,-664,-225,889
6161,6168,5831,-664,-225,889
6161,6168,5831,-664,-225,889
6161,6168,5831,-664,-225,889
6161,6168,5831,-664,-225,889
6161,6168,5831,-664,-225,889
6161,6168,5831,-664,-225,889
6161,6168,5831,-664,-225,889
6161,6168,5831,-664,-225,889
6161,6168,5831,-664,-225,889
6161,6168,5831,-664,-225,889
6161,6168,5831,-664,-225,889
6161,6168,5831,-664,-225,889
6161,6168,5831,-664,-225,889
6161,6168,5831,-664,-225,889
6161,6168,5831,-664,-225,889
6161,6168,5831,-664,-225,889
6161,6168,5831,-664,-225,889
6161,6168,5831,-664,-225,889
6161,6168,5831,-664,-225,889
6161,6168,5831,-664,-225,889
6161,6168,5831,-664,-225,889
6161,6168,5831,-664,-225,889
6161,6168,5831,-664,-225,889
6161,6168,5831,-664,-225,889
6161,6168,5831,-664,-225,889
6161,6168,5831,-664,-225,889
6161,6168,5831,-664,-225,889
6161,6168,5831,-664,-225,889
6161,6168,5831,-664,-225,889
6161,6168,5831,-664,-225,889
6161,6168,5831,-664,-225,889
6161,6168,5831,-664,-225,889
6161,6168,5831,-664,-225,889
6161,6168,5831,-664,-225,889
6161,6168,5831,-664,-225,889
6161,6168,5831,-664,-225,889
6161,6168,5831,-664,-225,889
6161,6168,5831,-664,-225,889
6161,6168,5831,-664,-225,889
6161,6168,5831,-664,-225,889
6161,6168,5831,-664,-225,889
6161,6168,5831,-664,-225,889
6161,6168,5831,-664,-225,889
6161,6168,5831,-664,-225,889
6161,6168,5831,-664,-225,889
6161,6168,5831,-664,-225,889
6161,6168,5831,-664,-225,889
6161,6168,5831,-664,-225,889
6161,6168,5831,-664,-225,889
6161,6168,5831,-664,-225,889
6161,6168,5831,-664,-225,889
6161,6168,5831,-664,-225,889
6161,6168,5831,-664,-225,889
6161,6168,5831,-664,-225,889
6161,6168,5831,-664,-225,889
6161,6168,5831,-664,-225,889
6161,6168,5831,-664,-225,889
6161,6168,5831,-664,-225,889
6161,6168,5831,-664,-225,889
6161,6168,5831,-664,-225,889
6161,6168,5831,-664,-225,889
6161,6168,5831,-664,-225,889
6161,6168,5831,-664,-225,889
6161,6168,5831,-664,-225,889
6161,6168,5831,-664,-225,889
6161,6168,5831,-664,-225,889
6161,6168,5831,-664,-225,889
6161,6168,5831,-664,-225,889
6161,6168,5831,-664,-225,889
6161,6168,5831,-664,-225,889
6161,6168,5831,-664,-225,889
6161,6168,5831,-664,-225,889
6161,6168,5831,-664,-225,889
6161,6168,5831,-664,-225,889
6161,6168,5831,-664,-225,889
6161,6168,5831,-664,-225,889
6161,6168,5831,-664,-225,889
6161,6168,5831,-664,-225,889
6161,6168,5831,-664,-225,889
6161,6168,5831,-664,-225,889
6161,6168,5831,-664,-225,889
6161,6168,5831,-664,-225,889
6161,6168,5831,-664,-225,889
6161,6168,5831,-664,-225,889
6161,6168,5831,-664,-225,889
6161,6168,5831,-664,-225,889
6161,6168,5831,-664,-225,889
6161,6168,5831,-664,-225,889
6161,6168,5831,-664,-225,889
6161,6168,5831,-664,-225,889
6161,6168,5831,-664,-225,889
6161,6168,5831,-664,-225,889
6161,6168,5831,-664,-225,889
6161,6168,5831,-664,-225,889
6161,6168,5831,-664,-225,889
6161,6168,5831,-664,-225,889
6161,6168,5831,-664,-225,889
6161,6168,5831,-664,-225,889
6161,6168,5831,-664,-225,889
6161,6168,5831,-664,-225,889
6161,6168,5831,-664,-225,889
6161,6168,5831,-664,-225,889
6161,6168,5831,-664,-225,889
6161,6168,5831,-664,-225,889
6161,6168,5831,-664,-225,889
6161,6168,5831,-664,-225,889
6161,6168,5831,-664,-225,889
6161,6168,5831,-664,-225,889
6161,6168,5831,-664,-225,889
6161,6168,5831,-664,-225,889
6161,6168,5831,-664,-225,889
6161,6168,5831,-664,-225,889
6161,6168,5831,-664,-225,889
6161,6168,5831,-664,-225,889
6161,6168,5831,-664,-225,889
6161,6168,5831,-664,-225,889
6161,6168,5831,-664,-225,889
6161,6168,5831,-664,-225,889
6161,6168,5831,-664,-225,889
6161,6168,5831,-664,-225,889
6161,6168,5831,-664,-225,889
6161,6168,5831,-664,-225,889
6161,6168,5831,-664,-225,889
6161,6168,5831,-664,-225,889
6161,6168,5831,-664,-225,889
6161,6168,5831,-664,-225,889
6161,6168,5831,-664,-225,889
6161,6168,5831,-664,-225,889
6161,6168,5831,-664,-225,889
6161,6168,5831,-664,-225,889
6161,6168,5831,-664,-225,889
6161,6168,5831,-664,-225,889
6161,6168,5831,-664,-225,889
6161,6168,5831,-664,-225,889
6161,6168,5831,-664,-225,889
6161,6168,5831,-664,-225,889
6161,6168,5831,-664,-225,889
6161,6168,5831,-664,-225,889
6161,6168,5831,-664,-225,889
6161,6168,5831,-664,-225,889
6161,6168,5831,-664,-225,889
6161,6168,5831,-664,-225,889
6161,6168,5831,-664,-225,889
6161,6168,5831,-664,-225,889
6161,6168,5831,-664,-225,889
6161,6168,5831,-664,-225,889
6161,6168,5831,-664,-225,889
6161,6168,5831,-664,-225,889
6161,6168,5831,-664,-225,889
6161,6168,5831,-664,-225,889
6161,6168,5831,-664,-225,889
6161,6168,5831,-664,-225,889
6161,6168,5831,-664,-225,889
6161,6168,5831,-664,-225,889
6161,6168,5831,-664,-225,889
6161,6168,5831,-664,-225,889
6161,6168,5831,-664,-225,889
6161,6168,5831,-664,-225,889
6161,6168,5831,-664,-225,889
6161,6168,5831,-664,-225,889
6161,6168,5831,-664,-225,889
6161,6168,5831,-664,-225,889
6161,6168,5831,-664,-225,889
6161,6168,5831,-664,-225,889
6161,6168,5831,-664,-225,889
6161,6168,5831,-664,-225,889
6161,6168,5831,-664,-225,889
6161,6168,5831,-664,-225,889
6161,6168,5831,-664,-225,889
6161,6168,5831,-664,-225,889
6161,6168,5831,-664,-225,889
6161,6168,5831,-664,-225,889
6161,6168,5831,-664,-225,889
6161,6168,5831,-664,-225,889
6161,6168,5831,-664,-225,889
6161,6168,5831,-664,-225,889
6161,6168,5831,-664,-225,889
6161,6168,5831,-664,-225,889
6161,6168,5831,-664,-225,889
6161,6168,5831,-664,-225,889
6161,6168,5831,-664,-225,889
6161,6168,5831,-664,-225,889
6161,6168,5831,-664,-225,889
6161,6168,5831,-664,-225,889
6161,6168,5831,-664,-225,889
6161,6168,5831,-664,-225,889
6161,6168,5831,-664,-225,889
6161,6168,5831,-664,-225,889
6161,6168,5831,-664,-225,889
6161,6168,5831,-664,-225,889
6161,6168,5831,-664,-225,889
6161,6168,5831,-664,-225,889
6161,6168,5831,-664,-225,889
6161,6168,5831,-664,-225,889
6161,6168,5831,-664,-225,889
6161,6168,5831,-664,-225,889
6161,6168,5831,-664,-225,889
6161,6168,5831,-664,-225,889
6161,6168,5831,-664,-225,889
6161,6168,5831,-664,-225,889
6161,6168,5831,-664,-225,889
6161,6168,5831,-664,-225,889
6161,6168,5831,-664,-225,889
6161,6168,5831,-664,-225,889
6161,6168,5831,-664,-225,889
6161,6168,5831,-664,-225,889
6161,6168,5831,-664,-225,889
6161,6168,5831,-664,-225,889
6161,6168,5831,-664,-225,889
6161,6168,5831,-664,-225,889
6161,6168,5831,-664,-225,889
6161,6168,5831,-664,-225,889
6161,6168,5831,-664,-225,889
6161,6168,5831,-664,-225,889
6161,6168,5831,-664,-225,889
6161,6168,5831,-664,-225,889
6161,6168,5831,-664,-225,889
6161,6168,5831,-664,-225,889
6161,6168,5831,-664,-225,889
6161,6168,5831,-664,-225,889
6161,6168,5831,-664,-225,889
6161,6168,5831,-664,-225,889
6161,6168,5831,-664,-225,889
6161,6168,5831,-664,-225,889
6161,6168,5831,-664,-225,889
6161,6168,5831,-664,-225,889
6161,6168,5831,-664,-225,889
6161,6168,5831,-664,-225,889
6161,6168,5831,-664,-225,889
6161,6168,5831,-664,-225,889
6161,6168,5831,-664,-225,889
6161,6168,5831,-664,-225,889
6161,6168,5831,-664,-225,889
6161,6168,5831,-664,-225,889
6161,6168,5831,-664,-225,889
6161,6168,5831,-664,-225,889
6161,6168,5831,-664,-225,889
6161,6168,5831,-664,-225,889
6161,6168,5831,-664,-225,889
6161,6168,5831,-664,-225,889
6161,6168,5831,-664,-225,889
6161,6168,5831,-664,-225,889
6161,6168,5831,-664,-225,889
6161,6168,5831,-664,-225,889
6161,6168,5831,-664,-225,889
6161,6168,5831,-664,-225,889
6161,6168,5831,-664,-225,889
6161,6168,5831,-664,-225,889
6161,6168,5831,-664,-225,889
6161,6168,5831,-664,-225,889
6161,6168,5831,-664,-225,889
6161,6168,5831,-664,-225,889
6161,6168,5831,-664,-225,889
6161,6168,5831,-664,-225,889
6161,6168,5831,-664,-225,889
6161,6168,5831,-664,-225,889
6161,6168,5831,-664,-225,889
6161,6168,5831,-664,-225,889
6161,6168,5831,-664,-225,889
6161,6168,5831,-664,-225,889
6161,6168,5831,-664,-225,889
6161,6168,5831,-664,-225,889
6161,6168,5831,-664,-225,889
6161,6168,5831,-664,-225,889
6161,6168,5831,-664,-225,889
6161,6168,5831,-664,-225,889
6161,6168,5831,-664,-225,889
6161,6168,5831,-664,-225,889
6161,6168,5831,-664,-225,889
6161,6168,5831,-664,-225,889
6161,6168,5831,-664,-225,889
6161,6168,5831,-664,-225,889
6161,6168,5831,-664,-225,889
6161,6168,5831,-664,-225,889
6161,6168,5831,-664,-225,889
6161,6168,5831,-664,-225,889
6161,6168,5831,-664,-225,889
6161,6168,5831,-664,-225,889
6161,6168,5831,-664,-225,889
6161,6168,5831,-664,-225,889
6161,6168,5831,-664,-225,889
6161,6168,5831,-664,-225,889
6161,6168,5831,-664,-225,889
6161,6168,5831,-664,-225,889
6161,6168,5831,-664,-225,889
6161,6168,5831,-664,-225,889
6161,6168,5831,-664,-225,889
6161,6168,5831,-664,-225,889
6161,6168,5831,-664,-225,889
6161,6168,5831,-664,-225,889
6161,6168,5831,-664,-225,889
6161,6168,5831,-664,-225,889
6161,6168,5831,-664,-225,889
6161,6168,5831,-664,-225,889
6161,6168,5831,-664,-225,889
6161,6168,5831,-664,-225,889
6161,6168,5831,-664,-225,889
6161,6168,5831,-664,-225,889
6161,6168,5831,-664,-225,889
6161,6168,5831,-664,-225,889
6161,6168,5831,-664,-225,889
6161,6168,5831,-664,-225,889
6161,6168,5831,-664,-225,889
6161,6168,5831,-664,-225,889
6161,6168,5831,-664,-225,889
6161,6168,5831,-664,-225,889
6161,6168,5831,-664,-225,889
6161,6168,5831,-664,-225,889
6161,6168,5831,-664,-225,889
6161,6168,5831,-664,-225,889
6161,6168,5831,-664,-225,889
6161,6168,5831,-664,-225,889
6161,6168,5831,-664,-225,889
6161,6168,5831,-664,-225,889
6161,6168,5831,-664,-225,889
6161,6168,5831,-664,-225,889
6161,6168,5831,-664,-225,889
6161,6168,5831,-664,-225,889
6161,6168,5831,-664,-225,889
6161,6168,5831,-664,-225,889
6161,6168,5831,-664,-225,889
6161,6168,5831,-664,-225,889
6161,6168,5831,-664,-225,889
6161,6168,5831,-664,-225,889
6161,6168,5831,-664,-225,889
6161,6168,5831,-664,-225,889
6161,6168,5831,-664,-225,889
6161,6168,5831,-664,-225,889
6161,6168,5831,-664,-225,889
6161,6168,5831,-664,-225,889
6161,6168,5831,-664,-225,889
6161,6168,5831,-664,-225,889
6161,6168,5831,-664,-225,889
6161,6168,5831,-664,-225,889
6161,6168,5831,-664,-225,889
6161,6168,5831,-664,-225,889
6161,6168,5831,-664,-225,889
6161,6168,5831,-664,-225,889
6161,6168,5831,-664,-225,889
6161,6168,5831,-664,-225,889
6161,6168,5831,-664,-225,889
6161,6168,5831,-664,-225,889
6161,6168,5831,-664,-225,889
6161,6168,5831,-664,-225,889
6161,6168,5831,-664,-225,889
6161,6168,5831,-664,-225,889
6161,6168,5831,-664,-225,889
6161,6168,5831,-664,-225,889
6161,6168,5831,-664,-225,889
6161,6168,5831,-664,-225,889
6161,6168,5831,-664,-225,889
6161,6168,5831,-664,-225,889
6161,6168,5831,-664,-225,889
6161,6168,5831,-664,-225,889
6161,6168,5831,-664,-225,889
6161,6168,5831,-664,-225,889
6161,6168,5831,-664,-225,889
6161,6168,5831,-664,-225,889
6161,6168,5831,-664,-225,889
6161,6168,5831,-664,-225,889
6161,6168,5831,-664,-225,889
6161,6168,5831,-664,-225,889
6161,6168,5831,-664,-225,889
6161,6168,5831,-664,-225,889
6161,6168,5831,-664,-225,889
6161,6168,5831,-664,-225,889
6161,6168,5831,-664,-225,889
6161,6168,5831,-664,-225,889
6161,6168,5831,-664,-225,889
6161,6168,5831,-664,-225,889
6161,6168,5831,-664,-225,889
6161,6168,5831,-664,-225,889
6161,6168,5831,-664,-225,889
6161,6168,5831,-664,-225,889
6161,6168,5831,-664,-225,889
6161,6168,5831,-664,-225,889
6161,6168,5831,-664,-225,889
6161,6168,5831,-664,-225,889
6161,6168,5831,-664,-225,889
6161,6168,5831,-664,-225,889
6161,6168,5831,-664,-225,889
6161,6168,5831,-664,-225,889
6161,6168,5831,-664,-225,889
6161,6168,5831,-664,-225,889
6161,6168,5831,-664,-225,889
6161,6168,5831,-664,-225,889
6161,6168,5831,-664,-225,889
6161,6168,5831,-664,-225,889
6161,6168,5831,-664,-225,889
6161,6168,5831,-664,-225,889
6161,6168,5831,-664,-225,889
6161,6168,5831,-664,-225,889
6161,6168,5831,-664,-225,889
6161,6168,5831,-664,-225,889
6161,6168,5831,-664,-225,889
6161,6168,5831,-664,-225,889
6161,6168,5831,-664,-225,889
6161,6168,5831,-664,-225,889
6161,6168,5831,-664,-225,889
6161,6168,5831,-664,-225,889
6161,6168,5831,-664,-225,889
6161,6168,5831,-664,-225,889
6161,6168,5831,-664,-225,889
6161,6168,5831,-664,-225,889
6161,6168,5831,-664,-225,889
6161,6168,5831,-664,-225,889
6161,6168,5831,-664,-225,889
6161,6168,5831,-664,-225,889
6161,6168,5831,-664,-225,889
6161,6168,5831,-664,-225,889
6161,6168,5831,-664,-225,889
6161,6168,5831,-664,-225,889
6161,6168,5831,-664,-225,889
6161,6168,5831,-664,-225,889
6161,6168,5831,-664,-225,889
6161,6168,5831,-664,-225,889
6161,6168,5831,-664,-225,889
6161,6168,5831,-664,-225,889
6161,6168,5831,-664,-225,889
6161,6168,5831,-664,-225,889
6161,6168,5831,-664,-225,889
6161,6168,5831,-664,-225,889
6161,6168,5831,-664,-225,889
6161,6168,5831,-664,-225,889
6161,6168,5831,-664,-225,889
6161,6168,5831,-664,-225,889
6161,6168,5831,-664,-225,889
6161,6168,5831,-664,-225,889
6161,6168,5831,-664,-225,889
6161,6168,5831,-664,-225,889
6161,6168,5831,-664,-225,889
6161,6168,5831,-664,-225,889
6161,6168,5831,-664,-225,889
6161,6168,5831,-664,-225,889
6161,6168,5831,-664,-225,889
6161,6168,5831,-664,-225,889
6161,6168,5831,-664,-225,889
6161,6168,5831,-664,-225,889
6161,6168,5831,-664,-225,889
6161,6168,5831,-664,-225,889
6161,6168,5831,-664,-225,889
6161,6168,5831,-664,-225,889
6161,6168,5831,-664,-225,889
6161,6168,5831,-664,-225,889
6161,6168,5831,-664,-225,889
6161,6168,5831,-664,-225,889
6161,6168,5831,-664,-225,889
6161,6168,5831,-664,-225,889
6161,6168,5831,-664,-225,889
6161,6168,5831,-664,-225,889
6161,6168,5831,-664,-225,889
6161,6168,5831,-664,-225,889
6161,6168,5831,-664,-225,889
6161,6168,5831,-664,-225,889
6161,6168,5831,-664,-225,889
6161,6168,5831,-664,-225,889
6161,6168,5831,-664,-225,889
6161,6168,5831,-664,-225,889
6161,6168,5831,-664,-225,889
6161,6168,5831,-664,-225,889
6161,6168,5831,-664,-225,889
6161,6168,5831,-664,-225,889
6161,6168,5831,-664,-225,889
6161,6168,5831,-664,-225,889
6161,6168,5831,-664,-225,889
6161,6168,5831,-664,-225,889
6161,6168,5831,-664,-225,889
6161,6168,5831,-664,-225,889
6161,6168,5831,-664,-225,889
6161,6168,5831,-664,-225,889
6161,6168,5831,-664,-225,889
6161,6168,5831,-664,-225,889
6161,6168,5831,-664,-225,889
6161,6168,5831,-664,-225,889
6161,6168,5831,-664,-225,889
6161,6168,5831,-664,-225,889
6161,6168,5831,-664,-225,889
6161,6168,5831,-664,-225,889
6161,6168,5831,-664,-225,889
6161,6168,5831,-664,-225,889
6161,6168,5831,-664,-225,889
6161,6168,5831,-664,-225,889
6161,6168,5831,-664,-225,889
6161,6168,5831,-664,-225,889
6161,6168,5831,-664,-225,889
6161,6168,5831,-664,-225,889
6161,6168,5831,-664,-225,889
6161,6168,5831,-664,-225,889
6161,6168,5831,-664,-225,889
6161,6168,5831,-664,-225,889
6161,6168,5831,-664,-225,889
6161,6168,5831,-664,-225,889
6161,6168,5831,-664,-225,889
6161,6168,5831,-664,-225,889
6161,6168,5831,-664,-225,889
6161,6168,5831,-664,-225,889
6161,6168,5831,-664,-225,889
6161,6168,5831,-664,-225,889
6161,6168,5831,-664,-225,889
6161,6168,5831,-664,-225,889
6161,6168,5831,-664,-225,889
6161,6168,5831,-664,-225,889
6161,6168,5831,-664,-225,889
6161,6168,5831,-664,-225,889
6161,6168,5831,-664,-225,889
6161,6168,5831,-664,-225,889
6161,6168,5831,-664,-225,889
6161,6168,5831,-664,-225,889
6161,6168,5831,-664,-225,889
6161,6168,5831,-664,-225,889
6161,6168,5831,-664,-225,889
6161,6168,5831,-664,-225,889
6161,6168,5831,-664,-225,889
6161,6168,5831,-664,-225,889
6161,6168,5831,-664,-225,889
6161,6168,5831,-664,-225,889
6161,6168,5831,-664,-225,889
6161,6168,5831,-664,-225,889
6161,6168,5831,-664,-225,889
6161,6168,5831,-664,-225,889
6161,6168,5831,-664,-225,889
6161,6168,5831,-664,-225,889
6161,6168,5831,-664,-225,889
6161,6168,5831,-664,-225,889
6161,6168,5831,-664,-225,889
6161,6168,5831,-664,-225,889
6161,6168,5831,-664,-225,889
6161,6168,5831,-664,-225,889
6161,6168,5831,-664,-225,889
6161,6168,5831,-664,-225,889
6161,6168,5831,-664,-225,889
6161,6168,5831,-664,-225,889
6161,6168,5831,-664,-225,889
6161,6168,5831,-664,-225,889
6161,6168,5831,-664,-225,889
6161,6168,5831,-664,-225,889
6161,6168,5831,-664,-225,889
6161,6168,5831,-664,-225,889
6161,6168,5831,-664,-225,889
6161,6168,5831,-664,-225,889
6161,6168,5831,-664,-225,889
6161,6168,5831,-664,-225,889
6161,6168,5831,-664,-225,889
6161,6168,5831,-664,-225,889
6161,6168,5831,-664,-225,889
6161,6168,5831,-664,-225,889
6161,6168,5831,-664,-225,889
6161,6168,5831,-664,-225,889
6161,6168,5831,-664,-225,889
6161,6168,5831,-664,-225,889
6161,6168,5831,-664,-225,889
6161,6168,5831,-664,-225,889
6161,6168,5831,-664,-225,889
6161,6168,5831,-664,-225,889
6161,6168,5831,-664,-225,889
6161,6168,5831,-664,-225,889
6161,6168,5831,-664,-225,889
6161,6168,5831,-664,-225,889
6161,6168,5831,-664,-225,889
6161,6168,5831,-664,-225,889
6161,6168,5831,-664,-225,889
6161,6168,5831,-664,-225,889
6161,6168,5831,-664,-225,889
6161,6168,5831,-664,-225,889
6161,6168,5831,-664,-225,889
6161,6168,5831,-664,-225,889
6161,6168,5831,-664,-225,889
6161,6168,5831,-664,-225,889
6161,6168,5831,-664,-225,889
6161,6168,5831,-664,-225,889
6161,6168,5831,-664,-225,889
6161,6168,5831,-664,-225,889
6161,6168,5831,-664,-225,889
6161,6168,5831,-664,-225,889
6161,6168,5831,-664,-225,889
6161,6168,5831,-664,-225,889
6161,6168,5831,-664,-225,889
6161,6168,5831,-664,-225,889
6161,6168,5831,-664,-225,889
6161,6168,5831,-664,-225,889
6161,6168,5831,-664,-225,889
6161,6168,5831,-664,-225,889
6161,6168,5831,-664,-225,889
6161,6168,5831,-664,-225,889
6161,6168,5831,-664,-225,889
6161,6168,5831,-664,-225,889
6161,6168,5831,-664,-225,889
6161,6168,5831,-664,-225,889
6161,6168,5831,-664,-225,889
6161,6168,5831,-664,-225,889
6161,6168,5831,-664,-225,889
6161,6168,5831,-664,-225,889
6161,6168,5831,-664,-225,889
6161,6168,5831,-664,-225,889
6161,6168,5831,-664,-225,889
6161,6168,5831,-664,-225,889
6161,6168,5831,-664,-225,889
6161,6168,5831,-664,-225,889
6161,6168,5831,-664,-225,889
6161,6168,5831,-664,-225,889
6161,6168,5831,-664,-225,889
6161,6168,5831,-664,-225,889
6161,6168,5831,-664,-225,889
6161,6168,5831,-664,-225,889
6161,6168,5831,-664,-225,889
6161,6168,5831,-664,-225,889
6161,6168,5831,-664,-225,889
6161,6168,5831,-664,-225,889
6161,6168,5831,-664,-225,889
6161,6168,5831,-664,-225,889
6161,6168,5831,-664,-225,889
6161,6168,5831,-664,-225,889
6161,6168,5831,-664,-225,889
6161,6168,5831,-664,-225,889
6161,6168,5831,-664,-225,889
6161,6168,5831,-664,-225,889
6161,6168,5831,-664,-225,889
6161,6168,5831,-664,-225,889
6161,6168,5831,-664,-225,889
6161,6168,5831,-664,-225,889
6161,6168,5831,-664,-225,889
6161,6168,5831,-664,-225,889
6161,6168,5831,-664,-225,889
6161,6168,5831,-664,-225,889
6161,6168,5831,-664,-225,889
6161,6168,5831,-664,-225,889
6161,6168,5831,-664,-225,889
6161,6168,5831,-664,-225,889
6161,6168,5831,-664,-225,889
6161,6168,5831,-664,-225,889
6161,6168,5831,-664,-225,889
6161,6168,5831,-664,-225,889
6161,6168,5831,-664,-225,889
6161,6168,5831,-664,-225,889
6161,6168,5831,-664,-225,889
6161,6168,5831,-664,-225,889
6161,6168,5831,-664,-225,889
6161,6168,5831,-664,-225,889
6161,6168,5831,-664,-225,889
6161,6168,5831,-664,-225,889
6161,6168,5831,-664,-225,889
6161,6168,5831,-664,-225,889
6161,6168,5831,-664,-225,889
6161,6168,5831,-664,-225,889
6161,6168,5831,-664,-225,889
6161,6168,5831,-664,-225,889
6161,6168,5831,-664,-225,889
6161,6168,5831,-664,-225,889
6161,6168,5831,-664,-225,889
6161,6168,5831,-664,-225,889
6161,6168,5831,-664,-225,889
6161,6168,5831,-664,-225,889
6161,6168,5831,-664,-225,889
6161,6168,5831,-664,-225,889
6161,6168,5831,-664,-225,889
6161,6168,5831,-664,-225,889
6161,6168,5831,-664,-225,889
6161,6168,5831,-664,-225,889
6161,6168,5831,-664,-225,889
6161,6168,5831,-664,-225,889
6161,6168,5831,-664,-225,889
6161,6168,5831,-664,-225,889
6161,6168,5831,-664,-225,889
6161,6168,5831,-664,-225,889
6161,6168,5831,-664,-225,889
6161,6168,5831,-664,-225,889
6161,6168,5831,-664,-225,889
6161,6168,5831,-664,-225,889
6161,6168,5831,-664,-225,889
6161,6168,5831,-664,-225,889
6161,6168,5831,-664,-225,889
6161,6168,5831,-664,-225,889
6161,6168,5831,-664,-225,889
6161,6168,5831,-664,-225,889
6161,6168,5831,-664,-225,889
6161,6168,5831,-664,-225,889
6161,6168,5831,-664,-225,889
6161,6168,5831,-664,-225,889
6161,6168,5831,-664,-225,889
6161,6168,5831,-664,-225,889
6161,6168,5831,-664,-225,889
6161,6168,5831,-664,-225,889
6161,6168,5831,-664,-225,889
6161,6168,5831,-664,-225,889
6161,6168,5831,-664,-225,889
6161,6168,5831,-664,-225,889
6161,6168,5831,-664,-225,889
6161,6168,5831,-664,-225,889
6161,6168,5831,-664,-225,889
6161,6168,5831,-664,-225,889
6161,6168,5831,-664,-225,889
6161,6168,5831,-664,-225,889
6161,6168,5831,-664,-225,889
6161,6168,5831,-664,-225,889
6161,6168,5831,-664,-225,889
6161,6168,5831,-664,-225,889
6161,6168,5831,-664,-225,889
6161,6168,5831,-664,-225,889
6161,6168,5831,-664,-225,889
6161,6168,5831,-664,-225,889
6161,6168,5831,-664,-225,889
6161,6168,5831,-664,-225,889
6161,6168,5831,-664,-225,889
6161,6168,5831,-664,-225,889
6161,6168,5831,-664,-225,889
6161,6168,5831,-664,-225,889
6161,6168,5831,-664,-225,889
6161,6168,5831,-664,-225,889
6161,6168,5831,-664,-225,889
6161,6168,5831,-664,-225,889
6161,6168,5831,-664,-225,889
6161,6168,5831,-664,-225,889
6161,6168,5831,-664,-225,889
6161,6168,5831,-664,-225,889
6161,6168,5831,-664,-225,889
6161,6168,5831,-664,-225,889
6161,6168,5831,-664,-225,889
6161,6168,5831,-664,-225,889
6161,6168,5831,-664,-225,889
6161,6168,5831,-664,-225,889
6161,6168,5831,-664,-225,889
6161,6168,5831,-664,-225,889
6161,6168,5831,-664,-225,889
6161,6168,5831,-664,-225,889
6161,6168,5831,-664,-225,889
6161,6168,5831,-664,-225,889
6161,6168,5831,-664,-225,889
6161,6168,5831,-664,-225,889
6161,6168,5831,-664,-225,889
6161,6168,5831,-664,-225,889
6161,6168,5831,-664,-225,889
6161,6168,5831,-664,-225,889
6161,6168,5831,-664,-225,889
6161,6168,5831,-664,-225,889
6161,6168,5831,-664,-225,889
6161,6168,5831,-664,-225,889
6161,6168,5831,-664,-225,889
6161,6168,5831,-664,-225,889
6161,6168,5831,-664,-225,889
6161,6168,5831,-664,-225,889
6161,6168,5831,-664,-225,889
6161,6168,5831,-664,-225,889
6161,6168,5831,-664,-225,889
6161,6168,5831,-664,-225,889
6161,6168,5831,-664,-225,889
6161,6168,5831,-664,-225,889
6161,6168,5831,-664,-225,889
6161,6168,5831,-664,-225,889
6161,6168,5831,-664,-225,889
6161,6168,5831,-664,-225,889
6161,6168,5831,-664,-225,889
6161,6168,5831,-664,-225,889
6161,6168,5831,-664,-225,889
6161,6168,5831,-664,-225,889
6161,6168,5831,-664,-225,889
6161,6168,5831,-664,-225,889
6161,6168,5831,-664,-225,889
6161,6168,5831,-664,-225,889
6161,6168,5831,-664,-225,889
6161,6168,5831,-664,-225,889
6161,6168,5831,-664,-225,889
6161,6168,5831,-664,-225,889
6161,6168,5831,-664,-225,889
6161,6168,5831,-664,-225,889
6161,6168,5831,-664,-225,889
6161,6168,5831,-664,-225,889
6161,6168,5831,-664,-225,889
6161,6168,5831,-664,-225,889
6161,6168,5831,-664,-225,889
6161,6168,5831,-664,-225,889
6161,6168,5831,-664,-225,889
6161,6168,5831,-664,-225,889
6161,6168,5831,-664,-225,889
6161,6168,5831,-664,-225,889
6161,6168,5831,-664,-225,889
6161,6168,5831,-664,-225,889
6161,6168,5831,-664,-225,889
6161,6168,5831,-664,-225,889
6161,6168,5831,-664,-225,889
6161,6168,5831,-664,-225,889
6161,6168,5831,-664,-225,889
6161,6168,5831,-664,-225,889
6161,6168,5831,-664,-225,889
6161,6168,5831,-664,-225,889
6161,6168,5831,-664,-225,889
6161,6168,5831,-664,-225,889
6161,6168,5831,-664,-225,889
6161,6168,5831,-664,-225,889
6161,6168,5831,-664,-225,889
6161,6168,5831,-664,-225,889
6161,6168,5831,-664,-225,889
6161,6168,5831,-664,-225,889
6161,6168,5831,-664,-225,889
6161,6168,5831,-664,-225,889
6161,6168,5831,-664,-225,889
6161,6168,5831,-664,-225,889
6161,6168,5831,-664,-225,889
6161,6168,5831,-664,-225,889
6161,6168,5831,-664,-225,889
6161,6168,5831,-664,-225,889
6161,6168,5831,-664,-225,889
6161,6168,5831,-664,-225,889
6161,6168,5831,-664,-225,889
6161,6168,5831,-664,-225,889
6161,6168,5831,-664,-225,889
6161,6168,5831,-664,-225,889
6161,6168,5831,-664,-225,889
6161,6168,5831,-664,-225,889
6161,6168,5831,-664,-225,889
6161,6168,5831,-664,-225,889
6161,6168,5831,-664,-225,889
6161,6168,5831,-664,-225,889
6161,6168,5831,-664,-225,889
6161,6168,5831,-664,-225,889
6161,6168,5831,-664,-225,889
6161,6168,5831,-664,-225,889
6161,6168,5831,-664,-225,889
6161,6168,5831,-664,-225,889
6161,6168,5831,-664,-225,889
6161,6168,5831,-664,-225,889
6161,6168,5831,-664,-225,889
6161,6168,5831,-664,-225,889
6161,6168,5831,-664,-225,889
6161,6168,5831,-664,-225,889
6161,6168,5831,-664,-225,889
6161,6168,5831,-664,-225,889
6161,6168,5831,-664,-225,889
6161,6168,5831,-664,-225,889
6161,6168,5831,-664,-225,889
6161,6168,5831,-664,-225,889
6161,6168,5831,-664,-225,889
6161,6168,5831,-664,-225,889
6161,6168,5831,-664,-225,889
6161,6168,5831,-664,-225,889
6161,6168,5831,-664,-225,889
6161,6168,5831,-664,-225,889
6161,6168,5831,-664,-225,889
6161,6168,5831,-664,-225,889
6161,6168,5831,-664,-225,889
6161,6168,5831,-664,-225,889
6161,6168,5831,-664,-225,889
6161,6168,5831,-664,-225,889
6161,6168,5831,-664,-225,889
6161,6168,5831,-664,-225,889
6161,6168,5831,-664,-225,889
6161,6168,5831,-664,-225,889
6161,6168,5831,-664,-225,889
6161,6168,5831,-664,-225,889
6161,6168,5831,-664,-225,889
6161,6168,5831,-664,-225,889
6161,6168,5831,-664,-225,889
6161,6168,5831,-664,-225,889
6161,6168,5831,-664,-225,889
6161,6168,5831,-664,-225,889
6161,6168,5831,-664,-225,889
6161,6168,5831,-664,-225,889
6161,6168,5831,-664,-225,889
6161,6168,5831,-664,-225,889
6161,6168,5831,-664,-225,889
6161,6168,5831,-664,-225,889
6161,6168,5831,-664,-225,889
6161,6168,5831,-664,-225,889
6161,6168,5831,-664,-225,889
6161,6168,5831,-664,-225,889
6161,6168,5831,-664,-225,889
6161,6168,5831,-664,-225,889
6161,6168,5831,-664,-225,889
6161,6168,5831,-664,-225,889
6161,6168,5831,-664,-225,889
6161,6168,5831,-664,-225,889
6161,6168,5831,-664,-225,889
6161,6168,5831,-664,-225,889
6161,6168,5831,-664,-225,889
6161,6168,5831,-664,-225,889
6161,6168,5831,-664,-225,889
6161,6168,5831,-664,-225,889
6161,6168,5831,-664,-225,889
6161,6168,5831,-664,-225,889
6161,6168,5831,-664,-225,889
6161,6168,5831,-664,-225,889
6161,6168,5831,-664,-225,889
6161,6168,5831,-664,-225,889
6161,6168,5831,-664,-225,889
6161,6168,5831,-664,-225,889
6161,6168,5831,-664,-225,889
6161,6168,5831,-664,-225,889
6161,6168,5831,-664,-225,889
6161,6168,5831,-664,-225,889
6161,6168,5831,-664,-225,889
6161,6168,5831,-664,-225,889
6161,6168,5831,-664,-225,889
6161,6168,5831,-664,-225,889
6161,6168,5831,-664,-225,889
6161,6168,5831,-664,-225,889
6161,6168,5831,-664,-225,889
6161,6168,5831,-664,-225,889
6161,6168,5831,-664,-225,889
6161,6168,5831,-664,-225,889
6161,6168,5831,-664,-225,889
6161,6168,5831,-664,-225,889
6161,6168,5831,-664,-225,889
6161,6168,5831,-664,-225,889
6161,6168,5831,-664,-225,889
6161,6168,5831,-664,-225,889
6161,6168,5831,-664,-225,889
6161,6168,5831,-664,-225,889
6161,6168,5831,-664,-225,889
6161,6168,5831,-664,-225,889
6161,6168,5831,-664,-225,889
6161,6168,5831,-664,-225,889
6161,6168,5831,-664,-225,889
6161,6168,5831,-664,-225,889
6161,6168,5831,-664,-225,889
6161,6168,5831,-664,-225,889
6161,6168,5831,-664,-225,889
6161,6168,5831,-664,-225,889
6161,6168,5831,-664,-225,889
6161,6168,5831,-664,-225,889
6161,6168,5831,-664,-225,889
6161,6168,5831,-664,-225,889
6161,6168,5831,-664,-225,889
6161,6168,5831,-664,-225,889
6161,6168,5831,-664,-225,889
6161,6168,5831,-664,-225,889
6161,6168,5831,-664,-225,889
6161,6168,5831,-664,-225,889
6161,6168,5831,-664,-225,889
6161,6168,5831,-664,-225,889
6161,6168,5831,-664,-225,889
6161,6168,5831,-664,-225,889
6161,6168,5831,-664,-225,889
6161,6168,5831,-664,-225,889
6161,6168,5831,-664,-225,889
6161,6168,5831,-664,-225,889
6161,6168,5831,-664,-225,889
6161,6168,5831,-664,-225,889
6161,6168,5831,-664,-225,889
6161,6168,5831,-664,-225,889
6161,6168,5831,-664,-225,889
6161,6168,5831,-664,-225,889
6161,6168,5831,-664,-225,889
6161,6168,5831,-664,-225,889
6161,6168,5831,-664,-225,889
6161,6168,5831,-664,-225,889
6161,6168,5831,-664,-225,889
6161,6168,5831,-664,-225,889
6161,6168,5831,-664,-225,889
6161,6168,5831,-664,-225,889
6161,6168,5831,-664,-225,889
6161,6168,5831,-664,-225,889
6161,6168,5831,-664,-225,889
6161,6168,5831,-664,-225,889
6161,6168,5831,-664,-225,889
6161,6168,5831,-664,-225,889
6161,6168,5831,-664,-225,889
6161,6168,5831,-664,-225,889
6161,6168,5831,-664,-225,889
6161,6168,5831,-664,-225,889
6161,6168,5831,-664,-225,889
6161,6168,5831,-664,-225,889
6161,6168,5831,-664,-225,889
6161,6168,5831,-664,-225,889
6161,6168,5831,-664,-225,889
6161,6168,5831,-664,-225,889
6161,6168,5831,-664,-225,889
6161,6168,5831,-664,-225,889
6161,6168,5831,-664,-225,889
6161,6168,5831,-664,-225,889
6161,6168,5831,-664,-225,889
6161,6168,5831,-664,-225,889
6161,6168,5831,-664,-225,889
6161,6168,5831,-664,-225,889
6161,6168,5831,-664,-225,889
6161,6168,5831,-664,-225,889
6161,6168,5831,-664,-225,889
6161,6168,5831,-664,-225,889
6161,6168,5831,-664,-225,889
6161,6168,5831,-664,-225,889
6161,6168,5831,-664,-225,889
6161,6168,5831,-664,-225,889
6161,6168,5831,-664,-225,889
6161,6168,5831,-664,-225,889
6161,6168,5831,-664,-225,889
6161,6168,5831,-664,-225,889
6161,6168,5831,-664,-225,889
6161,6168,5831,-664,-225,889
6161,6168,5831,-664,-225,889
6161,6168,5831,-664,-225,889
6161,6168,5831,-664,-225,889
6161,6168,5831,-664,-225,889
6161,6168,5831,-664,-225,889
6161,6168,5831,-664,-225,889
6161,6168,5831,-664,-225,889
6161,6168,5831,-664,-225,889
